<?xml version="1.0" encoding="UTF-8"?>
<gpx creator="Garmin Connect" version="1.1"
  xsi:schemaLocation="http://www.topografix.com/GPX/1/1 http://www.topografix.com/GPX/11.xsd"
  xmlns:ns3="http://www.garmin.com/xmlschemas/TrackPointExtension/v1"
  xmlns="http://www.topografix.com/GPX/1/1"
  xmlns:xsi="http://www.w3.org/2001/XMLSchema-instance" xmlns:ns2="http://www.garmin.com/xmlschemas/GpxExtensions/v3">
  <metadata>
    <link href="connect.garmin.com">
      <text>Garmin Connect</text>
    </link>
    <time>2017-09-06T21:09:53.000Z</time>
  </metadata>
  <trk>
    <name>Moose Hiking</name>
    <type>hiking</type>
    <trkseg>
      <trkpt lat="43.7633232772350311279296875" lon="-110.77579096890985965728759765625">
        <ele>2403.60009765625</ele>
        <time>2017-09-06T21:09:53.000Z</time>
        <extensions>
          <ns3:TrackPointExtension>
            <ns3:atemp>33.0</ns3:atemp>
            <ns3:cad>0</ns3:cad>
          </ns3:TrackPointExtension>
        </extensions>
      </trkpt>
      <trkpt lat="43.7633288092911243438720703125" lon="-110.7757384143769741058349609375">
        <ele>2403.60009765625</ele>
        <time>2017-09-06T21:09:59.000Z</time>
        <extensions>
          <ns3:TrackPointExtension>
            <ns3:atemp>33.0</ns3:atemp>
            <ns3:cad>61</ns3:cad>
          </ns3:TrackPointExtension>
        </extensions>
      </trkpt>
      <trkpt lat="43.76333492808043956756591796875" lon="-110.77567580156028270721435546875">
        <ele>2404.199951171875</ele>
        <time>2017-09-06T21:10:03.000Z</time>
        <extensions>
          <ns3:TrackPointExtension>
            <ns3:atemp>33.0</ns3:atemp>
            <ns3:cad>61</ns3:cad>
          </ns3:TrackPointExtension>
        </extensions>
      </trkpt>
      <trkpt lat="43.763330988585948944091796875" lon="-110.7756566070020198822021484375">
        <ele>2404.199951171875</ele>
        <time>2017-09-06T21:10:05.000Z</time>
        <extensions>
          <ns3:TrackPointExtension>
            <ns3:atemp>33.0</ns3:atemp>
            <ns3:cad>61</ns3:cad>
          </ns3:TrackPointExtension>
        </extensions>
      </trkpt>
      <trkpt lat="43.76330676488578319549560546875" lon="-110.7756230793893337249755859375">
        <ele>2404.39990234375</ele>
        <time>2017-09-06T21:10:08.000Z</time>
        <extensions>
          <ns3:TrackPointExtension>
            <ns3:atemp>33.0</ns3:atemp>
            <ns3:cad>61</ns3:cad>
          </ns3:TrackPointExtension>
        </extensions>
      </trkpt>
      <trkpt lat="43.76328614540398120880126953125" lon="-110.7755322195589542388916015625">
        <ele>2404</ele>
        <time>2017-09-06T21:10:13.000Z</time>
        <extensions>
          <ns3:TrackPointExtension>
            <ns3:atemp>33.0</ns3:atemp>
            <ns3:cad>61</ns3:cad>
          </ns3:TrackPointExtension>
        </extensions>
      </trkpt>
      <trkpt lat="43.7632620893418788909912109375" lon="-110.77543138526380062103271484375">
        <ele>2403</ele>
        <time>2017-09-06T21:10:18.000Z</time>
        <extensions>
          <ns3:TrackPointExtension>
            <ns3:atemp>33.0</ns3:atemp>
            <ns3:cad>61</ns3:cad>
          </ns3:TrackPointExtension>
        </extensions>
      </trkpt>
      <trkpt lat="43.76327306963503360748291015625" lon="-110.77537874691188335418701171875">
        <ele>2402.60009765625</ele>
        <time>2017-09-06T21:10:20.000Z</time>
        <extensions>
          <ns3:TrackPointExtension>
            <ns3:atemp>33.0</ns3:atemp>
            <ns3:cad>61</ns3:cad>
          </ns3:TrackPointExtension>
        </extensions>
      </trkpt>
      <trkpt lat="43.76327541656792163848876953125" lon="-110.77531068585813045501708984375">
        <ele>2401.39990234375</ele>
        <time>2017-09-06T21:10:25.000Z</time>
        <extensions>
          <ns3:TrackPointExtension>
            <ns3:atemp>33.0</ns3:atemp>
            <ns3:cad>0</ns3:cad>
          </ns3:TrackPointExtension>
        </extensions>
      </trkpt>
      <trkpt lat="43.76321473158895969390869140625" lon="-110.7751506753265857696533203125">
        <ele>2400.800048828125</ele>
        <time>2017-09-06T21:11:00.000Z</time>
        <extensions>
          <ns3:TrackPointExtension>
            <ns3:atemp>32.0</ns3:atemp>
            <ns3:cad>0</ns3:cad>
          </ns3:TrackPointExtension>
        </extensions>
      </trkpt>
      <trkpt lat="43.76321624033153057098388671875" lon="-110.77508948743343353271484375">
        <ele>2401.199951171875</ele>
        <time>2017-09-06T21:11:02.000Z</time>
        <extensions>
          <ns3:TrackPointExtension>
            <ns3:atemp>32.0</ns3:atemp>
            <ns3:cad>88</ns3:cad>
          </ns3:TrackPointExtension>
        </extensions>
      </trkpt>
      <trkpt lat="43.76321741379797458648681640625" lon="-110.77493635006248950958251953125">
        <ele>2401.39990234375</ele>
        <time>2017-09-06T21:11:07.000Z</time>
        <extensions>
          <ns3:TrackPointExtension>
            <ns3:atemp>32.0</ns3:atemp>
            <ns3:cad>81</ns3:cad>
          </ns3:TrackPointExtension>
        </extensions>
      </trkpt>
      <trkpt lat="43.763233758509159088134765625" lon="-110.77486208640038967132568359375">
        <ele>2401.199951171875</ele>
        <time>2017-09-06T21:11:09.000Z</time>
        <extensions>
          <ns3:TrackPointExtension>
            <ns3:atemp>32.0</ns3:atemp>
            <ns3:cad>76</ns3:cad>
          </ns3:TrackPointExtension>
        </extensions>
      </trkpt>
      <trkpt lat="43.763247169554233551025390625" lon="-110.7747723162174224853515625">
        <ele>2400.39990234375</ele>
        <time>2017-09-06T21:11:13.000Z</time>
        <extensions>
          <ns3:TrackPointExtension>
            <ns3:atemp>32.0</ns3:atemp>
            <ns3:cad>69</ns3:cad>
          </ns3:TrackPointExtension>
        </extensions>
      </trkpt>
      <trkpt lat="43.76325395889580249786376953125" lon="-110.7747366093099117279052734375">
        <ele>2400.199951171875</ele>
        <time>2017-09-06T21:11:16.000Z</time>
        <extensions>
          <ns3:TrackPointExtension>
            <ns3:atemp>32.0</ns3:atemp>
            <ns3:cad>68</ns3:cad>
          </ns3:TrackPointExtension>
        </extensions>
      </trkpt>
      <trkpt lat="43.76327793113887310028076171875" lon="-110.7746864855289459228515625">
        <ele>2400.39990234375</ele>
        <time>2017-09-06T21:11:19.000Z</time>
        <extensions>
          <ns3:TrackPointExtension>
            <ns3:atemp>32.0</ns3:atemp>
            <ns3:cad>61</ns3:cad>
          </ns3:TrackPointExtension>
        </extensions>
      </trkpt>
      <trkpt lat="43.7632969580590724945068359375" lon="-110.7746363617479801177978515625">
        <ele>2400.39990234375</ele>
        <time>2017-09-06T21:11:21.000Z</time>
        <extensions>
          <ns3:TrackPointExtension>
            <ns3:atemp>32.0</ns3:atemp>
            <ns3:cad>61</ns3:cad>
          </ns3:TrackPointExtension>
        </extensions>
      </trkpt>
      <trkpt lat="43.763338364660739898681640625" lon="-110.77439236454665660858154296875">
        <ele>2400.199951171875</ele>
        <time>2017-09-06T21:11:29.000Z</time>
        <extensions>
          <ns3:TrackPointExtension>
            <ns3:atemp>32.0</ns3:atemp>
            <ns3:cad>72</ns3:cad>
          </ns3:TrackPointExtension>
        </extensions>
      </trkpt>
      <trkpt lat="43.76329687424004077911376953125" lon="-110.77421735040843486785888671875">
        <ele>2400.800048828125</ele>
        <time>2017-09-06T21:11:36.000Z</time>
        <extensions>
          <ns3:TrackPointExtension>
            <ns3:atemp>32.0</ns3:atemp>
            <ns3:cad>67</ns3:cad>
          </ns3:TrackPointExtension>
        </extensions>
      </trkpt>
      <trkpt lat="43.7632889114320278167724609375" lon="-110.7740928791463375091552734375">
        <ele>2400.199951171875</ele>
        <time>2017-09-06T21:11:41.000Z</time>
        <extensions>
          <ns3:TrackPointExtension>
            <ns3:atemp>32.0</ns3:atemp>
            <ns3:cad>61</ns3:cad>
          </ns3:TrackPointExtension>
        </extensions>
      </trkpt>
      <trkpt lat="43.76327290199697017669677734375" lon="-110.7740506343543529510498046875">
        <ele>2400.199951171875</ele>
        <time>2017-09-06T21:11:43.000Z</time>
        <extensions>
          <ns3:TrackPointExtension>
            <ns3:atemp>32.0</ns3:atemp>
            <ns3:cad>61</ns3:cad>
          </ns3:TrackPointExtension>
        </extensions>
      </trkpt>
      <trkpt lat="43.7632191739976406097412109375" lon="-110.7739352993667125701904296875">
        <ele>2400.60009765625</ele>
        <time>2017-09-06T21:11:49.000Z</time>
        <extensions>
          <ns3:TrackPointExtension>
            <ns3:atemp>32.0</ns3:atemp>
            <ns3:cad>61</ns3:cad>
          </ns3:TrackPointExtension>
        </extensions>
      </trkpt>
      <trkpt lat="43.76321439631283283233642578125" lon="-110.7738927192986011505126953125">
        <ele>2401</ele>
        <time>2017-09-06T21:11:51.000Z</time>
        <extensions>
          <ns3:TrackPointExtension>
            <ns3:atemp>32.0</ns3:atemp>
            <ns3:cad>61</ns3:cad>
          </ns3:TrackPointExtension>
        </extensions>
      </trkpt>
      <trkpt lat="43.76321758143603801727294921875" lon="-110.77383396215736865997314453125">
        <ele>2401.199951171875</ele>
        <time>2017-09-06T21:11:54.000Z</time>
        <extensions>
          <ns3:TrackPointExtension>
            <ns3:atemp>32.0</ns3:atemp>
            <ns3:cad>61</ns3:cad>
          </ns3:TrackPointExtension>
        </extensions>
      </trkpt>
      <trkpt lat="43.7632198445498943328857421875" lon="-110.77371309511363506317138671875">
        <ele>2400.60009765625</ele>
        <time>2017-09-06T21:12:01.000Z</time>
        <extensions>
          <ns3:TrackPointExtension>
            <ns3:atemp>32.0</ns3:atemp>
            <ns3:cad>61</ns3:cad>
          </ns3:TrackPointExtension>
        </extensions>
      </trkpt>
      <trkpt lat="43.76321858726441860198974609375" lon="-110.77366062439978122711181640625">
        <ele>2400.199951171875</ele>
        <time>2017-09-06T21:12:05.000Z</time>
        <extensions>
          <ns3:TrackPointExtension>
            <ns3:atemp>32.0</ns3:atemp>
            <ns3:cad>61</ns3:cad>
          </ns3:TrackPointExtension>
        </extensions>
      </trkpt>
      <trkpt lat="43.76317768357694149017333984375" lon="-110.77356339432299137115478515625">
        <ele>2399.199951171875</ele>
        <time>2017-09-06T21:12:10.000Z</time>
        <extensions>
          <ns3:TrackPointExtension>
            <ns3:atemp>32.0</ns3:atemp>
            <ns3:cad>61</ns3:cad>
          </ns3:TrackPointExtension>
        </extensions>
      </trkpt>
      <trkpt lat="43.7631757557392120361328125" lon="-110.77352651394903659820556640625">
        <ele>2398.800048828125</ele>
        <time>2017-09-06T21:12:12.000Z</time>
        <extensions>
          <ns3:TrackPointExtension>
            <ns3:atemp>32.0</ns3:atemp>
            <ns3:cad>61</ns3:cad>
          </ns3:TrackPointExtension>
        </extensions>
      </trkpt>
      <trkpt lat="43.76322512514889240264892578125" lon="-110.77331629581749439239501953125">
        <ele>2399</ele>
        <time>2017-09-06T21:12:23.000Z</time>
        <extensions>
          <ns3:TrackPointExtension>
            <ns3:atemp>32.0</ns3:atemp>
            <ns3:cad>61</ns3:cad>
          </ns3:TrackPointExtension>
        </extensions>
      </trkpt>
      <trkpt lat="43.7632054276764392852783203125" lon="-110.77310272492468357086181640625">
        <ele>2400.199951171875</ele>
        <time>2017-09-06T21:12:32.000Z</time>
        <extensions>
          <ns3:TrackPointExtension>
            <ns3:atemp>32.0</ns3:atemp>
            <ns3:cad>60</ns3:cad>
          </ns3:TrackPointExtension>
        </extensions>
      </trkpt>
      <trkpt lat="43.76320634968578815460205078125" lon="-110.7730800099670886993408203125">
        <ele>2400.199951171875</ele>
        <time>2017-09-06T21:12:33.000Z</time>
        <extensions>
          <ns3:TrackPointExtension>
            <ns3:atemp>32.0</ns3:atemp>
            <ns3:cad>59</ns3:cad>
          </ns3:TrackPointExtension>
        </extensions>
      </trkpt>
      <trkpt lat="43.76321422867476940155029296875" lon="-110.77299057506024837493896484375">
        <ele>2400</ele>
        <time>2017-09-06T21:12:37.000Z</time>
        <extensions>
          <ns3:TrackPointExtension>
            <ns3:atemp>32.0</ns3:atemp>
            <ns3:cad>59</ns3:cad>
          </ns3:TrackPointExtension>
        </extensions>
      </trkpt>
      <trkpt lat="43.7632208503782749176025390625" lon="-110.7729537785053253173828125">
        <ele>2399.800048828125</ele>
        <time>2017-09-06T21:12:39.000Z</time>
        <extensions>
          <ns3:TrackPointExtension>
            <ns3:atemp>32.0</ns3:atemp>
            <ns3:cad>59</ns3:cad>
          </ns3:TrackPointExtension>
        </extensions>
      </trkpt>
      <trkpt lat="43.7630699761211872100830078125" lon="-110.77280365861952304840087890625">
        <ele>2400.199951171875</ele>
        <time>2017-09-06T21:12:49.000Z</time>
        <extensions>
          <ns3:TrackPointExtension>
            <ns3:atemp>32.0</ns3:atemp>
            <ns3:cad>61</ns3:cad>
          </ns3:TrackPointExtension>
        </extensions>
      </trkpt>
      <trkpt lat="43.76306503079831600189208984375" lon="-110.7727832905948162078857421875">
        <ele>2400.39990234375</ele>
        <time>2017-09-06T21:12:50.000Z</time>
        <extensions>
          <ns3:TrackPointExtension>
            <ns3:atemp>32.0</ns3:atemp>
            <ns3:cad>61</ns3:cad>
          </ns3:TrackPointExtension>
        </extensions>
      </trkpt>
      <trkpt lat="43.7630357779562473297119140625" lon="-110.77270441688597202301025390625">
        <ele>2400.60009765625</ele>
        <time>2017-09-06T21:12:54.000Z</time>
        <extensions>
          <ns3:TrackPointExtension>
            <ns3:atemp>32.0</ns3:atemp>
            <ns3:cad>61</ns3:cad>
          </ns3:TrackPointExtension>
        </extensions>
      </trkpt>
      <trkpt lat="43.76299076713621616363525390625" lon="-110.77259595505893230438232421875">
        <ele>2401</ele>
        <time>2017-09-06T21:13:00.000Z</time>
        <extensions>
          <ns3:TrackPointExtension>
            <ns3:atemp>32.0</ns3:atemp>
            <ns3:cad>61</ns3:cad>
          </ns3:TrackPointExtension>
        </extensions>
      </trkpt>
      <trkpt lat="43.762974925339221954345703125" lon="-110.7725576497614383697509765625">
        <ele>2400.800048828125</ele>
        <time>2017-09-06T21:13:02.000Z</time>
        <extensions>
          <ns3:TrackPointExtension>
            <ns3:atemp>32.0</ns3:atemp>
            <ns3:cad>61</ns3:cad>
          </ns3:TrackPointExtension>
        </extensions>
      </trkpt>
      <trkpt lat="43.76293502748012542724609375" lon="-110.772494114935398101806640625">
        <ele>2400.60009765625</ele>
        <time>2017-09-06T21:13:06.000Z</time>
        <extensions>
          <ns3:TrackPointExtension>
            <ns3:atemp>32.0</ns3:atemp>
            <ns3:cad>61</ns3:cad>
          </ns3:TrackPointExtension>
        </extensions>
      </trkpt>
      <trkpt lat="43.76291868276894092559814453125" lon="-110.7724429853260517120361328125">
        <ele>2400.60009765625</ele>
        <time>2017-09-06T21:13:09.000Z</time>
        <extensions>
          <ns3:TrackPointExtension>
            <ns3:atemp>32.0</ns3:atemp>
            <ns3:cad>61</ns3:cad>
          </ns3:TrackPointExtension>
        </extensions>
      </trkpt>
      <trkpt lat="43.762909211218357086181640625" lon="-110.77238607220351696014404296875">
        <ele>2400.800048828125</ele>
        <time>2017-09-06T21:13:12.000Z</time>
        <extensions>
          <ns3:TrackPointExtension>
            <ns3:atemp>32.0</ns3:atemp>
            <ns3:cad>61</ns3:cad>
          </ns3:TrackPointExtension>
        </extensions>
      </trkpt>
      <trkpt lat="43.7628788687288761138916015625" lon="-110.7722793705761432647705078125">
        <ele>2401</ele>
        <time>2017-09-06T21:13:17.000Z</time>
        <extensions>
          <ns3:TrackPointExtension>
            <ns3:atemp>32.0</ns3:atemp>
            <ns3:cad>61</ns3:cad>
          </ns3:TrackPointExtension>
        </extensions>
      </trkpt>
      <trkpt lat="43.76286788843572139739990234375" lon="-110.77222195453941822052001953125">
        <ele>2401.199951171875</ele>
        <time>2017-09-06T21:13:20.000Z</time>
        <extensions>
          <ns3:TrackPointExtension>
            <ns3:atemp>32.0</ns3:atemp>
            <ns3:cad>61</ns3:cad>
          </ns3:TrackPointExtension>
        </extensions>
      </trkpt>
      <trkpt lat="43.7628664635121822357177734375" lon="-110.772206783294677734375">
        <ele>2401.39990234375</ele>
        <time>2017-09-06T21:13:21.000Z</time>
        <extensions>
          <ns3:TrackPointExtension>
            <ns3:atemp>32.0</ns3:atemp>
            <ns3:cad>61</ns3:cad>
          </ns3:TrackPointExtension>
        </extensions>
      </trkpt>
      <trkpt lat="43.76282547600567340850830078125" lon="-110.77196110971271991729736328125">
        <ele>2401.39990234375</ele>
        <time>2017-09-06T21:13:34.000Z</time>
        <extensions>
          <ns3:TrackPointExtension>
            <ns3:atemp>32.0</ns3:atemp>
            <ns3:cad>64</ns3:cad>
          </ns3:TrackPointExtension>
        </extensions>
      </trkpt>
      <trkpt lat="43.7628067843616008758544921875" lon="-110.7718079723417758941650390625">
        <ele>2401.39990234375</ele>
        <time>2017-09-06T21:13:41.000Z</time>
        <extensions>
          <ns3:TrackPointExtension>
            <ns3:atemp>32.0</ns3:atemp>
            <ns3:cad>61</ns3:cad>
          </ns3:TrackPointExtension>
        </extensions>
      </trkpt>
      <trkpt lat="43.76270301640033721923828125" lon="-110.7717201299965381622314453125">
        <ele>2401</ele>
        <time>2017-09-06T21:13:47.000Z</time>
        <extensions>
          <ns3:TrackPointExtension>
            <ns3:atemp>31.0</ns3:atemp>
            <ns3:cad>61</ns3:cad>
          </ns3:TrackPointExtension>
        </extensions>
      </trkpt>
      <trkpt lat="43.7626746855676174163818359375" lon="-110.77166371978819370269775390625">
        <ele>2400.800048828125</ele>
        <time>2017-09-06T21:13:50.000Z</time>
        <extensions>
          <ns3:TrackPointExtension>
            <ns3:atemp>31.0</ns3:atemp>
            <ns3:cad>61</ns3:cad>
          </ns3:TrackPointExtension>
        </extensions>
      </trkpt>
      <trkpt lat="43.762680552899837493896484375" lon="-110.77162264846265316009521484375">
        <ele>2400.60009765625</ele>
        <time>2017-09-06T21:13:52.000Z</time>
        <extensions>
          <ns3:TrackPointExtension>
            <ns3:atemp>31.0</ns3:atemp>
            <ns3:cad>61</ns3:cad>
          </ns3:TrackPointExtension>
        </extensions>
      </trkpt>
      <trkpt lat="43.76268717460334300994873046875" lon="-110.77153145335614681243896484375">
        <ele>2400</ele>
        <time>2017-09-06T21:13:55.000Z</time>
        <extensions>
          <ns3:TrackPointExtension>
            <ns3:atemp>31.0</ns3:atemp>
            <ns3:cad>69</ns3:cad>
          </ns3:TrackPointExtension>
        </extensions>
      </trkpt>
      <trkpt lat="43.762739561498165130615234375" lon="-110.77129156328737735748291015625">
        <ele>2400.60009765625</ele>
        <time>2017-09-06T21:14:05.000Z</time>
        <extensions>
          <ns3:TrackPointExtension>
            <ns3:atemp>31.0</ns3:atemp>
            <ns3:cad>67</ns3:cad>
          </ns3:TrackPointExtension>
        </extensions>
      </trkpt>
      <trkpt lat="43.7627377174794673919677734375" lon="-110.771142281591892242431640625">
        <ele>2400.39990234375</ele>
        <time>2017-09-06T21:14:10.000Z</time>
        <extensions>
          <ns3:TrackPointExtension>
            <ns3:atemp>31.0</ns3:atemp>
            <ns3:cad>67</ns3:cad>
          </ns3:TrackPointExtension>
        </extensions>
      </trkpt>
      <trkpt lat="43.76274182461202144622802734375" lon="-110.7710968516767024993896484375">
        <ele>2400.39990234375</ele>
        <time>2017-09-06T21:14:12.000Z</time>
        <extensions>
          <ns3:TrackPointExtension>
            <ns3:atemp>31.0</ns3:atemp>
            <ns3:cad>67</ns3:cad>
          </ns3:TrackPointExtension>
        </extensions>
      </trkpt>
      <trkpt lat="43.762732185423374176025390625" lon="-110.77083525247871875762939453125">
        <ele>2400.39990234375</ele>
        <time>2017-09-06T21:14:25.000Z</time>
        <extensions>
          <ns3:TrackPointExtension>
            <ns3:atemp>31.0</ns3:atemp>
            <ns3:cad>61</ns3:cad>
          </ns3:TrackPointExtension>
        </extensions>
      </trkpt>
      <trkpt lat="43.76273444853723049163818359375" lon="-110.7708038203418254852294921875">
        <ele>2400.199951171875</ele>
        <time>2017-09-06T21:14:27.000Z</time>
        <extensions>
          <ns3:TrackPointExtension>
            <ns3:atemp>31.0</ns3:atemp>
            <ns3:cad>61</ns3:cad>
          </ns3:TrackPointExtension>
        </extensions>
      </trkpt>
      <trkpt lat="43.76277945935726165771484375" lon="-110.7706063427031040191650390625">
        <ele>2399</ele>
        <time>2017-09-06T21:14:37.000Z</time>
        <extensions>
          <ns3:TrackPointExtension>
            <ns3:atemp>31.0</ns3:atemp>
            <ns3:cad>61</ns3:cad>
          </ns3:TrackPointExtension>
        </extensions>
      </trkpt>
      <trkpt lat="43.762785494327545166015625" lon="-110.77052562497556209564208984375">
        <ele>2398.800048828125</ele>
        <time>2017-09-06T21:14:40.000Z</time>
        <extensions>
          <ns3:TrackPointExtension>
            <ns3:atemp>31.0</ns3:atemp>
            <ns3:cad>61</ns3:cad>
          </ns3:TrackPointExtension>
        </extensions>
      </trkpt>
      <trkpt lat="43.76278172247111797332763671875" lon="-110.77046544291079044342041015625">
        <ele>2398.60009765625</ele>
        <time>2017-09-06T21:14:43.000Z</time>
        <extensions>
          <ns3:TrackPointExtension>
            <ns3:atemp>31.0</ns3:atemp>
            <ns3:cad>61</ns3:cad>
          </ns3:TrackPointExtension>
        </extensions>
      </trkpt>
      <trkpt lat="43.7627628631889820098876953125" lon="-110.770385898649692535400390625">
        <ele>2398.800048828125</ele>
        <time>2017-09-06T21:14:47.000Z</time>
        <extensions>
          <ns3:TrackPointExtension>
            <ns3:atemp>31.0</ns3:atemp>
            <ns3:cad>61</ns3:cad>
          </ns3:TrackPointExtension>
        </extensions>
      </trkpt>
      <trkpt lat="43.762737214565277099609375" lon="-110.7703149877488613128662109375">
        <ele>2398.800048828125</ele>
        <time>2017-09-06T21:14:51.000Z</time>
        <extensions>
          <ns3:TrackPointExtension>
            <ns3:atemp>31.0</ns3:atemp>
            <ns3:cad>0</ns3:cad>
          </ns3:TrackPointExtension>
        </extensions>
      </trkpt>
      <trkpt lat="43.76269656233489513397216796875" lon="-110.77019990421831607818603515625">
        <ele>2398.39990234375</ele>
        <time>2017-09-06T21:14:57.000Z</time>
        <extensions>
          <ns3:TrackPointExtension>
            <ns3:atemp>31.0</ns3:atemp>
            <ns3:cad>0</ns3:cad>
          </ns3:TrackPointExtension>
        </extensions>
      </trkpt>
      <trkpt lat="43.76270326785743236541748046875" lon="-110.7701631076633930206298828125">
        <ele>2398.39990234375</ele>
        <time>2017-09-06T21:14:59.000Z</time>
        <extensions>
          <ns3:TrackPointExtension>
            <ns3:atemp>31.0</ns3:atemp>
            <ns3:cad>61</ns3:cad>
          </ns3:TrackPointExtension>
        </extensions>
      </trkpt>
      <trkpt lat="43.7626991607248783111572265625" lon="-110.77012077905237674713134765625">
        <ele>2398.199951171875</ele>
        <time>2017-09-06T21:15:01.000Z</time>
        <extensions>
          <ns3:TrackPointExtension>
            <ns3:atemp>31.0</ns3:atemp>
            <ns3:cad>61</ns3:cad>
          </ns3:TrackPointExtension>
        </extensions>
      </trkpt>
      <trkpt lat="43.76267912797629833221435546875" lon="-110.770103596150875091552734375">
        <ele>2398.199951171875</ele>
        <time>2017-09-06T21:15:03.000Z</time>
        <extensions>
          <ns3:TrackPointExtension>
            <ns3:atemp>31.0</ns3:atemp>
            <ns3:cad>61</ns3:cad>
          </ns3:TrackPointExtension>
        </extensions>
      </trkpt>
      <trkpt lat="43.7626659683883190155029296875" lon="-110.77005632221698760986328125">
        <ele>2398</ele>
        <time>2017-09-06T21:15:06.000Z</time>
        <extensions>
          <ns3:TrackPointExtension>
            <ns3:atemp>31.0</ns3:atemp>
            <ns3:cad>61</ns3:cad>
          </ns3:TrackPointExtension>
        </extensions>
      </trkpt>
      <trkpt lat="43.7627305090427398681640625" lon="-110.76989798806607723236083984375">
        <ele>2396.800048828125</ele>
        <time>2017-09-06T21:15:13.000Z</time>
        <extensions>
          <ns3:TrackPointExtension>
            <ns3:atemp>31.0</ns3:atemp>
            <ns3:cad>61</ns3:cad>
          </ns3:TrackPointExtension>
        </extensions>
      </trkpt>
      <trkpt lat="43.76280737109482288360595703125" lon="-110.76974962837994098663330078125">
        <ele>2396.39990234375</ele>
        <time>2017-09-06T21:15:19.000Z</time>
        <extensions>
          <ns3:TrackPointExtension>
            <ns3:atemp>31.0</ns3:atemp>
            <ns3:cad>61</ns3:cad>
          </ns3:TrackPointExtension>
        </extensions>
      </trkpt>
      <trkpt lat="43.76281558535993099212646484375" lon="-110.76970201916992664337158203125">
        <ele>2396.60009765625</ele>
        <time>2017-09-06T21:15:22.000Z</time>
        <extensions>
          <ns3:TrackPointExtension>
            <ns3:atemp>31.0</ns3:atemp>
            <ns3:cad>61</ns3:cad>
          </ns3:TrackPointExtension>
        </extensions>
      </trkpt>
      <trkpt lat="43.76282346434891223907470703125" lon="-110.76962825842201709747314453125">
        <ele>2396.39990234375</ele>
        <time>2017-09-06T21:15:26.000Z</time>
        <extensions>
          <ns3:TrackPointExtension>
            <ns3:atemp>31.0</ns3:atemp>
            <ns3:cad>61</ns3:cad>
          </ns3:TrackPointExtension>
        </extensions>
      </trkpt>
      <trkpt lat="43.7628711573779582977294921875" lon="-110.76954930089414119720458984375">
        <ele>2395.800048828125</ele>
        <time>2017-09-06T21:15:30.000Z</time>
        <extensions>
          <ns3:TrackPointExtension>
            <ns3:atemp>31.0</ns3:atemp>
            <ns3:cad>61</ns3:cad>
          </ns3:TrackPointExtension>
        </extensions>
      </trkpt>
      <trkpt lat="43.76293770968914031982421875" lon="-110.7694680802524089813232421875">
        <ele>2395.800048828125</ele>
        <time>2017-09-06T21:15:36.000Z</time>
        <extensions>
          <ns3:TrackPointExtension>
            <ns3:atemp>31.0</ns3:atemp>
            <ns3:cad>0</ns3:cad>
          </ns3:TrackPointExtension>
        </extensions>
      </trkpt>
      <trkpt lat="43.7629593349993228912353515625" lon="-110.7694385759532451629638671875">
        <ele>2395.39990234375</ele>
        <time>2017-09-06T21:15:40.000Z</time>
        <extensions>
          <ns3:TrackPointExtension>
            <ns3:atemp>31.0</ns3:atemp>
            <ns3:cad>0</ns3:cad>
          </ns3:TrackPointExtension>
        </extensions>
      </trkpt>
      <trkpt lat="43.7629841454327106475830078125" lon="-110.7693933136761188507080078125">
        <ele>2395.199951171875</ele>
        <time>2017-09-06T21:15:42.000Z</time>
        <extensions>
          <ns3:TrackPointExtension>
            <ns3:atemp>31.0</ns3:atemp>
            <ns3:cad>61</ns3:cad>
          </ns3:TrackPointExtension>
        </extensions>
      </trkpt>
      <trkpt lat="43.76306184567511081695556640625" lon="-110.769183598458766937255859375">
        <ele>2395.199951171875</ele>
        <time>2017-09-06T21:15:53.000Z</time>
        <extensions>
          <ns3:TrackPointExtension>
            <ns3:atemp>31.0</ns3:atemp>
            <ns3:cad>63</ns3:cad>
          </ns3:TrackPointExtension>
        </extensions>
      </trkpt>
      <trkpt lat="43.76306871883571147918701171875" lon="-110.76915116049349308013916015625">
        <ele>2395.199951171875</ele>
        <time>2017-09-06T21:15:55.000Z</time>
        <extensions>
          <ns3:TrackPointExtension>
            <ns3:atemp>31.0</ns3:atemp>
            <ns3:cad>61</ns3:cad>
          </ns3:TrackPointExtension>
        </extensions>
      </trkpt>
      <trkpt lat="43.763065449893474578857421875" lon="-110.769108496606349945068359375">
        <ele>2395.199951171875</ele>
        <time>2017-09-06T21:15:58.000Z</time>
        <extensions>
          <ns3:TrackPointExtension>
            <ns3:atemp>31.0</ns3:atemp>
            <ns3:cad>63</ns3:cad>
          </ns3:TrackPointExtension>
        </extensions>
      </trkpt>
      <trkpt lat="43.76306301914155483245849609375" lon="-110.76908410526812076568603515625">
        <ele>2395.199951171875</ele>
        <time>2017-09-06T21:16:00.000Z</time>
        <extensions>
          <ns3:TrackPointExtension>
            <ns3:atemp>31.0</ns3:atemp>
            <ns3:cad>63</ns3:cad>
          </ns3:TrackPointExtension>
        </extensions>
      </trkpt>
      <trkpt lat="43.763072155416011810302734375" lon="-110.76904504559934139251708984375">
        <ele>2394.800048828125</ele>
        <time>2017-09-06T21:16:03.000Z</time>
        <extensions>
          <ns3:TrackPointExtension>
            <ns3:atemp>31.0</ns3:atemp>
            <ns3:cad>63</ns3:cad>
          </ns3:TrackPointExtension>
        </extensions>
      </trkpt>
      <trkpt lat="43.7631001509726047515869140625" lon="-110.7690055668354034423828125">
        <ele>2394.60009765625</ele>
        <time>2017-09-06T21:16:06.000Z</time>
        <extensions>
          <ns3:TrackPointExtension>
            <ns3:atemp>31.0</ns3:atemp>
            <ns3:cad>61</ns3:cad>
          </ns3:TrackPointExtension>
        </extensions>
      </trkpt>
      <trkpt lat="43.76323518343269824981689453125" lon="-110.76886399649083614349365234375">
        <ele>2394</ele>
        <time>2017-09-06T21:16:13.000Z</time>
        <extensions>
          <ns3:TrackPointExtension>
            <ns3:atemp>31.0</ns3:atemp>
            <ns3:cad>71</ns3:cad>
          </ns3:TrackPointExtension>
        </extensions>
      </trkpt>
      <trkpt lat="43.7632711417973041534423828125" lon="-110.7688419520854949951171875">
        <ele>2393.60009765625</ele>
        <time>2017-09-06T21:16:15.000Z</time>
        <extensions>
          <ns3:TrackPointExtension>
            <ns3:atemp>31.0</ns3:atemp>
            <ns3:cad>61</ns3:cad>
          </ns3:TrackPointExtension>
        </extensions>
      </trkpt>
      <trkpt lat="43.7632999755442142486572265625" lon="-110.76881320215761661529541015625">
        <ele>2393.39990234375</ele>
        <time>2017-09-06T21:16:17.000Z</time>
        <extensions>
          <ns3:TrackPointExtension>
            <ns3:atemp>31.0</ns3:atemp>
            <ns3:cad>61</ns3:cad>
          </ns3:TrackPointExtension>
        </extensions>
      </trkpt>
      <trkpt lat="43.76343819312751293182373046875" lon="-110.7686166465282440185546875">
        <ele>2393.60009765625</ele>
        <time>2017-09-06T21:16:24.000Z</time>
        <extensions>
          <ns3:TrackPointExtension>
            <ns3:atemp>31.0</ns3:atemp>
            <ns3:cad>61</ns3:cad>
          </ns3:TrackPointExtension>
        </extensions>
      </trkpt>
      <trkpt lat="43.763531483709812164306640625" lon="-110.7684998027980327606201171875">
        <ele>2392.60009765625</ele>
        <time>2017-09-06T21:16:29.000Z</time>
        <extensions>
          <ns3:TrackPointExtension>
            <ns3:atemp>31.0</ns3:atemp>
            <ns3:cad>72</ns3:cad>
          </ns3:TrackPointExtension>
        </extensions>
      </trkpt>
      <trkpt lat="43.7635299749672412872314453125" lon="-110.7682322524487972259521484375">
        <ele>2391.60009765625</ele>
        <time>2017-09-06T21:16:38.000Z</time>
        <extensions>
          <ns3:TrackPointExtension>
            <ns3:atemp>31.0</ns3:atemp>
            <ns3:cad>62</ns3:cad>
          </ns3:TrackPointExtension>
        </extensions>
      </trkpt>
      <trkpt lat="43.76353793777525424957275390625" lon="-110.7680507004261016845703125">
        <ele>2390.39990234375</ele>
        <time>2017-09-06T21:16:44.000Z</time>
        <extensions>
          <ns3:TrackPointExtension>
            <ns3:atemp>31.0</ns3:atemp>
            <ns3:cad>62</ns3:cad>
          </ns3:TrackPointExtension>
        </extensions>
      </trkpt>
      <trkpt lat="43.7635003030300140380859375" lon="-110.767945088446140289306640625">
        <ele>2390.199951171875</ele>
        <time>2017-09-06T21:16:48.000Z</time>
        <extensions>
          <ns3:TrackPointExtension>
            <ns3:atemp>31.0</ns3:atemp>
            <ns3:cad>75</ns3:cad>
          </ns3:TrackPointExtension>
        </extensions>
      </trkpt>
      <trkpt lat="43.7634843774139881134033203125" lon="-110.76768198050558567047119140625">
        <ele>2389.60009765625</ele>
        <time>2017-09-06T21:16:56.000Z</time>
        <extensions>
          <ns3:TrackPointExtension>
            <ns3:atemp>31.0</ns3:atemp>
            <ns3:cad>78</ns3:cad>
          </ns3:TrackPointExtension>
        </extensions>
      </trkpt>
      <trkpt lat="43.76344271935522556304931640625" lon="-110.76752490364015102386474609375">
        <ele>2389.60009765625</ele>
        <time>2017-09-06T21:17:01.000Z</time>
        <extensions>
          <ns3:TrackPointExtension>
            <ns3:atemp>31.0</ns3:atemp>
            <ns3:cad>79</ns3:cad>
          </ns3:TrackPointExtension>
        </extensions>
      </trkpt>
      <trkpt lat="43.76340349204838275909423828125" lon="-110.76740152202546596527099609375">
        <ele>2389.199951171875</ele>
        <time>2017-09-06T21:17:06.000Z</time>
        <extensions>
          <ns3:TrackPointExtension>
            <ns3:atemp>31.0</ns3:atemp>
            <ns3:cad>75</ns3:cad>
          </ns3:TrackPointExtension>
        </extensions>
      </trkpt>
      <trkpt lat="43.76335336826741695404052734375" lon="-110.7672887854278087615966796875">
        <ele>2390</ele>
        <time>2017-09-06T21:17:12.000Z</time>
        <extensions>
          <ns3:TrackPointExtension>
            <ns3:atemp>31.0</ns3:atemp>
            <ns3:cad>0</ns3:cad>
          </ns3:TrackPointExtension>
        </extensions>
      </trkpt>
      <trkpt lat="43.76333157531917095184326171875" lon="-110.76723195612430572509765625">
        <ele>2390.39990234375</ele>
        <time>2017-09-06T21:17:15.000Z</time>
        <extensions>
          <ns3:TrackPointExtension>
            <ns3:atemp>31.0</ns3:atemp>
            <ns3:cad>0</ns3:cad>
          </ns3:TrackPointExtension>
        </extensions>
      </trkpt>
      <trkpt lat="43.7633345089852809906005859375" lon="-110.76721494086086750030517578125">
        <ele>2390.199951171875</ele>
        <time>2017-09-06T21:17:16.000Z</time>
        <extensions>
          <ns3:TrackPointExtension>
            <ns3:atemp>31.0</ns3:atemp>
            <ns3:cad>0</ns3:cad>
          </ns3:TrackPointExtension>
        </extensions>
      </trkpt>
      <trkpt lat="43.76333727501332759857177734375" lon="-110.7671754620969295501708984375">
        <ele>2390.39990234375</ele>
        <time>2017-09-06T21:17:18.000Z</time>
        <extensions>
          <ns3:TrackPointExtension>
            <ns3:atemp>31.0</ns3:atemp>
            <ns3:cad>61</ns3:cad>
          </ns3:TrackPointExtension>
        </extensions>
      </trkpt>
      <trkpt lat="43.76334129832684993743896484375" lon="-110.76709449291229248046875">
        <ele>2390</ele>
        <time>2017-09-06T21:17:21.000Z</time>
        <extensions>
          <ns3:TrackPointExtension>
            <ns3:atemp>31.0</ns3:atemp>
            <ns3:cad>61</ns3:cad>
          </ns3:TrackPointExtension>
        </extensions>
      </trkpt>
      <trkpt lat="43.7633026577532291412353515625" lon="-110.76700530946254730224609375">
        <ele>2389.60009765625</ele>
        <time>2017-09-06T21:17:28.000Z</time>
        <extensions>
          <ns3:TrackPointExtension>
            <ns3:atemp>31.0</ns3:atemp>
            <ns3:cad>68</ns3:cad>
          </ns3:TrackPointExtension>
        </extensions>
      </trkpt>
      <trkpt lat="43.763321600854396820068359375" lon="-110.76693733222782611846923828125">
        <ele>2389.60009765625</ele>
        <time>2017-09-06T21:17:31.000Z</time>
        <extensions>
          <ns3:TrackPointExtension>
            <ns3:atemp>31.0</ns3:atemp>
            <ns3:cad>63</ns3:cad>
          </ns3:TrackPointExtension>
        </extensions>
      </trkpt>
      <trkpt lat="43.7633392028510570526123046875" lon="-110.766821242868900299072265625">
        <ele>2390</ele>
        <time>2017-09-06T21:17:34.000Z</time>
        <extensions>
          <ns3:TrackPointExtension>
            <ns3:atemp>31.0</ns3:atemp>
            <ns3:cad>61</ns3:cad>
          </ns3:TrackPointExtension>
        </extensions>
      </trkpt>
      <trkpt lat="43.7633499316871166229248046875" lon="-110.7667697779834270477294921875">
        <ele>2390.60009765625</ele>
        <time>2017-09-06T21:17:36.000Z</time>
        <extensions>
          <ns3:TrackPointExtension>
            <ns3:atemp>31.0</ns3:atemp>
            <ns3:cad>61</ns3:cad>
          </ns3:TrackPointExtension>
        </extensions>
      </trkpt>
      <trkpt lat="43.76335672102868556976318359375" lon="-110.7667318917810916900634765625">
        <ele>2391</ele>
        <time>2017-09-06T21:17:38.000Z</time>
        <extensions>
          <ns3:TrackPointExtension>
            <ns3:atemp>31.0</ns3:atemp>
            <ns3:cad>0</ns3:cad>
          </ns3:TrackPointExtension>
        </extensions>
      </trkpt>
      <trkpt lat="43.76336778514087200164794921875" lon="-110.76666056178510189056396484375">
        <ele>2391.199951171875</ele>
        <time>2017-09-06T21:17:42.000Z</time>
        <extensions>
          <ns3:TrackPointExtension>
            <ns3:atemp>31.0</ns3:atemp>
            <ns3:cad>61</ns3:cad>
          </ns3:TrackPointExtension>
        </extensions>
      </trkpt>
      <trkpt lat="43.7633693777024745941162109375" lon="-110.7666403613984584808349609375">
        <ele>2391.39990234375</ele>
        <time>2017-09-06T21:17:44.000Z</time>
        <extensions>
          <ns3:TrackPointExtension>
            <ns3:atemp>31.0</ns3:atemp>
            <ns3:cad>61</ns3:cad>
          </ns3:TrackPointExtension>
        </extensions>
      </trkpt>
      <trkpt lat="43.7633687071502208709716796875" lon="-110.76662854291498661041259765625">
        <ele>2391.39990234375</ele>
        <time>2017-09-06T21:17:45.000Z</time>
        <extensions>
          <ns3:TrackPointExtension>
            <ns3:atemp>31.0</ns3:atemp>
            <ns3:cad>61</ns3:cad>
          </ns3:TrackPointExtension>
        </extensions>
      </trkpt>
      <trkpt lat="43.76336661167442798614501953125" lon="-110.7665236853063106536865234375">
        <ele>2391.39990234375</ele>
        <time>2017-09-06T21:17:50.000Z</time>
        <extensions>
          <ns3:TrackPointExtension>
            <ns3:atemp>30.0</ns3:atemp>
            <ns3:cad>61</ns3:cad>
          </ns3:TrackPointExtension>
        </extensions>
      </trkpt>
      <trkpt lat="43.7633603252470493316650390625" lon="-110.76650599949061870574951171875">
        <ele>2391.39990234375</ele>
        <time>2017-09-06T21:17:51.000Z</time>
        <extensions>
          <ns3:TrackPointExtension>
            <ns3:atemp>30.0</ns3:atemp>
            <ns3:cad>61</ns3:cad>
          </ns3:TrackPointExtension>
        </extensions>
      </trkpt>
      <trkpt lat="43.76337868161499500274658203125" lon="-110.76640583574771881103515625">
        <ele>2391.199951171875</ele>
        <time>2017-09-06T21:17:57.000Z</time>
        <extensions>
          <ns3:TrackPointExtension>
            <ns3:atemp>30.0</ns3:atemp>
            <ns3:cad>61</ns3:cad>
          </ns3:TrackPointExtension>
        </extensions>
      </trkpt>
      <trkpt lat="43.76342025585472583770751953125" lon="-110.76615245081484317779541015625">
        <ele>2390.39990234375</ele>
        <time>2017-09-06T21:18:10.000Z</time>
        <extensions>
          <ns3:TrackPointExtension>
            <ns3:atemp>30.0</ns3:atemp>
            <ns3:cad>61</ns3:cad>
          </ns3:TrackPointExtension>
        </extensions>
      </trkpt>
      <trkpt lat="43.76342008821666240692138671875" lon="-110.76612831093370914459228515625">
        <ele>2390.199951171875</ele>
        <time>2017-09-06T21:18:11.000Z</time>
        <extensions>
          <ns3:TrackPointExtension>
            <ns3:atemp>30.0</ns3:atemp>
            <ns3:cad>61</ns3:cad>
          </ns3:TrackPointExtension>
        </extensions>
      </trkpt>
      <trkpt lat="43.7634102813899517059326171875" lon="-110.76610232703387737274169921875">
        <ele>2390</ele>
        <time>2017-09-06T21:18:12.000Z</time>
        <extensions>
          <ns3:TrackPointExtension>
            <ns3:atemp>30.0</ns3:atemp>
            <ns3:cad>61</ns3:cad>
          </ns3:TrackPointExtension>
        </extensions>
      </trkpt>
      <trkpt lat="43.7634307332336902618408203125" lon="-110.76604667119681835174560546875">
        <ele>2389.60009765625</ele>
        <time>2017-09-06T21:18:14.000Z</time>
        <extensions>
          <ns3:TrackPointExtension>
            <ns3:atemp>30.0</ns3:atemp>
            <ns3:cad>61</ns3:cad>
          </ns3:TrackPointExtension>
        </extensions>
      </trkpt>
      <trkpt lat="43.76344322226941585540771484375" lon="-110.76599738560616970062255859375">
        <ele>2389.199951171875</ele>
        <time>2017-09-06T21:18:16.000Z</time>
        <extensions>
          <ns3:TrackPointExtension>
            <ns3:atemp>30.0</ns3:atemp>
            <ns3:cad>61</ns3:cad>
          </ns3:TrackPointExtension>
        </extensions>
      </trkpt>
      <trkpt lat="43.76349938102066516876220703125" lon="-110.76573519967496395111083984375">
        <ele>2389.60009765625</ele>
        <time>2017-09-06T21:18:30.000Z</time>
        <extensions>
          <ns3:TrackPointExtension>
            <ns3:atemp>30.0</ns3:atemp>
            <ns3:cad>61</ns3:cad>
          </ns3:TrackPointExtension>
        </extensions>
      </trkpt>
      <trkpt lat="43.76350625418126583099365234375" lon="-110.76572279445827007293701171875">
        <ele>2389.60009765625</ele>
        <time>2017-09-06T21:18:31.000Z</time>
        <extensions>
          <ns3:TrackPointExtension>
            <ns3:atemp>30.0</ns3:atemp>
            <ns3:cad>61</ns3:cad>
          </ns3:TrackPointExtension>
        </extensions>
      </trkpt>
      <trkpt lat="43.76354045234620571136474609375" lon="-110.7656690664589405059814453125">
        <ele>2389.60009765625</ele>
        <time>2017-09-06T21:18:35.000Z</time>
        <extensions>
          <ns3:TrackPointExtension>
            <ns3:atemp>30.0</ns3:atemp>
            <ns3:cad>61</ns3:cad>
          </ns3:TrackPointExtension>
        </extensions>
      </trkpt>
      <trkpt lat="43.7636463157832622528076171875" lon="-110.76544082723557949066162109375">
        <ele>2390</ele>
        <time>2017-09-06T21:18:45.000Z</time>
        <extensions>
          <ns3:TrackPointExtension>
            <ns3:atemp>30.0</ns3:atemp>
            <ns3:cad>56</ns3:cad>
          </ns3:TrackPointExtension>
        </extensions>
      </trkpt>
      <trkpt lat="43.76367053948342800140380859375" lon="-110.76538123190402984619140625">
        <ele>2390</ele>
        <time>2017-09-06T21:18:48.000Z</time>
        <extensions>
          <ns3:TrackPointExtension>
            <ns3:atemp>30.0</ns3:atemp>
            <ns3:cad>59</ns3:cad>
          </ns3:TrackPointExtension>
        </extensions>
      </trkpt>
      <trkpt lat="43.76365444622933864593505859375" lon="-110.76513237319886684417724609375">
        <ele>2390</ele>
        <time>2017-09-06T21:19:01.000Z</time>
        <extensions>
          <ns3:TrackPointExtension>
            <ns3:atemp>30.0</ns3:atemp>
            <ns3:cad>52</ns3:cad>
          </ns3:TrackPointExtension>
        </extensions>
      </trkpt>
      <trkpt lat="43.76362167298793792724609375" lon="-110.76503254473209381103515625">
        <ele>2390.199951171875</ele>
        <time>2017-09-06T21:19:07.000Z</time>
        <extensions>
          <ns3:TrackPointExtension>
            <ns3:atemp>30.0</ns3:atemp>
            <ns3:cad>58</ns3:cad>
          </ns3:TrackPointExtension>
        </extensions>
      </trkpt>
      <trkpt lat="43.7636147998273372650146484375" lon="-110.76501251198351383209228515625">
        <ele>2390.199951171875</ele>
        <time>2017-09-06T21:19:08.000Z</time>
        <extensions>
          <ns3:TrackPointExtension>
            <ns3:atemp>30.0</ns3:atemp>
            <ns3:cad>58</ns3:cad>
          </ns3:TrackPointExtension>
        </extensions>
      </trkpt>
      <trkpt lat="43.76355939544737339019775390625" lon="-110.7647624798119068145751953125">
        <ele>2391</ele>
        <time>2017-09-06T21:19:21.000Z</time>
        <extensions>
          <ns3:TrackPointExtension>
            <ns3:atemp>30.0</ns3:atemp>
            <ns3:cad>57</ns3:cad>
          </ns3:TrackPointExtension>
        </extensions>
      </trkpt>
      <trkpt lat="43.76355436630547046661376953125" lon="-110.764591991901397705078125">
        <ele>2391.199951171875</ele>
        <time>2017-09-06T21:19:30.000Z</time>
        <extensions>
          <ns3:TrackPointExtension>
            <ns3:atemp>30.0</ns3:atemp>
            <ns3:cad>58</ns3:cad>
          </ns3:TrackPointExtension>
        </extensions>
      </trkpt>
      <trkpt lat="43.76355805434286594390869140625" lon="-110.76447523199021816253662109375">
        <ele>2391.60009765625</ele>
        <time>2017-09-06T21:19:38.000Z</time>
        <extensions>
          <ns3:TrackPointExtension>
            <ns3:atemp>30.0</ns3:atemp>
            <ns3:cad>0</ns3:cad>
          </ns3:TrackPointExtension>
        </extensions>
      </trkpt>
      <trkpt lat="43.763552941381931304931640625" lon="-110.76437582261860370635986328125">
        <ele>2391.60009765625</ele>
        <time>2017-09-06T21:19:45.000Z</time>
        <extensions>
          <ns3:TrackPointExtension>
            <ns3:atemp>30.0</ns3:atemp>
            <ns3:cad>61</ns3:cad>
          </ns3:TrackPointExtension>
        </extensions>
      </trkpt>
      <trkpt lat="43.76352846622467041015625" lon="-110.76411916874349117279052734375">
        <ele>2392.199951171875</ele>
        <time>2017-09-06T21:19:57.000Z</time>
        <extensions>
          <ns3:TrackPointExtension>
            <ns3:atemp>30.0</ns3:atemp>
            <ns3:cad>60</ns3:cad>
          </ns3:TrackPointExtension>
        </extensions>
      </trkpt>
      <trkpt lat="43.7635293044149875640869140625" lon="-110.76410123147070407867431640625">
        <ele>2392.199951171875</ele>
        <time>2017-09-06T21:19:58.000Z</time>
        <extensions>
          <ns3:TrackPointExtension>
            <ns3:atemp>30.0</ns3:atemp>
            <ns3:cad>60</ns3:cad>
          </ns3:TrackPointExtension>
        </extensions>
      </trkpt>
      <trkpt lat="43.763551600277423858642578125" lon="-110.76385295949876308441162109375">
        <ele>2392</ele>
        <time>2017-09-06T21:20:11.000Z</time>
        <extensions>
          <ns3:TrackPointExtension>
            <ns3:atemp>30.0</ns3:atemp>
            <ns3:cad>59</ns3:cad>
          </ns3:TrackPointExtension>
        </extensions>
      </trkpt>
      <trkpt lat="43.7635997124016284942626953125" lon="-110.76361206360161304473876953125">
        <ele>2391.39990234375</ele>
        <time>2017-09-06T21:20:24.000Z</time>
        <extensions>
          <ns3:TrackPointExtension>
            <ns3:atemp>31.0</ns3:atemp>
            <ns3:cad>55</ns3:cad>
          </ns3:TrackPointExtension>
        </extensions>
      </trkpt>
      <trkpt lat="43.76361639238893985748291015625" lon="-110.76353914104402065277099609375">
        <ele>2391.199951171875</ele>
        <time>2017-09-06T21:20:29.000Z</time>
        <extensions>
          <ns3:TrackPointExtension>
            <ns3:atemp>31.0</ns3:atemp>
            <ns3:cad>56</ns3:cad>
          </ns3:TrackPointExtension>
        </extensions>
      </trkpt>
      <trkpt lat="43.76359879039227962493896484375" lon="-110.76329606585204601287841796875">
        <ele>2390.39990234375</ele>
        <time>2017-09-06T21:20:39.000Z</time>
        <extensions>
          <ns3:TrackPointExtension>
            <ns3:atemp>31.0</ns3:atemp>
            <ns3:cad>56</ns3:cad>
          </ns3:TrackPointExtension>
        </extensions>
      </trkpt>
      <trkpt lat="43.76348731108009815216064453125" lon="-110.76308391988277435302734375">
        <ele>2391.199951171875</ele>
        <time>2017-09-06T21:20:50.000Z</time>
        <extensions>
          <ns3:TrackPointExtension>
            <ns3:atemp>31.0</ns3:atemp>
            <ns3:cad>62</ns3:cad>
          </ns3:TrackPointExtension>
        </extensions>
      </trkpt>
      <trkpt lat="43.76342142932116985321044921875" lon="-110.7629312016069889068603515625">
        <ele>2392</ele>
        <time>2017-09-06T21:20:58.000Z</time>
        <extensions>
          <ns3:TrackPointExtension>
            <ns3:atemp>31.0</ns3:atemp>
            <ns3:cad>57</ns3:cad>
          </ns3:TrackPointExtension>
        </extensions>
      </trkpt>
      <trkpt lat="43.76341857947409152984619140625" lon="-110.7628869451582431793212890625">
        <ele>2392</ele>
        <time>2017-09-06T21:21:00.000Z</time>
        <extensions>
          <ns3:TrackPointExtension>
            <ns3:atemp>31.0</ns3:atemp>
            <ns3:cad>57</ns3:cad>
          </ns3:TrackPointExtension>
        </extensions>
      </trkpt>
      <trkpt lat="43.763378597795963287353515625" lon="-110.76262936927378177642822265625">
        <ele>2392</ele>
        <time>2017-09-06T21:21:12.000Z</time>
        <extensions>
          <ns3:TrackPointExtension>
            <ns3:atemp>31.0</ns3:atemp>
            <ns3:cad>58</ns3:cad>
          </ns3:TrackPointExtension>
        </extensions>
      </trkpt>
      <trkpt lat="43.76337264664471149444580078125" lon="-110.762371122837066650390625">
        <ele>2391.39990234375</ele>
        <time>2017-09-06T21:21:24.000Z</time>
        <extensions>
          <ns3:TrackPointExtension>
            <ns3:atemp>31.0</ns3:atemp>
            <ns3:cad>58</ns3:cad>
          </ns3:TrackPointExtension>
        </extensions>
      </trkpt>
      <trkpt lat="43.76329754479229450225830078125" lon="-110.76214154250919818878173828125">
        <ele>2391</ele>
        <time>2017-09-06T21:21:37.000Z</time>
        <extensions>
          <ns3:TrackPointExtension>
            <ns3:atemp>31.0</ns3:atemp>
            <ns3:cad>56</ns3:cad>
          </ns3:TrackPointExtension>
        </extensions>
      </trkpt>
      <trkpt lat="43.7632788531482219696044921875" lon="-110.76204649172723293304443359375">
        <ele>2390.199951171875</ele>
        <time>2017-09-06T21:21:43.000Z</time>
        <extensions>
          <ns3:TrackPointExtension>
            <ns3:atemp>31.0</ns3:atemp>
            <ns3:cad>59</ns3:cad>
          </ns3:TrackPointExtension>
        </extensions>
      </trkpt>
      <trkpt lat="43.76325546763837337493896484375" lon="-110.76186477206647396087646484375">
        <ele>2389.199951171875</ele>
        <time>2017-09-06T21:21:54.000Z</time>
        <extensions>
          <ns3:TrackPointExtension>
            <ns3:atemp>31.0</ns3:atemp>
            <ns3:cad>56</ns3:cad>
          </ns3:TrackPointExtension>
        </extensions>
      </trkpt>
      <trkpt lat="43.763246499001979827880859375" lon="-110.76183023862540721893310546875">
        <ele>2389</ele>
        <time>2017-09-06T21:21:56.000Z</time>
        <extensions>
          <ns3:TrackPointExtension>
            <ns3:atemp>31.0</ns3:atemp>
            <ns3:cad>56</ns3:cad>
          </ns3:TrackPointExtension>
        </extensions>
      </trkpt>
      <trkpt lat="43.7632071040570735931396484375" lon="-110.76172311790287494659423828125">
        <ele>2388.800048828125</ele>
        <time>2017-09-06T21:22:03.000Z</time>
        <extensions>
          <ns3:TrackPointExtension>
            <ns3:atemp>31.0</ns3:atemp>
            <ns3:cad>61</ns3:cad>
          </ns3:TrackPointExtension>
        </extensions>
      </trkpt>
      <trkpt lat="43.76322269439697265625" lon="-110.7614672183990478515625">
        <ele>2388.199951171875</ele>
        <time>2017-09-06T21:22:16.000Z</time>
        <extensions>
          <ns3:TrackPointExtension>
            <ns3:atemp>31.0</ns3:atemp>
            <ns3:cad>55</ns3:cad>
          </ns3:TrackPointExtension>
        </extensions>
      </trkpt>
      <trkpt lat="43.76322847791016101837158203125" lon="-110.76145053841173648834228515625">
        <ele>2388.199951171875</ele>
        <time>2017-09-06T21:22:17.000Z</time>
        <extensions>
          <ns3:TrackPointExtension>
            <ns3:atemp>31.0</ns3:atemp>
            <ns3:cad>57</ns3:cad>
          </ns3:TrackPointExtension>
        </extensions>
      </trkpt>
      <trkpt lat="43.76323786564171314239501953125" lon="-110.76141969300806522369384765625">
        <ele>2388.199951171875</ele>
        <time>2017-09-06T21:22:19.000Z</time>
        <extensions>
          <ns3:TrackPointExtension>
            <ns3:atemp>31.0</ns3:atemp>
            <ns3:cad>57</ns3:cad>
          </ns3:TrackPointExtension>
        </extensions>
      </trkpt>
      <trkpt lat="43.76326519064605236053466796875" lon="-110.7613456808030605316162109375">
        <ele>2387.800048828125</ele>
        <time>2017-09-06T21:22:24.000Z</time>
        <extensions>
          <ns3:TrackPointExtension>
            <ns3:atemp>31.0</ns3:atemp>
            <ns3:cad>53</ns3:cad>
          </ns3:TrackPointExtension>
        </extensions>
      </trkpt>
      <trkpt lat="43.7632803618907928466796875" lon="-110.7613170146942138671875">
        <ele>2387.39990234375</ele>
        <time>2017-09-06T21:22:28.000Z</time>
        <extensions>
          <ns3:TrackPointExtension>
            <ns3:atemp>31.0</ns3:atemp>
            <ns3:cad>0</ns3:cad>
          </ns3:TrackPointExtension>
        </extensions>
      </trkpt>
      <trkpt lat="43.76330961473286151885986328125" lon="-110.7612474448978900909423828125">
        <ele>2387.199951171875</ele>
        <time>2017-09-06T21:22:33.000Z</time>
        <extensions>
          <ns3:TrackPointExtension>
            <ns3:atemp>31.0</ns3:atemp>
            <ns3:cad>61</ns3:cad>
          </ns3:TrackPointExtension>
        </extensions>
      </trkpt>
      <trkpt lat="43.76331456005573272705078125" lon="-110.7612353749573230743408203125">
        <ele>2387</ele>
        <time>2017-09-06T21:22:34.000Z</time>
        <extensions>
          <ns3:TrackPointExtension>
            <ns3:atemp>31.0</ns3:atemp>
            <ns3:cad>61</ns3:cad>
          </ns3:TrackPointExtension>
        </extensions>
      </trkpt>
      <trkpt lat="43.76332394778728485107421875" lon="-110.76121819205582141876220703125">
        <ele>2386.800048828125</ele>
        <time>2017-09-06T21:22:36.000Z</time>
        <extensions>
          <ns3:TrackPointExtension>
            <ns3:atemp>31.0</ns3:atemp>
            <ns3:cad>61</ns3:cad>
          </ns3:TrackPointExtension>
        </extensions>
      </trkpt>
      <trkpt lat="43.763335682451725006103515625" lon="-110.76119220815598964691162109375">
        <ele>2386.39990234375</ele>
        <time>2017-09-06T21:22:38.000Z</time>
        <extensions>
          <ns3:TrackPointExtension>
            <ns3:atemp>31.0</ns3:atemp>
            <ns3:cad>61</ns3:cad>
          </ns3:TrackPointExtension>
        </extensions>
      </trkpt>
      <trkpt lat="43.7633554637432098388671875" lon="-110.76114200055599212646484375">
        <ele>2386.199951171875</ele>
        <time>2017-09-06T21:22:41.000Z</time>
        <extensions>
          <ns3:TrackPointExtension>
            <ns3:atemp>31.0</ns3:atemp>
            <ns3:cad>61</ns3:cad>
          </ns3:TrackPointExtension>
        </extensions>
      </trkpt>
      <trkpt lat="43.7633777596056461334228515625" lon="-110.76111392118036746978759765625">
        <ele>2386</ele>
        <time>2017-09-06T21:22:43.000Z</time>
        <extensions>
          <ns3:TrackPointExtension>
            <ns3:atemp>31.0</ns3:atemp>
            <ns3:cad>61</ns3:cad>
          </ns3:TrackPointExtension>
        </extensions>
      </trkpt>
      <trkpt lat="43.7634602375328540802001953125" lon="-110.7609949819743633270263671875">
        <ele>2385</ele>
        <time>2017-09-06T21:22:54.000Z</time>
        <extensions>
          <ns3:TrackPointExtension>
            <ns3:atemp>31.0</ns3:atemp>
            <ns3:cad>61</ns3:cad>
          </ns3:TrackPointExtension>
        </extensions>
      </trkpt>
      <trkpt lat="43.7634686194360256195068359375" lon="-110.760986767709255218505859375">
        <ele>2385</ele>
        <time>2017-09-06T21:22:55.000Z</time>
        <extensions>
          <ns3:TrackPointExtension>
            <ns3:atemp>31.0</ns3:atemp>
            <ns3:cad>61</ns3:cad>
          </ns3:TrackPointExtension>
        </extensions>
      </trkpt>
      <trkpt lat="43.76350441016256809234619140625" lon="-110.76089230366051197052001953125">
        <ele>2384.800048828125</ele>
        <time>2017-09-06T21:23:02.000Z</time>
        <extensions>
          <ns3:TrackPointExtension>
            <ns3:atemp>31.0</ns3:atemp>
            <ns3:cad>61</ns3:cad>
          </ns3:TrackPointExtension>
        </extensions>
      </trkpt>
      <trkpt lat="43.76356274820864200592041015625" lon="-110.76063598506152629852294921875">
        <ele>2384.39990234375</ele>
        <time>2017-09-06T21:23:08.000Z</time>
        <extensions>
          <ns3:TrackPointExtension>
            <ns3:atemp>31.0</ns3:atemp>
            <ns3:cad>122</ns3:cad>
          </ns3:TrackPointExtension>
        </extensions>
      </trkpt>
      <trkpt lat="43.76366651616990566253662109375" lon="-110.76041637919843196868896484375">
        <ele>2384.60009765625</ele>
        <time>2017-09-06T21:23:15.000Z</time>
        <extensions>
          <ns3:TrackPointExtension>
            <ns3:atemp>31.0</ns3:atemp>
            <ns3:cad>78</ns3:cad>
          </ns3:TrackPointExtension>
        </extensions>
      </trkpt>
      <trkpt lat="43.7637110240757465362548828125" lon="-110.76033197343349456787109375">
        <ele>2383.800048828125</ele>
        <time>2017-09-06T21:23:18.000Z</time>
        <extensions>
          <ns3:TrackPointExtension>
            <ns3:atemp>31.0</ns3:atemp>
            <ns3:cad>78</ns3:cad>
          </ns3:TrackPointExtension>
        </extensions>
      </trkpt>
      <trkpt lat="43.76374698244035243988037109375" lon="-110.7602580450475215911865234375">
        <ele>2382.60009765625</ele>
        <time>2017-09-06T21:23:21.000Z</time>
        <extensions>
          <ns3:TrackPointExtension>
            <ns3:atemp>31.0</ns3:atemp>
            <ns3:cad>78</ns3:cad>
          </ns3:TrackPointExtension>
        </extensions>
      </trkpt>
      <trkpt lat="43.76376274041831493377685546875" lon="-110.760193169116973876953125">
        <ele>2382.39990234375</ele>
        <time>2017-09-06T21:23:25.000Z</time>
        <extensions>
          <ns3:TrackPointExtension>
            <ns3:atemp>31.0</ns3:atemp>
            <ns3:cad>78</ns3:cad>
          </ns3:TrackPointExtension>
        </extensions>
      </trkpt>
      <trkpt lat="43.76385829411447048187255859375" lon="-110.759993679821491241455078125">
        <ele>2381.60009765625</ele>
        <time>2017-09-06T21:23:36.000Z</time>
        <extensions>
          <ns3:TrackPointExtension>
            <ns3:atemp>31.0</ns3:atemp>
            <ns3:cad>63</ns3:cad>
          </ns3:TrackPointExtension>
        </extensions>
      </trkpt>
      <trkpt lat="43.76387606374919414520263671875" lon="-110.75993358157575130462646484375">
        <ele>2381.39990234375</ele>
        <time>2017-09-06T21:23:39.000Z</time>
        <extensions>
          <ns3:TrackPointExtension>
            <ns3:atemp>31.0</ns3:atemp>
            <ns3:cad>63</ns3:cad>
          </ns3:TrackPointExtension>
        </extensions>
      </trkpt>
      <trkpt lat="43.76388193108141422271728515625" lon="-110.7598449848592281341552734375">
        <ele>2381.199951171875</ele>
        <time>2017-09-06T21:23:43.000Z</time>
        <extensions>
          <ns3:TrackPointExtension>
            <ns3:atemp>31.0</ns3:atemp>
            <ns3:cad>63</ns3:cad>
          </ns3:TrackPointExtension>
        </extensions>
      </trkpt>
      <trkpt lat="43.76388880424201488494873046875" lon="-110.7596951164305210113525390625">
        <ele>2380.60009765625</ele>
        <time>2017-09-06T21:23:49.000Z</time>
        <extensions>
          <ns3:TrackPointExtension>
            <ns3:atemp>31.0</ns3:atemp>
            <ns3:cad>0</ns3:cad>
          </ns3:TrackPointExtension>
        </extensions>
      </trkpt>
      <trkpt lat="43.76390741206705570220947265625" lon="-110.75950853526592254638671875">
        <ele>2379.39990234375</ele>
        <time>2017-09-06T21:23:55.000Z</time>
        <extensions>
          <ns3:TrackPointExtension>
            <ns3:atemp>31.0</ns3:atemp>
            <ns3:cad>0</ns3:cad>
          </ns3:TrackPointExtension>
        </extensions>
      </trkpt>
      <trkpt lat="43.76392333768308162689208984375" lon="-110.759465955197811126708984375">
        <ele>2378.39990234375</ele>
        <time>2017-09-06T21:24:01.000Z</time>
        <extensions>
          <ns3:TrackPointExtension>
            <ns3:atemp>31.0</ns3:atemp>
            <ns3:cad>0</ns3:cad>
          </ns3:TrackPointExtension>
        </extensions>
      </trkpt>
      <trkpt lat="43.7639587931334972381591796875" lon="-110.7594047673046588897705078125">
        <ele>2377.800048828125</ele>
        <time>2017-09-06T21:24:05.000Z</time>
        <extensions>
          <ns3:TrackPointExtension>
            <ns3:atemp>31.0</ns3:atemp>
            <ns3:cad>0</ns3:cad>
          </ns3:TrackPointExtension>
        </extensions>
      </trkpt>
      <trkpt lat="43.7641197256743907928466796875" lon="-110.75926981866359710693359375">
        <ele>2379.199951171875</ele>
        <time>2017-09-06T21:24:12.000Z</time>
        <extensions>
          <ns3:TrackPointExtension>
            <ns3:atemp>31.0</ns3:atemp>
            <ns3:cad>61</ns3:cad>
          </ns3:TrackPointExtension>
        </extensions>
      </trkpt>
      <trkpt lat="43.7641467154026031494140625" lon="-110.75919161550700664520263671875">
        <ele>2379.39990234375</ele>
        <time>2017-09-06T21:24:15.000Z</time>
        <extensions>
          <ns3:TrackPointExtension>
            <ns3:atemp>31.0</ns3:atemp>
            <ns3:cad>61</ns3:cad>
          </ns3:TrackPointExtension>
        </extensions>
      </trkpt>
      <trkpt lat="43.7641683407127857208251953125" lon="-110.759091116487979888916015625">
        <ele>2379.39990234375</ele>
        <time>2017-09-06T21:24:19.000Z</time>
        <extensions>
          <ns3:TrackPointExtension>
            <ns3:atemp>31.0</ns3:atemp>
            <ns3:cad>61</ns3:cad>
          </ns3:TrackPointExtension>
        </extensions>
      </trkpt>
      <trkpt lat="43.7641877867281436920166015625" lon="-110.7590393163263797760009765625">
        <ele>2380.39990234375</ele>
        <time>2017-09-06T21:24:23.000Z</time>
        <extensions>
          <ns3:TrackPointExtension>
            <ns3:atemp>31.0</ns3:atemp>
            <ns3:cad>61</ns3:cad>
          </ns3:TrackPointExtension>
        </extensions>
      </trkpt>
      <trkpt lat="43.764201365411281585693359375" lon="-110.75902439653873443603515625">
        <ele>2380.60009765625</ele>
        <time>2017-09-06T21:24:24.000Z</time>
        <extensions>
          <ns3:TrackPointExtension>
            <ns3:atemp>31.0</ns3:atemp>
            <ns3:cad>61</ns3:cad>
          </ns3:TrackPointExtension>
        </extensions>
      </trkpt>
      <trkpt lat="43.764243610203266143798828125" lon="-110.7589772902429103851318359375">
        <ele>2381.199951171875</ele>
        <time>2017-09-06T21:24:27.000Z</time>
        <extensions>
          <ns3:TrackPointExtension>
            <ns3:atemp>31.0</ns3:atemp>
            <ns3:cad>61</ns3:cad>
          </ns3:TrackPointExtension>
        </extensions>
      </trkpt>
      <trkpt lat="43.7642695941030979156494140625" lon="-110.75893194414675235748291015625">
        <ele>2381.199951171875</ele>
        <time>2017-09-06T21:24:30.000Z</time>
        <extensions>
          <ns3:TrackPointExtension>
            <ns3:atemp>31.0</ns3:atemp>
            <ns3:cad>61</ns3:cad>
          </ns3:TrackPointExtension>
        </extensions>
      </trkpt>
      <trkpt lat="43.7642816640436649322509765625" lon="-110.7588928006589412689208984375">
        <ele>2381.199951171875</ele>
        <time>2017-09-06T21:24:33.000Z</time>
        <extensions>
          <ns3:TrackPointExtension>
            <ns3:atemp>31.0</ns3:atemp>
            <ns3:cad>61</ns3:cad>
          </ns3:TrackPointExtension>
        </extensions>
      </trkpt>
      <trkpt lat="43.76435651443898677825927734375" lon="-110.75865827500820159912109375">
        <ele>2381.39990234375</ele>
        <time>2017-09-06T21:24:44.000Z</time>
        <extensions>
          <ns3:TrackPointExtension>
            <ns3:atemp>30.0</ns3:atemp>
            <ns3:cad>61</ns3:cad>
          </ns3:TrackPointExtension>
        </extensions>
      </trkpt>
      <trkpt lat="43.7643641419708728790283203125" lon="-110.75863547623157501220703125">
        <ele>2381.800048828125</ele>
        <time>2017-09-06T21:24:45.000Z</time>
        <extensions>
          <ns3:TrackPointExtension>
            <ns3:atemp>30.0</ns3:atemp>
            <ns3:cad>61</ns3:cad>
          </ns3:TrackPointExtension>
        </extensions>
      </trkpt>
      <trkpt lat="43.7644848413765430450439453125" lon="-110.75844646431505680084228515625">
        <ele>2381.60009765625</ele>
        <time>2017-09-06T21:24:57.000Z</time>
        <extensions>
          <ns3:TrackPointExtension>
            <ns3:atemp>30.0</ns3:atemp>
            <ns3:cad>61</ns3:cad>
          </ns3:TrackPointExtension>
        </extensions>
      </trkpt>
      <trkpt lat="43.76457997597754001617431640625" lon="-110.75824731029570102691650390625">
        <ele>2380.60009765625</ele>
        <time>2017-09-06T21:25:05.000Z</time>
        <extensions>
          <ns3:TrackPointExtension>
            <ns3:atemp>30.0</ns3:atemp>
            <ns3:cad>63</ns3:cad>
          </ns3:TrackPointExtension>
        </extensions>
      </trkpt>
      <trkpt lat="43.7646142579615116119384765625" lon="-110.75816265307366847991943359375">
        <ele>2379.39990234375</ele>
        <time>2017-09-06T21:25:09.000Z</time>
        <extensions>
          <ns3:TrackPointExtension>
            <ns3:atemp>30.0</ns3:atemp>
            <ns3:cad>62</ns3:cad>
          </ns3:TrackPointExtension>
        </extensions>
      </trkpt>
      <trkpt lat="43.7646977417171001434326171875" lon="-110.7579897344112396240234375">
        <ele>2378.39990234375</ele>
        <time>2017-09-06T21:25:17.000Z</time>
        <extensions>
          <ns3:TrackPointExtension>
            <ns3:atemp>30.0</ns3:atemp>
            <ns3:cad>61</ns3:cad>
          </ns3:TrackPointExtension>
        </extensions>
      </trkpt>
      <trkpt lat="43.764701597392559051513671875" lon="-110.7579748146235942840576171875">
        <ele>2378.39990234375</ele>
        <time>2017-09-06T21:25:18.000Z</time>
        <extensions>
          <ns3:TrackPointExtension>
            <ns3:atemp>30.0</ns3:atemp>
            <ns3:cad>61</ns3:cad>
          </ns3:TrackPointExtension>
        </extensions>
      </trkpt>
      <trkpt lat="43.764723055064678192138671875" lon="-110.75791203416883945465087890625">
        <ele>2377.199951171875</ele>
        <time>2017-09-06T21:25:22.000Z</time>
        <extensions>
          <ns3:TrackPointExtension>
            <ns3:atemp>30.0</ns3:atemp>
            <ns3:cad>61</ns3:cad>
          </ns3:TrackPointExtension>
        </extensions>
      </trkpt>
      <trkpt lat="43.764760605990886688232421875" lon="-110.757816396653652191162109375">
        <ele>2376</ele>
        <time>2017-09-06T21:25:28.000Z</time>
        <extensions>
          <ns3:TrackPointExtension>
            <ns3:atemp>30.0</ns3:atemp>
            <ns3:cad>61</ns3:cad>
          </ns3:TrackPointExtension>
        </extensions>
      </trkpt>
      <trkpt lat="43.764803521335124969482421875" lon="-110.7577538676559925079345703125">
        <ele>2374.39990234375</ele>
        <time>2017-09-06T21:25:34.000Z</time>
        <extensions>
          <ns3:TrackPointExtension>
            <ns3:atemp>30.0</ns3:atemp>
            <ns3:cad>61</ns3:cad>
          </ns3:TrackPointExtension>
        </extensions>
      </trkpt>
      <trkpt lat="43.76482137478888034820556640625" lon="-110.75773567892611026763916015625">
        <ele>2373.800048828125</ele>
        <time>2017-09-06T21:25:36.000Z</time>
        <extensions>
          <ns3:TrackPointExtension>
            <ns3:atemp>30.0</ns3:atemp>
            <ns3:cad>61</ns3:cad>
          </ns3:TrackPointExtension>
        </extensions>
      </trkpt>
      <trkpt lat="43.76484668813645839691162109375" lon="-110.75770550407469272613525390625">
        <ele>2373.199951171875</ele>
        <time>2017-09-06T21:25:39.000Z</time>
        <extensions>
          <ns3:TrackPointExtension>
            <ns3:atemp>30.0</ns3:atemp>
            <ns3:cad>61</ns3:cad>
          </ns3:TrackPointExtension>
        </extensions>
      </trkpt>
      <trkpt lat="43.76488205976784229278564453125" lon="-110.75766677968204021453857421875">
        <ele>2372.800048828125</ele>
        <time>2017-09-06T21:25:42.000Z</time>
        <extensions>
          <ns3:TrackPointExtension>
            <ns3:atemp>30.0</ns3:atemp>
            <ns3:cad>62</ns3:cad>
          </ns3:TrackPointExtension>
        </extensions>
      </trkpt>
      <trkpt lat="43.76491189934313297271728515625" lon="-110.75763191096484661102294921875">
        <ele>2372.60009765625</ele>
        <time>2017-09-06T21:25:44.000Z</time>
        <extensions>
          <ns3:TrackPointExtension>
            <ns3:atemp>30.0</ns3:atemp>
            <ns3:cad>63</ns3:cad>
          </ns3:TrackPointExtension>
        </extensions>
      </trkpt>
      <trkpt lat="43.76494668424129486083984375" lon="-110.7575899176299571990966796875">
        <ele>2372.199951171875</ele>
        <time>2017-09-06T21:25:46.000Z</time>
        <extensions>
          <ns3:TrackPointExtension>
            <ns3:atemp>30.0</ns3:atemp>
            <ns3:cad>63</ns3:cad>
          </ns3:TrackPointExtension>
        </extensions>
      </trkpt>
      <trkpt lat="43.76501239836215972900390625" lon="-110.7574846409261226654052734375">
        <ele>2371.199951171875</ele>
        <time>2017-09-06T21:25:51.000Z</time>
        <extensions>
          <ns3:TrackPointExtension>
            <ns3:atemp>30.0</ns3:atemp>
            <ns3:cad>61</ns3:cad>
          </ns3:TrackPointExtension>
        </extensions>
      </trkpt>
      <trkpt lat="43.7650839798152446746826171875" lon="-110.75737659819424152374267578125">
        <ele>2370.199951171875</ele>
        <time>2017-09-06T21:25:56.000Z</time>
        <extensions>
          <ns3:TrackPointExtension>
            <ns3:atemp>30.0</ns3:atemp>
            <ns3:cad>61</ns3:cad>
          </ns3:TrackPointExtension>
        </extensions>
      </trkpt>
      <trkpt lat="43.765115328133106231689453125" lon="-110.75731448829174041748046875">
        <ele>2369.199951171875</ele>
        <time>2017-09-06T21:25:59.000Z</time>
        <extensions>
          <ns3:TrackPointExtension>
            <ns3:atemp>30.0</ns3:atemp>
            <ns3:cad>61</ns3:cad>
          </ns3:TrackPointExtension>
        </extensions>
      </trkpt>
      <trkpt lat="43.76516796648502349853515625" lon="-110.757122375071048736572265625">
        <ele>2367.800048828125</ele>
        <time>2017-09-06T21:26:09.000Z</time>
        <extensions>
          <ns3:TrackPointExtension>
            <ns3:atemp>30.0</ns3:atemp>
            <ns3:cad>63</ns3:cad>
          </ns3:TrackPointExtension>
        </extensions>
      </trkpt>
      <trkpt lat="43.7651738338172435760498046875" lon="-110.75710301287472248077392578125">
        <ele>2367.199951171875</ele>
        <time>2017-09-06T21:26:10.000Z</time>
        <extensions>
          <ns3:TrackPointExtension>
            <ns3:atemp>30.0</ns3:atemp>
            <ns3:cad>63</ns3:cad>
          </ns3:TrackPointExtension>
        </extensions>
      </trkpt>
      <trkpt lat="43.765176348388195037841796875" lon="-110.7570799626410007476806640625">
        <ele>2366.800048828125</ele>
        <time>2017-09-06T21:26:11.000Z</time>
        <extensions>
          <ns3:TrackPointExtension>
            <ns3:atemp>30.0</ns3:atemp>
            <ns3:cad>70</ns3:cad>
          </ns3:TrackPointExtension>
        </extensions>
      </trkpt>
      <trkpt lat="43.7651758454740047454833984375" lon="-110.75706060044467449188232421875">
        <ele>2366.39990234375</ele>
        <time>2017-09-06T21:26:12.000Z</time>
        <extensions>
          <ns3:TrackPointExtension>
            <ns3:atemp>30.0</ns3:atemp>
            <ns3:cad>70</ns3:cad>
          </ns3:TrackPointExtension>
        </extensions>
      </trkpt>
      <trkpt lat="43.7651567347347736358642578125" lon="-110.75697242282330989837646484375">
        <ele>2365.60009765625</ele>
        <time>2017-09-06T21:26:16.000Z</time>
        <extensions>
          <ns3:TrackPointExtension>
            <ns3:atemp>30.0</ns3:atemp>
            <ns3:cad>70</ns3:cad>
          </ns3:TrackPointExtension>
        </extensions>
      </trkpt>
      <trkpt lat="43.765135109424591064453125" lon="-110.75690737925469875335693359375">
        <ele>2365.39990234375</ele>
        <time>2017-09-06T21:26:19.000Z</time>
        <extensions>
          <ns3:TrackPointExtension>
            <ns3:atemp>30.0</ns3:atemp>
            <ns3:cad>63</ns3:cad>
          </ns3:TrackPointExtension>
        </extensions>
      </trkpt>
      <trkpt lat="43.76515832729637622833251953125" lon="-110.75680981390178203582763671875">
        <ele>2364.39990234375</ele>
        <time>2017-09-06T21:26:23.000Z</time>
        <extensions>
          <ns3:TrackPointExtension>
            <ns3:atemp>30.0</ns3:atemp>
            <ns3:cad>63</ns3:cad>
          </ns3:TrackPointExtension>
        </extensions>
      </trkpt>
      <trkpt lat="43.76519001089036464691162109375" lon="-110.75675549916923046112060546875">
        <ele>2363.39990234375</ele>
        <time>2017-09-06T21:26:26.000Z</time>
        <extensions>
          <ns3:TrackPointExtension>
            <ns3:atemp>30.0</ns3:atemp>
            <ns3:cad>63</ns3:cad>
          </ns3:TrackPointExtension>
        </extensions>
      </trkpt>
      <trkpt lat="43.7651936151087284088134765625" lon="-110.75674049556255340576171875">
        <ele>2363</ele>
        <time>2017-09-06T21:26:27.000Z</time>
        <extensions>
          <ns3:TrackPointExtension>
            <ns3:atemp>30.0</ns3:atemp>
            <ns3:cad>66</ns3:cad>
          </ns3:TrackPointExtension>
        </extensions>
      </trkpt>
      <trkpt lat="43.76525991596281528472900390625" lon="-110.7566333748400211334228515625">
        <ele>2362.199951171875</ele>
        <time>2017-09-06T21:26:33.000Z</time>
        <extensions>
          <ns3:TrackPointExtension>
            <ns3:atemp>30.0</ns3:atemp>
            <ns3:cad>63</ns3:cad>
          </ns3:TrackPointExtension>
        </extensions>
      </trkpt>
      <trkpt lat="43.765290677547454833984375" lon="-110.75659423135221004486083984375">
        <ele>2361.800048828125</ele>
        <time>2017-09-06T21:26:36.000Z</time>
        <extensions>
          <ns3:TrackPointExtension>
            <ns3:atemp>30.0</ns3:atemp>
            <ns3:cad>63</ns3:cad>
          </ns3:TrackPointExtension>
        </extensions>
      </trkpt>
      <trkpt lat="43.7653424777090549468994140625" lon="-110.7565520703792572021484375">
        <ele>2361</ele>
        <time>2017-09-06T21:26:40.000Z</time>
        <extensions>
          <ns3:TrackPointExtension>
            <ns3:atemp>30.0</ns3:atemp>
            <ns3:cad>62</ns3:cad>
          </ns3:TrackPointExtension>
        </extensions>
      </trkpt>
      <trkpt lat="43.765399642288684844970703125" lon="-110.756487362086772918701171875">
        <ele>2360</ele>
        <time>2017-09-06T21:26:44.000Z</time>
        <extensions>
          <ns3:TrackPointExtension>
            <ns3:atemp>30.0</ns3:atemp>
            <ns3:cad>61</ns3:cad>
          </ns3:TrackPointExtension>
        </extensions>
      </trkpt>
      <trkpt lat="43.76545219682157039642333984375" lon="-110.7564020343124866485595703125">
        <ele>2359.39990234375</ele>
        <time>2017-09-06T21:26:49.000Z</time>
        <extensions>
          <ns3:TrackPointExtension>
            <ns3:atemp>30.0</ns3:atemp>
            <ns3:cad>61</ns3:cad>
          </ns3:TrackPointExtension>
        </extensions>
      </trkpt>
      <trkpt lat="43.76546032726764678955078125" lon="-110.75635015033185482025146484375">
        <ele>2358.800048828125</ele>
        <time>2017-09-06T21:26:51.000Z</time>
        <extensions>
          <ns3:TrackPointExtension>
            <ns3:atemp>30.0</ns3:atemp>
            <ns3:cad>61</ns3:cad>
          </ns3:TrackPointExtension>
        </extensions>
      </trkpt>
      <trkpt lat="43.7654717266559600830078125" lon="-110.75626834295690059661865234375">
        <ele>2358</ele>
        <time>2017-09-06T21:26:55.000Z</time>
        <extensions>
          <ns3:TrackPointExtension>
            <ns3:atemp>30.0</ns3:atemp>
            <ns3:cad>61</ns3:cad>
          </ns3:TrackPointExtension>
        </extensions>
      </trkpt>
      <trkpt lat="43.76548044383525848388671875" lon="-110.7562457956373691558837890625">
        <ele>2357.800048828125</ele>
        <time>2017-09-06T21:26:56.000Z</time>
        <extensions>
          <ns3:TrackPointExtension>
            <ns3:atemp>30.0</ns3:atemp>
            <ns3:cad>61</ns3:cad>
          </ns3:TrackPointExtension>
        </extensions>
      </trkpt>
      <trkpt lat="43.76548656262457370758056640625" lon="-110.75621972791850566864013671875">
        <ele>2357.60009765625</ele>
        <time>2017-09-06T21:26:57.000Z</time>
        <extensions>
          <ns3:TrackPointExtension>
            <ns3:atemp>30.0</ns3:atemp>
            <ns3:cad>63</ns3:cad>
          </ns3:TrackPointExtension>
        </extensions>
      </trkpt>
      <trkpt lat="43.7654906697571277618408203125" lon="-110.7561391778290271759033203125">
        <ele>2357.39990234375</ele>
        <time>2017-09-06T21:27:01.000Z</time>
        <extensions>
          <ns3:TrackPointExtension>
            <ns3:atemp>30.0</ns3:atemp>
            <ns3:cad>64</ns3:cad>
          </ns3:TrackPointExtension>
        </extensions>
      </trkpt>
      <trkpt lat="43.7655024044215679168701171875" lon="-110.7560680992901325225830078125">
        <ele>2357</ele>
        <time>2017-09-06T21:27:04.000Z</time>
        <extensions>
          <ns3:TrackPointExtension>
            <ns3:atemp>30.0</ns3:atemp>
            <ns3:cad>62</ns3:cad>
          </ns3:TrackPointExtension>
        </extensions>
      </trkpt>
      <trkpt lat="43.76551757566630840301513671875" lon="-110.75601705349981784820556640625">
        <ele>2356.60009765625</ele>
        <time>2017-09-06T21:27:06.000Z</time>
        <extensions>
          <ns3:TrackPointExtension>
            <ns3:atemp>30.0</ns3:atemp>
            <ns3:cad>62</ns3:cad>
          </ns3:TrackPointExtension>
        </extensions>
      </trkpt>
      <trkpt lat="43.76554389484226703643798828125" lon="-110.75593859888613224029541015625">
        <ele>2356.39990234375</ele>
        <time>2017-09-06T21:27:10.000Z</time>
        <extensions>
          <ns3:TrackPointExtension>
            <ns3:atemp>30.0</ns3:atemp>
            <ns3:cad>62</ns3:cad>
          </ns3:TrackPointExtension>
        </extensions>
      </trkpt>
      <trkpt lat="43.76557306386530399322509765625" lon="-110.7558461464941501617431640625">
        <ele>2355.60009765625</ele>
        <time>2017-09-06T21:27:14.000Z</time>
        <extensions>
          <ns3:TrackPointExtension>
            <ns3:atemp>30.0</ns3:atemp>
            <ns3:cad>62</ns3:cad>
          </ns3:TrackPointExtension>
        </extensions>
      </trkpt>
      <trkpt lat="43.76557943411171436309814453125" lon="-110.75582896359264850616455078125">
        <ele>2355.39990234375</ele>
        <time>2017-09-06T21:27:15.000Z</time>
        <extensions>
          <ns3:TrackPointExtension>
            <ns3:atemp>30.0</ns3:atemp>
            <ns3:cad>62</ns3:cad>
          </ns3:TrackPointExtension>
        </extensions>
      </trkpt>
      <trkpt lat="43.7655989639461040496826171875" lon="-110.7557817734777927398681640625">
        <ele>2355</ele>
        <time>2017-09-06T21:27:18.000Z</time>
        <extensions>
          <ns3:TrackPointExtension>
            <ns3:atemp>30.0</ns3:atemp>
            <ns3:cad>62</ns3:cad>
          </ns3:TrackPointExtension>
        </extensions>
      </trkpt>
      <trkpt lat="43.7656351737678050994873046875" lon="-110.7557509280741214752197265625">
        <ele>2354.60009765625</ele>
        <time>2017-09-06T21:27:21.000Z</time>
        <extensions>
          <ns3:TrackPointExtension>
            <ns3:atemp>30.0</ns3:atemp>
            <ns3:cad>62</ns3:cad>
          </ns3:TrackPointExtension>
        </extensions>
      </trkpt>
      <trkpt lat="43.7656904943287372589111328125" lon="-110.75570474378764629364013671875">
        <ele>2354.199951171875</ele>
        <time>2017-09-06T21:27:26.000Z</time>
        <extensions>
          <ns3:TrackPointExtension>
            <ns3:atemp>30.0</ns3:atemp>
            <ns3:cad>60</ns3:cad>
          </ns3:TrackPointExtension>
        </extensions>
      </trkpt>
      <trkpt lat="43.76585503108799457550048828125" lon="-110.75554263778030872344970703125">
        <ele>2354</ele>
        <time>2017-09-06T21:27:37.000Z</time>
        <extensions>
          <ns3:TrackPointExtension>
            <ns3:atemp>30.0</ns3:atemp>
            <ns3:cad>61</ns3:cad>
          </ns3:TrackPointExtension>
        </extensions>
      </trkpt>
      <trkpt lat="43.7658748961985111236572265625" lon="-110.755514390766620635986328125">
        <ele>2353.800048828125</ele>
        <time>2017-09-06T21:27:39.000Z</time>
        <extensions>
          <ns3:TrackPointExtension>
            <ns3:atemp>30.0</ns3:atemp>
            <ns3:cad>65</ns3:cad>
          </ns3:TrackPointExtension>
        </extensions>
      </trkpt>
      <trkpt lat="43.76589409075677394866943359375" lon="-110.7554984651505947113037109375">
        <ele>2354</ele>
        <time>2017-09-06T21:27:41.000Z</time>
        <extensions>
          <ns3:TrackPointExtension>
            <ns3:atemp>30.0</ns3:atemp>
            <ns3:cad>65</ns3:cad>
          </ns3:TrackPointExtension>
        </extensions>
      </trkpt>
      <trkpt lat="43.76594312489032745361328125" lon="-110.75547516345977783203125">
        <ele>2355.199951171875</ele>
        <time>2017-09-06T21:27:45.000Z</time>
        <extensions>
          <ns3:TrackPointExtension>
            <ns3:atemp>30.0</ns3:atemp>
            <ns3:cad>124</ns3:cad>
          </ns3:TrackPointExtension>
        </extensions>
      </trkpt>
      <trkpt lat="43.7659580446779727935791015625" lon="-110.75545781292021274566650390625">
        <ele>2355.60009765625</ele>
        <time>2017-09-06T21:27:47.000Z</time>
        <extensions>
          <ns3:TrackPointExtension>
            <ns3:atemp>30.0</ns3:atemp>
            <ns3:cad>124</ns3:cad>
          </ns3:TrackPointExtension>
        </extensions>
      </trkpt>
      <trkpt lat="43.76600188203155994415283203125" lon="-110.7554451562464237213134765625">
        <ele>2356.60009765625</ele>
        <time>2017-09-06T21:27:51.000Z</time>
        <extensions>
          <ns3:TrackPointExtension>
            <ns3:atemp>30.0</ns3:atemp>
            <ns3:cad>124</ns3:cad>
          </ns3:TrackPointExtension>
        </extensions>
      </trkpt>
      <trkpt lat="43.766007162630558013916015625" lon="-110.7554416358470916748046875">
        <ele>2356.800048828125</ele>
        <time>2017-09-06T21:27:52.000Z</time>
        <extensions>
          <ns3:TrackPointExtension>
            <ns3:atemp>30.0</ns3:atemp>
            <ns3:cad>124</ns3:cad>
          </ns3:TrackPointExtension>
        </extensions>
      </trkpt>
      <trkpt lat="43.76601881347596645355224609375" lon="-110.755429230630397796630859375">
        <ele>2357</ele>
        <time>2017-09-06T21:27:54.000Z</time>
        <extensions>
          <ns3:TrackPointExtension>
            <ns3:atemp>30.0</ns3:atemp>
            <ns3:cad>124</ns3:cad>
          </ns3:TrackPointExtension>
        </extensions>
      </trkpt>
      <trkpt lat="43.76608033664524555206298828125" lon="-110.755429230630397796630859375">
        <ele>2357.39990234375</ele>
        <time>2017-09-06T21:27:58.000Z</time>
        <extensions>
          <ns3:TrackPointExtension>
            <ns3:atemp>30.0</ns3:atemp>
            <ns3:cad>61</ns3:cad>
          </ns3:TrackPointExtension>
        </extensions>
      </trkpt>
      <trkpt lat="43.76615275628864765167236328125" lon="-110.75539696030318737030029296875">
        <ele>2357.39990234375</ele>
        <time>2017-09-06T21:28:04.000Z</time>
        <extensions>
          <ns3:TrackPointExtension>
            <ns3:atemp>30.0</ns3:atemp>
            <ns3:cad>61</ns3:cad>
          </ns3:TrackPointExtension>
        </extensions>
      </trkpt>
      <trkpt lat="43.7662004493176937103271484375" lon="-110.755391679704189300537109375">
        <ele>2357.39990234375</ele>
        <time>2017-09-06T21:28:07.000Z</time>
        <extensions>
          <ns3:TrackPointExtension>
            <ns3:atemp>30.0</ns3:atemp>
            <ns3:cad>61</ns3:cad>
          </ns3:TrackPointExtension>
        </extensions>
      </trkpt>
      <trkpt lat="43.76626230776309967041015625" lon="-110.7553499378263950347900390625">
        <ele>2357.60009765625</ele>
        <time>2017-09-06T21:28:10.000Z</time>
        <extensions>
          <ns3:TrackPointExtension>
            <ns3:atemp>30.0</ns3:atemp>
            <ns3:cad>61</ns3:cad>
          </ns3:TrackPointExtension>
        </extensions>
      </trkpt>
      <trkpt lat="43.7663157843053340911865234375" lon="-110.75531079433858394622802734375">
        <ele>2357.800048828125</ele>
        <time>2017-09-06T21:28:14.000Z</time>
        <extensions>
          <ns3:TrackPointExtension>
            <ns3:atemp>30.0</ns3:atemp>
            <ns3:cad>61</ns3:cad>
          </ns3:TrackPointExtension>
        </extensions>
      </trkpt>
      <trkpt lat="43.76637621782720088958740234375" lon="-110.75529822148382663726806640625">
        <ele>2358.199951171875</ele>
        <time>2017-09-06T21:28:18.000Z</time>
        <extensions>
          <ns3:TrackPointExtension>
            <ns3:atemp>30.0</ns3:atemp>
            <ns3:cad>61</ns3:cad>
          </ns3:TrackPointExtension>
        </extensions>
      </trkpt>
      <trkpt lat="43.7664901278913021087646484375" lon="-110.755301825702190399169921875">
        <ele>2358.199951171875</ele>
        <time>2017-09-06T21:28:24.000Z</time>
        <extensions>
          <ns3:TrackPointExtension>
            <ns3:atemp>30.0</ns3:atemp>
            <ns3:cad>61</ns3:cad>
          </ns3:TrackPointExtension>
        </extensions>
      </trkpt>
      <trkpt lat="43.7666567601263523101806640625" lon="-110.75518104247748851776123046875">
        <ele>2357.39990234375</ele>
        <time>2017-09-06T21:28:33.000Z</time>
        <extensions>
          <ns3:TrackPointExtension>
            <ns3:atemp>30.0</ns3:atemp>
            <ns3:cad>62</ns3:cad>
          </ns3:TrackPointExtension>
        </extensions>
      </trkpt>
      <trkpt lat="43.76678290776908397674560546875" lon="-110.75508146546781063079833984375">
        <ele>2356.800048828125</ele>
        <time>2017-09-06T21:28:39.000Z</time>
        <extensions>
          <ns3:TrackPointExtension>
            <ns3:atemp>30.0</ns3:atemp>
            <ns3:cad>62</ns3:cad>
          </ns3:TrackPointExtension>
        </extensions>
      </trkpt>
      <trkpt lat="43.766830265522003173828125" lon="-110.75500921346247196197509765625">
        <ele>2355.60009765625</ele>
        <time>2017-09-06T21:28:42.000Z</time>
        <extensions>
          <ns3:TrackPointExtension>
            <ns3:atemp>30.0</ns3:atemp>
            <ns3:cad>62</ns3:cad>
          </ns3:TrackPointExtension>
        </extensions>
      </trkpt>
      <trkpt lat="43.76694400794804096221923828125" lon="-110.7547938823699951171875">
        <ele>2355.199951171875</ele>
        <time>2017-09-06T21:28:52.000Z</time>
        <extensions>
          <ns3:TrackPointExtension>
            <ns3:atemp>30.0</ns3:atemp>
            <ns3:cad>61</ns3:cad>
          </ns3:TrackPointExtension>
        </extensions>
      </trkpt>
      <trkpt lat="43.76694702543318271636962890625" lon="-110.7547786273062229156494140625">
        <ele>2355.39990234375</ele>
        <time>2017-09-06T21:28:53.000Z</time>
        <extensions>
          <ns3:TrackPointExtension>
            <ns3:atemp>30.0</ns3:atemp>
            <ns3:cad>61</ns3:cad>
          </ns3:TrackPointExtension>
        </extensions>
      </trkpt>
      <trkpt lat="43.76697284169495105743408203125" lon="-110.75470847077667713165283203125">
        <ele>2356.199951171875</ele>
        <time>2017-09-06T21:28:58.000Z</time>
        <extensions>
          <ns3:TrackPointExtension>
            <ns3:atemp>30.0</ns3:atemp>
            <ns3:cad>61</ns3:cad>
          </ns3:TrackPointExtension>
        </extensions>
      </trkpt>
      <trkpt lat="43.76701357774436473846435546875" lon="-110.75466773472726345062255859375">
        <ele>2356.199951171875</ele>
        <time>2017-09-06T21:29:01.000Z</time>
        <extensions>
          <ns3:TrackPointExtension>
            <ns3:atemp>30.0</ns3:atemp>
            <ns3:cad>61</ns3:cad>
          </ns3:TrackPointExtension>
        </extensions>
      </trkpt>
      <trkpt lat="43.76703067682683467864990234375" lon="-110.75463085435330867767333984375">
        <ele>2356.199951171875</ele>
        <time>2017-09-06T21:29:03.000Z</time>
        <extensions>
          <ns3:TrackPointExtension>
            <ns3:atemp>30.0</ns3:atemp>
            <ns3:cad>61</ns3:cad>
          </ns3:TrackPointExtension>
        </extensions>
      </trkpt>
      <trkpt lat="43.76704760827124118804931640625" lon="-110.7545452751219272613525390625">
        <ele>2356.39990234375</ele>
        <time>2017-09-06T21:29:07.000Z</time>
        <extensions>
          <ns3:TrackPointExtension>
            <ns3:atemp>30.0</ns3:atemp>
            <ns3:cad>61</ns3:cad>
          </ns3:TrackPointExtension>
        </extensions>
      </trkpt>
      <trkpt lat="43.76705464906990528106689453125" lon="-110.7545194588601589202880859375">
        <ele>2356.60009765625</ele>
        <time>2017-09-06T21:29:08.000Z</time>
        <extensions>
          <ns3:TrackPointExtension>
            <ns3:atemp>30.0</ns3:atemp>
            <ns3:cad>61</ns3:cad>
          </ns3:TrackPointExtension>
        </extensions>
      </trkpt>
      <trkpt lat="43.76707409508526325225830078125" lon="-110.7544725202023983001708984375">
        <ele>2356.60009765625</ele>
        <time>2017-09-06T21:29:10.000Z</time>
        <extensions>
          <ns3:TrackPointExtension>
            <ns3:atemp>30.0</ns3:atemp>
            <ns3:cad>61</ns3:cad>
          </ns3:TrackPointExtension>
        </extensions>
      </trkpt>
      <trkpt lat="43.7670849077403545379638671875" lon="-110.7544291019439697265625">
        <ele>2356.60009765625</ele>
        <time>2017-09-06T21:29:12.000Z</time>
        <extensions>
          <ns3:TrackPointExtension>
            <ns3:atemp>30.0</ns3:atemp>
            <ns3:cad>61</ns3:cad>
          </ns3:TrackPointExtension>
        </extensions>
      </trkpt>
      <trkpt lat="43.7671177648007869720458984375" lon="-110.7543370686471462249755859375">
        <ele>2356</ele>
        <time>2017-09-06T21:29:16.000Z</time>
        <extensions>
          <ns3:TrackPointExtension>
            <ns3:atemp>30.0</ns3:atemp>
            <ns3:cad>63</ns3:cad>
          </ns3:TrackPointExtension>
        </extensions>
      </trkpt>
      <trkpt lat="43.7671288289129734039306640625" lon="-110.75431150384247303009033203125">
        <ele>2356</ele>
        <time>2017-09-06T21:29:18.000Z</time>
        <extensions>
          <ns3:TrackPointExtension>
            <ns3:atemp>30.0</ns3:atemp>
            <ns3:cad>63</ns3:cad>
          </ns3:TrackPointExtension>
        </extensions>
      </trkpt>
      <trkpt lat="43.76716612838208675384521484375" lon="-110.75430144555866718292236328125">
        <ele>2356.60009765625</ele>
        <time>2017-09-06T21:29:22.000Z</time>
        <extensions>
          <ns3:TrackPointExtension>
            <ns3:atemp>30.0</ns3:atemp>
            <ns3:cad>63</ns3:cad>
          </ns3:TrackPointExtension>
        </extensions>
      </trkpt>
      <trkpt lat="43.76718440093100070953369140625" lon="-110.754287280142307281494140625">
        <ele>2357.39990234375</ele>
        <time>2017-09-06T21:29:24.000Z</time>
        <extensions>
          <ns3:TrackPointExtension>
            <ns3:atemp>30.0</ns3:atemp>
            <ns3:cad>63</ns3:cad>
          </ns3:TrackPointExtension>
        </extensions>
      </trkpt>
      <trkpt lat="43.76719948835670948028564453125" lon="-110.7542901299893856048583984375">
        <ele>2357.800048828125</ele>
        <time>2017-09-06T21:29:25.000Z</time>
        <extensions>
          <ns3:TrackPointExtension>
            <ns3:atemp>30.0</ns3:atemp>
            <ns3:cad>63</ns3:cad>
          </ns3:TrackPointExtension>
        </extensions>
      </trkpt>
      <trkpt lat="43.767218850553035736083984375" lon="-110.75430127792060375213623046875">
        <ele>2358</ele>
        <time>2017-09-06T21:29:26.000Z</time>
        <extensions>
          <ns3:TrackPointExtension>
            <ns3:atemp>30.0</ns3:atemp>
            <ns3:cad>63</ns3:cad>
          </ns3:TrackPointExtension>
        </extensions>
      </trkpt>
      <trkpt lat="43.76727878116071224212646484375" lon="-110.7543628849089145660400390625">
        <ele>2358.800048828125</ele>
        <time>2017-09-06T21:29:29.000Z</time>
        <extensions>
          <ns3:TrackPointExtension>
            <ns3:atemp>30.0</ns3:atemp>
            <ns3:cad>123</ns3:cad>
          </ns3:TrackPointExtension>
        </extensions>
      </trkpt>
      <trkpt lat="43.76731080003082752227783203125" lon="-110.75439716689288616180419921875">
        <ele>2359.800048828125</ele>
        <time>2017-09-06T21:29:31.000Z</time>
        <extensions>
          <ns3:TrackPointExtension>
            <ns3:atemp>30.0</ns3:atemp>
            <ns3:cad>71</ns3:cad>
          </ns3:TrackPointExtension>
        </extensions>
      </trkpt>
      <trkpt lat="43.7673253007233142852783203125" lon="-110.7543902099132537841796875">
        <ele>2360.199951171875</ele>
        <time>2017-09-06T21:29:32.000Z</time>
        <extensions>
          <ns3:TrackPointExtension>
            <ns3:atemp>30.0</ns3:atemp>
            <ns3:cad>71</ns3:cad>
          </ns3:TrackPointExtension>
        </extensions>
      </trkpt>
      <trkpt lat="43.7673517875373363494873046875" lon="-110.75433732010424137115478515625">
        <ele>2360.800048828125</ele>
        <time>2017-09-06T21:29:34.000Z</time>
        <extensions>
          <ns3:TrackPointExtension>
            <ns3:atemp>30.0</ns3:atemp>
            <ns3:cad>71</ns3:cad>
          </ns3:TrackPointExtension>
        </extensions>
      </trkpt>
      <trkpt lat="43.7674493528902530670166015625" lon="-110.75410564430058002471923828125">
        <ele>2361.800048828125</ele>
        <time>2017-09-06T21:29:44.000Z</time>
        <extensions>
          <ns3:TrackPointExtension>
            <ns3:atemp>30.0</ns3:atemp>
            <ns3:cad>58</ns3:cad>
          </ns3:TrackPointExtension>
        </extensions>
      </trkpt>
      <trkpt lat="43.7674577347934246063232421875" lon="-110.75408703647553920745849609375">
        <ele>2361.800048828125</ele>
        <time>2017-09-06T21:29:45.000Z</time>
        <extensions>
          <ns3:TrackPointExtension>
            <ns3:atemp>30.0</ns3:atemp>
            <ns3:cad>58</ns3:cad>
          </ns3:TrackPointExtension>
        </extensions>
      </trkpt>
      <trkpt lat="43.76747734844684600830078125" lon="-110.75404412113130092620849609375">
        <ele>2362.199951171875</ele>
        <time>2017-09-06T21:29:47.000Z</time>
        <extensions>
          <ns3:TrackPointExtension>
            <ns3:atemp>30.0</ns3:atemp>
            <ns3:cad>58</ns3:cad>
          </ns3:TrackPointExtension>
        </extensions>
      </trkpt>
      <trkpt lat="43.7674942798912525177001953125" lon="-110.75400774367153644561767578125">
        <ele>2363.199951171875</ele>
        <time>2017-09-06T21:29:49.000Z</time>
        <extensions>
          <ns3:TrackPointExtension>
            <ns3:atemp>30.0</ns3:atemp>
            <ns3:cad>58</ns3:cad>
          </ns3:TrackPointExtension>
        </extensions>
      </trkpt>
      <trkpt lat="43.76752805896103382110595703125" lon="-110.7539541833102703094482421875">
        <ele>2364.199951171875</ele>
        <time>2017-09-06T21:29:53.000Z</time>
        <extensions>
          <ns3:TrackPointExtension>
            <ns3:atemp>30.0</ns3:atemp>
            <ns3:cad>58</ns3:cad>
          </ns3:TrackPointExtension>
        </extensions>
      </trkpt>
      <trkpt lat="43.76758757047355175018310546875" lon="-110.75391076505184173583984375">
        <ele>2365.39990234375</ele>
        <time>2017-09-06T21:29:59.000Z</time>
        <extensions>
          <ns3:TrackPointExtension>
            <ns3:atemp>30.0</ns3:atemp>
            <ns3:cad>58</ns3:cad>
          </ns3:TrackPointExtension>
        </extensions>
      </trkpt>
      <trkpt lat="43.76765973865985870361328125" lon="-110.7538371719419956207275390625">
        <ele>2366.60009765625</ele>
        <time>2017-09-06T21:30:05.000Z</time>
        <extensions>
          <ns3:TrackPointExtension>
            <ns3:atemp>30.0</ns3:atemp>
            <ns3:cad>58</ns3:cad>
          </ns3:TrackPointExtension>
        </extensions>
      </trkpt>
      <trkpt lat="43.76771413721144199371337890625" lon="-110.75379249639809131622314453125">
        <ele>2367.800048828125</ele>
        <time>2017-09-06T21:30:09.000Z</time>
        <extensions>
          <ns3:TrackPointExtension>
            <ns3:atemp>30.0</ns3:atemp>
            <ns3:cad>58</ns3:cad>
          </ns3:TrackPointExtension>
        </extensions>
      </trkpt>
      <trkpt lat="43.76782427541911602020263671875" lon="-110.7536792568862438201904296875">
        <ele>2368.800048828125</ele>
        <time>2017-09-06T21:30:18.000Z</time>
        <extensions>
          <ns3:TrackPointExtension>
            <ns3:atemp>30.0</ns3:atemp>
            <ns3:cad>63</ns3:cad>
          </ns3:TrackPointExtension>
        </extensions>
      </trkpt>
      <trkpt lat="43.7679187394678592681884765625" lon="-110.7535813562572002410888671875">
        <ele>2369.800048828125</ele>
        <time>2017-09-06T21:30:27.000Z</time>
        <extensions>
          <ns3:TrackPointExtension>
            <ns3:atemp>30.0</ns3:atemp>
            <ns3:cad>61</ns3:cad>
          </ns3:TrackPointExtension>
        </extensions>
      </trkpt>
      <trkpt lat="43.76805603504180908203125" lon="-110.7534083537757396697998046875">
        <ele>2369</ele>
        <time>2017-09-06T21:30:37.000Z</time>
        <extensions>
          <ns3:TrackPointExtension>
            <ns3:atemp>30.0</ns3:atemp>
            <ns3:cad>61</ns3:cad>
          </ns3:TrackPointExtension>
        </extensions>
      </trkpt>
      <trkpt lat="43.76811663620173931121826171875" lon="-110.7533144764602184295654296875">
        <ele>2368.199951171875</ele>
        <time>2017-09-06T21:30:42.000Z</time>
        <extensions>
          <ns3:TrackPointExtension>
            <ns3:atemp>30.0</ns3:atemp>
            <ns3:cad>61</ns3:cad>
          </ns3:TrackPointExtension>
        </extensions>
      </trkpt>
      <trkpt lat="43.768248818814754486083984375" lon="-110.753255300223827362060546875">
        <ele>2369.199951171875</ele>
        <time>2017-09-06T21:30:51.000Z</time>
        <extensions>
          <ns3:TrackPointExtension>
            <ns3:atemp>30.0</ns3:atemp>
            <ns3:cad>56</ns3:cad>
          </ns3:TrackPointExtension>
        </extensions>
      </trkpt>
      <trkpt lat="43.7683210708200931549072265625" lon="-110.7532075233757495880126953125">
        <ele>2368.199951171875</ele>
        <time>2017-09-06T21:30:58.000Z</time>
        <extensions>
          <ns3:TrackPointExtension>
            <ns3:atemp>30.0</ns3:atemp>
            <ns3:cad>0</ns3:cad>
          </ns3:TrackPointExtension>
        </extensions>
      </trkpt>
      <trkpt lat="43.76832853071391582489013671875" lon="-110.753198973834514617919921875">
        <ele>2367.800048828125</ele>
        <time>2017-09-06T21:30:59.000Z</time>
        <extensions>
          <ns3:TrackPointExtension>
            <ns3:atemp>30.0</ns3:atemp>
            <ns3:cad>0</ns3:cad>
          </ns3:TrackPointExtension>
        </extensions>
      </trkpt>
      <trkpt lat="43.768344707787036895751953125" lon="-110.75318254530429840087890625">
        <ele>2367.199951171875</ele>
        <time>2017-09-06T21:31:01.000Z</time>
        <extensions>
          <ns3:TrackPointExtension>
            <ns3:atemp>30.0</ns3:atemp>
            <ns3:cad>0</ns3:cad>
          </ns3:TrackPointExtension>
        </extensions>
      </trkpt>
      <trkpt lat="43.76838603056967258453369140625" lon="-110.75313971377909183502197265625">
        <ele>2367.199951171875</ele>
        <time>2017-09-06T21:31:05.000Z</time>
        <extensions>
          <ns3:TrackPointExtension>
            <ns3:atemp>30.0</ns3:atemp>
            <ns3:cad>0</ns3:cad>
          </ns3:TrackPointExtension>
        </extensions>
      </trkpt>
      <trkpt lat="43.7684033811092376708984375" lon="-110.7531146518886089324951171875">
        <ele>2367</ele>
        <time>2017-09-06T21:31:07.000Z</time>
        <extensions>
          <ns3:TrackPointExtension>
            <ns3:atemp>30.0</ns3:atemp>
            <ns3:cad>0</ns3:cad>
          </ns3:TrackPointExtension>
        </extensions>
      </trkpt>
      <trkpt lat="43.76843095757067203521728515625" lon="-110.75309378094971179962158203125">
        <ele>2366.60009765625</ele>
        <time>2017-09-06T21:31:09.000Z</time>
        <extensions>
          <ns3:TrackPointExtension>
            <ns3:atemp>30.0</ns3:atemp>
            <ns3:cad>69</ns3:cad>
          </ns3:TrackPointExtension>
        </extensions>
      </trkpt>
      <trkpt lat="43.7684739567339420318603515625" lon="-110.7530650310218334197998046875">
        <ele>2365.39990234375</ele>
        <time>2017-09-06T21:31:11.000Z</time>
        <extensions>
          <ns3:TrackPointExtension>
            <ns3:atemp>30.0</ns3:atemp>
            <ns3:cad>73</ns3:cad>
          </ns3:TrackPointExtension>
        </extensions>
      </trkpt>
      <trkpt lat="43.7685255892574787139892578125" lon="-110.75303904712200164794921875">
        <ele>2365.199951171875</ele>
        <time>2017-09-06T21:31:15.000Z</time>
        <extensions>
          <ns3:TrackPointExtension>
            <ns3:atemp>30.0</ns3:atemp>
            <ns3:cad>61</ns3:cad>
          </ns3:TrackPointExtension>
        </extensions>
      </trkpt>
      <trkpt lat="43.7685527466237545013427734375" lon="-110.7530298270285129547119140625">
        <ele>2365.60009765625</ele>
        <time>2017-09-06T21:31:17.000Z</time>
        <extensions>
          <ns3:TrackPointExtension>
            <ns3:atemp>30.0</ns3:atemp>
            <ns3:cad>61</ns3:cad>
          </ns3:TrackPointExtension>
        </extensions>
      </trkpt>
      <trkpt lat="43.76858300529420375823974609375" lon="-110.75302991084754467010498046875">
        <ele>2365.60009765625</ele>
        <time>2017-09-06T21:31:19.000Z</time>
        <extensions>
          <ns3:TrackPointExtension>
            <ns3:atemp>30.0</ns3:atemp>
            <ns3:cad>61</ns3:cad>
          </ns3:TrackPointExtension>
        </extensions>
      </trkpt>
      <trkpt lat="43.76863740384578704833984375" lon="-110.75303007848560810089111328125">
        <ele>2365.199951171875</ele>
        <time>2017-09-06T21:31:22.000Z</time>
        <extensions>
          <ns3:TrackPointExtension>
            <ns3:atemp>30.0</ns3:atemp>
            <ns3:cad>73</ns3:cad>
          </ns3:TrackPointExtension>
        </extensions>
      </trkpt>
      <trkpt lat="43.76869146712124347686767578125" lon="-110.75302471406757831573486328125">
        <ele>2364.39990234375</ele>
        <time>2017-09-06T21:31:24.000Z</time>
        <extensions>
          <ns3:TrackPointExtension>
            <ns3:atemp>30.0</ns3:atemp>
            <ns3:cad>71</ns3:cad>
          </ns3:TrackPointExtension>
        </extensions>
      </trkpt>
      <trkpt lat="43.76871577464044094085693359375" lon="-110.75301633216440677642822265625">
        <ele>2364.199951171875</ele>
        <time>2017-09-06T21:31:25.000Z</time>
        <extensions>
          <ns3:TrackPointExtension>
            <ns3:atemp>30.0</ns3:atemp>
            <ns3:cad>71</ns3:cad>
          </ns3:TrackPointExtension>
        </extensions>
      </trkpt>
      <trkpt lat="43.7687716819345951080322265625" lon="-110.7529631070792675018310546875">
        <ele>2363.199951171875</ele>
        <time>2017-09-06T21:31:28.000Z</time>
        <extensions>
          <ns3:TrackPointExtension>
            <ns3:atemp>30.0</ns3:atemp>
            <ns3:cad>71</ns3:cad>
          </ns3:TrackPointExtension>
        </extensions>
      </trkpt>
      <trkpt lat="43.76884032972157001495361328125" lon="-110.75289982371032238006591796875">
        <ele>2362</ele>
        <time>2017-09-06T21:31:31.000Z</time>
        <extensions>
          <ns3:TrackPointExtension>
            <ns3:atemp>30.0</ns3:atemp>
            <ns3:cad>71</ns3:cad>
          </ns3:TrackPointExtension>
        </extensions>
      </trkpt>
      <trkpt lat="43.76892867498099803924560546875" lon="-110.75283377431333065032958984375">
        <ele>2360.800048828125</ele>
        <time>2017-09-06T21:31:35.000Z</time>
        <extensions>
          <ns3:TrackPointExtension>
            <ns3:atemp>30.0</ns3:atemp>
            <ns3:cad>71</ns3:cad>
          </ns3:TrackPointExtension>
        </extensions>
      </trkpt>
      <trkpt lat="43.76905507408082485198974609375" lon="-110.75278398580849170684814453125">
        <ele>2359.60009765625</ele>
        <time>2017-09-06T21:31:41.000Z</time>
        <extensions>
          <ns3:TrackPointExtension>
            <ns3:atemp>30.0</ns3:atemp>
            <ns3:cad>71</ns3:cad>
          </ns3:TrackPointExtension>
        </extensions>
      </trkpt>
      <trkpt lat="43.76909446902573108673095703125" lon="-110.75276956893503665924072265625">
        <ele>2359.39990234375</ele>
        <time>2017-09-06T21:31:43.000Z</time>
        <extensions>
          <ns3:TrackPointExtension>
            <ns3:atemp>30.0</ns3:atemp>
            <ns3:cad>71</ns3:cad>
          </ns3:TrackPointExtension>
        </extensions>
      </trkpt>
      <trkpt lat="43.769099749624729156494140625" lon="-110.7527004182338714599609375">
        <ele>2358.60009765625</ele>
        <time>2017-09-06T21:31:46.000Z</time>
        <extensions>
          <ns3:TrackPointExtension>
            <ns3:atemp>30.0</ns3:atemp>
            <ns3:cad>76</ns3:cad>
          </ns3:TrackPointExtension>
        </extensions>
      </trkpt>
      <trkpt lat="43.76905188895761966705322265625" lon="-110.75262322090566158294677734375">
        <ele>2357.39990234375</ele>
        <time>2017-09-06T21:31:50.000Z</time>
        <extensions>
          <ns3:TrackPointExtension>
            <ns3:atemp>30.0</ns3:atemp>
            <ns3:cad>76</ns3:cad>
          </ns3:TrackPointExtension>
        </extensions>
      </trkpt>
      <trkpt lat="43.76901718787848949432373046875" lon="-110.7525896094739437103271484375">
        <ele>2356</ele>
        <time>2017-09-06T21:31:53.000Z</time>
        <extensions>
          <ns3:TrackPointExtension>
            <ns3:atemp>30.0</ns3:atemp>
            <ns3:cad>76</ns3:cad>
          </ns3:TrackPointExtension>
        </extensions>
      </trkpt>
      <trkpt lat="43.76900277100503444671630859375" lon="-110.75256404466927051544189453125">
        <ele>2355.199951171875</ele>
        <time>2017-09-06T21:31:55.000Z</time>
        <extensions>
          <ns3:TrackPointExtension>
            <ns3:atemp>30.0</ns3:atemp>
            <ns3:cad>76</ns3:cad>
          </ns3:TrackPointExtension>
        </extensions>
      </trkpt>
      <trkpt lat="43.76900193281471729278564453125" lon="-110.7525369711220264434814453125">
        <ele>2354.800048828125</ele>
        <time>2017-09-06T21:31:56.000Z</time>
        <extensions>
          <ns3:TrackPointExtension>
            <ns3:atemp>30.0</ns3:atemp>
            <ns3:cad>76</ns3:cad>
          </ns3:TrackPointExtension>
        </extensions>
      </trkpt>
      <trkpt lat="43.7690053693950176239013671875" lon="-110.75251425616443157196044921875">
        <ele>2354.39990234375</ele>
        <time>2017-09-06T21:31:57.000Z</time>
        <extensions>
          <ns3:TrackPointExtension>
            <ns3:atemp>30.0</ns3:atemp>
            <ns3:cad>76</ns3:cad>
          </ns3:TrackPointExtension>
        </extensions>
      </trkpt>
      <trkpt lat="43.76902498304843902587890625" lon="-110.75250788591802120208740234375">
        <ele>2353.800048828125</ele>
        <time>2017-09-06T21:31:59.000Z</time>
        <extensions>
          <ns3:TrackPointExtension>
            <ns3:atemp>30.0</ns3:atemp>
            <ns3:cad>76</ns3:cad>
          </ns3:TrackPointExtension>
        </extensions>
      </trkpt>
      <trkpt lat="43.7690348736941814422607421875" lon="-110.75250771827995777130126953125">
        <ele>2353.60009765625</ele>
        <time>2017-09-06T21:32:00.000Z</time>
        <extensions>
          <ns3:TrackPointExtension>
            <ns3:atemp>30.0</ns3:atemp>
            <ns3:cad>76</ns3:cad>
          </ns3:TrackPointExtension>
        </extensions>
      </trkpt>
      <trkpt lat="43.76905993558466434478759765625" lon="-110.75247838161885738372802734375">
        <ele>2352.800048828125</ele>
        <time>2017-09-06T21:32:02.000Z</time>
        <extensions>
          <ns3:TrackPointExtension>
            <ns3:atemp>30.0</ns3:atemp>
            <ns3:cad>75</ns3:cad>
          </ns3:TrackPointExtension>
        </extensions>
      </trkpt>
      <trkpt lat="43.76907200552523136138916015625" lon="-110.75245432555675506591796875">
        <ele>2352.199951171875</ele>
        <time>2017-09-06T21:32:03.000Z</time>
        <extensions>
          <ns3:TrackPointExtension>
            <ns3:atemp>30.0</ns3:atemp>
            <ns3:cad>75</ns3:cad>
          </ns3:TrackPointExtension>
        </extensions>
      </trkpt>
      <trkpt lat="43.769072592258453369140625" lon="-110.75243932195007801055908203125">
        <ele>2351.39990234375</ele>
        <time>2017-09-06T21:32:04.000Z</time>
        <extensions>
          <ns3:TrackPointExtension>
            <ns3:atemp>30.0</ns3:atemp>
            <ns3:cad>75</ns3:cad>
          </ns3:TrackPointExtension>
        </extensions>
      </trkpt>
      <trkpt lat="43.7690680660307407379150390625" lon="-110.75242725200951099395751953125">
        <ele>2350.800048828125</ele>
        <time>2017-09-06T21:32:05.000Z</time>
        <extensions>
          <ns3:TrackPointExtension>
            <ns3:atemp>30.0</ns3:atemp>
            <ns3:cad>75</ns3:cad>
          </ns3:TrackPointExtension>
        </extensions>
      </trkpt>
      <trkpt lat="43.76905641518533229827880859375" lon="-110.75239506550133228302001953125">
        <ele>2350.199951171875</ele>
        <time>2017-09-06T21:32:07.000Z</time>
        <extensions>
          <ns3:TrackPointExtension>
            <ns3:atemp>30.0</ns3:atemp>
            <ns3:cad>40</ns3:cad>
          </ns3:TrackPointExtension>
        </extensions>
      </trkpt>
      <trkpt lat="43.7690523080527782440185546875" lon="-110.75238718651235103607177734375">
        <ele>2349.800048828125</ele>
        <time>2017-09-06T21:32:08.000Z</time>
        <extensions>
          <ns3:TrackPointExtension>
            <ns3:atemp>30.0</ns3:atemp>
            <ns3:cad>40</ns3:cad>
          </ns3:TrackPointExtension>
        </extensions>
      </trkpt>
      <trkpt lat="43.76903076656162738800048828125" lon="-110.75237729586660861968994140625">
        <ele>2348.800048828125</ele>
        <time>2017-09-06T21:32:10.000Z</time>
        <extensions>
          <ns3:TrackPointExtension>
            <ns3:atemp>30.0</ns3:atemp>
            <ns3:cad>40</ns3:cad>
          </ns3:TrackPointExtension>
        </extensions>
      </trkpt>
      <trkpt lat="43.76900746487081050872802734375" lon="-110.7523599453270435333251953125">
        <ele>2347.800048828125</ele>
        <time>2017-09-06T21:32:12.000Z</time>
        <extensions>
          <ns3:TrackPointExtension>
            <ns3:atemp>30.0</ns3:atemp>
            <ns3:cad>40</ns3:cad>
          </ns3:TrackPointExtension>
        </extensions>
      </trkpt>
      <trkpt lat="43.76900059171020984649658203125" lon="-110.75235080905258655548095703125">
        <ele>2347.39990234375</ele>
        <time>2017-09-06T21:32:13.000Z</time>
        <extensions>
          <ns3:TrackPointExtension>
            <ns3:atemp>30.0</ns3:atemp>
            <ns3:cad>84</ns3:cad>
          </ns3:TrackPointExtension>
        </extensions>
      </trkpt>
      <trkpt lat="43.76898349262773990631103515625" lon="-110.752321220934391021728515625">
        <ele>2346.800048828125</ele>
        <time>2017-09-06T21:32:15.000Z</time>
        <extensions>
          <ns3:TrackPointExtension>
            <ns3:atemp>30.0</ns3:atemp>
            <ns3:cad>84</ns3:cad>
          </ns3:TrackPointExtension>
        </extensions>
      </trkpt>
      <trkpt lat="43.768977709114551544189453125" lon="-110.75227470137178897857666015625">
        <ele>2346.39990234375</ele>
        <time>2017-09-06T21:32:17.000Z</time>
        <extensions>
          <ns3:TrackPointExtension>
            <ns3:atemp>30.0</ns3:atemp>
            <ns3:cad>87</ns3:cad>
          </ns3:TrackPointExtension>
        </extensions>
      </trkpt>
      <trkpt lat="43.7689792178571224212646484375" lon="-110.75222977437078952789306640625">
        <ele>2345.39990234375</ele>
        <time>2017-09-06T21:32:19.000Z</time>
        <extensions>
          <ns3:TrackPointExtension>
            <ns3:atemp>30.0</ns3:atemp>
            <ns3:cad>87</ns3:cad>
          </ns3:TrackPointExtension>
        </extensions>
      </trkpt>
      <trkpt lat="43.76898718066513538360595703125" lon="-110.752212591469287872314453125">
        <ele>2345</ele>
        <time>2017-09-06T21:32:20.000Z</time>
        <extensions>
          <ns3:TrackPointExtension>
            <ns3:atemp>30.0</ns3:atemp>
            <ns3:cad>87</ns3:cad>
          </ns3:TrackPointExtension>
        </extensions>
      </trkpt>
      <trkpt lat="43.76900612376630306243896484375" lon="-110.752165652811527252197265625">
        <ele>2343.800048828125</ele>
        <time>2017-09-06T21:32:22.000Z</time>
        <extensions>
          <ns3:TrackPointExtension>
            <ns3:atemp>30.0</ns3:atemp>
            <ns3:cad>87</ns3:cad>
          </ns3:TrackPointExtension>
        </extensions>
      </trkpt>
      <trkpt lat="43.768967650830745697021484375" lon="-110.75206599198281764984130859375">
        <ele>2342.39990234375</ele>
        <time>2017-09-06T21:32:26.000Z</time>
        <extensions>
          <ns3:TrackPointExtension>
            <ns3:atemp>30.0</ns3:atemp>
            <ns3:cad>79</ns3:cad>
          </ns3:TrackPointExtension>
        </extensions>
      </trkpt>
      <trkpt lat="43.76891962252557277679443359375" lon="-110.7519847713410854339599609375">
        <ele>2341.800048828125</ele>
        <time>2017-09-06T21:32:29.000Z</time>
        <extensions>
          <ns3:TrackPointExtension>
            <ns3:atemp>30.0</ns3:atemp>
            <ns3:cad>79</ns3:cad>
          </ns3:TrackPointExtension>
        </extensions>
      </trkpt>
      <trkpt lat="43.76891794614493846893310546875" lon="-110.75195333920419216156005859375">
        <ele>2341.199951171875</ele>
        <time>2017-09-06T21:32:30.000Z</time>
        <extensions>
          <ns3:TrackPointExtension>
            <ns3:atemp>30.0</ns3:atemp>
            <ns3:cad>79</ns3:cad>
          </ns3:TrackPointExtension>
        </extensions>
      </trkpt>
      <trkpt lat="43.76891794614493846893310546875" lon="-110.7518771477043628692626953125">
        <ele>2339.60009765625</ele>
        <time>2017-09-06T21:32:33.000Z</time>
        <extensions>
          <ns3:TrackPointExtension>
            <ns3:atemp>30.0</ns3:atemp>
            <ns3:cad>87</ns3:cad>
          </ns3:TrackPointExtension>
        </extensions>
      </trkpt>
      <trkpt lat="43.76896907575428485870361328125" lon="-110.75178603641688823699951171875">
        <ele>2338</ele>
        <time>2017-09-06T21:32:36.000Z</time>
        <extensions>
          <ns3:TrackPointExtension>
            <ns3:atemp>30.0</ns3:atemp>
            <ns3:cad>47</ns3:cad>
          </ns3:TrackPointExtension>
        </extensions>
      </trkpt>
      <trkpt lat="43.7690041959285736083984375" lon="-110.751706324517726898193359375">
        <ele>2336.39990234375</ele>
        <time>2017-09-06T21:32:38.000Z</time>
        <extensions>
          <ns3:TrackPointExtension>
            <ns3:atemp>30.0</ns3:atemp>
            <ns3:cad>95</ns3:cad>
          </ns3:TrackPointExtension>
        </extensions>
      </trkpt>
      <trkpt lat="43.76902422867715358734130859375" lon="-110.75166550464928150177001953125">
        <ele>2335.199951171875</ele>
        <time>2017-09-06T21:32:39.000Z</time>
        <extensions>
          <ns3:TrackPointExtension>
            <ns3:atemp>30.0</ns3:atemp>
            <ns3:cad>95</ns3:cad>
          </ns3:TrackPointExtension>
        </extensions>
      </trkpt>
      <trkpt lat="43.76902657561004161834716796875" lon="-110.75162929482758045196533203125">
        <ele>2334.39990234375</ele>
        <time>2017-09-06T21:32:40.000Z</time>
        <extensions>
          <ns3:TrackPointExtension>
            <ns3:atemp>30.0</ns3:atemp>
            <ns3:cad>95</ns3:cad>
          </ns3:TrackPointExtension>
        </extensions>
      </trkpt>
      <trkpt lat="43.7690093927085399627685546875" lon="-110.751599036157131195068359375">
        <ele>2333.800048828125</ele>
        <time>2017-09-06T21:32:41.000Z</time>
        <extensions>
          <ns3:TrackPointExtension>
            <ns3:atemp>30.0</ns3:atemp>
            <ns3:cad>95</ns3:cad>
          </ns3:TrackPointExtension>
        </extensions>
      </trkpt>
      <trkpt lat="43.76894393004477024078369140625" lon="-110.75152401812374591827392578125">
        <ele>2332.800048828125</ele>
        <time>2017-09-06T21:32:44.000Z</time>
        <extensions>
          <ns3:TrackPointExtension>
            <ns3:atemp>30.0</ns3:atemp>
            <ns3:cad>83</ns3:cad>
          </ns3:TrackPointExtension>
        </extensions>
      </trkpt>
      <trkpt lat="43.76889967359602451324462890625" lon="-110.7514355890452861785888671875">
        <ele>2331.39990234375</ele>
        <time>2017-09-06T21:32:47.000Z</time>
        <extensions>
          <ns3:TrackPointExtension>
            <ns3:atemp>30.0</ns3:atemp>
            <ns3:cad>77</ns3:cad>
          </ns3:TrackPointExtension>
        </extensions>
      </trkpt>
      <trkpt lat="43.7688729353249073028564453125" lon="-110.75141069479286670684814453125">
        <ele>2330.800048828125</ele>
        <time>2017-09-06T21:32:48.000Z</time>
        <extensions>
          <ns3:TrackPointExtension>
            <ns3:atemp>30.0</ns3:atemp>
            <ns3:cad>77</ns3:cad>
          </ns3:TrackPointExtension>
        </extensions>
      </trkpt>
      <trkpt lat="43.76881233416497707366943359375" lon="-110.7513695396482944488525390625">
        <ele>2330</ele>
        <time>2017-09-06T21:32:50.000Z</time>
        <extensions>
          <ns3:TrackPointExtension>
            <ns3:atemp>30.0</ns3:atemp>
            <ns3:cad>77</ns3:cad>
          </ns3:TrackPointExtension>
        </extensions>
      </trkpt>
      <trkpt lat="43.768756091594696044921875" lon="-110.7513370178639888763427734375">
        <ele>2329</ele>
        <time>2017-09-06T21:32:52.000Z</time>
        <extensions>
          <ns3:TrackPointExtension>
            <ns3:atemp>30.0</ns3:atemp>
            <ns3:cad>80</ns3:cad>
          </ns3:TrackPointExtension>
        </extensions>
      </trkpt>
      <trkpt lat="43.7686811573803424835205078125" lon="-110.7512907497584819793701171875">
        <ele>2327.60009765625</ele>
        <time>2017-09-06T21:32:55.000Z</time>
        <extensions>
          <ns3:TrackPointExtension>
            <ns3:atemp>30.0</ns3:atemp>
            <ns3:cad>79</ns3:cad>
          </ns3:TrackPointExtension>
        </extensions>
      </trkpt>
      <trkpt lat="43.7685959972441196441650390625" lon="-110.75125512667000293731689453125">
        <ele>2326</ele>
        <time>2017-09-06T21:32:58.000Z</time>
        <extensions>
          <ns3:TrackPointExtension>
            <ns3:atemp>29.0</ns3:atemp>
            <ns3:cad>79</ns3:cad>
          </ns3:TrackPointExtension>
        </extensions>
      </trkpt>
      <trkpt lat="43.7685396708548069000244140625" lon="-110.75122478418052196502685546875">
        <ele>2324.800048828125</ele>
        <time>2017-09-06T21:33:00.000Z</time>
        <extensions>
          <ns3:TrackPointExtension>
            <ns3:atemp>29.0</ns3:atemp>
            <ns3:cad>79</ns3:cad>
          </ns3:TrackPointExtension>
        </extensions>
      </trkpt>
      <trkpt lat="43.7685187160968780517578125" lon="-110.7512091100215911865234375">
        <ele>2324.39990234375</ele>
        <time>2017-09-06T21:33:01.000Z</time>
        <extensions>
          <ns3:TrackPointExtension>
            <ns3:atemp>29.0</ns3:atemp>
            <ns3:cad>79</ns3:cad>
          </ns3:TrackPointExtension>
        </extensions>
      </trkpt>
      <trkpt lat="43.76849013380706310272216796875" lon="-110.75115504674613475799560546875">
        <ele>2324.199951171875</ele>
        <time>2017-09-06T21:33:04.000Z</time>
        <extensions>
          <ns3:TrackPointExtension>
            <ns3:atemp>29.0</ns3:atemp>
            <ns3:cad>80</ns3:cad>
          </ns3:TrackPointExtension>
        </extensions>
      </trkpt>
      <trkpt lat="43.76850438304245471954345703125" lon="-110.75114465318620204925537109375">
        <ele>2324.199951171875</ele>
        <time>2017-09-06T21:33:06.000Z</time>
        <extensions>
          <ns3:TrackPointExtension>
            <ns3:atemp>29.0</ns3:atemp>
            <ns3:cad>80</ns3:cad>
          </ns3:TrackPointExtension>
        </extensions>
      </trkpt>
      <trkpt lat="43.76851678825914859771728515625" lon="-110.75113995932042598724365234375">
        <ele>2323.800048828125</ele>
        <time>2017-09-06T21:33:08.000Z</time>
        <extensions>
          <ns3:TrackPointExtension>
            <ns3:atemp>29.0</ns3:atemp>
            <ns3:cad>74</ns3:cad>
          </ns3:TrackPointExtension>
        </extensions>
      </trkpt>
      <trkpt lat="43.7685416825115680694580078125" lon="-110.751096121966838836669921875">
        <ele>2322.60009765625</ele>
        <time>2017-09-06T21:33:11.000Z</time>
        <extensions>
          <ns3:TrackPointExtension>
            <ns3:atemp>29.0</ns3:atemp>
            <ns3:cad>73</ns3:cad>
          </ns3:TrackPointExtension>
        </extensions>
      </trkpt>
      <trkpt lat="43.768580742180347442626953125" lon="-110.7510332576930522918701171875">
        <ele>2321.39990234375</ele>
        <time>2017-09-06T21:33:14.000Z</time>
        <extensions>
          <ns3:TrackPointExtension>
            <ns3:atemp>29.0</ns3:atemp>
            <ns3:cad>73</ns3:cad>
          </ns3:TrackPointExtension>
        </extensions>
      </trkpt>
      <trkpt lat="43.76860982738435268402099609375" lon="-110.75099118053913116455078125">
        <ele>2320.199951171875</ele>
        <time>2017-09-06T21:33:16.000Z</time>
        <extensions>
          <ns3:TrackPointExtension>
            <ns3:atemp>29.0</ns3:atemp>
            <ns3:cad>73</ns3:cad>
          </ns3:TrackPointExtension>
        </extensions>
      </trkpt>
      <trkpt lat="43.76861100085079669952392578125" lon="-110.75092873536050319671630859375">
        <ele>2319</ele>
        <time>2017-09-06T21:33:18.000Z</time>
        <extensions>
          <ns3:TrackPointExtension>
            <ns3:atemp>29.0</ns3:atemp>
            <ns3:cad>73</ns3:cad>
          </ns3:TrackPointExtension>
        </extensions>
      </trkpt>
      <trkpt lat="43.7686187960207462310791015625" lon="-110.75084039010107517242431640625">
        <ele>2318.199951171875</ele>
        <time>2017-09-06T21:33:21.000Z</time>
        <extensions>
          <ns3:TrackPointExtension>
            <ns3:atemp>29.0</ns3:atemp>
            <ns3:cad>77</ns3:cad>
          </ns3:TrackPointExtension>
        </extensions>
      </trkpt>
      <trkpt lat="43.76862357370555400848388671875" lon="-110.7508069463074207305908203125">
        <ele>2318</ele>
        <time>2017-09-06T21:33:22.000Z</time>
        <extensions>
          <ns3:TrackPointExtension>
            <ns3:atemp>29.0</ns3:atemp>
            <ns3:cad>77</ns3:cad>
          </ns3:TrackPointExtension>
        </extensions>
      </trkpt>
      <trkpt lat="43.7686315365135669708251953125" lon="-110.75075053609907627105712890625">
        <ele>2316.800048828125</ele>
        <time>2017-09-06T21:33:24.000Z</time>
        <extensions>
          <ns3:TrackPointExtension>
            <ns3:atemp>29.0</ns3:atemp>
            <ns3:cad>71</ns3:cad>
          </ns3:TrackPointExtension>
        </extensions>
      </trkpt>
      <trkpt lat="43.76865123398602008819580078125" lon="-110.75069923885166645050048828125">
        <ele>2315.800048828125</ele>
        <time>2017-09-06T21:33:26.000Z</time>
        <extensions>
          <ns3:TrackPointExtension>
            <ns3:atemp>29.0</ns3:atemp>
            <ns3:cad>70</ns3:cad>
          </ns3:TrackPointExtension>
        </extensions>
      </trkpt>
      <trkpt lat="43.76866749487817287445068359375" lon="-110.7506587542593479156494140625">
        <ele>2314.60009765625</ele>
        <time>2017-09-06T21:33:28.000Z</time>
        <extensions>
          <ns3:TrackPointExtension>
            <ns3:atemp>29.0</ns3:atemp>
            <ns3:cad>70</ns3:cad>
          </ns3:TrackPointExtension>
        </extensions>
      </trkpt>
      <trkpt lat="43.76869230531156063079833984375" lon="-110.75058993883430957794189453125">
        <ele>2313.60009765625</ele>
        <time>2017-09-06T21:33:31.000Z</time>
        <extensions>
          <ns3:TrackPointExtension>
            <ns3:atemp>29.0</ns3:atemp>
            <ns3:cad>70</ns3:cad>
          </ns3:TrackPointExtension>
        </extensions>
      </trkpt>
      <trkpt lat="43.76873253844678401947021484375" lon="-110.75050159357488155364990234375">
        <ele>2312.60009765625</ele>
        <time>2017-09-06T21:33:34.000Z</time>
        <extensions>
          <ns3:TrackPointExtension>
            <ns3:atemp>29.0</ns3:atemp>
            <ns3:cad>70</ns3:cad>
          </ns3:TrackPointExtension>
        </extensions>
      </trkpt>
      <trkpt lat="43.7687934748828411102294921875" lon="-110.7504414953291416168212890625">
        <ele>2311.199951171875</ele>
        <time>2017-09-06T21:33:37.000Z</time>
        <extensions>
          <ns3:TrackPointExtension>
            <ns3:atemp>29.0</ns3:atemp>
            <ns3:cad>86</ns3:cad>
          </ns3:TrackPointExtension>
        </extensions>
      </trkpt>
      <trkpt lat="43.7688834965229034423828125" lon="-110.75034686364233493804931640625">
        <ele>2310.199951171875</ele>
        <time>2017-09-06T21:33:41.000Z</time>
        <extensions>
          <ns3:TrackPointExtension>
            <ns3:atemp>29.0</ns3:atemp>
            <ns3:cad>80</ns3:cad>
          </ns3:TrackPointExtension>
        </extensions>
      </trkpt>
      <trkpt lat="43.768959604203701019287109375" lon="-110.7502570934593677520751953125">
        <ele>2309.199951171875</ele>
        <time>2017-09-06T21:33:44.000Z</time>
        <extensions>
          <ns3:TrackPointExtension>
            <ns3:atemp>29.0</ns3:atemp>
            <ns3:cad>81</ns3:cad>
          </ns3:TrackPointExtension>
        </extensions>
      </trkpt>
      <trkpt lat="43.76898466609418392181396484375" lon="-110.7502252422273159027099609375">
        <ele>2308.800048828125</ele>
        <time>2017-09-06T21:33:45.000Z</time>
        <extensions>
          <ns3:TrackPointExtension>
            <ns3:atemp>29.0</ns3:atemp>
            <ns3:cad>81</ns3:cad>
          </ns3:TrackPointExtension>
        </extensions>
      </trkpt>
      <trkpt lat="43.76896941103041172027587890625" lon="-110.75015810318291187286376953125">
        <ele>2307.800048828125</ele>
        <time>2017-09-06T21:33:47.000Z</time>
        <extensions>
          <ns3:TrackPointExtension>
            <ns3:atemp>29.0</ns3:atemp>
            <ns3:cad>80</ns3:cad>
          </ns3:TrackPointExtension>
        </extensions>
      </trkpt>
      <trkpt lat="43.76892465166747570037841796875" lon="-110.75011602602899074554443359375">
        <ele>2306.60009765625</ele>
        <time>2017-09-06T21:33:49.000Z</time>
        <extensions>
          <ns3:TrackPointExtension>
            <ns3:atemp>29.0</ns3:atemp>
            <ns3:cad>78</ns3:cad>
          </ns3:TrackPointExtension>
        </extensions>
      </trkpt>
      <trkpt lat="43.7688524834811687469482421875" lon="-110.7500653155148029327392578125">
        <ele>2305.60009765625</ele>
        <time>2017-09-06T21:33:52.000Z</time>
        <extensions>
          <ns3:TrackPointExtension>
            <ns3:atemp>29.0</ns3:atemp>
            <ns3:cad>78</ns3:cad>
          </ns3:TrackPointExtension>
        </extensions>
      </trkpt>
      <trkpt lat="43.7688218057155609130859375" lon="-110.750022567808628082275390625">
        <ele>2305.39990234375</ele>
        <time>2017-09-06T21:33:55.000Z</time>
        <extensions>
          <ns3:TrackPointExtension>
            <ns3:atemp>29.0</ns3:atemp>
            <ns3:cad>79</ns3:cad>
          </ns3:TrackPointExtension>
        </extensions>
      </trkpt>
      <trkpt lat="43.7688404135406017303466796875" lon="-110.7499650679528713226318359375">
        <ele>2304.60009765625</ele>
        <time>2017-09-06T21:33:57.000Z</time>
        <extensions>
          <ns3:TrackPointExtension>
            <ns3:atemp>29.0</ns3:atemp>
            <ns3:cad>75</ns3:cad>
          </ns3:TrackPointExtension>
        </extensions>
      </trkpt>
      <trkpt lat="43.76886547543108463287353515625" lon="-110.74992257170379161834716796875">
        <ele>2303.199951171875</ele>
        <time>2017-09-06T21:33:59.000Z</time>
        <extensions>
          <ns3:TrackPointExtension>
            <ns3:atemp>29.0</ns3:atemp>
            <ns3:cad>74</ns3:cad>
          </ns3:TrackPointExtension>
        </extensions>
      </trkpt>
      <trkpt lat="43.768900930881500244140625" lon="-110.74986205436289310455322265625">
        <ele>2302</ele>
        <time>2017-09-06T21:34:02.000Z</time>
        <extensions>
          <ns3:TrackPointExtension>
            <ns3:atemp>29.0</ns3:atemp>
            <ns3:cad>74</ns3:cad>
          </ns3:TrackPointExtension>
        </extensions>
      </trkpt>
      <trkpt lat="43.768904618918895721435546875" lon="-110.74981729499995708465576171875">
        <ele>2301.60009765625</ele>
        <time>2017-09-06T21:34:04.000Z</time>
        <extensions>
          <ns3:TrackPointExtension>
            <ns3:atemp>29.0</ns3:atemp>
            <ns3:cad>74</ns3:cad>
          </ns3:TrackPointExtension>
        </extensions>
      </trkpt>
      <trkpt lat="43.76892716623842716217041015625" lon="-110.749778486788272857666015625">
        <ele>2301</ele>
        <time>2017-09-06T21:34:05.000Z</time>
        <extensions>
          <ns3:TrackPointExtension>
            <ns3:atemp>29.0</ns3:atemp>
            <ns3:cad>74</ns3:cad>
          </ns3:TrackPointExtension>
        </extensions>
      </trkpt>
      <trkpt lat="43.76894912682473659515380859375" lon="-110.74970464222133159637451171875">
        <ele>2299.800048828125</ele>
        <time>2017-09-06T21:34:07.000Z</time>
        <extensions>
          <ns3:TrackPointExtension>
            <ns3:atemp>29.0</ns3:atemp>
            <ns3:cad>77</ns3:cad>
          </ns3:TrackPointExtension>
        </extensions>
      </trkpt>
      <trkpt lat="43.76897628419101238250732421875" lon="-110.7496613077819347381591796875">
        <ele>2298.60009765625</ele>
        <time>2017-09-06T21:34:09.000Z</time>
        <extensions>
          <ns3:TrackPointExtension>
            <ns3:atemp>29.0</ns3:atemp>
            <ns3:cad>77</ns3:cad>
          </ns3:TrackPointExtension>
        </extensions>
      </trkpt>
      <trkpt lat="43.76900193281471729278564453125" lon="-110.74963255785405635833740234375">
        <ele>2298</ele>
        <time>2017-09-06T21:34:10.000Z</time>
        <extensions>
          <ns3:TrackPointExtension>
            <ns3:atemp>29.0</ns3:atemp>
            <ns3:cad>77</ns3:cad>
          </ns3:TrackPointExtension>
        </extensions>
      </trkpt>
      <trkpt lat="43.76900897361338138580322265625" lon="-110.7495996169745922088623046875">
        <ele>2297.39990234375</ele>
        <time>2017-09-06T21:34:11.000Z</time>
        <extensions>
          <ns3:TrackPointExtension>
            <ns3:atemp>29.0</ns3:atemp>
            <ns3:cad>78</ns3:cad>
          </ns3:TrackPointExtension>
        </extensions>
      </trkpt>
      <trkpt lat="43.76900645904242992401123046875" lon="-110.74953365139663219451904296875">
        <ele>2296.39990234375</ele>
        <time>2017-09-06T21:34:13.000Z</time>
        <extensions>
          <ns3:TrackPointExtension>
            <ns3:atemp>29.0</ns3:atemp>
            <ns3:cad>81</ns3:cad>
          </ns3:TrackPointExtension>
        </extensions>
      </trkpt>
      <trkpt lat="43.768976032733917236328125" lon="-110.74943323619663715362548828125">
        <ele>2295</ele>
        <time>2017-09-06T21:34:16.000Z</time>
        <extensions>
          <ns3:TrackPointExtension>
            <ns3:atemp>29.0</ns3:atemp>
            <ns3:cad>81</ns3:cad>
          </ns3:TrackPointExtension>
        </extensions>
      </trkpt>
      <trkpt lat="43.76896421425044536590576171875" lon="-110.74935746379196643829345703125">
        <ele>2293.800048828125</ele>
        <time>2017-09-06T21:34:18.000Z</time>
        <extensions>
          <ns3:TrackPointExtension>
            <ns3:atemp>29.0</ns3:atemp>
            <ns3:cad>81</ns3:cad>
          </ns3:TrackPointExtension>
        </extensions>
      </trkpt>
      <trkpt lat="43.76896941103041172027587890625" lon="-110.74932494200766086578369140625">
        <ele>2293.39990234375</ele>
        <time>2017-09-06T21:34:19.000Z</time>
        <extensions>
          <ns3:TrackPointExtension>
            <ns3:atemp>29.0</ns3:atemp>
            <ns3:cad>81</ns3:cad>
          </ns3:TrackPointExtension>
        </extensions>
      </trkpt>
      <trkpt lat="43.76898064278066158294677734375" lon="-110.74925939552485942840576171875">
        <ele>2292.39990234375</ele>
        <time>2017-09-06T21:34:21.000Z</time>
        <extensions>
          <ns3:TrackPointExtension>
            <ns3:atemp>29.0</ns3:atemp>
            <ns3:cad>81</ns3:cad>
          </ns3:TrackPointExtension>
        </extensions>
      </trkpt>
      <trkpt lat="43.7690013460814952850341796875" lon="-110.74919141829013824462890625">
        <ele>2291</ele>
        <time>2017-09-06T21:34:24.000Z</time>
        <extensions>
          <ns3:TrackPointExtension>
            <ns3:atemp>29.0</ns3:atemp>
            <ns3:cad>81</ns3:cad>
          </ns3:TrackPointExtension>
        </extensions>
      </trkpt>
      <trkpt lat="43.7690271623432636260986328125" lon="-110.749139450490474700927734375">
        <ele>2289.800048828125</ele>
        <time>2017-09-06T21:34:26.000Z</time>
        <extensions>
          <ns3:TrackPointExtension>
            <ns3:atemp>29.0</ns3:atemp>
            <ns3:cad>81</ns3:cad>
          </ns3:TrackPointExtension>
        </extensions>
      </trkpt>
      <trkpt lat="43.76905758865177631378173828125" lon="-110.74906124733388423919677734375">
        <ele>2288.60009765625</ele>
        <time>2017-09-06T21:34:28.000Z</time>
        <extensions>
          <ns3:TrackPointExtension>
            <ns3:atemp>29.0</ns3:atemp>
            <ns3:cad>81</ns3:cad>
          </ns3:TrackPointExtension>
        </extensions>
      </trkpt>
      <trkpt lat="43.7690875120460987091064453125" lon="-110.74894222430884838104248046875">
        <ele>2287.199951171875</ele>
        <time>2017-09-06T21:34:31.000Z</time>
        <extensions>
          <ns3:TrackPointExtension>
            <ns3:atemp>29.0</ns3:atemp>
            <ns3:cad>81</ns3:cad>
          </ns3:TrackPointExtension>
        </extensions>
      </trkpt>
      <trkpt lat="43.76911391504108905792236328125" lon="-110.74882068671286106109619140625">
        <ele>2286.199951171875</ele>
        <time>2017-09-06T21:34:34.000Z</time>
        <extensions>
          <ns3:TrackPointExtension>
            <ns3:atemp>29.0</ns3:atemp>
            <ns3:cad>81</ns3:cad>
          </ns3:TrackPointExtension>
        </extensions>
      </trkpt>
      <trkpt lat="43.7690982408821582794189453125" lon="-110.748788416385650634765625">
        <ele>2285.39990234375</ele>
        <time>2017-09-06T21:34:35.000Z</time>
        <extensions>
          <ns3:TrackPointExtension>
            <ns3:atemp>29.0</ns3:atemp>
            <ns3:cad>81</ns3:cad>
          </ns3:TrackPointExtension>
        </extensions>
      </trkpt>
      <trkpt lat="43.7690724246203899383544921875" lon="-110.748772658407688140869140625">
        <ele>2284.60009765625</ele>
        <time>2017-09-06T21:34:36.000Z</time>
        <extensions>
          <ns3:TrackPointExtension>
            <ns3:atemp>29.0</ns3:atemp>
            <ns3:cad>81</ns3:cad>
          </ns3:TrackPointExtension>
        </extensions>
      </trkpt>
      <trkpt lat="43.76904803328216075897216796875" lon="-110.74876704253256320953369140625">
        <ele>2284.199951171875</ele>
        <time>2017-09-06T21:34:37.000Z</time>
        <extensions>
          <ns3:TrackPointExtension>
            <ns3:atemp>29.0</ns3:atemp>
            <ns3:cad>81</ns3:cad>
          </ns3:TrackPointExtension>
        </extensions>
      </trkpt>
      <trkpt lat="43.769029341638088226318359375" lon="-110.74875421822071075439453125">
        <ele>2283.800048828125</ele>
        <time>2017-09-06T21:34:38.000Z</time>
        <extensions>
          <ns3:TrackPointExtension>
            <ns3:atemp>29.0</ns3:atemp>
            <ns3:cad>81</ns3:cad>
          </ns3:TrackPointExtension>
        </extensions>
      </trkpt>
      <trkpt lat="43.769023306667804718017578125" lon="-110.74868984520435333251953125">
        <ele>2283</ele>
        <time>2017-09-06T21:34:40.000Z</time>
        <extensions>
          <ns3:TrackPointExtension>
            <ns3:atemp>29.0</ns3:atemp>
            <ns3:cad>81</ns3:cad>
          </ns3:TrackPointExtension>
        </extensions>
      </trkpt>
      <trkpt lat="43.7690224684774875640869140625" lon="-110.74848457239568233489990234375">
        <ele>2281.800048828125</ele>
        <time>2017-09-06T21:34:46.000Z</time>
        <extensions>
          <ns3:TrackPointExtension>
            <ns3:atemp>29.0</ns3:atemp>
            <ns3:cad>88</ns3:cad>
          </ns3:TrackPointExtension>
        </extensions>
      </trkpt>
      <trkpt lat="43.76903646625578403472900390625" lon="-110.74839270673692226409912109375">
        <ele>2280.800048828125</ele>
        <time>2017-09-06T21:34:48.000Z</time>
        <extensions>
          <ns3:TrackPointExtension>
            <ns3:atemp>28.0</ns3:atemp>
            <ns3:cad>88</ns3:cad>
          </ns3:TrackPointExtension>
        </extensions>
      </trkpt>
      <trkpt lat="43.768999166786670684814453125" lon="-110.74832229875028133392333984375">
        <ele>2279</ele>
        <time>2017-09-06T21:34:50.000Z</time>
        <extensions>
          <ns3:TrackPointExtension>
            <ns3:atemp>28.0</ns3:atemp>
            <ns3:cad>88</ns3:cad>
          </ns3:TrackPointExtension>
        </extensions>
      </trkpt>
      <trkpt lat="43.76895390450954437255859375" lon="-110.7482776232063770294189453125">
        <ele>2277.60009765625</ele>
        <time>2017-09-06T21:34:52.000Z</time>
        <extensions>
          <ns3:TrackPointExtension>
            <ns3:atemp>28.0</ns3:atemp>
            <ns3:cad>88</ns3:cad>
          </ns3:TrackPointExtension>
        </extensions>
      </trkpt>
      <trkpt lat="43.76893915235996246337890625" lon="-110.74825641699135303497314453125">
        <ele>2277.60009765625</ele>
        <time>2017-09-06T21:34:53.000Z</time>
        <extensions>
          <ns3:TrackPointExtension>
            <ns3:atemp>28.0</ns3:atemp>
            <ns3:cad>88</ns3:cad>
          </ns3:TrackPointExtension>
        </extensions>
      </trkpt>
      <trkpt lat="43.76894393004477024078369140625" lon="-110.74820176698267459869384765625">
        <ele>2277</ele>
        <time>2017-09-06T21:34:56.000Z</time>
        <extensions>
          <ns3:TrackPointExtension>
            <ns3:atemp>28.0</ns3:atemp>
            <ns3:cad>79</ns3:cad>
          </ns3:TrackPointExtension>
        </extensions>
      </trkpt>
      <trkpt lat="43.7689560838043689727783203125" lon="-110.748178549110889434814453125">
        <ele>2276.39990234375</ele>
        <time>2017-09-06T21:34:57.000Z</time>
        <extensions>
          <ns3:TrackPointExtension>
            <ns3:atemp>28.0</ns3:atemp>
            <ns3:cad>78</ns3:cad>
          </ns3:TrackPointExtension>
        </extensions>
      </trkpt>
      <trkpt lat="43.76899975351989269256591796875" lon="-110.74812565930187702178955078125">
        <ele>2275.199951171875</ele>
        <time>2017-09-06T21:35:00.000Z</time>
        <extensions>
          <ns3:TrackPointExtension>
            <ns3:atemp>28.0</ns3:atemp>
            <ns3:cad>78</ns3:cad>
          </ns3:TrackPointExtension>
        </extensions>
      </trkpt>
      <trkpt lat="43.76902724616229534149169921875" lon="-110.74811425991356372833251953125">
        <ele>2273.800048828125</ele>
        <time>2017-09-06T21:35:02.000Z</time>
        <extensions>
          <ns3:TrackPointExtension>
            <ns3:atemp>28.0</ns3:atemp>
            <ns3:cad>78</ns3:cad>
          </ns3:TrackPointExtension>
        </extensions>
      </trkpt>
      <trkpt lat="43.769054152071475982666015625" lon="-110.7480972446501255035400390625">
        <ele>2273.199951171875</ele>
        <time>2017-09-06T21:35:04.000Z</time>
        <extensions>
          <ns3:TrackPointExtension>
            <ns3:atemp>28.0</ns3:atemp>
            <ns3:cad>78</ns3:cad>
          </ns3:TrackPointExtension>
        </extensions>
      </trkpt>
      <trkpt lat="43.7690499611198902130126953125" lon="-110.74805080890655517578125">
        <ele>2272.800048828125</ele>
        <time>2017-09-06T21:35:06.000Z</time>
        <extensions>
          <ns3:TrackPointExtension>
            <ns3:atemp>28.0</ns3:atemp>
            <ns3:cad>76</ns3:cad>
          </ns3:TrackPointExtension>
        </extensions>
      </trkpt>
      <trkpt lat="43.76903546042740345001220703125" lon="-110.7480348832905292510986328125">
        <ele>2272.39990234375</ele>
        <time>2017-09-06T21:35:07.000Z</time>
        <extensions>
          <ns3:TrackPointExtension>
            <ns3:atemp>28.0</ns3:atemp>
            <ns3:cad>75</ns3:cad>
          </ns3:TrackPointExtension>
        </extensions>
      </trkpt>
      <trkpt lat="43.76891635358333587646484375" lon="-110.747956931591033935546875">
        <ele>2271.60009765625</ele>
        <time>2017-09-06T21:35:13.000Z</time>
        <extensions>
          <ns3:TrackPointExtension>
            <ns3:atemp>28.0</ns3:atemp>
            <ns3:cad>78</ns3:cad>
          </ns3:TrackPointExtension>
        </extensions>
      </trkpt>
      <trkpt lat="43.768891878426074981689453125" lon="-110.74792147614061832427978515625">
        <ele>2271.39990234375</ele>
        <time>2017-09-06T21:35:15.000Z</time>
        <extensions>
          <ns3:TrackPointExtension>
            <ns3:atemp>28.0</ns3:atemp>
            <ns3:cad>78</ns3:cad>
          </ns3:TrackPointExtension>
        </extensions>
      </trkpt>
      <trkpt lat="43.7688888609409332275390625" lon="-110.74786213226616382598876953125">
        <ele>2271</ele>
        <time>2017-09-06T21:35:18.000Z</time>
        <extensions>
          <ns3:TrackPointExtension>
            <ns3:atemp>28.0</ns3:atemp>
            <ns3:cad>78</ns3:cad>
          </ns3:TrackPointExtension>
        </extensions>
      </trkpt>
      <trkpt lat="43.7689103186130523681640625" lon="-110.74785660021007061004638671875">
        <ele>2270.39990234375</ele>
        <time>2017-09-06T21:35:20.000Z</time>
        <extensions>
          <ns3:TrackPointExtension>
            <ns3:atemp>28.0</ns3:atemp>
            <ns3:cad>78</ns3:cad>
          </ns3:TrackPointExtension>
        </extensions>
      </trkpt>
      <trkpt lat="43.7690057046711444854736328125" lon="-110.747829861938953399658203125">
        <ele>2269.39990234375</ele>
        <time>2017-09-06T21:35:26.000Z</time>
        <extensions>
          <ns3:TrackPointExtension>
            <ns3:atemp>28.0</ns3:atemp>
            <ns3:cad>63</ns3:cad>
          </ns3:TrackPointExtension>
        </extensions>
      </trkpt>
      <trkpt lat="43.769015260040760040283203125" lon="-110.74781142175197601318359375">
        <ele>2269.39990234375</ele>
        <time>2017-09-06T21:35:27.000Z</time>
        <extensions>
          <ns3:TrackPointExtension>
            <ns3:atemp>28.0</ns3:atemp>
            <ns3:cad>73</ns3:cad>
          </ns3:TrackPointExtension>
        </extensions>
      </trkpt>
      <trkpt lat="43.769038729369640350341796875" lon="-110.74778258800506591796875">
        <ele>2268.800048828125</ele>
        <time>2017-09-06T21:35:29.000Z</time>
        <extensions>
          <ns3:TrackPointExtension>
            <ns3:atemp>28.0</ns3:atemp>
            <ns3:cad>73</ns3:cad>
          </ns3:TrackPointExtension>
        </extensions>
      </trkpt>
      <trkpt lat="43.76906278543174266815185546875" lon="-110.74773573316633701324462890625">
        <ele>2268.199951171875</ele>
        <time>2017-09-06T21:35:31.000Z</time>
        <extensions>
          <ns3:TrackPointExtension>
            <ns3:atemp>28.0</ns3:atemp>
            <ns3:cad>73</ns3:cad>
          </ns3:TrackPointExtension>
        </extensions>
      </trkpt>
      <trkpt lat="43.76911525614559650421142578125" lon="-110.74767940677702426910400390625">
        <ele>2267.199951171875</ele>
        <time>2017-09-06T21:35:34.000Z</time>
        <extensions>
          <ns3:TrackPointExtension>
            <ns3:atemp>28.0</ns3:atemp>
            <ns3:cad>73</ns3:cad>
          </ns3:TrackPointExtension>
        </extensions>
      </trkpt>
      <trkpt lat="43.769145347177982330322265625" lon="-110.747648812830448150634765625">
        <ele>2266</ele>
        <time>2017-09-06T21:35:36.000Z</time>
        <extensions>
          <ns3:TrackPointExtension>
            <ns3:atemp>28.0</ns3:atemp>
            <ns3:cad>73</ns3:cad>
          </ns3:TrackPointExtension>
        </extensions>
      </trkpt>
      <trkpt lat="43.76913470216095447540283203125" lon="-110.74759860523045063018798828125">
        <ele>2265.199951171875</ele>
        <time>2017-09-06T21:35:40.000Z</time>
        <extensions>
          <ns3:TrackPointExtension>
            <ns3:atemp>28.0</ns3:atemp>
            <ns3:cad>73</ns3:cad>
          </ns3:TrackPointExtension>
        </extensions>
      </trkpt>
      <trkpt lat="43.76912958920001983642578125" lon="-110.747579745948314666748046875">
        <ele>2265</ele>
        <time>2017-09-06T21:35:41.000Z</time>
        <extensions>
          <ns3:TrackPointExtension>
            <ns3:atemp>28.0</ns3:atemp>
            <ns3:cad>73</ns3:cad>
          </ns3:TrackPointExtension>
        </extensions>
      </trkpt>
      <trkpt lat="43.76913000829517841339111328125" lon="-110.7475309632718563079833984375">
        <ele>2264.60009765625</ele>
        <time>2017-09-06T21:35:43.000Z</time>
        <extensions>
          <ns3:TrackPointExtension>
            <ns3:atemp>28.0</ns3:atemp>
            <ns3:cad>71</ns3:cad>
          </ns3:TrackPointExtension>
        </extensions>
      </trkpt>
      <trkpt lat="43.769142664968967437744140625" lon="-110.74749131686985492706298828125">
        <ele>2263.60009765625</ele>
        <time>2017-09-06T21:35:46.000Z</time>
        <extensions>
          <ns3:TrackPointExtension>
            <ns3:atemp>28.0</ns3:atemp>
            <ns3:cad>71</ns3:cad>
          </ns3:TrackPointExtension>
        </extensions>
      </trkpt>
      <trkpt lat="43.76916873268783092498779296875" lon="-110.747444629669189453125">
        <ele>2262.199951171875</ele>
        <time>2017-09-06T21:35:49.000Z</time>
        <extensions>
          <ns3:TrackPointExtension>
            <ns3:atemp>28.0</ns3:atemp>
            <ns3:cad>76</ns3:cad>
          </ns3:TrackPointExtension>
        </extensions>
      </trkpt>
      <trkpt lat="43.76915833912789821624755859375" lon="-110.74739760719239711761474609375">
        <ele>2260.60009765625</ele>
        <time>2017-09-06T21:35:51.000Z</time>
        <extensions>
          <ns3:TrackPointExtension>
            <ns3:atemp>28.0</ns3:atemp>
            <ns3:cad>67</ns3:cad>
          </ns3:TrackPointExtension>
        </extensions>
      </trkpt>
      <trkpt lat="43.7691046111285686492919921875" lon="-110.74733574874699115753173828125">
        <ele>2259.39990234375</ele>
        <time>2017-09-06T21:35:55.000Z</time>
        <extensions>
          <ns3:TrackPointExtension>
            <ns3:atemp>28.0</ns3:atemp>
            <ns3:cad>67</ns3:cad>
          </ns3:TrackPointExtension>
        </extensions>
      </trkpt>
      <trkpt lat="43.76906479708850383758544921875" lon="-110.7472483254969120025634765625">
        <ele>2258.39990234375</ele>
        <time>2017-09-06T21:35:58.000Z</time>
        <extensions>
          <ns3:TrackPointExtension>
            <ns3:atemp>28.0</ns3:atemp>
            <ns3:cad>67</ns3:cad>
          </ns3:TrackPointExtension>
        </extensions>
      </trkpt>
      <trkpt lat="43.7689505517482757568359375" lon="-110.74719560332596302032470703125">
        <ele>2257.199951171875</ele>
        <time>2017-09-06T21:36:04.000Z</time>
        <extensions>
          <ns3:TrackPointExtension>
            <ns3:atemp>28.0</ns3:atemp>
            <ns3:cad>65</ns3:cad>
          </ns3:TrackPointExtension>
        </extensions>
      </trkpt>
      <trkpt lat="43.76890671439468860626220703125" lon="-110.74716375209391117095947265625">
        <ele>2255.60009765625</ele>
        <time>2017-09-06T21:36:06.000Z</time>
        <extensions>
          <ns3:TrackPointExtension>
            <ns3:atemp>28.0</ns3:atemp>
            <ns3:cad>65</ns3:cad>
          </ns3:TrackPointExtension>
        </extensions>
      </trkpt>
      <trkpt lat="43.76886899583041667938232421875" lon="-110.74711429886519908905029296875">
        <ele>2254.199951171875</ele>
        <time>2017-09-06T21:36:08.000Z</time>
        <extensions>
          <ns3:TrackPointExtension>
            <ns3:atemp>28.0</ns3:atemp>
            <ns3:cad>65</ns3:cad>
          </ns3:TrackPointExtension>
        </extensions>
      </trkpt>
      <trkpt lat="43.768860362470149993896484375" lon="-110.74709795415401458740234375">
        <ele>2254</ele>
        <time>2017-09-06T21:36:09.000Z</time>
        <extensions>
          <ns3:TrackPointExtension>
            <ns3:atemp>28.0</ns3:atemp>
            <ns3:cad>65</ns3:cad>
          </ns3:TrackPointExtension>
        </extensions>
      </trkpt>
      <trkpt lat="43.76886648125946521759033203125" lon="-110.74702595360577106475830078125">
        <ele>2253.199951171875</ele>
        <time>2017-09-06T21:36:12.000Z</time>
        <extensions>
          <ns3:TrackPointExtension>
            <ns3:atemp>28.0</ns3:atemp>
            <ns3:cad>63</ns3:cad>
          </ns3:TrackPointExtension>
        </extensions>
      </trkpt>
      <trkpt lat="43.76886849291622638702392578125" lon="-110.74697867967188358306884765625">
        <ele>2251.800048828125</ele>
        <time>2017-09-06T21:36:14.000Z</time>
        <extensions>
          <ns3:TrackPointExtension>
            <ns3:atemp>28.0</ns3:atemp>
            <ns3:cad>84</ns3:cad>
          </ns3:TrackPointExtension>
        </extensions>
      </trkpt>
      <trkpt lat="43.76888643018901348114013671875" lon="-110.746951438486576080322265625">
        <ele>2251.199951171875</ele>
        <time>2017-09-06T21:36:16.000Z</time>
        <extensions>
          <ns3:TrackPointExtension>
            <ns3:atemp>28.0</ns3:atemp>
            <ns3:cad>84</ns3:cad>
          </ns3:TrackPointExtension>
        </extensions>
      </trkpt>
      <trkpt lat="43.76890554092824459075927734375" lon="-110.74694682843983173370361328125">
        <ele>2250.800048828125</ele>
        <time>2017-09-06T21:36:17.000Z</time>
        <extensions>
          <ns3:TrackPointExtension>
            <ns3:atemp>28.0</ns3:atemp>
            <ns3:cad>84</ns3:cad>
          </ns3:TrackPointExtension>
        </extensions>
      </trkpt>
      <trkpt lat="43.768923394381999969482421875" lon="-110.74694615788757801055908203125">
        <ele>2250.39990234375</ele>
        <time>2017-09-06T21:36:18.000Z</time>
        <extensions>
          <ns3:TrackPointExtension>
            <ns3:atemp>28.0</ns3:atemp>
            <ns3:cad>84</ns3:cad>
          </ns3:TrackPointExtension>
        </extensions>
      </trkpt>
      <trkpt lat="43.7689961493015289306640625" lon="-110.74693568050861358642578125">
        <ele>2249.60009765625</ele>
        <time>2017-09-06T21:36:21.000Z</time>
        <extensions>
          <ns3:TrackPointExtension>
            <ns3:atemp>28.0</ns3:atemp>
            <ns3:cad>84</ns3:cad>
          </ns3:TrackPointExtension>
        </extensions>
      </trkpt>
      <trkpt lat="43.769072256982326507568359375" lon="-110.746937692165374755859375">
        <ele>2248.199951171875</ele>
        <time>2017-09-06T21:36:23.000Z</time>
        <extensions>
          <ns3:TrackPointExtension>
            <ns3:atemp>28.0</ns3:atemp>
            <ns3:cad>93</ns3:cad>
          </ns3:TrackPointExtension>
        </extensions>
      </trkpt>
      <trkpt lat="43.76911274157464504241943359375" lon="-110.746893770992755889892578125">
        <ele>2246.800048828125</ele>
        <time>2017-09-06T21:36:25.000Z</time>
        <extensions>
          <ns3:TrackPointExtension>
            <ns3:atemp>28.0</ns3:atemp>
            <ns3:cad>93</ns3:cad>
          </ns3:TrackPointExtension>
        </extensions>
      </trkpt>
      <trkpt lat="43.7691490352153778076171875" lon="-110.746830403804779052734375">
        <ele>2245.199951171875</ele>
        <time>2017-09-06T21:36:27.000Z</time>
        <extensions>
          <ns3:TrackPointExtension>
            <ns3:atemp>28.0</ns3:atemp>
            <ns3:cad>93</ns3:cad>
          </ns3:TrackPointExtension>
        </extensions>
      </trkpt>
      <trkpt lat="43.769184909760951995849609375" lon="-110.746761672198772430419921875">
        <ele>2244</ele>
        <time>2017-09-06T21:36:30.000Z</time>
        <extensions>
          <ns3:TrackPointExtension>
            <ns3:atemp>28.0</ns3:atemp>
            <ns3:cad>81</ns3:cad>
          </ns3:TrackPointExtension>
        </extensions>
      </trkpt>
      <trkpt lat="43.769233860075473785400390625" lon="-110.74663083069026470184326171875">
        <ele>2243</ele>
        <time>2017-09-06T21:36:34.000Z</time>
        <extensions>
          <ns3:TrackPointExtension>
            <ns3:atemp>28.0</ns3:atemp>
            <ns3:cad>81</ns3:cad>
          </ns3:TrackPointExtension>
        </extensions>
      </trkpt>
      <trkpt lat="43.76922388561069965362548828125" lon="-110.746596716344356536865234375">
        <ele>2242.60009765625</ele>
        <time>2017-09-06T21:36:35.000Z</time>
        <extensions>
          <ns3:TrackPointExtension>
            <ns3:atemp>28.0</ns3:atemp>
            <ns3:cad>81</ns3:cad>
          </ns3:TrackPointExtension>
        </extensions>
      </trkpt>
      <trkpt lat="43.76922254450619220733642578125" lon="-110.74654935859143733978271484375">
        <ele>2242</ele>
        <time>2017-09-06T21:36:36.000Z</time>
        <extensions>
          <ns3:TrackPointExtension>
            <ns3:atemp>28.0</ns3:atemp>
            <ns3:cad>81</ns3:cad>
          </ns3:TrackPointExtension>
        </extensions>
      </trkpt>
      <trkpt lat="43.76922254450619220733642578125" lon="-110.7464624382555484771728515625">
        <ele>2241.199951171875</ele>
        <time>2017-09-06T21:36:38.000Z</time>
        <extensions>
          <ns3:TrackPointExtension>
            <ns3:atemp>28.0</ns3:atemp>
            <ns3:cad>81</ns3:cad>
          </ns3:TrackPointExtension>
        </extensions>
      </trkpt>
      <trkpt lat="43.76926529221236705780029296875" lon="-110.7463330216705799102783203125">
        <ele>2240.199951171875</ele>
        <time>2017-09-06T21:36:44.000Z</time>
        <extensions>
          <ns3:TrackPointExtension>
            <ns3:atemp>28.0</ns3:atemp>
            <ns3:cad>78</ns3:cad>
          </ns3:TrackPointExtension>
        </extensions>
      </trkpt>
      <trkpt lat="43.7692776136100292205810546875" lon="-110.7463068701326847076416015625">
        <ele>2239</ele>
        <time>2017-09-06T21:36:46.000Z</time>
        <extensions>
          <ns3:TrackPointExtension>
            <ns3:atemp>28.0</ns3:atemp>
            <ns3:cad>78</ns3:cad>
          </ns3:TrackPointExtension>
        </extensions>
      </trkpt>
      <trkpt lat="43.76927166245877742767333984375" lon="-110.74618273414671421051025390625">
        <ele>2238</ele>
        <time>2017-09-06T21:36:50.000Z</time>
        <extensions>
          <ns3:TrackPointExtension>
            <ns3:atemp>28.0</ns3:atemp>
            <ns3:cad>78</ns3:cad>
          </ns3:TrackPointExtension>
        </extensions>
      </trkpt>
      <trkpt lat="43.76927618868649005889892578125" lon="-110.74613177217543125152587890625">
        <ele>2237.39990234375</ele>
        <time>2017-09-06T21:36:52.000Z</time>
        <extensions>
          <ns3:TrackPointExtension>
            <ns3:atemp>28.0</ns3:atemp>
            <ns3:cad>78</ns3:cad>
          </ns3:TrackPointExtension>
        </extensions>
      </trkpt>
      <trkpt lat="43.76928113400936126708984375" lon="-110.74610880576074123382568359375">
        <ele>2237</ele>
        <time>2017-09-06T21:36:53.000Z</time>
        <extensions>
          <ns3:TrackPointExtension>
            <ns3:atemp>28.0</ns3:atemp>
            <ns3:cad>78</ns3:cad>
          </ns3:TrackPointExtension>
        </extensions>
      </trkpt>
      <trkpt lat="43.76928172074258327484130859375" lon="-110.74599581770598888397216796875">
        <ele>2235.39990234375</ele>
        <time>2017-09-06T21:36:56.000Z</time>
        <extensions>
          <ns3:TrackPointExtension>
            <ns3:atemp>28.0</ns3:atemp>
            <ns3:cad>79</ns3:cad>
          </ns3:TrackPointExtension>
        </extensions>
      </trkpt>
      <trkpt lat="43.76929630525410175323486328125" lon="-110.74586589820683002471923828125">
        <ele>2234.199951171875</ele>
        <time>2017-09-06T21:36:59.000Z</time>
        <extensions>
          <ns3:TrackPointExtension>
            <ns3:atemp>28.0</ns3:atemp>
            <ns3:cad>81</ns3:cad>
          </ns3:TrackPointExtension>
        </extensions>
      </trkpt>
      <trkpt lat="43.769214414060115814208984375" lon="-110.74570647440850734710693359375">
        <ele>2232.800048828125</ele>
        <time>2017-09-06T21:37:03.000Z</time>
        <extensions>
          <ns3:TrackPointExtension>
            <ns3:atemp>28.0</ns3:atemp>
            <ns3:cad>82</ns3:cad>
          </ns3:TrackPointExtension>
        </extensions>
      </trkpt>
      <trkpt lat="43.7691599316895008087158203125" lon="-110.7456369884312152862548828125">
        <ele>2231.39990234375</ele>
        <time>2017-09-06T21:37:06.000Z</time>
        <extensions>
          <ns3:TrackPointExtension>
            <ns3:atemp>28.0</ns3:atemp>
            <ns3:cad>82</ns3:cad>
          </ns3:TrackPointExtension>
        </extensions>
      </trkpt>
      <trkpt lat="43.76911492086946964263916015625" lon="-110.74552408419549465179443359375">
        <ele>2230.199951171875</ele>
        <time>2017-09-06T21:37:09.000Z</time>
        <extensions>
          <ns3:TrackPointExtension>
            <ns3:atemp>28.0</ns3:atemp>
            <ns3:cad>82</ns3:cad>
          </ns3:TrackPointExtension>
        </extensions>
      </trkpt>
      <trkpt lat="43.76903579570353031158447265625" lon="-110.74542970396578311920166015625">
        <ele>2229.199951171875</ele>
        <time>2017-09-06T21:37:14.000Z</time>
        <extensions>
          <ns3:TrackPointExtension>
            <ns3:atemp>28.0</ns3:atemp>
            <ns3:cad>82</ns3:cad>
          </ns3:TrackPointExtension>
        </extensions>
      </trkpt>
      <trkpt lat="43.769007883965969085693359375" lon="-110.74537086300551891326904296875">
        <ele>2227.800048828125</ele>
        <time>2017-09-06T21:37:18.000Z</time>
        <extensions>
          <ns3:TrackPointExtension>
            <ns3:atemp>28.0</ns3:atemp>
            <ns3:cad>82</ns3:cad>
          </ns3:TrackPointExtension>
        </extensions>
      </trkpt>
      <trkpt lat="43.7690258212387561798095703125" lon="-110.745199620723724365234375">
        <ele>2226.39990234375</ele>
        <time>2017-09-06T21:37:23.000Z</time>
        <extensions>
          <ns3:TrackPointExtension>
            <ns3:atemp>28.0</ns3:atemp>
            <ns3:cad>79</ns3:cad>
          </ns3:TrackPointExtension>
        </extensions>
      </trkpt>
      <trkpt lat="43.76900218427181243896484375" lon="-110.74508654884994029998779296875">
        <ele>2224.800048828125</ele>
        <time>2017-09-06T21:37:26.000Z</time>
        <extensions>
          <ns3:TrackPointExtension>
            <ns3:atemp>28.0</ns3:atemp>
            <ns3:cad>81</ns3:cad>
          </ns3:TrackPointExtension>
        </extensions>
      </trkpt>
      <trkpt lat="43.76895499415695667266845703125" lon="-110.7450043223798274993896484375">
        <ele>2223.800048828125</ele>
        <time>2017-09-06T21:37:30.000Z</time>
        <extensions>
          <ns3:TrackPointExtension>
            <ns3:atemp>28.0</ns3:atemp>
            <ns3:cad>81</ns3:cad>
          </ns3:TrackPointExtension>
        </extensions>
      </trkpt>
      <trkpt lat="43.7689584307372570037841796875" lon="-110.74499619193375110626220703125">
        <ele>2223.60009765625</ele>
        <time>2017-09-06T21:37:31.000Z</time>
        <extensions>
          <ns3:TrackPointExtension>
            <ns3:atemp>28.0</ns3:atemp>
            <ns3:cad>81</ns3:cad>
          </ns3:TrackPointExtension>
        </extensions>
      </trkpt>
      <trkpt lat="43.76895801164209842681884765625" lon="-110.7449734769761562347412109375">
        <ele>2223.199951171875</ele>
        <time>2017-09-06T21:37:33.000Z</time>
        <extensions>
          <ns3:TrackPointExtension>
            <ns3:atemp>28.0</ns3:atemp>
            <ns3:cad>81</ns3:cad>
          </ns3:TrackPointExtension>
        </extensions>
      </trkpt>
      <trkpt lat="43.76895398832857608795166015625" lon="-110.744958557188510894775390625">
        <ele>2222.60009765625</ele>
        <time>2017-09-06T21:37:34.000Z</time>
        <extensions>
          <ns3:TrackPointExtension>
            <ns3:atemp>28.0</ns3:atemp>
            <ns3:cad>81</ns3:cad>
          </ns3:TrackPointExtension>
        </extensions>
      </trkpt>
      <trkpt lat="43.76895390450954437255859375" lon="-110.74494590051472187042236328125">
        <ele>2221.800048828125</ele>
        <time>2017-09-06T21:37:35.000Z</time>
        <extensions>
          <ns3:TrackPointExtension>
            <ns3:atemp>28.0</ns3:atemp>
            <ns3:cad>81</ns3:cad>
          </ns3:TrackPointExtension>
        </extensions>
      </trkpt>
      <trkpt lat="43.76895616762340068817138671875" lon="-110.74493634514510631561279296875">
        <ele>2221.199951171875</ele>
        <time>2017-09-06T21:37:36.000Z</time>
        <extensions>
          <ns3:TrackPointExtension>
            <ns3:atemp>28.0</ns3:atemp>
            <ns3:cad>81</ns3:cad>
          </ns3:TrackPointExtension>
        </extensions>
      </trkpt>
      <trkpt lat="43.76896454952657222747802734375" lon="-110.74489477090537548065185546875">
        <ele>2220.800048828125</ele>
        <time>2017-09-06T21:37:38.000Z</time>
        <extensions>
          <ns3:TrackPointExtension>
            <ns3:atemp>28.0</ns3:atemp>
            <ns3:cad>81</ns3:cad>
          </ns3:TrackPointExtension>
        </extensions>
      </trkpt>
      <trkpt lat="43.76896421425044536590576171875" lon="-110.74485168792307376861572265625">
        <ele>2220.199951171875</ele>
        <time>2017-09-06T21:37:40.000Z</time>
        <extensions>
          <ns3:TrackPointExtension>
            <ns3:atemp>28.0</ns3:atemp>
            <ns3:cad>81</ns3:cad>
          </ns3:TrackPointExtension>
        </extensions>
      </trkpt>
      <trkpt lat="43.76896874047815799713134765625" lon="-110.74482335709035396575927734375">
        <ele>2219.800048828125</ele>
        <time>2017-09-06T21:37:41.000Z</time>
        <extensions>
          <ns3:TrackPointExtension>
            <ns3:atemp>28.0</ns3:atemp>
            <ns3:cad>81</ns3:cad>
          </ns3:TrackPointExtension>
        </extensions>
      </trkpt>
      <trkpt lat="43.76897075213491916656494140625" lon="-110.7448039948940277099609375">
        <ele>2219.39990234375</ele>
        <time>2017-09-06T21:37:42.000Z</time>
        <extensions>
          <ns3:TrackPointExtension>
            <ns3:atemp>28.0</ns3:atemp>
            <ns3:cad>81</ns3:cad>
          </ns3:TrackPointExtension>
        </extensions>
      </trkpt>
      <trkpt lat="43.76897695474326610565185546875" lon="-110.7447887398302555084228515625">
        <ele>2218.800048828125</ele>
        <time>2017-09-06T21:37:43.000Z</time>
        <extensions>
          <ns3:TrackPointExtension>
            <ns3:atemp>28.0</ns3:atemp>
            <ns3:cad>81</ns3:cad>
          </ns3:TrackPointExtension>
        </extensions>
      </trkpt>
      <trkpt lat="43.76898349262773990631103515625" lon="-110.74476770125329494476318359375">
        <ele>2218.199951171875</ele>
        <time>2017-09-06T21:37:44.000Z</time>
        <extensions>
          <ns3:TrackPointExtension>
            <ns3:atemp>28.0</ns3:atemp>
            <ns3:cad>81</ns3:cad>
          </ns3:TrackPointExtension>
        </extensions>
      </trkpt>
      <trkpt lat="43.76898013986647129058837890625" lon="-110.74474523775279521942138671875">
        <ele>2217.60009765625</ele>
        <time>2017-09-06T21:37:45.000Z</time>
        <extensions>
          <ns3:TrackPointExtension>
            <ns3:atemp>28.0</ns3:atemp>
            <ns3:cad>81</ns3:cad>
          </ns3:TrackPointExtension>
        </extensions>
      </trkpt>
      <trkpt lat="43.76896471716463565826416015625" lon="-110.7446832954883575439453125">
        <ele>2216.60009765625</ele>
        <time>2017-09-06T21:37:48.000Z</time>
        <extensions>
          <ns3:TrackPointExtension>
            <ns3:atemp>28.0</ns3:atemp>
            <ns3:cad>66</ns3:cad>
          </ns3:TrackPointExtension>
        </extensions>
      </trkpt>
      <trkpt lat="43.76895482651889324188232421875" lon="-110.7446680404245853424072265625">
        <ele>2216.39990234375</ele>
        <time>2017-09-06T21:37:49.000Z</time>
        <extensions>
          <ns3:TrackPointExtension>
            <ns3:atemp>28.0</ns3:atemp>
            <ns3:cad>65</ns3:cad>
          </ns3:TrackPointExtension>
        </extensions>
      </trkpt>
      <trkpt lat="43.7687663175165653228759765625" lon="-110.7445674575865268707275390625">
        <ele>2215.199951171875</ele>
        <time>2017-09-06T21:37:57.000Z</time>
        <extensions>
          <ns3:TrackPointExtension>
            <ns3:atemp>28.0</ns3:atemp>
            <ns3:cad>75</ns3:cad>
          </ns3:TrackPointExtension>
        </extensions>
      </trkpt>
      <trkpt lat="43.76859222538769245147705078125" lon="-110.7445275597274303436279296875">
        <ele>2215.199951171875</ele>
        <time>2017-09-06T21:38:04.000Z</time>
        <extensions>
          <ns3:TrackPointExtension>
            <ns3:atemp>28.0</ns3:atemp>
            <ns3:cad>75</ns3:cad>
          </ns3:TrackPointExtension>
        </extensions>
      </trkpt>
      <trkpt lat="43.76852952875196933746337890625" lon="-110.74457533657550811767578125">
        <ele>2215</ele>
        <time>2017-09-06T21:38:07.000Z</time>
        <extensions>
          <ns3:TrackPointExtension>
            <ns3:atemp>28.0</ns3:atemp>
            <ns3:cad>74</ns3:cad>
          </ns3:TrackPointExtension>
        </extensions>
      </trkpt>
      <trkpt lat="43.76842282712459564208984375" lon="-110.7446167431771755218505859375">
        <ele>2214.199951171875</ele>
        <time>2017-09-06T21:38:14.000Z</time>
        <extensions>
          <ns3:TrackPointExtension>
            <ns3:atemp>27.0</ns3:atemp>
            <ns3:cad>74</ns3:cad>
          </ns3:TrackPointExtension>
        </extensions>
      </trkpt>
      <trkpt lat="43.76839675940573215484619140625" lon="-110.74463166296482086181640625">
        <ele>2214.39990234375</ele>
        <time>2017-09-06T21:38:16.000Z</time>
        <extensions>
          <ns3:TrackPointExtension>
            <ns3:atemp>27.0</ns3:atemp>
            <ns3:cad>74</ns3:cad>
          </ns3:TrackPointExtension>
        </extensions>
      </trkpt>
      <trkpt lat="43.76836591400206089019775390625" lon="-110.74470282532274723052978515625">
        <ele>2214.800048828125</ele>
        <time>2017-09-06T21:38:20.000Z</time>
        <extensions>
          <ns3:TrackPointExtension>
            <ns3:atemp>27.0</ns3:atemp>
            <ns3:cad>58</ns3:cad>
          </ns3:TrackPointExtension>
        </extensions>
      </trkpt>
      <trkpt lat="43.76835384406149387359619140625" lon="-110.7447491772472858428955078125">
        <ele>2214.39990234375</ele>
        <time>2017-09-06T21:38:23.000Z</time>
        <extensions>
          <ns3:TrackPointExtension>
            <ns3:atemp>27.0</ns3:atemp>
            <ns3:cad>58</ns3:cad>
          </ns3:TrackPointExtension>
        </extensions>
      </trkpt>
      <trkpt lat="43.768339343369007110595703125" lon="-110.74477876536548137664794921875">
        <ele>2214</ele>
        <time>2017-09-06T21:38:25.000Z</time>
        <extensions>
          <ns3:TrackPointExtension>
            <ns3:atemp>27.0</ns3:atemp>
            <ns3:cad>58</ns3:cad>
          </ns3:TrackPointExtension>
        </extensions>
      </trkpt>
      <trkpt lat="43.76832065172493457794189453125" lon="-110.74481229297816753387451171875">
        <ele>2213.800048828125</ele>
        <time>2017-09-06T21:38:28.000Z</time>
        <extensions>
          <ns3:TrackPointExtension>
            <ns3:atemp>27.0</ns3:atemp>
            <ns3:cad>58</ns3:cad>
          </ns3:TrackPointExtension>
        </extensions>
      </trkpt>
      <trkpt lat="43.76820179633796215057373046875" lon="-110.7448138855397701263427734375">
        <ele>2213.39990234375</ele>
        <time>2017-09-06T21:38:33.000Z</time>
        <extensions>
          <ns3:TrackPointExtension>
            <ns3:atemp>27.0</ns3:atemp>
            <ns3:cad>62</ns3:cad>
          </ns3:TrackPointExtension>
        </extensions>
      </trkpt>
      <trkpt lat="43.7680169753730297088623046875" lon="-110.74479217641055583953857421875">
        <ele>2213.800048828125</ele>
        <time>2017-09-06T21:38:39.000Z</time>
        <extensions>
          <ns3:TrackPointExtension>
            <ns3:atemp>28.0</ns3:atemp>
            <ns3:cad>74</ns3:cad>
          </ns3:TrackPointExtension>
        </extensions>
      </trkpt>
      <trkpt lat="43.76787708140909671783447265625" lon="-110.74475764296948909759521484375">
        <ele>2212.800048828125</ele>
        <time>2017-09-06T21:38:44.000Z</time>
        <extensions>
          <ns3:TrackPointExtension>
            <ns3:atemp>28.0</ns3:atemp>
            <ns3:cad>70</ns3:cad>
          </ns3:TrackPointExtension>
        </extensions>
      </trkpt>
      <trkpt lat="43.76769351772964000701904296875" lon="-110.74472344480454921722412109375">
        <ele>2211.800048828125</ele>
        <time>2017-09-06T21:38:51.000Z</time>
        <extensions>
          <ns3:TrackPointExtension>
            <ns3:atemp>28.0</ns3:atemp>
            <ns3:cad>74</ns3:cad>
          </ns3:TrackPointExtension>
        </extensions>
      </trkpt>
      <trkpt lat="43.7675073556602001190185546875" lon="-110.7446683757007122039794921875">
        <ele>2211</ele>
        <time>2017-09-06T21:39:02.000Z</time>
        <extensions>
          <ns3:TrackPointExtension>
            <ns3:atemp>27.0</ns3:atemp>
            <ns3:cad>63</ns3:cad>
          </ns3:TrackPointExtension>
        </extensions>
      </trkpt>
      <trkpt lat="43.76732186414301395416259765625" lon="-110.74465186335146427154541015625">
        <ele>2211.199951171875</ele>
        <time>2017-09-06T21:39:14.000Z</time>
        <extensions>
          <ns3:TrackPointExtension>
            <ns3:atemp>27.0</ns3:atemp>
            <ns3:cad>61</ns3:cad>
          </ns3:TrackPointExtension>
        </extensions>
      </trkpt>
      <trkpt lat="43.7672639451920986175537109375" lon="-110.74452781118452548980712890625">
        <ele>2211.39990234375</ele>
        <time>2017-09-06T21:39:22.000Z</time>
        <extensions>
          <ns3:TrackPointExtension>
            <ns3:atemp>28.0</ns3:atemp>
            <ns3:cad>61</ns3:cad>
          </ns3:TrackPointExtension>
        </extensions>
      </trkpt>
      <trkpt lat="43.7672344408929347991943359375" lon="-110.74429680593311786651611328125">
        <ele>2210.800048828125</ele>
        <time>2017-09-06T21:39:34.000Z</time>
        <extensions>
          <ns3:TrackPointExtension>
            <ns3:atemp>28.0</ns3:atemp>
            <ns3:cad>61</ns3:cad>
          </ns3:TrackPointExtension>
        </extensions>
      </trkpt>
      <trkpt lat="43.76722413115203380584716796875" lon="-110.744254477322101593017578125">
        <ele>2210.39990234375</ele>
        <time>2017-09-06T21:39:38.000Z</time>
        <extensions>
          <ns3:TrackPointExtension>
            <ns3:atemp>28.0</ns3:atemp>
            <ns3:cad>60</ns3:cad>
          </ns3:TrackPointExtension>
        </extensions>
      </trkpt>
      <trkpt lat="43.767223544418811798095703125" lon="-110.74422941543161869049072265625">
        <ele>2209.800048828125</ele>
        <time>2017-09-06T21:39:40.000Z</time>
        <extensions>
          <ns3:TrackPointExtension>
            <ns3:atemp>28.0</ns3:atemp>
            <ns3:cad>0</ns3:cad>
          </ns3:TrackPointExtension>
        </extensions>
      </trkpt>
    </trkseg>
  </trk>
</gpx>
