<?xml version="1.0" encoding="UTF-8"?>
<gpx creator="Garmin Connect" version="1.1"
  xsi:schemaLocation="http://www.topografix.com/GPX/1/1 http://www.topografix.com/GPX/11.xsd"
  xmlns:ns3="http://www.garmin.com/xmlschemas/TrackPointExtension/v1"
  xmlns="http://www.topografix.com/GPX/1/1"
  xmlns:xsi="http://www.w3.org/2001/XMLSchema-instance" xmlns:ns2="http://www.garmin.com/xmlschemas/GpxExtensions/v3">
  <metadata>
    <link href="connect.garmin.com">
      <text>Garmin Connect</text>
    </link>
    <time>2017-09-02T19:03:07.000Z</time>
  </metadata>
  <trk>
    <name>Dubois Hiking</name>
    <type>hiking</type>
    <trkseg>
      <trkpt lat="43.16566717810928821563720703125" lon="-109.6389005519449710845947265625">
        <ele>3893.60009765625</ele>
        <time>2017-09-02T19:03:20.000Z</time>
        <extensions>
          <ns3:TrackPointExtension>
            <ns3:atemp>27.0</ns3:atemp>
            <ns3:cad>0</ns3:cad>
          </ns3:TrackPointExtension>
        </extensions>
      </trkpt>
      <trkpt lat="43.16573490388691425323486328125" lon="-109.638859815895557403564453125">
        <ele>3892.60009765625</ele>
        <time>2017-09-02T19:03:56.000Z</time>
        <extensions>
          <ns3:TrackPointExtension>
            <ns3:atemp>27.0</ns3:atemp>
            <ns3:cad>61</ns3:cad>
          </ns3:TrackPointExtension>
        </extensions>
      </trkpt>
      <trkpt lat="43.16575753502547740936279296875" lon="-109.638881273567676544189453125">
        <ele>3891.39990234375</ele>
        <time>2017-09-02T19:04:09.000Z</time>
        <extensions>
          <ns3:TrackPointExtension>
            <ns3:atemp>27.0</ns3:atemp>
            <ns3:cad>0</ns3:cad>
          </ns3:TrackPointExtension>
        </extensions>
      </trkpt>
      <trkpt lat="43.165775723755359649658203125" lon="-109.63883492164313793182373046875">
        <ele>3890.39990234375</ele>
        <time>2017-09-02T19:04:28.000Z</time>
        <extensions>
          <ns3:TrackPointExtension>
            <ns3:atemp>27.0</ns3:atemp>
            <ns3:cad>0</ns3:cad>
          </ns3:TrackPointExtension>
        </extensions>
      </trkpt>
      <trkpt lat="43.16583573818206787109375" lon="-109.63880759663879871368408203125">
        <ele>3889.199951171875</ele>
        <time>2017-09-02T19:05:17.000Z</time>
        <extensions>
          <ns3:TrackPointExtension>
            <ns3:atemp>27.0</ns3:atemp>
            <ns3:cad>0</ns3:cad>
          </ns3:TrackPointExtension>
        </extensions>
      </trkpt>
      <trkpt lat="43.16586599685251712799072265625" lon="-109.638837017118930816650390625">
        <ele>3888.199951171875</ele>
        <time>2017-09-02T19:05:31.000Z</time>
        <extensions>
          <ns3:TrackPointExtension>
            <ns3:atemp>28.0</ns3:atemp>
            <ns3:cad>0</ns3:cad>
          </ns3:TrackPointExtension>
        </extensions>
      </trkpt>
      <trkpt lat="43.1658821739256381988525390625" lon="-109.63884095661342144012451171875">
        <ele>3887.199951171875</ele>
        <time>2017-09-02T19:05:38.000Z</time>
        <extensions>
          <ns3:TrackPointExtension>
            <ns3:atemp>28.0</ns3:atemp>
            <ns3:cad>0</ns3:cad>
          </ns3:TrackPointExtension>
        </extensions>
      </trkpt>
      <trkpt lat="43.1659043021500110626220703125" lon="-109.6388526074588298797607421875">
        <ele>3886</ele>
        <time>2017-09-02T19:05:56.000Z</time>
        <extensions>
          <ns3:TrackPointExtension>
            <ns3:atemp>27.0</ns3:atemp>
            <ns3:cad>0</ns3:cad>
          </ns3:TrackPointExtension>
        </extensions>
      </trkpt>
      <trkpt lat="43.16588929854333400726318359375" lon="-109.63885956443846225738525390625">
        <ele>3885</ele>
        <time>2017-09-02T19:06:15.000Z</time>
        <extensions>
          <ns3:TrackPointExtension>
            <ns3:atemp>27.0</ns3:atemp>
            <ns3:cad>0</ns3:cad>
          </ns3:TrackPointExtension>
        </extensions>
      </trkpt>
      <trkpt lat="43.1659094989299774169921875" lon="-109.63890465907752513885498046875">
        <ele>3883.800048828125</ele>
        <time>2017-09-02T19:06:26.000Z</time>
        <extensions>
          <ns3:TrackPointExtension>
            <ns3:atemp>27.0</ns3:atemp>
            <ns3:cad>61</ns3:cad>
          </ns3:TrackPointExtension>
        </extensions>
      </trkpt>
      <trkpt lat="43.16592232324182987213134765625" lon="-109.63889124803245067596435546875">
        <ele>3882.800048828125</ele>
        <time>2017-09-02T19:06:33.000Z</time>
        <extensions>
          <ns3:TrackPointExtension>
            <ns3:atemp>27.0</ns3:atemp>
            <ns3:cad>0</ns3:cad>
          </ns3:TrackPointExtension>
        </extensions>
      </trkpt>
      <trkpt lat="43.1659609638154506683349609375" lon="-109.63887414894998073577880859375">
        <ele>3881.800048828125</ele>
        <time>2017-09-02T19:06:43.000Z</time>
        <extensions>
          <ns3:TrackPointExtension>
            <ns3:atemp>27.0</ns3:atemp>
            <ns3:cad>0</ns3:cad>
          </ns3:TrackPointExtension>
        </extensions>
      </trkpt>
      <trkpt lat="43.16597051918506622314453125" lon="-109.638884961605072021484375">
        <ele>3880.800048828125</ele>
        <time>2017-09-02T19:06:52.000Z</time>
        <extensions>
          <ns3:TrackPointExtension>
            <ns3:atemp>27.0</ns3:atemp>
            <ns3:cad>0</ns3:cad>
          </ns3:TrackPointExtension>
        </extensions>
      </trkpt>
      <trkpt lat="43.1660301983356475830078125" lon="-109.63894103653728961944580078125">
        <ele>3879.60009765625</ele>
        <time>2017-09-02T19:07:08.000Z</time>
        <extensions>
          <ns3:TrackPointExtension>
            <ns3:atemp>28.0</ns3:atemp>
            <ns3:cad>0</ns3:cad>
          </ns3:TrackPointExtension>
        </extensions>
      </trkpt>
      <trkpt lat="43.166026510298252105712890625" lon="-109.638935588300228118896484375">
        <ele>3878.39990234375</ele>
        <time>2017-09-02T19:07:12.000Z</time>
        <extensions>
          <ns3:TrackPointExtension>
            <ns3:atemp>28.0</ns3:atemp>
            <ns3:cad>0</ns3:cad>
          </ns3:TrackPointExtension>
        </extensions>
      </trkpt>
      <trkpt lat="43.16604486666619777679443359375" lon="-109.6389173157513141632080078125">
        <ele>3879.60009765625</ele>
        <time>2017-09-02T19:08:09.000Z</time>
        <extensions>
          <ns3:TrackPointExtension>
            <ns3:atemp>28.0</ns3:atemp>
            <ns3:cad>0</ns3:cad>
          </ns3:TrackPointExtension>
        </extensions>
      </trkpt>
      <trkpt lat="43.1660447828471660614013671875" lon="-109.63891907595098018646240234375">
        <ele>3880.800048828125</ele>
        <time>2017-09-02T19:08:12.000Z</time>
        <extensions>
          <ns3:TrackPointExtension>
            <ns3:atemp>28.0</ns3:atemp>
            <ns3:cad>0</ns3:cad>
          </ns3:TrackPointExtension>
        </extensions>
      </trkpt>
      <trkpt lat="43.16602860577404499053955078125" lon="-109.638925530016422271728515625">
        <ele>3880.60009765625</ele>
        <time>2017-09-02T19:08:25.000Z</time>
        <extensions>
          <ns3:TrackPointExtension>
            <ns3:atemp>28.0</ns3:atemp>
            <ns3:cad>61</ns3:cad>
          </ns3:TrackPointExtension>
        </extensions>
      </trkpt>
      <trkpt lat="43.16602014005184173583984375" lon="-109.63892578147351741790771484375">
        <ele>3879.800048828125</ele>
        <time>2017-09-02T19:08:31.000Z</time>
        <extensions>
          <ns3:TrackPointExtension>
            <ns3:atemp>28.0</ns3:atemp>
            <ns3:cad>61</ns3:cad>
          </ns3:TrackPointExtension>
        </extensions>
      </trkpt>
      <trkpt lat="43.16597429104149341583251953125" lon="-109.63897556997835636138916015625">
        <ele>3878.800048828125</ele>
        <time>2017-09-02T19:08:48.000Z</time>
        <extensions>
          <ns3:TrackPointExtension>
            <ns3:atemp>28.0</ns3:atemp>
            <ns3:cad>61</ns3:cad>
          </ns3:TrackPointExtension>
        </extensions>
      </trkpt>
      <trkpt lat="43.16599440760910511016845703125" lon="-109.63899820111691951751708984375">
        <ele>3877.800048828125</ele>
        <time>2017-09-02T19:08:54.000Z</time>
        <extensions>
          <ns3:TrackPointExtension>
            <ns3:atemp>28.0</ns3:atemp>
            <ns3:cad>61</ns3:cad>
          </ns3:TrackPointExtension>
        </extensions>
      </trkpt>
      <trkpt lat="43.1660042144358158111572265625" lon="-109.63902770541608333587646484375">
        <ele>3876.60009765625</ele>
        <time>2017-09-02T19:09:01.000Z</time>
        <extensions>
          <ns3:TrackPointExtension>
            <ns3:atemp>28.0</ns3:atemp>
            <ns3:cad>61</ns3:cad>
          </ns3:TrackPointExtension>
        </extensions>
      </trkpt>
      <trkpt lat="43.16600731573998928070068359375" lon="-109.63907070457935333251953125">
        <ele>3875.60009765625</ele>
        <time>2017-09-02T19:09:08.000Z</time>
        <extensions>
          <ns3:TrackPointExtension>
            <ns3:atemp>28.0</ns3:atemp>
            <ns3:cad>0</ns3:cad>
          </ns3:TrackPointExtension>
        </extensions>
      </trkpt>
      <trkpt lat="43.1660409271717071533203125" lon="-109.63907212950289249420166015625">
        <ele>3874.39990234375</ele>
        <time>2017-09-02T19:09:19.000Z</time>
        <extensions>
          <ns3:TrackPointExtension>
            <ns3:atemp>28.0</ns3:atemp>
            <ns3:cad>0</ns3:cad>
          </ns3:TrackPointExtension>
        </extensions>
      </trkpt>
      <trkpt lat="43.1660186313092708587646484375" lon="-109.63911135680973529815673828125">
        <ele>3871.800048828125</ele>
        <time>2017-09-02T19:09:28.000Z</time>
        <extensions>
          <ns3:TrackPointExtension>
            <ns3:atemp>28.0</ns3:atemp>
            <ns3:cad>0</ns3:cad>
          </ns3:TrackPointExtension>
        </extensions>
      </trkpt>
      <trkpt lat="43.16601921804249286651611328125" lon="-109.639113955199718475341796875">
        <ele>3869.800048828125</ele>
        <time>2017-09-02T19:09:29.000Z</time>
        <extensions>
          <ns3:TrackPointExtension>
            <ns3:atemp>28.0</ns3:atemp>
            <ns3:cad>61</ns3:cad>
          </ns3:TrackPointExtension>
        </extensions>
      </trkpt>
      <trkpt lat="43.16601603291928768157958984375" lon="-109.63912309147417545318603515625">
        <ele>3868.199951171875</ele>
        <time>2017-09-02T19:09:31.000Z</time>
        <extensions>
          <ns3:TrackPointExtension>
            <ns3:atemp>28.0</ns3:atemp>
            <ns3:cad>61</ns3:cad>
          </ns3:TrackPointExtension>
        </extensions>
      </trkpt>
      <trkpt lat="43.1660149432718753814697265625" lon="-109.63913968764245510101318359375">
        <ele>3867.199951171875</ele>
        <time>2017-09-02T19:09:37.000Z</time>
        <extensions>
          <ns3:TrackPointExtension>
            <ns3:atemp>29.0</ns3:atemp>
            <ns3:cad>0</ns3:cad>
          </ns3:TrackPointExtension>
        </extensions>
      </trkpt>
      <trkpt lat="43.1660239957273006439208984375" lon="-109.63919601403176784515380859375">
        <ele>3866.199951171875</ele>
        <time>2017-09-02T19:09:49.000Z</time>
        <extensions>
          <ns3:TrackPointExtension>
            <ns3:atemp>29.0</ns3:atemp>
            <ns3:cad>0</ns3:cad>
          </ns3:TrackPointExtension>
        </extensions>
      </trkpt>
      <trkpt lat="43.16603413783013820648193359375" lon="-109.639215208590030670166015625">
        <ele>3865.199951171875</ele>
        <time>2017-09-02T19:09:59.000Z</time>
        <extensions>
          <ns3:TrackPointExtension>
            <ns3:atemp>29.0</ns3:atemp>
            <ns3:cad>0</ns3:cad>
          </ns3:TrackPointExtension>
        </extensions>
      </trkpt>
      <trkpt lat="43.16604704596102237701416015625" lon="-109.6392613090574741363525390625">
        <ele>3864</ele>
        <time>2017-09-02T19:10:08.000Z</time>
        <extensions>
          <ns3:TrackPointExtension>
            <ns3:atemp>29.0</ns3:atemp>
            <ns3:cad>0</ns3:cad>
          </ns3:TrackPointExtension>
        </extensions>
      </trkpt>
      <trkpt lat="43.1660726107656955718994140625" lon="-109.6392582915723323822021484375">
        <ele>3862</ele>
        <time>2017-09-02T19:10:20.000Z</time>
        <extensions>
          <ns3:TrackPointExtension>
            <ns3:atemp>29.0</ns3:atemp>
            <ns3:cad>0</ns3:cad>
          </ns3:TrackPointExtension>
        </extensions>
      </trkpt>
      <trkpt lat="43.1660749576985836029052734375" lon="-109.6392626501619815826416015625">
        <ele>3860.800048828125</ele>
        <time>2017-09-02T19:10:21.000Z</time>
        <extensions>
          <ns3:TrackPointExtension>
            <ns3:atemp>29.0</ns3:atemp>
            <ns3:cad>0</ns3:cad>
          </ns3:TrackPointExtension>
        </extensions>
      </trkpt>
      <trkpt lat="43.166080154478549957275390625" lon="-109.63927547447383403778076171875">
        <ele>3859.60009765625</ele>
        <time>2017-09-02T19:10:24.000Z</time>
        <extensions>
          <ns3:TrackPointExtension>
            <ns3:atemp>29.0</ns3:atemp>
            <ns3:cad>0</ns3:cad>
          </ns3:TrackPointExtension>
        </extensions>
      </trkpt>
      <trkpt lat="43.1660917215049266815185546875" lon="-109.639269523322582244873046875">
        <ele>3858.60009765625</ele>
        <time>2017-09-02T19:10:42.000Z</time>
        <extensions>
          <ns3:TrackPointExtension>
            <ns3:atemp>29.0</ns3:atemp>
            <ns3:cad>61</ns3:cad>
          </ns3:TrackPointExtension>
        </extensions>
      </trkpt>
      <trkpt lat="43.1660786457359790802001953125" lon="-109.6392965130507946014404296875">
        <ele>3857.60009765625</ele>
        <time>2017-09-02T19:10:51.000Z</time>
        <extensions>
          <ns3:TrackPointExtension>
            <ns3:atemp>29.0</ns3:atemp>
            <ns3:cad>61</ns3:cad>
          </ns3:TrackPointExtension>
        </extensions>
      </trkpt>
      <trkpt lat="43.166112340986728668212890625" lon="-109.63930732570588588714599609375">
        <ele>3856.39990234375</ele>
        <time>2017-09-02T19:11:16.000Z</time>
        <extensions>
          <ns3:TrackPointExtension>
            <ns3:atemp>29.0</ns3:atemp>
            <ns3:cad>0</ns3:cad>
          </ns3:TrackPointExtension>
        </extensions>
      </trkpt>
      <trkpt lat="43.16612734459340572357177734375" lon="-109.639337919652462005615234375">
        <ele>3855.39990234375</ele>
        <time>2017-09-02T19:11:35.000Z</time>
        <extensions>
          <ns3:TrackPointExtension>
            <ns3:atemp>28.0</ns3:atemp>
            <ns3:cad>61</ns3:cad>
          </ns3:TrackPointExtension>
        </extensions>
      </trkpt>
      <trkpt lat="43.16614695824682712554931640625" lon="-109.63933481834828853607177734375">
        <ele>3854.199951171875</ele>
        <time>2017-09-02T19:11:47.000Z</time>
        <extensions>
          <ns3:TrackPointExtension>
            <ns3:atemp>28.0</ns3:atemp>
            <ns3:cad>0</ns3:cad>
          </ns3:TrackPointExtension>
        </extensions>
      </trkpt>
      <trkpt lat="43.1661611236631870269775390625" lon="-109.63935635983943939208984375">
        <ele>3853.199951171875</ele>
        <time>2017-09-02T19:11:54.000Z</time>
        <extensions>
          <ns3:TrackPointExtension>
            <ns3:atemp>28.0</ns3:atemp>
            <ns3:cad>0</ns3:cad>
          </ns3:TrackPointExtension>
        </extensions>
      </trkpt>
      <trkpt lat="43.166193477809429168701171875" lon="-109.639349989593029022216796875">
        <ele>3852.199951171875</ele>
        <time>2017-09-02T19:12:12.000Z</time>
        <extensions>
          <ns3:TrackPointExtension>
            <ns3:atemp>28.0</ns3:atemp>
            <ns3:cad>0</ns3:cad>
          </ns3:TrackPointExtension>
        </extensions>
      </trkpt>
      <trkpt lat="43.16618735902011394500732421875" lon="-109.6393422782421112060546875">
        <ele>3851</ele>
        <time>2017-09-02T19:12:18.000Z</time>
        <extensions>
          <ns3:TrackPointExtension>
            <ns3:atemp>28.0</ns3:atemp>
            <ns3:cad>0</ns3:cad>
          </ns3:TrackPointExtension>
        </extensions>
      </trkpt>
      <trkpt lat="43.16619238816201686859130859375" lon="-109.6393491514027118682861328125">
        <ele>3850</ele>
        <time>2017-09-02T19:12:26.000Z</time>
        <extensions>
          <ns3:TrackPointExtension>
            <ns3:atemp>28.0</ns3:atemp>
            <ns3:cad>0</ns3:cad>
          </ns3:TrackPointExtension>
        </extensions>
      </trkpt>
      <trkpt lat="43.1661902926862239837646484375" lon="-109.63937086053192615509033203125">
        <ele>3849</ele>
        <time>2017-09-02T19:12:33.000Z</time>
        <extensions>
          <ns3:TrackPointExtension>
            <ns3:atemp>28.0</ns3:atemp>
            <ns3:cad>0</ns3:cad>
          </ns3:TrackPointExtension>
        </extensions>
      </trkpt>
      <trkpt lat="43.1662100739777088165283203125" lon="-109.639417044818401336669921875">
        <ele>3848</ele>
        <time>2017-09-02T19:12:57.000Z</time>
        <extensions>
          <ns3:TrackPointExtension>
            <ns3:atemp>28.0</ns3:atemp>
            <ns3:cad>0</ns3:cad>
          </ns3:TrackPointExtension>
        </extensions>
      </trkpt>
      <trkpt lat="43.166235722601413726806640625" lon="-109.63943037204444408416748046875">
        <ele>3847</ele>
        <time>2017-09-02T19:13:06.000Z</time>
        <extensions>
          <ns3:TrackPointExtension>
            <ns3:atemp>28.0</ns3:atemp>
            <ns3:cad>61</ns3:cad>
          </ns3:TrackPointExtension>
        </extensions>
      </trkpt>
      <trkpt lat="43.16626262851059436798095703125" lon="-109.63945451192557811737060546875">
        <ele>3845.800048828125</ele>
        <time>2017-09-02T19:13:13.000Z</time>
        <extensions>
          <ns3:TrackPointExtension>
            <ns3:atemp>28.0</ns3:atemp>
            <ns3:cad>0</ns3:cad>
          </ns3:TrackPointExtension>
        </extensions>
      </trkpt>
      <trkpt lat="43.16625458188354969024658203125" lon="-109.63947395794093608856201171875">
        <ele>3844.60009765625</ele>
        <time>2017-09-02T19:13:21.000Z</time>
        <extensions>
          <ns3:TrackPointExtension>
            <ns3:atemp>28.0</ns3:atemp>
            <ns3:cad>0</ns3:cad>
          </ns3:TrackPointExtension>
        </extensions>
      </trkpt>
      <trkpt lat="43.1662617065012454986572265625" lon="-109.639491140842437744140625">
        <ele>3843.60009765625</ele>
        <time>2017-09-02T19:13:32.000Z</time>
        <extensions>
          <ns3:TrackPointExtension>
            <ns3:atemp>28.0</ns3:atemp>
            <ns3:cad>0</ns3:cad>
          </ns3:TrackPointExtension>
        </extensions>
      </trkpt>
      <trkpt lat="43.16627025604248046875" lon="-109.63951050303876399993896484375">
        <ele>3842.39990234375</ele>
        <time>2017-09-02T19:13:42.000Z</time>
        <extensions>
          <ns3:TrackPointExtension>
            <ns3:atemp>28.0</ns3:atemp>
            <ns3:cad>0</ns3:cad>
          </ns3:TrackPointExtension>
        </extensions>
      </trkpt>
      <trkpt lat="43.1662965752184391021728515625" lon="-109.63953950442373752593994140625">
        <ele>3841.199951171875</ele>
        <time>2017-09-02T19:13:56.000Z</time>
        <extensions>
          <ns3:TrackPointExtension>
            <ns3:atemp>28.0</ns3:atemp>
            <ns3:cad>0</ns3:cad>
          </ns3:TrackPointExtension>
        </extensions>
      </trkpt>
      <trkpt lat="43.16630738787353038787841796875" lon="-109.639537744224071502685546875">
        <ele>3840.199951171875</ele>
        <time>2017-09-02T19:14:01.000Z</time>
        <extensions>
          <ns3:TrackPointExtension>
            <ns3:atemp>28.0</ns3:atemp>
            <ns3:cad>0</ns3:cad>
          </ns3:TrackPointExtension>
        </extensions>
      </trkpt>
      <trkpt lat="43.16633102484047412872314453125" lon="-109.63953598402440547943115234375">
        <ele>3839.199951171875</ele>
        <time>2017-09-02T19:14:06.000Z</time>
        <extensions>
          <ns3:TrackPointExtension>
            <ns3:atemp>28.0</ns3:atemp>
            <ns3:cad>58</ns3:cad>
          </ns3:TrackPointExtension>
        </extensions>
      </trkpt>
      <trkpt lat="43.16634066402912139892578125" lon="-109.6395523287355899810791015625">
        <ele>3838</ele>
        <time>2017-09-02T19:14:14.000Z</time>
        <extensions>
          <ns3:TrackPointExtension>
            <ns3:atemp>28.0</ns3:atemp>
            <ns3:cad>0</ns3:cad>
          </ns3:TrackPointExtension>
        </extensions>
      </trkpt>
      <trkpt lat="43.1663482077419757843017578125" lon="-109.63959063403308391571044921875">
        <ele>3837</ele>
        <time>2017-09-02T19:14:24.000Z</time>
        <extensions>
          <ns3:TrackPointExtension>
            <ns3:atemp>28.0</ns3:atemp>
            <ns3:cad>0</ns3:cad>
          </ns3:TrackPointExtension>
        </extensions>
      </trkpt>
      <trkpt lat="43.16634007729589939117431640625" lon="-109.639641009271144866943359375">
        <ele>3835.800048828125</ele>
        <time>2017-09-02T19:14:30.000Z</time>
        <extensions>
          <ns3:TrackPointExtension>
            <ns3:atemp>28.0</ns3:atemp>
            <ns3:cad>0</ns3:cad>
          </ns3:TrackPointExtension>
        </extensions>
      </trkpt>
      <trkpt lat="43.16634812392294406890869140625" lon="-109.63967126794159412384033203125">
        <ele>3834.800048828125</ele>
        <time>2017-09-02T19:14:42.000Z</time>
        <extensions>
          <ns3:TrackPointExtension>
            <ns3:atemp>28.0</ns3:atemp>
            <ns3:cad>0</ns3:cad>
          </ns3:TrackPointExtension>
        </extensions>
      </trkpt>
      <trkpt lat="43.16629850305616855621337890625" lon="-109.6396964974701404571533203125">
        <ele>3834.60009765625</ele>
        <time>2017-09-02T19:14:48.000Z</time>
        <extensions>
          <ns3:TrackPointExtension>
            <ns3:atemp>28.0</ns3:atemp>
            <ns3:cad>61</ns3:cad>
          </ns3:TrackPointExtension>
        </extensions>
      </trkpt>
      <trkpt lat="43.16630856133997440338134765625" lon="-109.639775790274143218994140625">
        <ele>3833.800048828125</ele>
        <time>2017-09-02T19:15:05.000Z</time>
        <extensions>
          <ns3:TrackPointExtension>
            <ns3:atemp>28.0</ns3:atemp>
            <ns3:cad>0</ns3:cad>
          </ns3:TrackPointExtension>
        </extensions>
      </trkpt>
      <trkpt lat="43.16636069677770137786865234375" lon="-109.6397982537746429443359375">
        <ele>3832.800048828125</ele>
        <time>2017-09-02T19:15:19.000Z</time>
        <extensions>
          <ns3:TrackPointExtension>
            <ns3:atemp>28.0</ns3:atemp>
            <ns3:cad>0</ns3:cad>
          </ns3:TrackPointExtension>
        </extensions>
      </trkpt>
      <trkpt lat="43.1663217209279537200927734375" lon="-109.6398403309285640716552734375">
        <ele>3831.60009765625</ele>
        <time>2017-09-02T19:15:32.000Z</time>
        <extensions>
          <ns3:TrackPointExtension>
            <ns3:atemp>28.0</ns3:atemp>
            <ns3:cad>0</ns3:cad>
          </ns3:TrackPointExtension>
        </extensions>
      </trkpt>
      <trkpt lat="43.16630872897803783416748046875" lon="-109.639865644276142120361328125">
        <ele>3830.60009765625</ele>
        <time>2017-09-02T19:15:56.000Z</time>
        <extensions>
          <ns3:TrackPointExtension>
            <ns3:atemp>28.0</ns3:atemp>
            <ns3:cad>61</ns3:cad>
          </ns3:TrackPointExtension>
        </extensions>
      </trkpt>
      <trkpt lat="43.16635298542678356170654296875" lon="-109.63989414274692535400390625">
        <ele>3830.199951171875</ele>
        <time>2017-09-02T19:16:01.000Z</time>
        <extensions>
          <ns3:TrackPointExtension>
            <ns3:atemp>28.0</ns3:atemp>
            <ns3:cad>61</ns3:cad>
          </ns3:TrackPointExtension>
        </extensions>
      </trkpt>
      <trkpt lat="43.166367821395397186279296875" lon="-109.63989623822271823883056640625">
        <ele>3829.60009765625</ele>
        <time>2017-09-02T19:16:06.000Z</time>
        <extensions>
          <ns3:TrackPointExtension>
            <ns3:atemp>28.0</ns3:atemp>
            <ns3:cad>0</ns3:cad>
          </ns3:TrackPointExtension>
        </extensions>
      </trkpt>
      <trkpt lat="43.166371844708919525146484375" lon="-109.63990914635360240936279296875">
        <ele>3828.39990234375</ele>
        <time>2017-09-02T19:16:11.000Z</time>
        <extensions>
          <ns3:TrackPointExtension>
            <ns3:atemp>28.0</ns3:atemp>
            <ns3:cad>0</ns3:cad>
          </ns3:TrackPointExtension>
        </extensions>
      </trkpt>
      <trkpt lat="43.1663884408771991729736328125" lon="-109.6399399079382419586181640625">
        <ele>3827.199951171875</ele>
        <time>2017-09-02T19:16:18.000Z</time>
        <extensions>
          <ns3:TrackPointExtension>
            <ns3:atemp>28.0</ns3:atemp>
            <ns3:cad>0</ns3:cad>
          </ns3:TrackPointExtension>
        </extensions>
      </trkpt>
      <trkpt lat="43.166397996246814727783203125" lon="-109.63993898592889308929443359375">
        <ele>3826.199951171875</ele>
        <time>2017-09-02T19:16:23.000Z</time>
        <extensions>
          <ns3:TrackPointExtension>
            <ns3:atemp>28.0</ns3:atemp>
            <ns3:cad>0</ns3:cad>
          </ns3:TrackPointExtension>
        </extensions>
      </trkpt>
      <trkpt lat="43.16643261350691318511962890625" lon="-109.63992901146411895751953125">
        <ele>3825</ele>
        <time>2017-09-02T19:16:39.000Z</time>
        <extensions>
          <ns3:TrackPointExtension>
            <ns3:atemp>28.0</ns3:atemp>
            <ns3:cad>0</ns3:cad>
          </ns3:TrackPointExtension>
        </extensions>
      </trkpt>
      <trkpt lat="43.16644434817135334014892578125" lon="-109.639936052262783050537109375">
        <ele>3824</ele>
        <time>2017-09-02T19:16:44.000Z</time>
        <extensions>
          <ns3:TrackPointExtension>
            <ns3:atemp>28.0</ns3:atemp>
            <ns3:cad>0</ns3:cad>
          </ns3:TrackPointExtension>
        </extensions>
      </trkpt>
      <trkpt lat="43.1664823181927204132080078125" lon="-109.63995457626879215240478515625">
        <ele>3823</ele>
        <time>2017-09-02T19:16:53.000Z</time>
        <extensions>
          <ns3:TrackPointExtension>
            <ns3:atemp>28.0</ns3:atemp>
            <ns3:cad>61</ns3:cad>
          </ns3:TrackPointExtension>
        </extensions>
      </trkpt>
      <trkpt lat="43.166478462517261505126953125" lon="-109.6399536542594432830810546875">
        <ele>3822.800048828125</ele>
        <time>2017-09-02T19:16:54.000Z</time>
        <extensions>
          <ns3:TrackPointExtension>
            <ns3:atemp>28.0</ns3:atemp>
            <ns3:cad>58</ns3:cad>
          </ns3:TrackPointExtension>
        </extensions>
      </trkpt>
      <trkpt lat="43.16647745668888092041015625" lon="-109.6399563364684581756591796875">
        <ele>3821.800048828125</ele>
        <time>2017-09-02T19:17:00.000Z</time>
        <extensions>
          <ns3:TrackPointExtension>
            <ns3:atemp>28.0</ns3:atemp>
            <ns3:cad>0</ns3:cad>
          </ns3:TrackPointExtension>
        </extensions>
      </trkpt>
      <trkpt lat="43.16648139618337154388427734375" lon="-109.64000679552555084228515625">
        <ele>3820.800048828125</ele>
        <time>2017-09-02T19:17:14.000Z</time>
        <extensions>
          <ns3:TrackPointExtension>
            <ns3:atemp>28.0</ns3:atemp>
            <ns3:cad>0</ns3:cad>
          </ns3:TrackPointExtension>
        </extensions>
      </trkpt>
      <trkpt lat="43.1665057875216007232666015625" lon="-109.6400034427642822265625">
        <ele>3819.60009765625</ele>
        <time>2017-09-02T19:17:20.000Z</time>
        <extensions>
          <ns3:TrackPointExtension>
            <ns3:atemp>28.0</ns3:atemp>
            <ns3:cad>0</ns3:cad>
          </ns3:TrackPointExtension>
        </extensions>
      </trkpt>
      <trkpt lat="43.166509978473186492919921875" lon="-109.640023894608020782470703125">
        <ele>3818.60009765625</ele>
        <time>2017-09-02T19:17:40.000Z</time>
        <extensions>
          <ns3:TrackPointExtension>
            <ns3:atemp>29.0</ns3:atemp>
            <ns3:cad>0</ns3:cad>
          </ns3:TrackPointExtension>
        </extensions>
      </trkpt>
      <trkpt lat="43.16652565263211727142333984375" lon="-109.64002129621803760528564453125">
        <ele>3819.60009765625</ele>
        <time>2017-09-02T19:17:43.000Z</time>
        <extensions>
          <ns3:TrackPointExtension>
            <ns3:atemp>29.0</ns3:atemp>
            <ns3:cad>0</ns3:cad>
          </ns3:TrackPointExtension>
        </extensions>
      </trkpt>
      <trkpt lat="43.166519366204738616943359375" lon="-109.64002833701670169830322265625">
        <ele>3818.199951171875</ele>
        <time>2017-09-02T19:17:44.000Z</time>
        <extensions>
          <ns3:TrackPointExtension>
            <ns3:atemp>29.0</ns3:atemp>
            <ns3:cad>0</ns3:cad>
          </ns3:TrackPointExtension>
        </extensions>
      </trkpt>
      <trkpt lat="43.16652967594563961029052734375" lon="-109.640018530189990997314453125">
        <ele>3816.800048828125</ele>
        <time>2017-09-02T19:17:46.000Z</time>
        <extensions>
          <ns3:TrackPointExtension>
            <ns3:atemp>29.0</ns3:atemp>
            <ns3:cad>0</ns3:cad>
          </ns3:TrackPointExtension>
        </extensions>
      </trkpt>
      <trkpt lat="43.16651157103478908538818359375" lon="-109.6399365551769733428955078125">
        <ele>3817</ele>
        <time>2017-09-02T19:18:29.000Z</time>
        <extensions>
          <ns3:TrackPointExtension>
            <ns3:atemp>29.0</ns3:atemp>
            <ns3:cad>0</ns3:cad>
          </ns3:TrackPointExtension>
        </extensions>
      </trkpt>
      <trkpt lat="43.16649128682911396026611328125" lon="-109.6400270797312259674072265625">
        <ele>3819</ele>
        <time>2017-09-02T19:19:49.000Z</time>
        <extensions>
          <ns3:TrackPointExtension>
            <ns3:atemp>30.0</ns3:atemp>
            <ns3:cad>0</ns3:cad>
          </ns3:TrackPointExtension>
        </extensions>
      </trkpt>
      <trkpt lat="43.16648474894464015960693359375" lon="-109.64004074223339557647705078125">
        <ele>3820</ele>
        <time>2017-09-02T19:19:53.000Z</time>
        <extensions>
          <ns3:TrackPointExtension>
            <ns3:atemp>30.0</ns3:atemp>
            <ns3:cad>0</ns3:cad>
          </ns3:TrackPointExtension>
        </extensions>
      </trkpt>
      <trkpt lat="43.166479803621768951416015625" lon="-109.639998413622379302978515625">
        <ele>3821.39990234375</ele>
        <time>2017-09-02T19:20:06.000Z</time>
        <extensions>
          <ns3:TrackPointExtension>
            <ns3:atemp>30.0</ns3:atemp>
            <ns3:cad>0</ns3:cad>
          </ns3:TrackPointExtension>
        </extensions>
      </trkpt>
      <trkpt lat="43.1664839945733547210693359375" lon="-109.64000000618398189544677734375">
        <ele>3821</ele>
        <time>2017-09-02T19:20:20.000Z</time>
        <extensions>
          <ns3:TrackPointExtension>
            <ns3:atemp>30.0</ns3:atemp>
            <ns3:cad>0</ns3:cad>
          </ns3:TrackPointExtension>
        </extensions>
      </trkpt>
      <trkpt lat="43.16644535399973392486572265625" lon="-109.6399901993572711944580078125">
        <ele>3820.199951171875</ele>
        <time>2017-09-02T19:20:49.000Z</time>
        <extensions>
          <ns3:TrackPointExtension>
            <ns3:atemp>30.0</ns3:atemp>
            <ns3:cad>0</ns3:cad>
          </ns3:TrackPointExtension>
        </extensions>
      </trkpt>
      <trkpt lat="43.16647519357502460479736328125" lon="-109.6400119923055171966552734375">
        <ele>3821.800048828125</ele>
        <time>2017-09-02T19:21:10.000Z</time>
        <extensions>
          <ns3:TrackPointExtension>
            <ns3:atemp>30.0</ns3:atemp>
            <ns3:cad>0</ns3:cad>
          </ns3:TrackPointExtension>
        </extensions>
      </trkpt>
      <trkpt lat="43.1664729304611682891845703125" lon="-109.64011249132454395294189453125">
        <ele>3820.800048828125</ele>
        <time>2017-09-02T19:21:51.000Z</time>
        <extensions>
          <ns3:TrackPointExtension>
            <ns3:atemp>30.0</ns3:atemp>
            <ns3:cad>0</ns3:cad>
          </ns3:TrackPointExtension>
        </extensions>
      </trkpt>
      <trkpt lat="43.1665735132992267608642578125" lon="-109.6402155049145221710205078125">
        <ele>3819.800048828125</ele>
        <time>2017-09-02T19:22:52.000Z</time>
        <extensions>
          <ns3:TrackPointExtension>
            <ns3:atemp>30.0</ns3:atemp>
            <ns3:cad>0</ns3:cad>
          </ns3:TrackPointExtension>
        </extensions>
      </trkpt>
      <trkpt lat="43.1665772013366222381591796875" lon="-109.64024811051785945892333984375">
        <ele>3812.60009765625</ele>
        <time>2017-09-02T19:22:55.000Z</time>
        <extensions>
          <ns3:TrackPointExtension>
            <ns3:atemp>30.0</ns3:atemp>
            <ns3:cad>61</ns3:cad>
          </ns3:TrackPointExtension>
        </extensions>
      </trkpt>
      <trkpt lat="43.16657669842243194580078125" lon="-109.64025624096393585205078125">
        <ele>3811.199951171875</ele>
        <time>2017-09-02T19:22:59.000Z</time>
        <extensions>
          <ns3:TrackPointExtension>
            <ns3:atemp>30.0</ns3:atemp>
            <ns3:cad>61</ns3:cad>
          </ns3:TrackPointExtension>
        </extensions>
      </trkpt>
      <trkpt lat="43.16661416552960872650146484375" lon="-109.64032622985541820526123046875">
        <ele>3810.199951171875</ele>
        <time>2017-09-02T19:23:13.000Z</time>
        <extensions>
          <ns3:TrackPointExtension>
            <ns3:atemp>30.0</ns3:atemp>
            <ns3:cad>61</ns3:cad>
          </ns3:TrackPointExtension>
        </extensions>
      </trkpt>
      <trkpt lat="43.16658734343945980072021484375" lon="-109.64031684212386608123779296875">
        <ele>3809</ele>
        <time>2017-09-02T19:23:18.000Z</time>
        <extensions>
          <ns3:TrackPointExtension>
            <ns3:atemp>30.0</ns3:atemp>
            <ns3:cad>54</ns3:cad>
          </ns3:TrackPointExtension>
        </extensions>
      </trkpt>
      <trkpt lat="43.16654585301876068115234375" lon="-109.6403301693499088287353515625">
        <ele>3808</ele>
        <time>2017-09-02T19:23:23.000Z</time>
        <extensions>
          <ns3:TrackPointExtension>
            <ns3:atemp>30.0</ns3:atemp>
            <ns3:cad>0</ns3:cad>
          </ns3:TrackPointExtension>
        </extensions>
      </trkpt>
      <trkpt lat="43.1665312685072422027587890625" lon="-109.640360511839389801025390625">
        <ele>3807</ele>
        <time>2017-09-02T19:23:29.000Z</time>
        <extensions>
          <ns3:TrackPointExtension>
            <ns3:atemp>30.0</ns3:atemp>
            <ns3:cad>61</ns3:cad>
          </ns3:TrackPointExtension>
        </extensions>
      </trkpt>
      <trkpt lat="43.1665825657546520233154296875" lon="-109.64046319015324115753173828125">
        <ele>3806</ele>
        <time>2017-09-02T19:23:46.000Z</time>
        <extensions>
          <ns3:TrackPointExtension>
            <ns3:atemp>30.0</ns3:atemp>
            <ns3:cad>61</ns3:cad>
          </ns3:TrackPointExtension>
        </extensions>
      </trkpt>
      <trkpt lat="43.16658834926784038543701171875" lon="-109.64047391898930072784423828125">
        <ele>3805.60009765625</ele>
        <time>2017-09-02T19:23:48.000Z</time>
        <extensions>
          <ns3:TrackPointExtension>
            <ns3:atemp>30.0</ns3:atemp>
            <ns3:cad>61</ns3:cad>
          </ns3:TrackPointExtension>
        </extensions>
      </trkpt>
      <trkpt lat="43.166603185236454010009765625" lon="-109.64048045687377452850341796875">
        <ele>3804.800048828125</ele>
        <time>2017-09-02T19:23:52.000Z</time>
        <extensions>
          <ns3:TrackPointExtension>
            <ns3:atemp>30.0</ns3:atemp>
            <ns3:cad>0</ns3:cad>
          </ns3:TrackPointExtension>
        </extensions>
      </trkpt>
      <trkpt lat="43.16661559045314788818359375" lon="-109.6404689736664295196533203125">
        <ele>3803.800048828125</ele>
        <time>2017-09-02T19:23:57.000Z</time>
        <extensions>
          <ns3:TrackPointExtension>
            <ns3:atemp>30.0</ns3:atemp>
            <ns3:cad>0</ns3:cad>
          </ns3:TrackPointExtension>
        </extensions>
      </trkpt>
      <trkpt lat="43.16662925295531749725341796875" lon="-109.64046947658061981201171875">
        <ele>3802.800048828125</ele>
        <time>2017-09-02T19:24:02.000Z</time>
        <extensions>
          <ns3:TrackPointExtension>
            <ns3:atemp>30.0</ns3:atemp>
            <ns3:cad>0</ns3:cad>
          </ns3:TrackPointExtension>
        </extensions>
      </trkpt>
      <trkpt lat="43.16665037535130977630615234375" lon="-109.64048800058662891387939453125">
        <ele>3801.800048828125</ele>
        <time>2017-09-02T19:24:09.000Z</time>
        <extensions>
          <ns3:TrackPointExtension>
            <ns3:atemp>30.0</ns3:atemp>
            <ns3:cad>61</ns3:cad>
          </ns3:TrackPointExtension>
        </extensions>
      </trkpt>
      <trkpt lat="43.1666804663836956024169921875" lon="-109.640542231500148773193359375">
        <ele>3800.60009765625</ele>
        <time>2017-09-02T19:24:16.000Z</time>
        <extensions>
          <ns3:TrackPointExtension>
            <ns3:atemp>30.0</ns3:atemp>
            <ns3:cad>45</ns3:cad>
          </ns3:TrackPointExtension>
        </extensions>
      </trkpt>
      <trkpt lat="43.16670636646449565887451171875" lon="-109.64056293480098247528076171875">
        <ele>3799.60009765625</ele>
        <time>2017-09-02T19:24:21.000Z</time>
        <extensions>
          <ns3:TrackPointExtension>
            <ns3:atemp>30.0</ns3:atemp>
            <ns3:cad>0</ns3:cad>
          </ns3:TrackPointExtension>
        </extensions>
      </trkpt>
      <trkpt lat="43.16670401953160762786865234375" lon="-109.6406614221632480621337890625">
        <ele>3798.39990234375</ele>
        <time>2017-09-02T19:24:27.000Z</time>
        <extensions>
          <ns3:TrackPointExtension>
            <ns3:atemp>30.0</ns3:atemp>
            <ns3:cad>0</ns3:cad>
          </ns3:TrackPointExtension>
        </extensions>
      </trkpt>
      <trkpt lat="43.16667057573795318603515625" lon="-109.64066871441900730133056640625">
        <ele>3797.39990234375</ele>
        <time>2017-09-02T19:24:39.000Z</time>
        <extensions>
          <ns3:TrackPointExtension>
            <ns3:atemp>30.0</ns3:atemp>
            <ns3:cad>61</ns3:cad>
          </ns3:TrackPointExtension>
        </extensions>
      </trkpt>
      <trkpt lat="43.1666834838688373565673828125" lon="-109.6406966261565685272216796875">
        <ele>3796.39990234375</ele>
        <time>2017-09-02T19:24:53.000Z</time>
        <extensions>
          <ns3:TrackPointExtension>
            <ns3:atemp>30.0</ns3:atemp>
            <ns3:cad>0</ns3:cad>
          </ns3:TrackPointExtension>
        </extensions>
      </trkpt>
      <trkpt lat="43.16671022213995456695556640625" lon="-109.64071515016257762908935546875">
        <ele>3795.39990234375</ele>
        <time>2017-09-02T19:25:06.000Z</time>
        <extensions>
          <ns3:TrackPointExtension>
            <ns3:atemp>30.0</ns3:atemp>
            <ns3:cad>0</ns3:cad>
          </ns3:TrackPointExtension>
        </extensions>
      </trkpt>
      <trkpt lat="43.166739307343959808349609375" lon="-109.64069318957626819610595703125">
        <ele>3794.199951171875</ele>
        <time>2017-09-02T19:25:22.000Z</time>
        <extensions>
          <ns3:TrackPointExtension>
            <ns3:atemp>30.0</ns3:atemp>
            <ns3:cad>0</ns3:cad>
          </ns3:TrackPointExtension>
        </extensions>
      </trkpt>
      <trkpt lat="43.16677174530923366546630859375" lon="-109.6407727338373661041259765625">
        <ele>3793</ele>
        <time>2017-09-02T19:25:37.000Z</time>
        <extensions>
          <ns3:TrackPointExtension>
            <ns3:atemp>30.0</ns3:atemp>
            <ns3:cad>61</ns3:cad>
          </ns3:TrackPointExtension>
        </extensions>
      </trkpt>
      <trkpt lat="43.166769482195377349853515625" lon="-109.64075219817459583282470703125">
        <ele>3792</ele>
        <time>2017-09-02T19:25:49.000Z</time>
        <extensions>
          <ns3:TrackPointExtension>
            <ns3:atemp>30.0</ns3:atemp>
            <ns3:cad>0</ns3:cad>
          </ns3:TrackPointExtension>
        </extensions>
      </trkpt>
      <trkpt lat="43.16676403395831584930419921875" lon="-109.6407687105238437652587890625">
        <ele>3793</ele>
        <time>2017-09-02T19:26:03.000Z</time>
        <extensions>
          <ns3:TrackPointExtension>
            <ns3:atemp>30.0</ns3:atemp>
            <ns3:cad>0</ns3:cad>
          </ns3:TrackPointExtension>
        </extensions>
      </trkpt>
      <trkpt lat="43.16676822490990161895751953125" lon="-109.64076292701065540313720703125">
        <ele>3791.800048828125</ele>
        <time>2017-09-02T19:26:04.000Z</time>
        <extensions>
          <ns3:TrackPointExtension>
            <ns3:atemp>30.0</ns3:atemp>
            <ns3:cad>0</ns3:cad>
          </ns3:TrackPointExtension>
        </extensions>
      </trkpt>
      <trkpt lat="43.16677442751824855804443359375" lon="-109.64075982570648193359375">
        <ele>3790.60009765625</ele>
        <time>2017-09-02T19:26:06.000Z</time>
        <extensions>
          <ns3:TrackPointExtension>
            <ns3:atemp>30.0</ns3:atemp>
            <ns3:cad>0</ns3:cad>
          </ns3:TrackPointExtension>
        </extensions>
      </trkpt>
      <trkpt lat="43.1667911075055599212646484375" lon="-109.64073711074888706207275390625">
        <ele>3789.199951171875</ele>
        <time>2017-09-02T19:26:10.000Z</time>
        <extensions>
          <ns3:TrackPointExtension>
            <ns3:atemp>30.0</ns3:atemp>
            <ns3:cad>0</ns3:cad>
          </ns3:TrackPointExtension>
        </extensions>
      </trkpt>
      <trkpt lat="43.166785575449466705322265625" lon="-109.64074264280498027801513671875">
        <ele>3788.199951171875</ele>
        <time>2017-09-02T19:26:13.000Z</time>
        <extensions>
          <ns3:TrackPointExtension>
            <ns3:atemp>30.0</ns3:atemp>
            <ns3:cad>0</ns3:cad>
          </ns3:TrackPointExtension>
        </extensions>
      </trkpt>
      <trkpt lat="43.1667773611843585968017578125" lon="-109.64079762808978557586669921875">
        <ele>3787.199951171875</ele>
        <time>2017-09-02T19:26:33.000Z</time>
        <extensions>
          <ns3:TrackPointExtension>
            <ns3:atemp>30.0</ns3:atemp>
            <ns3:cad>0</ns3:cad>
          </ns3:TrackPointExtension>
        </extensions>
      </trkpt>
      <trkpt lat="43.16678163595497608184814453125" lon="-109.64080533944070339202880859375">
        <ele>3786.199951171875</ele>
        <time>2017-09-02T19:26:38.000Z</time>
        <extensions>
          <ns3:TrackPointExtension>
            <ns3:atemp>30.0</ns3:atemp>
            <ns3:cad>0</ns3:cad>
          </ns3:TrackPointExtension>
        </extensions>
      </trkpt>
      <trkpt lat="43.16682321019470691680908203125" lon="-109.64083559811115264892578125">
        <ele>3785.199951171875</ele>
        <time>2017-09-02T19:26:58.000Z</time>
        <extensions>
          <ns3:TrackPointExtension>
            <ns3:atemp>30.0</ns3:atemp>
            <ns3:cad>0</ns3:cad>
          </ns3:TrackPointExtension>
        </extensions>
      </trkpt>
      <trkpt lat="43.1668320111930370330810546875" lon="-109.64085294865071773529052734375">
        <ele>3784</ele>
        <time>2017-09-02T19:27:05.000Z</time>
        <extensions>
          <ns3:TrackPointExtension>
            <ns3:atemp>30.0</ns3:atemp>
            <ns3:cad>0</ns3:cad>
          </ns3:TrackPointExtension>
        </extensions>
      </trkpt>
      <trkpt lat="43.1668326817452907562255859375" lon="-109.640837609767913818359375">
        <ele>3782.800048828125</ele>
        <time>2017-09-02T19:27:11.000Z</time>
        <extensions>
          <ns3:TrackPointExtension>
            <ns3:atemp>30.0</ns3:atemp>
            <ns3:cad>61</ns3:cad>
          </ns3:TrackPointExtension>
        </extensions>
      </trkpt>
      <trkpt lat="43.1668031774461269378662109375" lon="-109.64090759865939617156982421875">
        <ele>3781.800048828125</ele>
        <time>2017-09-02T19:27:26.000Z</time>
        <extensions>
          <ns3:TrackPointExtension>
            <ns3:atemp>30.0</ns3:atemp>
            <ns3:cad>0</ns3:cad>
          </ns3:TrackPointExtension>
        </extensions>
      </trkpt>
      <trkpt lat="43.16681633703410625457763671875" lon="-109.6409068442881107330322265625">
        <ele>3781.60009765625</ele>
        <time>2017-09-02T19:27:28.000Z</time>
        <extensions>
          <ns3:TrackPointExtension>
            <ns3:atemp>30.0</ns3:atemp>
            <ns3:cad>61</ns3:cad>
          </ns3:TrackPointExtension>
        </extensions>
      </trkpt>
      <trkpt lat="43.1668174266815185546875" lon="-109.64092251844704151153564453125">
        <ele>3781.199951171875</ele>
        <time>2017-09-02T19:27:32.000Z</time>
        <extensions>
          <ns3:TrackPointExtension>
            <ns3:atemp>30.0</ns3:atemp>
            <ns3:cad>0</ns3:cad>
          </ns3:TrackPointExtension>
        </extensions>
      </trkpt>
      <trkpt lat="43.1668175943195819854736328125" lon="-109.6409086883068084716796875">
        <ele>3780.800048828125</ele>
        <time>2017-09-02T19:27:35.000Z</time>
        <extensions>
          <ns3:TrackPointExtension>
            <ns3:atemp>30.0</ns3:atemp>
            <ns3:cad>61</ns3:cad>
          </ns3:TrackPointExtension>
        </extensions>
      </trkpt>
      <trkpt lat="43.1668348610401153564453125" lon="-109.640900306403636932373046875">
        <ele>3779.60009765625</ele>
        <time>2017-09-02T19:28:06.000Z</time>
        <extensions>
          <ns3:TrackPointExtension>
            <ns3:atemp>30.0</ns3:atemp>
            <ns3:cad>61</ns3:cad>
          </ns3:TrackPointExtension>
        </extensions>
      </trkpt>
      <trkpt lat="43.166854642331600189208984375" lon="-109.64084624312818050384521484375">
        <ele>3778.60009765625</ele>
        <time>2017-09-02T19:28:33.000Z</time>
        <extensions>
          <ns3:TrackPointExtension>
            <ns3:atemp>29.0</ns3:atemp>
            <ns3:cad>0</ns3:cad>
          </ns3:TrackPointExtension>
        </extensions>
      </trkpt>
      <trkpt lat="43.16686243750154972076416015625" lon="-109.64084674604237079620361328125">
        <ele>3777.60009765625</ele>
        <time>2017-09-02T19:28:41.000Z</time>
        <extensions>
          <ns3:TrackPointExtension>
            <ns3:atemp>29.0</ns3:atemp>
            <ns3:cad>0</ns3:cad>
          </ns3:TrackPointExtension>
        </extensions>
      </trkpt>
      <trkpt lat="43.16693452186882495880126953125" lon="-109.64086317457258701324462890625">
        <ele>3776.60009765625</ele>
        <time>2017-09-02T19:28:55.000Z</time>
        <extensions>
          <ns3:TrackPointExtension>
            <ns3:atemp>29.0</ns3:atemp>
            <ns3:cad>61</ns3:cad>
          </ns3:TrackPointExtension>
        </extensions>
      </trkpt>
      <trkpt lat="43.16692882217466831207275390625" lon="-109.640884883701801300048828125">
        <ele>3776.199951171875</ele>
        <time>2017-09-02T19:28:58.000Z</time>
        <extensions>
          <ns3:TrackPointExtension>
            <ns3:atemp>29.0</ns3:atemp>
            <ns3:cad>0</ns3:cad>
          </ns3:TrackPointExtension>
        </extensions>
      </trkpt>
      <trkpt lat="43.166944496333599090576171875" lon="-109.640903659164905548095703125">
        <ele>3775.60009765625</ele>
        <time>2017-09-02T19:29:01.000Z</time>
        <extensions>
          <ns3:TrackPointExtension>
            <ns3:atemp>29.0</ns3:atemp>
            <ns3:cad>61</ns3:cad>
          </ns3:TrackPointExtension>
        </extensions>
      </trkpt>
      <trkpt lat="43.1669446639716625213623046875" lon="-109.6409041620790958404541015625">
        <ele>3775.39990234375</ele>
        <time>2017-09-02T19:29:03.000Z</time>
        <extensions>
          <ns3:TrackPointExtension>
            <ns3:atemp>29.0</ns3:atemp>
            <ns3:cad>0</ns3:cad>
          </ns3:TrackPointExtension>
        </extensions>
      </trkpt>
      <trkpt lat="43.16694776527583599090576171875" lon="-109.64090324006974697113037109375">
        <ele>3775</ele>
        <time>2017-09-02T19:29:05.000Z</time>
        <extensions>
          <ns3:TrackPointExtension>
            <ns3:atemp>29.0</ns3:atemp>
            <ns3:cad>0</ns3:cad>
          </ns3:TrackPointExtension>
        </extensions>
      </trkpt>
      <trkpt lat="43.16694508306682109832763671875" lon="-109.64090324006974697113037109375">
        <ele>3774.60009765625</ele>
        <time>2017-09-02T19:29:07.000Z</time>
        <extensions>
          <ns3:TrackPointExtension>
            <ns3:atemp>29.0</ns3:atemp>
            <ns3:cad>0</ns3:cad>
          </ns3:TrackPointExtension>
        </extensions>
      </trkpt>
      <trkpt lat="43.16694105975329875946044921875" lon="-109.64091246016323566436767578125">
        <ele>3774.39990234375</ele>
        <time>2017-09-02T19:29:18.000Z</time>
        <extensions>
          <ns3:TrackPointExtension>
            <ns3:atemp>29.0</ns3:atemp>
            <ns3:cad>61</ns3:cad>
          </ns3:TrackPointExtension>
        </extensions>
      </trkpt>
      <trkpt lat="43.16695698536932468414306640625" lon="-109.64093827642500400543212890625">
        <ele>3773.199951171875</ele>
        <time>2017-09-02T19:29:25.000Z</time>
        <extensions>
          <ns3:TrackPointExtension>
            <ns3:atemp>29.0</ns3:atemp>
            <ns3:cad>0</ns3:cad>
          </ns3:TrackPointExtension>
        </extensions>
      </trkpt>
      <trkpt lat="43.1669902615249156951904296875" lon="-109.64092419482767581939697265625">
        <ele>3772</ele>
        <time>2017-09-02T19:29:49.000Z</time>
        <extensions>
          <ns3:TrackPointExtension>
            <ns3:atemp>29.0</ns3:atemp>
            <ns3:cad>0</ns3:cad>
          </ns3:TrackPointExtension>
        </extensions>
      </trkpt>
      <trkpt lat="43.16698296926915645599365234375" lon="-109.64094263501465320587158203125">
        <ele>3771</ele>
        <time>2017-09-02T19:30:00.000Z</time>
        <extensions>
          <ns3:TrackPointExtension>
            <ns3:atemp>29.0</ns3:atemp>
            <ns3:cad>0</ns3:cad>
          </ns3:TrackPointExtension>
        </extensions>
      </trkpt>
      <trkpt lat="43.16696989350020885467529296875" lon="-109.64100063778460025787353515625">
        <ele>3770</ele>
        <time>2017-09-02T19:30:15.000Z</time>
        <extensions>
          <ns3:TrackPointExtension>
            <ns3:atemp>29.0</ns3:atemp>
            <ns3:cad>61</ns3:cad>
          </ns3:TrackPointExtension>
        </extensions>
      </trkpt>
      <trkpt lat="43.1670100428164005279541015625" lon="-109.64100415818393230438232421875">
        <ele>3769.800048828125</ele>
        <time>2017-09-02T19:30:59.000Z</time>
        <extensions>
          <ns3:TrackPointExtension>
            <ns3:atemp>29.0</ns3:atemp>
            <ns3:cad>0</ns3:cad>
          </ns3:TrackPointExtension>
        </extensions>
      </trkpt>
      <trkpt lat="43.16697366535663604736328125" lon="-109.6410080976784229278564453125">
        <ele>3769</ele>
        <time>2017-09-02T19:31:08.000Z</time>
        <extensions>
          <ns3:TrackPointExtension>
            <ns3:atemp>29.0</ns3:atemp>
            <ns3:cad>0</ns3:cad>
          </ns3:TrackPointExtension>
        </extensions>
      </trkpt>
      <trkpt lat="43.16698699258267879486083984375" lon="-109.6410097740590572357177734375">
        <ele>3768</ele>
        <time>2017-09-02T19:31:46.000Z</time>
        <extensions>
          <ns3:TrackPointExtension>
            <ns3:atemp>29.0</ns3:atemp>
            <ns3:cad>0</ns3:cad>
          </ns3:TrackPointExtension>
        </extensions>
      </trkpt>
      <trkpt lat="43.16704030148684978485107421875" lon="-109.64104975573718547821044921875">
        <ele>3766.800048828125</ele>
        <time>2017-09-02T19:32:01.000Z</time>
        <extensions>
          <ns3:TrackPointExtension>
            <ns3:atemp>29.0</ns3:atemp>
            <ns3:cad>63</ns3:cad>
          </ns3:TrackPointExtension>
        </extensions>
      </trkpt>
      <trkpt lat="43.16703535616397857666015625" lon="-109.64100583456456661224365234375">
        <ele>3765.800048828125</ele>
        <time>2017-09-02T19:32:18.000Z</time>
        <extensions>
          <ns3:TrackPointExtension>
            <ns3:atemp>29.0</ns3:atemp>
            <ns3:cad>61</ns3:cad>
          </ns3:TrackPointExtension>
        </extensions>
      </trkpt>
      <trkpt lat="43.16700174473226070404052734375" lon="-109.6410067565739154815673828125">
        <ele>3765.39990234375</ele>
        <time>2017-09-02T19:34:31.000Z</time>
        <extensions>
          <ns3:TrackPointExtension>
            <ns3:atemp>30.0</ns3:atemp>
            <ns3:cad>0</ns3:cad>
          </ns3:TrackPointExtension>
        </extensions>
      </trkpt>
      <trkpt lat="43.16708656959235668182373046875" lon="-109.64108713902533054351806640625">
        <ele>3765.39990234375</ele>
        <time>2017-09-02T19:35:08.000Z</time>
        <extensions>
          <ns3:TrackPointExtension>
            <ns3:atemp>30.0</ns3:atemp>
            <ns3:cad>0</ns3:cad>
          </ns3:TrackPointExtension>
        </extensions>
      </trkpt>
      <trkpt lat="43.16714457236230373382568359375" lon="-109.64114933274686336517333984375">
        <ele>3761.199951171875</ele>
        <time>2017-09-02T19:35:11.000Z</time>
        <extensions>
          <ns3:TrackPointExtension>
            <ns3:atemp>30.0</ns3:atemp>
            <ns3:cad>0</ns3:cad>
          </ns3:TrackPointExtension>
        </extensions>
      </trkpt>
      <trkpt lat="43.16716410219669342041015625" lon="-109.64117196388542652130126953125">
        <ele>3758.39990234375</ele>
        <time>2017-09-02T19:35:12.000Z</time>
        <extensions>
          <ns3:TrackPointExtension>
            <ns3:atemp>30.0</ns3:atemp>
            <ns3:cad>0</ns3:cad>
          </ns3:TrackPointExtension>
        </extensions>
      </trkpt>
      <trkpt lat="43.16718799062073230743408203125" lon="-109.6411951817572116851806640625">
        <ele>3756.39990234375</ele>
        <time>2017-09-02T19:35:13.000Z</time>
        <extensions>
          <ns3:TrackPointExtension>
            <ns3:atemp>30.0</ns3:atemp>
            <ns3:cad>0</ns3:cad>
          </ns3:TrackPointExtension>
        </extensions>
      </trkpt>
      <trkpt lat="43.16720760427415370941162109375" lon="-109.64121856726706027984619140625">
        <ele>3754.39990234375</ele>
        <time>2017-09-02T19:35:14.000Z</time>
        <extensions>
          <ns3:TrackPointExtension>
            <ns3:atemp>30.0</ns3:atemp>
            <ns3:cad>0</ns3:cad>
          </ns3:TrackPointExtension>
        </extensions>
      </trkpt>
      <trkpt lat="43.1672242842614650726318359375" lon="-109.64124505408108234405517578125">
        <ele>3752.199951171875</ele>
        <time>2017-09-02T19:35:15.000Z</time>
        <extensions>
          <ns3:TrackPointExtension>
            <ns3:atemp>30.0</ns3:atemp>
            <ns3:cad>0</ns3:cad>
          </ns3:TrackPointExtension>
        </extensions>
      </trkpt>
      <trkpt lat="43.16728656180202960968017578125" lon="-109.6413195692002773284912109375">
        <ele>3750.60009765625</ele>
        <time>2017-09-02T19:35:19.000Z</time>
        <extensions>
          <ns3:TrackPointExtension>
            <ns3:atemp>30.0</ns3:atemp>
            <ns3:cad>65</ns3:cad>
          </ns3:TrackPointExtension>
        </extensions>
      </trkpt>
      <trkpt lat="43.16731221042573451995849609375" lon="-109.6413480676710605621337890625">
        <ele>3749</ele>
        <time>2017-09-02T19:35:21.000Z</time>
        <extensions>
          <ns3:TrackPointExtension>
            <ns3:atemp>30.0</ns3:atemp>
            <ns3:cad>65</ns3:cad>
          </ns3:TrackPointExtension>
        </extensions>
      </trkpt>
      <trkpt lat="43.167327381670475006103515625" lon="-109.641360305249691009521484375">
        <ele>3748</ele>
        <time>2017-09-02T19:35:22.000Z</time>
        <extensions>
          <ns3:TrackPointExtension>
            <ns3:atemp>30.0</ns3:atemp>
            <ns3:cad>65</ns3:cad>
          </ns3:TrackPointExtension>
        </extensions>
      </trkpt>
      <trkpt lat="43.1673409603536128997802734375" lon="-109.64137245900928974151611328125">
        <ele>3746.800048828125</ele>
        <time>2017-09-02T19:35:23.000Z</time>
        <extensions>
          <ns3:TrackPointExtension>
            <ns3:atemp>30.0</ns3:atemp>
            <ns3:cad>65</ns3:cad>
          </ns3:TrackPointExtension>
        </extensions>
      </trkpt>
      <trkpt lat="43.16735328175127506256103515625" lon="-109.641388468444347381591796875">
        <ele>3745.800048828125</ele>
        <time>2017-09-02T19:35:24.000Z</time>
        <extensions>
          <ns3:TrackPointExtension>
            <ns3:atemp>30.0</ns3:atemp>
            <ns3:cad>65</ns3:cad>
          </ns3:TrackPointExtension>
        </extensions>
      </trkpt>
      <trkpt lat="43.1673838756978511810302734375" lon="-109.64142258279025554656982421875">
        <ele>3744</ele>
        <time>2017-09-02T19:35:26.000Z</time>
        <extensions>
          <ns3:TrackPointExtension>
            <ns3:atemp>30.0</ns3:atemp>
            <ns3:cad>65</ns3:cad>
          </ns3:TrackPointExtension>
        </extensions>
      </trkpt>
      <trkpt lat="43.16742083989083766937255859375" lon="-109.64146633632481098175048828125">
        <ele>3742.199951171875</ele>
        <time>2017-09-02T19:35:28.000Z</time>
        <extensions>
          <ns3:TrackPointExtension>
            <ns3:atemp>30.0</ns3:atemp>
            <ns3:cad>65</ns3:cad>
          </ns3:TrackPointExtension>
        </extensions>
      </trkpt>
      <trkpt lat="43.16746274940669536590576171875" lon="-109.64151151478290557861328125">
        <ele>3740.199951171875</ele>
        <time>2017-09-02T19:35:30.000Z</time>
        <extensions>
          <ns3:TrackPointExtension>
            <ns3:atemp>30.0</ns3:atemp>
            <ns3:cad>82</ns3:cad>
          </ns3:TrackPointExtension>
        </extensions>
      </trkpt>
      <trkpt lat="43.16748336888849735260009765625" lon="-109.64153456501662731170654296875">
        <ele>3739.199951171875</ele>
        <time>2017-09-02T19:35:31.000Z</time>
        <extensions>
          <ns3:TrackPointExtension>
            <ns3:atemp>30.0</ns3:atemp>
            <ns3:cad>82</ns3:cad>
          </ns3:TrackPointExtension>
        </extensions>
      </trkpt>
      <trkpt lat="43.167505078017711639404296875" lon="-109.6415535919368267059326171875">
        <ele>3738</ele>
        <time>2017-09-02T19:35:32.000Z</time>
        <extensions>
          <ns3:TrackPointExtension>
            <ns3:atemp>30.0</ns3:atemp>
            <ns3:cad>82</ns3:cad>
          </ns3:TrackPointExtension>
        </extensions>
      </trkpt>
      <trkpt lat="43.16753131337463855743408203125" lon="-109.641574211418628692626953125">
        <ele>3736.199951171875</ele>
        <time>2017-09-02T19:35:34.000Z</time>
        <extensions>
          <ns3:TrackPointExtension>
            <ns3:atemp>30.0</ns3:atemp>
            <ns3:cad>82</ns3:cad>
          </ns3:TrackPointExtension>
        </extensions>
      </trkpt>
      <trkpt lat="43.16753399558365345001220703125" lon="-109.64158016256988048553466796875">
        <ele>3735.199951171875</ele>
        <time>2017-09-02T19:35:35.000Z</time>
        <extensions>
          <ns3:TrackPointExtension>
            <ns3:atemp>30.0</ns3:atemp>
            <ns3:cad>82</ns3:cad>
          </ns3:TrackPointExtension>
        </extensions>
      </trkpt>
      <trkpt lat="43.16753667779266834259033203125" lon="-109.64158301241695880889892578125">
        <ele>3734</ele>
        <time>2017-09-02T19:35:36.000Z</time>
        <extensions>
          <ns3:TrackPointExtension>
            <ns3:atemp>30.0</ns3:atemp>
            <ns3:cad>0</ns3:cad>
          </ns3:TrackPointExtension>
        </extensions>
      </trkpt>
      <trkpt lat="43.167543970048427581787109375" lon="-109.64159189723432064056396484375">
        <ele>3732.800048828125</ele>
        <time>2017-09-02T19:35:38.000Z</time>
        <extensions>
          <ns3:TrackPointExtension>
            <ns3:atemp>30.0</ns3:atemp>
            <ns3:cad>0</ns3:cad>
          </ns3:TrackPointExtension>
        </extensions>
      </trkpt>
      <trkpt lat="43.16753868944942951202392578125" lon="-109.64164755307137966156005859375">
        <ele>3733</ele>
        <time>2017-09-02T19:35:43.000Z</time>
        <extensions>
          <ns3:TrackPointExtension>
            <ns3:atemp>30.0</ns3:atemp>
            <ns3:cad>0</ns3:cad>
          </ns3:TrackPointExtension>
        </extensions>
      </trkpt>
      <trkpt lat="43.1675803475081920623779296875" lon="-109.64159659110009670257568359375">
        <ele>3731.60009765625</ele>
        <time>2017-09-02T19:36:02.000Z</time>
        <extensions>
          <ns3:TrackPointExtension>
            <ns3:atemp>30.0</ns3:atemp>
            <ns3:cad>0</ns3:cad>
          </ns3:TrackPointExtension>
        </extensions>
      </trkpt>
      <trkpt lat="43.16761563532054424285888671875" lon="-109.64160941541194915771484375">
        <ele>3730.60009765625</ele>
        <time>2017-09-02T19:36:12.000Z</time>
        <extensions>
          <ns3:TrackPointExtension>
            <ns3:atemp>30.0</ns3:atemp>
            <ns3:cad>0</ns3:cad>
          </ns3:TrackPointExtension>
        </extensions>
      </trkpt>
      <trkpt lat="43.16760105080902576446533203125" lon="-109.64162223972380161285400390625">
        <ele>3729.60009765625</ele>
        <time>2017-09-02T19:36:32.000Z</time>
        <extensions>
          <ns3:TrackPointExtension>
            <ns3:atemp>30.0</ns3:atemp>
            <ns3:cad>0</ns3:cad>
          </ns3:TrackPointExtension>
        </extensions>
      </trkpt>
      <trkpt lat="43.16747163422405719757080078125" lon="-109.6415874548256397247314453125">
        <ele>3729.199951171875</ele>
        <time>2017-09-02T19:37:32.000Z</time>
        <extensions>
          <ns3:TrackPointExtension>
            <ns3:atemp>30.0</ns3:atemp>
            <ns3:cad>0</ns3:cad>
          </ns3:TrackPointExtension>
        </extensions>
      </trkpt>
      <trkpt lat="43.1674187444150447845458984375" lon="-109.641509167850017547607421875">
        <ele>3729.199951171875</ele>
        <time>2017-09-02T19:37:35.000Z</time>
        <extensions>
          <ns3:TrackPointExtension>
            <ns3:atemp>30.0</ns3:atemp>
            <ns3:cad>0</ns3:cad>
          </ns3:TrackPointExtension>
        </extensions>
      </trkpt>
      <trkpt lat="43.1675934232771396636962890625" lon="-109.6416397579014301300048828125">
        <ele>3729</ele>
        <time>2017-09-02T19:38:19.000Z</time>
        <extensions>
          <ns3:TrackPointExtension>
            <ns3:atemp>30.0</ns3:atemp>
            <ns3:cad>0</ns3:cad>
          </ns3:TrackPointExtension>
        </extensions>
      </trkpt>
      <trkpt lat="43.16758931614458560943603515625" lon="-109.64159038849174976348876953125">
        <ele>3729.800048828125</ele>
        <time>2017-09-02T19:39:10.000Z</time>
        <extensions>
          <ns3:TrackPointExtension>
            <ns3:atemp>30.0</ns3:atemp>
            <ns3:cad>61</ns3:cad>
          </ns3:TrackPointExtension>
        </extensions>
      </trkpt>
      <trkpt lat="43.167584203183650970458984375" lon="-109.641602374613285064697265625">
        <ele>3729.800048828125</ele>
        <time>2017-09-02T19:39:15.000Z</time>
        <extensions>
          <ns3:TrackPointExtension>
            <ns3:atemp>30.0</ns3:atemp>
            <ns3:cad>60</ns3:cad>
          </ns3:TrackPointExtension>
        </extensions>
      </trkpt>
      <trkpt lat="43.16757054068148136138916015625" lon="-109.64167940430343151092529296875">
        <ele>3729.199951171875</ele>
        <time>2017-09-02T19:40:08.000Z</time>
        <extensions>
          <ns3:TrackPointExtension>
            <ns3:atemp>30.0</ns3:atemp>
            <ns3:cad>0</ns3:cad>
          </ns3:TrackPointExtension>
        </extensions>
      </trkpt>
      <trkpt lat="43.16752645187079906463623046875" lon="-109.6416424401104450225830078125">
        <ele>3729.60009765625</ele>
        <time>2017-09-02T19:40:23.000Z</time>
        <extensions>
          <ns3:TrackPointExtension>
            <ns3:atemp>30.0</ns3:atemp>
            <ns3:cad>0</ns3:cad>
          </ns3:TrackPointExtension>
        </extensions>
      </trkpt>
      <trkpt lat="43.167652599513530731201171875" lon="-109.64164889417588710784912109375">
        <ele>3728.60009765625</ele>
        <time>2017-09-02T19:40:47.000Z</time>
        <extensions>
          <ns3:TrackPointExtension>
            <ns3:atemp>30.0</ns3:atemp>
            <ns3:cad>0</ns3:cad>
          </ns3:TrackPointExtension>
        </extensions>
      </trkpt>
      <trkpt lat="43.16771303303539752960205078125" lon="-109.64162693358957767486572265625">
        <ele>3727.199951171875</ele>
        <time>2017-09-02T19:41:07.000Z</time>
        <extensions>
          <ns3:TrackPointExtension>
            <ns3:atemp>30.0</ns3:atemp>
            <ns3:cad>61</ns3:cad>
          </ns3:TrackPointExtension>
        </extensions>
      </trkpt>
      <trkpt lat="43.1677255220711231231689453125" lon="-109.64165006764233112335205078125">
        <ele>3726.39990234375</ele>
        <time>2017-09-02T19:41:09.000Z</time>
        <extensions>
          <ns3:TrackPointExtension>
            <ns3:atemp>30.0</ns3:atemp>
            <ns3:cad>61</ns3:cad>
          </ns3:TrackPointExtension>
        </extensions>
      </trkpt>
      <trkpt lat="43.16773834638297557830810546875" lon="-109.641657359898090362548828125">
        <ele>3726</ele>
        <time>2017-09-02T19:41:11.000Z</time>
        <extensions>
          <ns3:TrackPointExtension>
            <ns3:atemp>30.0</ns3:atemp>
            <ns3:cad>0</ns3:cad>
          </ns3:TrackPointExtension>
        </extensions>
      </trkpt>
      <trkpt lat="43.1677516736090183258056640625" lon="-109.64167102240025997161865234375">
        <ele>3725.60009765625</ele>
        <time>2017-09-02T19:41:13.000Z</time>
        <extensions>
          <ns3:TrackPointExtension>
            <ns3:atemp>30.0</ns3:atemp>
            <ns3:cad>0</ns3:cad>
          </ns3:TrackPointExtension>
        </extensions>
      </trkpt>
      <trkpt lat="43.16777355037629604339599609375" lon="-109.64167110621929168701171875">
        <ele>3725.199951171875</ele>
        <time>2017-09-02T19:41:15.000Z</time>
        <extensions>
          <ns3:TrackPointExtension>
            <ns3:atemp>30.0</ns3:atemp>
            <ns3:cad>0</ns3:cad>
          </ns3:TrackPointExtension>
        </extensions>
      </trkpt>
      <trkpt lat="43.167785368859767913818359375" lon="-109.6416749618947505950927734375">
        <ele>3725</ele>
        <time>2017-09-02T19:41:16.000Z</time>
        <extensions>
          <ns3:TrackPointExtension>
            <ns3:atemp>30.0</ns3:atemp>
            <ns3:cad>0</ns3:cad>
          </ns3:TrackPointExtension>
        </extensions>
      </trkpt>
      <trkpt lat="43.1677949242293834686279296875" lon="-109.64171041734516620635986328125">
        <ele>3724.800048828125</ele>
        <time>2017-09-02T19:41:18.000Z</time>
        <extensions>
          <ns3:TrackPointExtension>
            <ns3:atemp>30.0</ns3:atemp>
            <ns3:cad>0</ns3:cad>
          </ns3:TrackPointExtension>
        </extensions>
      </trkpt>
      <trkpt lat="43.16780288703739643096923828125" lon="-109.64173237793147563934326171875">
        <ele>3723.800048828125</ele>
        <time>2017-09-02T19:41:21.000Z</time>
        <extensions>
          <ns3:TrackPointExtension>
            <ns3:atemp>30.0</ns3:atemp>
            <ns3:cad>0</ns3:cad>
          </ns3:TrackPointExtension>
        </extensions>
      </trkpt>
      <trkpt lat="43.1678049825131893157958984375" lon="-109.64173438958823680877685546875">
        <ele>3723.39990234375</ele>
        <time>2017-09-02T19:41:22.000Z</time>
        <extensions>
          <ns3:TrackPointExtension>
            <ns3:atemp>30.0</ns3:atemp>
            <ns3:cad>0</ns3:cad>
          </ns3:TrackPointExtension>
        </extensions>
      </trkpt>
      <trkpt lat="43.16782300360500812530517578125" lon="-109.64174084365367889404296875">
        <ele>3722.800048828125</ele>
        <time>2017-09-02T19:41:28.000Z</time>
        <extensions>
          <ns3:TrackPointExtension>
            <ns3:atemp>30.0</ns3:atemp>
            <ns3:cad>0</ns3:cad>
          </ns3:TrackPointExtension>
        </extensions>
      </trkpt>
      <trkpt lat="43.16782057285308837890625" lon="-109.64175048284232616424560546875">
        <ele>3722.60009765625</ele>
        <time>2017-09-02T19:41:32.000Z</time>
        <extensions>
          <ns3:TrackPointExtension>
            <ns3:atemp>30.0</ns3:atemp>
            <ns3:cad>0</ns3:cad>
          </ns3:TrackPointExtension>
        </extensions>
      </trkpt>
      <trkpt lat="43.16785803996026515960693359375" lon="-109.64171980507671833038330078125">
        <ele>3721.800048828125</ele>
        <time>2017-09-02T19:42:20.000Z</time>
        <extensions>
          <ns3:TrackPointExtension>
            <ns3:atemp>30.0</ns3:atemp>
            <ns3:cad>61</ns3:cad>
          </ns3:TrackPointExtension>
        </extensions>
      </trkpt>
      <trkpt lat="43.16785284318029880523681640625" lon="-109.64172818697988986968994140625">
        <ele>3721.199951171875</ele>
        <time>2017-09-02T19:42:22.000Z</time>
        <extensions>
          <ns3:TrackPointExtension>
            <ns3:atemp>30.0</ns3:atemp>
            <ns3:cad>0</ns3:cad>
          </ns3:TrackPointExtension>
        </extensions>
      </trkpt>
      <trkpt lat="43.16789156757295131683349609375" lon="-109.64172282256186008453369140625">
        <ele>3720.199951171875</ele>
        <time>2017-09-02T19:42:28.000Z</time>
        <extensions>
          <ns3:TrackPointExtension>
            <ns3:atemp>30.0</ns3:atemp>
            <ns3:cad>0</ns3:cad>
          </ns3:TrackPointExtension>
        </extensions>
      </trkpt>
      <trkpt lat="43.167946636676788330078125" lon="-109.641780070960521697998046875">
        <ele>3719</ele>
        <time>2017-09-02T19:42:34.000Z</time>
        <extensions>
          <ns3:TrackPointExtension>
            <ns3:atemp>30.0</ns3:atemp>
            <ns3:cad>0</ns3:cad>
          </ns3:TrackPointExtension>
        </extensions>
      </trkpt>
      <trkpt lat="43.16796331666409969329833984375" lon="-109.64176825247704982757568359375">
        <ele>3717.800048828125</ele>
        <time>2017-09-02T19:42:39.000Z</time>
        <extensions>
          <ns3:TrackPointExtension>
            <ns3:atemp>30.0</ns3:atemp>
            <ns3:cad>0</ns3:cad>
          </ns3:TrackPointExtension>
        </extensions>
      </trkpt>
      <trkpt lat="43.167987205088138580322265625" lon="-109.64174897409975528717041015625">
        <ele>3717.39990234375</ele>
        <time>2017-09-02T19:42:44.000Z</time>
        <extensions>
          <ns3:TrackPointExtension>
            <ns3:atemp>30.0</ns3:atemp>
            <ns3:cad>61</ns3:cad>
          </ns3:TrackPointExtension>
        </extensions>
      </trkpt>
      <trkpt lat="43.1679989397525787353515625" lon="-109.6417455375194549560546875">
        <ele>3717.199951171875</ele>
        <time>2017-09-02T19:42:46.000Z</time>
        <extensions>
          <ns3:TrackPointExtension>
            <ns3:atemp>30.0</ns3:atemp>
            <ns3:cad>61</ns3:cad>
          </ns3:TrackPointExtension>
        </extensions>
      </trkpt>
      <trkpt lat="43.16801302134990692138671875" lon="-109.64173992164433002471923828125">
        <ele>3717</ele>
        <time>2017-09-02T19:42:48.000Z</time>
        <extensions>
          <ns3:TrackPointExtension>
            <ns3:atemp>30.0</ns3:atemp>
            <ns3:cad>61</ns3:cad>
          </ns3:TrackPointExtension>
        </extensions>
      </trkpt>
      <trkpt lat="43.16802031360566616058349609375" lon="-109.641745202243328094482421875">
        <ele>3716.60009765625</ele>
        <time>2017-09-02T19:42:49.000Z</time>
        <extensions>
          <ns3:TrackPointExtension>
            <ns3:atemp>30.0</ns3:atemp>
            <ns3:cad>61</ns3:cad>
          </ns3:TrackPointExtension>
        </extensions>
      </trkpt>
      <trkpt lat="43.16804252564907073974609375" lon="-109.64176523499190807342529296875">
        <ele>3715.39990234375</ele>
        <time>2017-09-02T19:42:53.000Z</time>
        <extensions>
          <ns3:TrackPointExtension>
            <ns3:atemp>30.0</ns3:atemp>
            <ns3:cad>70</ns3:cad>
          </ns3:TrackPointExtension>
        </extensions>
      </trkpt>
      <trkpt lat="43.1680829264223575592041015625" lon="-109.64177143760025501251220703125">
        <ele>3714.39990234375</ele>
        <time>2017-09-02T19:42:59.000Z</time>
        <extensions>
          <ns3:TrackPointExtension>
            <ns3:atemp>30.0</ns3:atemp>
            <ns3:cad>0</ns3:cad>
          </ns3:TrackPointExtension>
        </extensions>
      </trkpt>
      <trkpt lat="43.1680980138480663299560546875" lon="-109.6417728625237941741943359375">
        <ele>3713.39990234375</ele>
        <time>2017-09-02T19:43:02.000Z</time>
        <extensions>
          <ns3:TrackPointExtension>
            <ns3:atemp>30.0</ns3:atemp>
            <ns3:cad>0</ns3:cad>
          </ns3:TrackPointExtension>
        </extensions>
      </trkpt>
      <trkpt lat="43.168143443763256072998046875" lon="-109.6418037079274654388427734375">
        <ele>3712.39990234375</ele>
        <time>2017-09-02T19:43:08.000Z</time>
        <extensions>
          <ns3:TrackPointExtension>
            <ns3:atemp>30.0</ns3:atemp>
            <ns3:cad>0</ns3:cad>
          </ns3:TrackPointExtension>
        </extensions>
      </trkpt>
      <trkpt lat="43.16816498525440692901611328125" lon="-109.641819298267364501953125">
        <ele>3712</ele>
        <time>2017-09-02T19:43:10.000Z</time>
        <extensions>
          <ns3:TrackPointExtension>
            <ns3:atemp>30.0</ns3:atemp>
            <ns3:cad>0</ns3:cad>
          </ns3:TrackPointExtension>
        </extensions>
      </trkpt>
      <trkpt lat="43.16819281317293643951416015625" lon="-109.6418273448944091796875">
        <ele>3711</ele>
        <time>2017-09-02T19:43:13.000Z</time>
        <extensions>
          <ns3:TrackPointExtension>
            <ns3:atemp>30.0</ns3:atemp>
            <ns3:cad>0</ns3:cad>
          </ns3:TrackPointExtension>
        </extensions>
      </trkpt>
      <trkpt lat="43.16821276210248470306396484375" lon="-109.6418335475027561187744140625">
        <ele>3710.39990234375</ele>
        <time>2017-09-02T19:43:15.000Z</time>
        <extensions>
          <ns3:TrackPointExtension>
            <ns3:atemp>30.0</ns3:atemp>
            <ns3:cad>0</ns3:cad>
          </ns3:TrackPointExtension>
        </extensions>
      </trkpt>
      <trkpt lat="43.1682376563549041748046875" lon="-109.6418446116149425506591796875">
        <ele>3710</ele>
        <time>2017-09-02T19:43:17.000Z</time>
        <extensions>
          <ns3:TrackPointExtension>
            <ns3:atemp>30.0</ns3:atemp>
            <ns3:cad>44</ns3:cad>
          </ns3:TrackPointExtension>
        </extensions>
      </trkpt>
      <trkpt lat="43.16827143542468547821044921875" lon="-109.64185877703130245208740234375">
        <ele>3708.800048828125</ele>
        <time>2017-09-02T19:43:21.000Z</time>
        <extensions>
          <ns3:TrackPointExtension>
            <ns3:atemp>30.0</ns3:atemp>
            <ns3:cad>44</ns3:cad>
          </ns3:TrackPointExtension>
        </extensions>
      </trkpt>
      <trkpt lat="43.16827445290982723236083984375" lon="-109.6418607048690319061279296875">
        <ele>3708.39990234375</ele>
        <time>2017-09-02T19:43:22.000Z</time>
        <extensions>
          <ns3:TrackPointExtension>
            <ns3:atemp>30.0</ns3:atemp>
            <ns3:cad>44</ns3:cad>
          </ns3:TrackPointExtension>
        </extensions>
      </trkpt>
      <trkpt lat="43.1682864390313625335693359375" lon="-109.6418519876897335052490234375">
        <ele>3707.800048828125</ele>
        <time>2017-09-02T19:43:25.000Z</time>
        <extensions>
          <ns3:TrackPointExtension>
            <ns3:atemp>30.0</ns3:atemp>
            <ns3:cad>0</ns3:cad>
          </ns3:TrackPointExtension>
        </extensions>
      </trkpt>
      <trkpt lat="43.16829792223870754241943359375" lon="-109.64183078147470951080322265625">
        <ele>3707.60009765625</ele>
        <time>2017-09-02T19:43:28.000Z</time>
        <extensions>
          <ns3:TrackPointExtension>
            <ns3:atemp>30.0</ns3:atemp>
            <ns3:cad>61</ns3:cad>
          </ns3:TrackPointExtension>
        </extensions>
      </trkpt>
      <trkpt lat="43.16834636963903903961181640625" lon="-109.6418281830847263336181640625">
        <ele>3706.800048828125</ele>
        <time>2017-09-02T19:43:34.000Z</time>
        <extensions>
          <ns3:TrackPointExtension>
            <ns3:atemp>30.0</ns3:atemp>
            <ns3:cad>61</ns3:cad>
          </ns3:TrackPointExtension>
        </extensions>
      </trkpt>
      <trkpt lat="43.16835542209446430206298828125" lon="-109.64182608760893344879150390625">
        <ele>3706.60009765625</ele>
        <time>2017-09-02T19:43:35.000Z</time>
        <extensions>
          <ns3:TrackPointExtension>
            <ns3:atemp>30.0</ns3:atemp>
            <ns3:cad>61</ns3:cad>
          </ns3:TrackPointExtension>
        </extensions>
      </trkpt>
      <trkpt lat="43.1683615408837795257568359375" lon="-109.64183203876018524169921875">
        <ele>3706.39990234375</ele>
        <time>2017-09-02T19:43:36.000Z</time>
        <extensions>
          <ns3:TrackPointExtension>
            <ns3:atemp>30.0</ns3:atemp>
            <ns3:cad>61</ns3:cad>
          </ns3:TrackPointExtension>
        </extensions>
      </trkpt>
      <trkpt lat="43.16839984618127346038818359375" lon="-109.6418322063982486724853515625">
        <ele>3705.39990234375</ele>
        <time>2017-09-02T19:43:40.000Z</time>
        <extensions>
          <ns3:TrackPointExtension>
            <ns3:atemp>30.0</ns3:atemp>
            <ns3:cad>53</ns3:cad>
          </ns3:TrackPointExtension>
        </extensions>
      </trkpt>
      <trkpt lat="43.16841023974120616912841796875" lon="-109.6418392471969127655029296875">
        <ele>3705.39990234375</ele>
        <time>2017-09-02T19:43:41.000Z</time>
        <extensions>
          <ns3:TrackPointExtension>
            <ns3:atemp>30.0</ns3:atemp>
            <ns3:cad>53</ns3:cad>
          </ns3:TrackPointExtension>
        </extensions>
      </trkpt>
      <trkpt lat="43.16843454726040363311767578125" lon="-109.6418340504169464111328125">
        <ele>3704.39990234375</ele>
        <time>2017-09-02T19:43:44.000Z</time>
        <extensions>
          <ns3:TrackPointExtension>
            <ns3:atemp>30.0</ns3:atemp>
            <ns3:cad>55</ns3:cad>
          </ns3:TrackPointExtension>
        </extensions>
      </trkpt>
      <trkpt lat="43.168451227247714996337890625" lon="-109.6418218128383159637451171875">
        <ele>3703.39990234375</ele>
        <time>2017-09-02T19:43:47.000Z</time>
        <extensions>
          <ns3:TrackPointExtension>
            <ns3:atemp>30.0</ns3:atemp>
            <ns3:cad>55</ns3:cad>
          </ns3:TrackPointExtension>
        </extensions>
      </trkpt>
      <trkpt lat="43.16847545094788074493408203125" lon="-109.64182692579925060272216796875">
        <ele>3702.199951171875</ele>
        <time>2017-09-02T19:43:50.000Z</time>
        <extensions>
          <ns3:TrackPointExtension>
            <ns3:atemp>30.0</ns3:atemp>
            <ns3:cad>55</ns3:cad>
          </ns3:TrackPointExtension>
        </extensions>
      </trkpt>
      <trkpt lat="43.16850428469479084014892578125" lon="-109.6418482996523380279541015625">
        <ele>3701</ele>
        <time>2017-09-02T19:43:54.000Z</time>
        <extensions>
          <ns3:TrackPointExtension>
            <ns3:atemp>30.0</ns3:atemp>
            <ns3:cad>0</ns3:cad>
          </ns3:TrackPointExtension>
        </extensions>
      </trkpt>
      <trkpt lat="43.168556503951549530029296875" lon="-109.64185693301260471343994140625">
        <ele>3700</ele>
        <time>2017-09-02T19:43:59.000Z</time>
        <extensions>
          <ns3:TrackPointExtension>
            <ns3:atemp>30.0</ns3:atemp>
            <ns3:cad>45</ns3:cad>
          </ns3:TrackPointExtension>
        </extensions>
      </trkpt>
      <trkpt lat="43.16860101185739040374755859375" lon="-109.641878642141819000244140625">
        <ele>3698.60009765625</ele>
        <time>2017-09-02T19:44:03.000Z</time>
        <extensions>
          <ns3:TrackPointExtension>
            <ns3:atemp>29.0</ns3:atemp>
            <ns3:cad>46</ns3:cad>
          </ns3:TrackPointExtension>
        </extensions>
      </trkpt>
      <trkpt lat="43.16863068379461765289306640625" lon="-109.64189934544265270233154296875">
        <ele>3697.39990234375</ele>
        <time>2017-09-02T19:44:07.000Z</time>
        <extensions>
          <ns3:TrackPointExtension>
            <ns3:atemp>29.0</ns3:atemp>
            <ns3:cad>46</ns3:cad>
          </ns3:TrackPointExtension>
        </extensions>
      </trkpt>
      <trkpt lat="43.1686388142406940460205078125" lon="-109.64190848171710968017578125">
        <ele>3697</ele>
        <time>2017-09-02T19:44:09.000Z</time>
        <extensions>
          <ns3:TrackPointExtension>
            <ns3:atemp>29.0</ns3:atemp>
            <ns3:cad>46</ns3:cad>
          </ns3:TrackPointExtension>
        </extensions>
      </trkpt>
      <trkpt lat="43.1686535663902759552001953125" lon="-109.64191661216318607330322265625">
        <ele>3697</ele>
        <time>2017-09-02T19:44:11.000Z</time>
        <extensions>
          <ns3:TrackPointExtension>
            <ns3:atemp>29.0</ns3:atemp>
            <ns3:cad>0</ns3:cad>
          </ns3:TrackPointExtension>
        </extensions>
      </trkpt>
      <trkpt lat="43.1686887703835964202880859375" lon="-109.64191510342061519622802734375">
        <ele>3696.199951171875</ele>
        <time>2017-09-02T19:44:16.000Z</time>
        <extensions>
          <ns3:TrackPointExtension>
            <ns3:atemp>29.0</ns3:atemp>
            <ns3:cad>0</ns3:cad>
          </ns3:TrackPointExtension>
        </extensions>
      </trkpt>
      <trkpt lat="43.16869924776256084442138671875" lon="-109.6419069729745388031005859375">
        <ele>3696</ele>
        <time>2017-09-02T19:44:18.000Z</time>
        <extensions>
          <ns3:TrackPointExtension>
            <ns3:atemp>29.0</ns3:atemp>
            <ns3:cad>0</ns3:cad>
          </ns3:TrackPointExtension>
        </extensions>
      </trkpt>
      <trkpt lat="43.16872187890112400054931640625" lon="-109.64190286584198474884033203125">
        <ele>3695.199951171875</ele>
        <time>2017-09-02T19:44:22.000Z</time>
        <extensions>
          <ns3:TrackPointExtension>
            <ns3:atemp>29.0</ns3:atemp>
            <ns3:cad>0</ns3:cad>
          </ns3:TrackPointExtension>
        </extensions>
      </trkpt>
      <trkpt lat="43.1687276624143123626708984375" lon="-109.6418952383100986480712890625">
        <ele>3695</ele>
        <time>2017-09-02T19:44:23.000Z</time>
        <extensions>
          <ns3:TrackPointExtension>
            <ns3:atemp>29.0</ns3:atemp>
            <ns3:cad>0</ns3:cad>
          </ns3:TrackPointExtension>
        </extensions>
      </trkpt>
      <trkpt lat="43.16873855888843536376953125" lon="-109.641894400119781494140625">
        <ele>3694.39990234375</ele>
        <time>2017-09-02T19:44:25.000Z</time>
        <extensions>
          <ns3:TrackPointExtension>
            <ns3:atemp>29.0</ns3:atemp>
            <ns3:cad>0</ns3:cad>
          </ns3:TrackPointExtension>
        </extensions>
      </trkpt>
      <trkpt lat="43.1687383912503719329833984375" lon="-109.64189314283430576324462890625">
        <ele>3694.199951171875</ele>
        <time>2017-09-02T19:44:27.000Z</time>
        <extensions>
          <ns3:TrackPointExtension>
            <ns3:atemp>29.0</ns3:atemp>
            <ns3:cad>61</ns3:cad>
          </ns3:TrackPointExtension>
        </extensions>
      </trkpt>
      <trkpt lat="43.168813325464725494384765625" lon="-109.64195466600358486175537109375">
        <ele>3693</ele>
        <time>2017-09-02T19:44:44.000Z</time>
        <extensions>
          <ns3:TrackPointExtension>
            <ns3:atemp>29.0</ns3:atemp>
            <ns3:cad>0</ns3:cad>
          </ns3:TrackPointExtension>
        </extensions>
      </trkpt>
      <trkpt lat="43.16885925829410552978515625" lon="-109.64188165962696075439453125">
        <ele>3692</ele>
        <time>2017-09-02T19:44:50.000Z</time>
        <extensions>
          <ns3:TrackPointExtension>
            <ns3:atemp>29.0</ns3:atemp>
            <ns3:cad>0</ns3:cad>
          </ns3:TrackPointExtension>
        </extensions>
      </trkpt>
      <trkpt lat="43.1688872538506984710693359375" lon="-109.64185810647904872894287109375">
        <ele>3691.39990234375</ele>
        <time>2017-09-02T19:44:55.000Z</time>
        <extensions>
          <ns3:TrackPointExtension>
            <ns3:atemp>29.0</ns3:atemp>
            <ns3:cad>0</ns3:cad>
          </ns3:TrackPointExtension>
        </extensions>
      </trkpt>
      <trkpt lat="43.168895803391933441162109375" lon="-109.64185483753681182861328125">
        <ele>3691.199951171875</ele>
        <time>2017-09-02T19:44:57.000Z</time>
        <extensions>
          <ns3:TrackPointExtension>
            <ns3:atemp>29.0</ns3:atemp>
            <ns3:cad>0</ns3:cad>
          </ns3:TrackPointExtension>
        </extensions>
      </trkpt>
      <trkpt lat="43.1689036823809146881103515625" lon="-109.64185542427003383636474609375">
        <ele>3691</ele>
        <time>2017-09-02T19:44:58.000Z</time>
        <extensions>
          <ns3:TrackPointExtension>
            <ns3:atemp>29.0</ns3:atemp>
            <ns3:cad>0</ns3:cad>
          </ns3:TrackPointExtension>
        </extensions>
      </trkpt>
      <trkpt lat="43.1689489446580410003662109375" lon="-109.6418493054807186126708984375">
        <ele>3689.800048828125</ele>
        <time>2017-09-02T19:45:04.000Z</time>
        <extensions>
          <ns3:TrackPointExtension>
            <ns3:atemp>29.0</ns3:atemp>
            <ns3:cad>0</ns3:cad>
          </ns3:TrackPointExtension>
        </extensions>
      </trkpt>
      <trkpt lat="43.1690046004951000213623046875" lon="-109.6418375708162784576416015625">
        <ele>3688.60009765625</ele>
        <time>2017-09-02T19:45:14.000Z</time>
        <extensions>
          <ns3:TrackPointExtension>
            <ns3:atemp>29.0</ns3:atemp>
            <ns3:cad>0</ns3:cad>
          </ns3:TrackPointExtension>
        </extensions>
      </trkpt>
      <trkpt lat="43.16900870762765407562255859375" lon="-109.6418265067040920257568359375">
        <ele>3687.39990234375</ele>
        <time>2017-09-02T19:45:19.000Z</time>
        <extensions>
          <ns3:TrackPointExtension>
            <ns3:atemp>29.0</ns3:atemp>
            <ns3:cad>0</ns3:cad>
          </ns3:TrackPointExtension>
        </extensions>
      </trkpt>
      <trkpt lat="43.16899605095386505126953125" lon="-109.64179490692913532257080078125">
        <ele>3686.39990234375</ele>
        <time>2017-09-02T19:45:40.000Z</time>
        <extensions>
          <ns3:TrackPointExtension>
            <ns3:atemp>29.0</ns3:atemp>
            <ns3:cad>61</ns3:cad>
          </ns3:TrackPointExtension>
        </extensions>
      </trkpt>
      <trkpt lat="43.16900535486638545989990234375" lon="-109.64178954251110553741455078125">
        <ele>3686.39990234375</ele>
        <time>2017-09-02T19:45:42.000Z</time>
        <extensions>
          <ns3:TrackPointExtension>
            <ns3:atemp>29.0</ns3:atemp>
            <ns3:cad>61</ns3:cad>
          </ns3:TrackPointExtension>
        </extensions>
      </trkpt>
      <trkpt lat="43.169035278260707855224609375" lon="-109.64182742871344089508056640625">
        <ele>3686</ele>
        <time>2017-09-02T19:46:05.000Z</time>
        <extensions>
          <ns3:TrackPointExtension>
            <ns3:atemp>29.0</ns3:atemp>
            <ns3:cad>61</ns3:cad>
          </ns3:TrackPointExtension>
        </extensions>
      </trkpt>
      <trkpt lat="43.1690512038767337799072265625" lon="-109.64180462993681430816650390625">
        <ele>3685.39990234375</ele>
        <time>2017-09-02T19:46:12.000Z</time>
        <extensions>
          <ns3:TrackPointExtension>
            <ns3:atemp>29.0</ns3:atemp>
            <ns3:cad>61</ns3:cad>
          </ns3:TrackPointExtension>
        </extensions>
      </trkpt>
      <trkpt lat="43.16909923218190670013427734375" lon="-109.64174612425267696380615234375">
        <ele>3684.199951171875</ele>
        <time>2017-09-02T19:46:22.000Z</time>
        <extensions>
          <ns3:TrackPointExtension>
            <ns3:atemp>29.0</ns3:atemp>
            <ns3:cad>0</ns3:cad>
          </ns3:TrackPointExtension>
        </extensions>
      </trkpt>
      <trkpt lat="43.16911733709275722503662109375" lon="-109.64170438237488269805908203125">
        <ele>3683.199951171875</ele>
        <time>2017-09-02T19:46:31.000Z</time>
        <extensions>
          <ns3:TrackPointExtension>
            <ns3:atemp>29.0</ns3:atemp>
            <ns3:cad>0</ns3:cad>
          </ns3:TrackPointExtension>
        </extensions>
      </trkpt>
      <trkpt lat="43.1691916845738887786865234375" lon="-109.641648642718791961669921875">
        <ele>3682</ele>
        <time>2017-09-02T19:46:42.000Z</time>
        <extensions>
          <ns3:TrackPointExtension>
            <ns3:atemp>29.0</ns3:atemp>
            <ns3:cad>61</ns3:cad>
          </ns3:TrackPointExtension>
        </extensions>
      </trkpt>
      <trkpt lat="43.16923501901328563690185546875" lon="-109.641615115106105804443359375">
        <ele>3681</ele>
        <time>2017-09-02T19:46:50.000Z</time>
        <extensions>
          <ns3:TrackPointExtension>
            <ns3:atemp>29.0</ns3:atemp>
            <ns3:cad>61</ns3:cad>
          </ns3:TrackPointExtension>
        </extensions>
      </trkpt>
      <trkpt lat="43.16931548528373241424560546875" lon="-109.64158083312213420867919921875">
        <ele>3679.800048828125</ele>
        <time>2017-09-02T19:47:19.000Z</time>
        <extensions>
          <ns3:TrackPointExtension>
            <ns3:atemp>29.0</ns3:atemp>
            <ns3:cad>61</ns3:cad>
          </ns3:TrackPointExtension>
        </extensions>
      </trkpt>
      <trkpt lat="43.1693455763161182403564453125" lon="-109.6415572799742221832275390625">
        <ele>3678.800048828125</ele>
        <time>2017-09-02T19:47:23.000Z</time>
        <extensions>
          <ns3:TrackPointExtension>
            <ns3:atemp>29.0</ns3:atemp>
            <ns3:cad>61</ns3:cad>
          </ns3:TrackPointExtension>
        </extensions>
      </trkpt>
      <trkpt lat="43.1693516112864017486572265625" lon="-109.64154831133782863616943359375">
        <ele>3678.60009765625</ele>
        <time>2017-09-02T19:47:24.000Z</time>
        <extensions>
          <ns3:TrackPointExtension>
            <ns3:atemp>29.0</ns3:atemp>
            <ns3:cad>52</ns3:cad>
          </ns3:TrackPointExtension>
        </extensions>
      </trkpt>
      <trkpt lat="43.1693851388990879058837890625" lon="-109.64152752421796321868896484375">
        <ele>3677.60009765625</ele>
        <time>2017-09-02T19:47:28.000Z</time>
        <extensions>
          <ns3:TrackPointExtension>
            <ns3:atemp>29.0</ns3:atemp>
            <ns3:cad>52</ns3:cad>
          </ns3:TrackPointExtension>
        </extensions>
      </trkpt>
      <trkpt lat="43.169398717582225799560546875" lon="-109.64147320948541164398193359375">
        <ele>3677</ele>
        <time>2017-09-02T19:47:33.000Z</time>
        <extensions>
          <ns3:TrackPointExtension>
            <ns3:atemp>29.0</ns3:atemp>
            <ns3:cad>44</ns3:cad>
          </ns3:TrackPointExtension>
        </extensions>
      </trkpt>
      <trkpt lat="43.16941154189407825469970703125" lon="-109.6414509974420070648193359375">
        <ele>3676.60009765625</ele>
        <time>2017-09-02T19:47:35.000Z</time>
        <extensions>
          <ns3:TrackPointExtension>
            <ns3:atemp>29.0</ns3:atemp>
            <ns3:cad>44</ns3:cad>
          </ns3:TrackPointExtension>
        </extensions>
      </trkpt>
      <trkpt lat="43.16941908560693264007568359375" lon="-109.641437418758869171142578125">
        <ele>3676.199951171875</ele>
        <time>2017-09-02T19:47:37.000Z</time>
        <extensions>
          <ns3:TrackPointExtension>
            <ns3:atemp>29.0</ns3:atemp>
            <ns3:cad>0</ns3:cad>
          </ns3:TrackPointExtension>
        </extensions>
      </trkpt>
      <trkpt lat="43.16942654550075531005859375" lon="-109.641430042684078216552734375">
        <ele>3675.39990234375</ele>
        <time>2017-09-02T19:47:40.000Z</time>
        <extensions>
          <ns3:TrackPointExtension>
            <ns3:atemp>29.0</ns3:atemp>
            <ns3:cad>0</ns3:cad>
          </ns3:TrackPointExtension>
        </extensions>
      </trkpt>
      <trkpt lat="43.16937818191945552825927734375" lon="-109.6414075791835784912109375">
        <ele>3675.60009765625</ele>
        <time>2017-09-02T19:47:59.000Z</time>
        <extensions>
          <ns3:TrackPointExtension>
            <ns3:atemp>29.0</ns3:atemp>
            <ns3:cad>61</ns3:cad>
          </ns3:TrackPointExtension>
        </extensions>
      </trkpt>
      <trkpt lat="43.16940735094249248504638671875" lon="-109.64143532328307628631591796875">
        <ele>3675</ele>
        <time>2017-09-02T19:48:01.000Z</time>
        <extensions>
          <ns3:TrackPointExtension>
            <ns3:atemp>29.0</ns3:atemp>
            <ns3:cad>61</ns3:cad>
          </ns3:TrackPointExtension>
        </extensions>
      </trkpt>
      <trkpt lat="43.1694250367581844329833984375" lon="-109.64146700687706470489501953125">
        <ele>3674.39990234375</ele>
        <time>2017-09-02T19:48:03.000Z</time>
        <extensions>
          <ns3:TrackPointExtension>
            <ns3:atemp>29.0</ns3:atemp>
            <ns3:cad>61</ns3:cad>
          </ns3:TrackPointExtension>
        </extensions>
      </trkpt>
      <trkpt lat="43.1694716401398181915283203125" lon="-109.64151687920093536376953125">
        <ele>3673.39990234375</ele>
        <time>2017-09-02T19:48:08.000Z</time>
        <extensions>
          <ns3:TrackPointExtension>
            <ns3:atemp>29.0</ns3:atemp>
            <ns3:cad>78</ns3:cad>
          </ns3:TrackPointExtension>
        </extensions>
      </trkpt>
      <trkpt lat="43.16953718662261962890625" lon="-109.64158519171178340911865234375">
        <ele>3672.199951171875</ele>
        <time>2017-09-02T19:48:15.000Z</time>
        <extensions>
          <ns3:TrackPointExtension>
            <ns3:atemp>29.0</ns3:atemp>
            <ns3:cad>0</ns3:cad>
          </ns3:TrackPointExtension>
        </extensions>
      </trkpt>
      <trkpt lat="43.16956643946468830108642578125" lon="-109.6416149474680423736572265625">
        <ele>3671.60009765625</ele>
        <time>2017-09-02T19:48:20.000Z</time>
        <extensions>
          <ns3:TrackPointExtension>
            <ns3:atemp>29.0</ns3:atemp>
            <ns3:cad>61</ns3:cad>
          </ns3:TrackPointExtension>
        </extensions>
      </trkpt>
      <trkpt lat="43.16958219744265079498291015625" lon="-109.64162349700927734375">
        <ele>3671.39990234375</ele>
        <time>2017-09-02T19:48:22.000Z</time>
        <extensions>
          <ns3:TrackPointExtension>
            <ns3:atemp>29.0</ns3:atemp>
            <ns3:cad>61</ns3:cad>
          </ns3:TrackPointExtension>
        </extensions>
      </trkpt>
      <trkpt lat="43.1695889867842197418212890625" lon="-109.64162961579859256744384765625">
        <ele>3671.199951171875</ele>
        <time>2017-09-02T19:48:23.000Z</time>
        <extensions>
          <ns3:TrackPointExtension>
            <ns3:atemp>29.0</ns3:atemp>
            <ns3:cad>61</ns3:cad>
          </ns3:TrackPointExtension>
        </extensions>
      </trkpt>
      <trkpt lat="43.16961036063730716705322265625" lon="-109.6416239999234676361083984375">
        <ele>3670.60009765625</ele>
        <time>2017-09-02T19:48:27.000Z</time>
        <extensions>
          <ns3:TrackPointExtension>
            <ns3:atemp>29.0</ns3:atemp>
            <ns3:cad>61</ns3:cad>
          </ns3:TrackPointExtension>
        </extensions>
      </trkpt>
      <trkpt lat="43.16963315941393375396728515625" lon="-109.6416364051401615142822265625">
        <ele>3670</ele>
        <time>2017-09-02T19:48:30.000Z</time>
        <extensions>
          <ns3:TrackPointExtension>
            <ns3:atemp>29.0</ns3:atemp>
            <ns3:cad>61</ns3:cad>
          </ns3:TrackPointExtension>
        </extensions>
      </trkpt>
      <trkpt lat="43.1696335785090923309326171875" lon="-109.64163296855986118316650390625">
        <ele>3669.800048828125</ele>
        <time>2017-09-02T19:48:31.000Z</time>
        <extensions>
          <ns3:TrackPointExtension>
            <ns3:atemp>29.0</ns3:atemp>
            <ns3:cad>0</ns3:cad>
          </ns3:TrackPointExtension>
        </extensions>
      </trkpt>
      <trkpt lat="43.16964757628738880157470703125" lon="-109.6416320465505123138427734375">
        <ele>3669.39990234375</ele>
        <time>2017-09-02T19:48:33.000Z</time>
        <extensions>
          <ns3:TrackPointExtension>
            <ns3:atemp>29.0</ns3:atemp>
            <ns3:cad>0</ns3:cad>
          </ns3:TrackPointExtension>
        </extensions>
      </trkpt>
      <trkpt lat="43.1696801818907260894775390625" lon="-109.6416260115802288055419921875">
        <ele>3668.800048828125</ele>
        <time>2017-09-02T19:48:37.000Z</time>
        <extensions>
          <ns3:TrackPointExtension>
            <ns3:atemp>29.0</ns3:atemp>
            <ns3:cad>0</ns3:cad>
          </ns3:TrackPointExtension>
        </extensions>
      </trkpt>
      <trkpt lat="43.16970423795282840728759765625" lon="-109.6416256763041019439697265625">
        <ele>3667.800048828125</ele>
        <time>2017-09-02T19:48:41.000Z</time>
        <extensions>
          <ns3:TrackPointExtension>
            <ns3:atemp>29.0</ns3:atemp>
            <ns3:cad>0</ns3:cad>
          </ns3:TrackPointExtension>
        </extensions>
      </trkpt>
      <trkpt lat="43.16972435452044010162353515625" lon="-109.64162014424800872802734375">
        <ele>3666.800048828125</ele>
        <time>2017-09-02T19:48:46.000Z</time>
        <extensions>
          <ns3:TrackPointExtension>
            <ns3:atemp>29.0</ns3:atemp>
            <ns3:cad>61</ns3:cad>
          </ns3:TrackPointExtension>
        </extensions>
      </trkpt>
      <trkpt lat="43.169734664261341094970703125" lon="-109.64160941541194915771484375">
        <ele>3665.60009765625</ele>
        <time>2017-09-02T19:48:51.000Z</time>
        <extensions>
          <ns3:TrackPointExtension>
            <ns3:atemp>29.0</ns3:atemp>
            <ns3:cad>0</ns3:cad>
          </ns3:TrackPointExtension>
        </extensions>
      </trkpt>
      <trkpt lat="43.1697985343635082244873046875" lon="-109.64158452115952968597412109375">
        <ele>3664.39990234375</ele>
        <time>2017-09-02T19:49:20.000Z</time>
        <extensions>
          <ns3:TrackPointExtension>
            <ns3:atemp>29.0</ns3:atemp>
            <ns3:cad>0</ns3:cad>
          </ns3:TrackPointExtension>
        </extensions>
      </trkpt>
      <trkpt lat="43.16983717493712902069091796875" lon="-109.6415846049785614013671875">
        <ele>3663.39990234375</ele>
        <time>2017-09-02T19:49:25.000Z</time>
        <extensions>
          <ns3:TrackPointExtension>
            <ns3:atemp>28.0</ns3:atemp>
            <ns3:cad>0</ns3:cad>
          </ns3:TrackPointExtension>
        </extensions>
      </trkpt>
      <trkpt lat="43.1698733009397983551025390625" lon="-109.6415928192436695098876953125">
        <ele>3662.39990234375</ele>
        <time>2017-09-02T19:49:31.000Z</time>
        <extensions>
          <ns3:TrackPointExtension>
            <ns3:atemp>28.0</ns3:atemp>
            <ns3:cad>0</ns3:cad>
          </ns3:TrackPointExtension>
        </extensions>
      </trkpt>
      <trkpt lat="43.16990397870540618896484375" lon="-109.6416176296770572662353515625">
        <ele>3661.199951171875</ele>
        <time>2017-09-02T19:49:35.000Z</time>
        <extensions>
          <ns3:TrackPointExtension>
            <ns3:atemp>28.0</ns3:atemp>
            <ns3:cad>77</ns3:cad>
          </ns3:TrackPointExtension>
        </extensions>
      </trkpt>
      <trkpt lat="43.1699296273291110992431640625" lon="-109.641648642718791961669921875">
        <ele>3660.199951171875</ele>
        <time>2017-09-02T19:49:39.000Z</time>
        <extensions>
          <ns3:TrackPointExtension>
            <ns3:atemp>28.0</ns3:atemp>
            <ns3:cad>65</ns3:cad>
          </ns3:TrackPointExtension>
        </extensions>
      </trkpt>
      <trkpt lat="43.16996005363762378692626953125" lon="-109.64168460108339786529541015625">
        <ele>3659.199951171875</ele>
        <time>2017-09-02T19:49:46.000Z</time>
        <extensions>
          <ns3:TrackPointExtension>
            <ns3:atemp>28.0</ns3:atemp>
            <ns3:cad>0</ns3:cad>
          </ns3:TrackPointExtension>
        </extensions>
      </trkpt>
      <trkpt lat="43.169963322579860687255859375" lon="-109.64167571626603603363037109375">
        <ele>3658.60009765625</ele>
        <time>2017-09-02T19:49:51.000Z</time>
        <extensions>
          <ns3:TrackPointExtension>
            <ns3:atemp>28.0</ns3:atemp>
            <ns3:cad>0</ns3:cad>
          </ns3:TrackPointExtension>
        </extensions>
      </trkpt>
      <trkpt lat="43.1699661724269390106201171875" lon="-109.64167521335184574127197265625">
        <ele>3658</ele>
        <time>2017-09-02T19:49:55.000Z</time>
        <extensions>
          <ns3:TrackPointExtension>
            <ns3:atemp>28.0</ns3:atemp>
            <ns3:cad>0</ns3:cad>
          </ns3:TrackPointExtension>
        </extensions>
      </trkpt>
      <trkpt lat="43.17002023570239543914794921875" lon="-109.64169658720493316650390625">
        <ele>3657</ele>
        <time>2017-09-02T19:50:03.000Z</time>
        <extensions>
          <ns3:TrackPointExtension>
            <ns3:atemp>28.0</ns3:atemp>
            <ns3:cad>0</ns3:cad>
          </ns3:TrackPointExtension>
        </extensions>
      </trkpt>
      <trkpt lat="43.17005275748670101165771484375" lon="-109.64171092025935649871826171875">
        <ele>3656</ele>
        <time>2017-09-02T19:50:09.000Z</time>
        <extensions>
          <ns3:TrackPointExtension>
            <ns3:atemp>28.0</ns3:atemp>
            <ns3:cad>72</ns3:cad>
          </ns3:TrackPointExtension>
        </extensions>
      </trkpt>
      <trkpt lat="43.17009516991674900054931640625" lon="-109.64172349311411380767822265625">
        <ele>3655</ele>
        <time>2017-09-02T19:50:16.000Z</time>
        <extensions>
          <ns3:TrackPointExtension>
            <ns3:atemp>28.0</ns3:atemp>
            <ns3:cad>41</ns3:cad>
          </ns3:TrackPointExtension>
        </extensions>
      </trkpt>
      <trkpt lat="43.170106150209903717041015625" lon="-109.641723074018955230712890625">
        <ele>3653.800048828125</ele>
        <time>2017-09-02T19:50:21.000Z</time>
        <extensions>
          <ns3:TrackPointExtension>
            <ns3:atemp>28.0</ns3:atemp>
            <ns3:cad>0</ns3:cad>
          </ns3:TrackPointExtension>
        </extensions>
      </trkpt>
      <trkpt lat="43.17017328925430774688720703125" lon="-109.641749560832977294921875">
        <ele>3653</ele>
        <time>2017-09-02T19:50:43.000Z</time>
        <extensions>
          <ns3:TrackPointExtension>
            <ns3:atemp>28.0</ns3:atemp>
            <ns3:cad>61</ns3:cad>
          </ns3:TrackPointExtension>
        </extensions>
      </trkpt>
      <trkpt lat="43.17018284462392330169677734375" lon="-109.64177378453314304351806640625">
        <ele>3652.800048828125</ele>
        <time>2017-09-02T19:50:45.000Z</time>
        <extensions>
          <ns3:TrackPointExtension>
            <ns3:atemp>28.0</ns3:atemp>
            <ns3:cad>61</ns3:cad>
          </ns3:TrackPointExtension>
        </extensions>
      </trkpt>
      <trkpt lat="43.1702286936342716217041015625" lon="-109.6418067254126071929931640625">
        <ele>3651.60009765625</ele>
        <time>2017-09-02T19:50:51.000Z</time>
        <extensions>
          <ns3:TrackPointExtension>
            <ns3:atemp>27.0</ns3:atemp>
            <ns3:cad>61</ns3:cad>
          </ns3:TrackPointExtension>
        </extensions>
      </trkpt>
      <trkpt lat="43.1702618859708309173583984375" lon="-109.6418301947414875030517578125">
        <ele>3650.39990234375</ele>
        <time>2017-09-02T19:50:57.000Z</time>
        <extensions>
          <ns3:TrackPointExtension>
            <ns3:atemp>27.0</ns3:atemp>
            <ns3:cad>61</ns3:cad>
          </ns3:TrackPointExtension>
        </extensions>
      </trkpt>
      <trkpt lat="43.17027890123426914215087890625" lon="-109.6418804861605167388916015625">
        <ele>3649.39990234375</ele>
        <time>2017-09-02T19:51:03.000Z</time>
        <extensions>
          <ns3:TrackPointExtension>
            <ns3:atemp>27.0</ns3:atemp>
            <ns3:cad>40</ns3:cad>
          </ns3:TrackPointExtension>
        </extensions>
      </trkpt>
      <trkpt lat="43.17026205360889434814453125" lon="-109.64188476093113422393798828125">
        <ele>3649.39990234375</ele>
        <time>2017-09-02T19:51:14.000Z</time>
        <extensions>
          <ns3:TrackPointExtension>
            <ns3:atemp>27.0</ns3:atemp>
            <ns3:cad>0</ns3:cad>
          </ns3:TrackPointExtension>
        </extensions>
      </trkpt>
      <trkpt lat="43.17026481963694095611572265625" lon="-109.64191141538321971893310546875">
        <ele>3650.60009765625</ele>
        <time>2017-09-02T19:51:24.000Z</time>
        <extensions>
          <ns3:TrackPointExtension>
            <ns3:atemp>27.0</ns3:atemp>
            <ns3:cad>0</ns3:cad>
          </ns3:TrackPointExtension>
        </extensions>
      </trkpt>
      <trkpt lat="43.17028594203293323516845703125" lon="-109.64187537319958209991455078125">
        <ele>3650</ele>
        <time>2017-09-02T19:52:10.000Z</time>
        <extensions>
          <ns3:TrackPointExtension>
            <ns3:atemp>27.0</ns3:atemp>
            <ns3:cad>0</ns3:cad>
          </ns3:TrackPointExtension>
        </extensions>
      </trkpt>
      <trkpt lat="43.170383758842945098876953125" lon="-109.64188207872211933135986328125">
        <ele>3649.800048828125</ele>
        <time>2017-09-02T19:53:02.000Z</time>
        <extensions>
          <ns3:TrackPointExtension>
            <ns3:atemp>26.0</ns3:atemp>
            <ns3:cad>0</ns3:cad>
          </ns3:TrackPointExtension>
        </extensions>
      </trkpt>
      <trkpt lat="43.170386441051959991455078125" lon="-109.64187453500926494598388671875">
        <ele>3645.39990234375</ele>
        <time>2017-09-02T19:53:20.000Z</time>
        <extensions>
          <ns3:TrackPointExtension>
            <ns3:atemp>26.0</ns3:atemp>
            <ns3:cad>0</ns3:cad>
          </ns3:TrackPointExtension>
        </extensions>
      </trkpt>
      <trkpt lat="43.17040630616247653961181640625" lon="-109.6418794803321361541748046875">
        <ele>3645.199951171875</ele>
        <time>2017-09-02T19:53:22.000Z</time>
        <extensions>
          <ns3:TrackPointExtension>
            <ns3:atemp>26.0</ns3:atemp>
            <ns3:cad>0</ns3:cad>
          </ns3:TrackPointExtension>
        </extensions>
      </trkpt>
      <trkpt lat="43.17047126591205596923828125" lon="-109.64193153195083141326904296875">
        <ele>3644.60009765625</ele>
        <time>2017-09-02T19:53:43.000Z</time>
        <extensions>
          <ns3:TrackPointExtension>
            <ns3:atemp>26.0</ns3:atemp>
            <ns3:cad>61</ns3:cad>
          </ns3:TrackPointExtension>
        </extensions>
      </trkpt>
      <trkpt lat="43.170478977262973785400390625" lon="-109.641944356262683868408203125">
        <ele>3644.199951171875</ele>
        <time>2017-09-02T19:53:44.000Z</time>
        <extensions>
          <ns3:TrackPointExtension>
            <ns3:atemp>26.0</ns3:atemp>
            <ns3:cad>61</ns3:cad>
          </ns3:TrackPointExtension>
        </extensions>
      </trkpt>
      <trkpt lat="43.170500434935092926025390625" lon="-109.64196388609707355499267578125">
        <ele>3643.800048828125</ele>
        <time>2017-09-02T19:53:47.000Z</time>
        <extensions>
          <ns3:TrackPointExtension>
            <ns3:atemp>26.0</ns3:atemp>
            <ns3:cad>61</ns3:cad>
          </ns3:TrackPointExtension>
        </extensions>
      </trkpt>
      <trkpt lat="43.170528598129749298095703125" lon="-109.64197712950408458709716796875">
        <ele>3643.199951171875</ele>
        <time>2017-09-02T19:53:51.000Z</time>
        <extensions>
          <ns3:TrackPointExtension>
            <ns3:atemp>25.0</ns3:atemp>
            <ns3:cad>61</ns3:cad>
          </ns3:TrackPointExtension>
        </extensions>
      </trkpt>
      <trkpt lat="43.1705368123948574066162109375" lon="-109.6419817395508289337158203125">
        <ele>3643.199951171875</ele>
        <time>2017-09-02T19:53:52.000Z</time>
        <extensions>
          <ns3:TrackPointExtension>
            <ns3:atemp>25.0</ns3:atemp>
            <ns3:cad>61</ns3:cad>
          </ns3:TrackPointExtension>
        </extensions>
      </trkpt>
      <trkpt lat="43.1705726869404315948486328125" lon="-109.6420003473758697509765625">
        <ele>3642.199951171875</ele>
        <time>2017-09-02T19:53:57.000Z</time>
        <extensions>
          <ns3:TrackPointExtension>
            <ns3:atemp>25.0</ns3:atemp>
            <ns3:cad>61</ns3:cad>
          </ns3:TrackPointExtension>
        </extensions>
      </trkpt>
      <trkpt lat="43.1705760397017002105712890625" lon="-109.64200026355683803558349609375">
        <ele>3642</ele>
        <time>2017-09-02T19:53:58.000Z</time>
        <extensions>
          <ns3:TrackPointExtension>
            <ns3:atemp>25.0</ns3:atemp>
            <ns3:cad>61</ns3:cad>
          </ns3:TrackPointExtension>
        </extensions>
      </trkpt>
      <trkpt lat="43.170623816549777984619140625" lon="-109.64200160466134548187255859375">
        <ele>3641</ele>
        <time>2017-09-02T19:54:06.000Z</time>
        <extensions>
          <ns3:TrackPointExtension>
            <ns3:atemp>25.0</ns3:atemp>
            <ns3:cad>51</ns3:cad>
          </ns3:TrackPointExtension>
        </extensions>
      </trkpt>
      <trkpt lat="43.17065826617181301116943359375" lon="-109.64200797490775585174560546875">
        <ele>3640</ele>
        <time>2017-09-02T19:54:11.000Z</time>
        <extensions>
          <ns3:TrackPointExtension>
            <ns3:atemp>25.0</ns3:atemp>
            <ns3:cad>51</ns3:cad>
          </ns3:TrackPointExtension>
        </extensions>
      </trkpt>
      <trkpt lat="43.1706994213163852691650390625" lon="-109.6420367248356342315673828125">
        <ele>3638.800048828125</ele>
        <time>2017-09-02T19:54:17.000Z</time>
        <extensions>
          <ns3:TrackPointExtension>
            <ns3:atemp>25.0</ns3:atemp>
            <ns3:cad>61</ns3:cad>
          </ns3:TrackPointExtension>
        </extensions>
      </trkpt>
      <trkpt lat="43.17073370330035686492919921875" lon="-109.642058350145816802978515625">
        <ele>3637.60009765625</ele>
        <time>2017-09-02T19:54:22.000Z</time>
        <extensions>
          <ns3:TrackPointExtension>
            <ns3:atemp>25.0</ns3:atemp>
            <ns3:cad>0</ns3:cad>
          </ns3:TrackPointExtension>
        </extensions>
      </trkpt>
      <trkpt lat="43.170769326388835906982421875" lon="-109.6420923806726932525634765625">
        <ele>3636.60009765625</ele>
        <time>2017-09-02T19:54:28.000Z</time>
        <extensions>
          <ns3:TrackPointExtension>
            <ns3:atemp>25.0</ns3:atemp>
            <ns3:cad>0</ns3:cad>
          </ns3:TrackPointExtension>
        </extensions>
      </trkpt>
      <trkpt lat="43.17081349901854991912841796875" lon="-109.642118699848651885986328125">
        <ele>3635.60009765625</ele>
        <time>2017-09-02T19:54:34.000Z</time>
        <extensions>
          <ns3:TrackPointExtension>
            <ns3:atemp>25.0</ns3:atemp>
            <ns3:cad>72</ns3:cad>
          </ns3:TrackPointExtension>
        </extensions>
      </trkpt>
      <trkpt lat="43.17084317095577716827392578125" lon="-109.64214175008237361907958984375">
        <ele>3634.39990234375</ele>
        <time>2017-09-02T19:54:39.000Z</time>
        <extensions>
          <ns3:TrackPointExtension>
            <ns3:atemp>25.0</ns3:atemp>
            <ns3:cad>66</ns3:cad>
          </ns3:TrackPointExtension>
        </extensions>
      </trkpt>
      <trkpt lat="43.1708930432796478271484375" lon="-109.64218717999756336212158203125">
        <ele>3633.199951171875</ele>
        <time>2017-09-02T19:54:45.000Z</time>
        <extensions>
          <ns3:TrackPointExtension>
            <ns3:atemp>24.0</ns3:atemp>
            <ns3:cad>0</ns3:cad>
          </ns3:TrackPointExtension>
        </extensions>
      </trkpt>
      <trkpt lat="43.170930929481983184814453125" lon="-109.64221316389739513397216796875">
        <ele>3632.39990234375</ele>
        <time>2017-09-02T19:54:49.000Z</time>
        <extensions>
          <ns3:TrackPointExtension>
            <ns3:atemp>24.0</ns3:atemp>
            <ns3:cad>0</ns3:cad>
          </ns3:TrackPointExtension>
        </extensions>
      </trkpt>
      <trkpt lat="43.170945346355438232421875" lon="-109.64221500791609287261962890625">
        <ele>3632</ele>
        <time>2017-09-02T19:54:50.000Z</time>
        <extensions>
          <ns3:TrackPointExtension>
            <ns3:atemp>24.0</ns3:atemp>
            <ns3:cad>0</ns3:cad>
          </ns3:TrackPointExtension>
        </extensions>
      </trkpt>
      <trkpt lat="43.170987926423549652099609375" lon="-109.6422368846833705902099609375">
        <ele>3631.39990234375</ele>
        <time>2017-09-02T19:54:54.000Z</time>
        <extensions>
          <ns3:TrackPointExtension>
            <ns3:atemp>24.0</ns3:atemp>
            <ns3:cad>0</ns3:cad>
          </ns3:TrackPointExtension>
        </extensions>
      </trkpt>
      <trkpt lat="43.17100142128765583038330078125" lon="-109.64223713614046573638916015625">
        <ele>3630.800048828125</ele>
        <time>2017-09-02T19:54:56.000Z</time>
        <extensions>
          <ns3:TrackPointExtension>
            <ns3:atemp>24.0</ns3:atemp>
            <ns3:cad>0</ns3:cad>
          </ns3:TrackPointExtension>
        </extensions>
      </trkpt>
      <trkpt lat="43.1710397265851497650146484375" lon="-109.64225943200290203094482421875">
        <ele>3629.60009765625</ele>
        <time>2017-09-02T19:55:00.000Z</time>
        <extensions>
          <ns3:TrackPointExtension>
            <ns3:atemp>24.0</ns3:atemp>
            <ns3:cad>0</ns3:cad>
          </ns3:TrackPointExtension>
        </extensions>
      </trkpt>
      <trkpt lat="43.17105959169566631317138671875" lon="-109.6422564983367919921875">
        <ele>3628.60009765625</ele>
        <time>2017-09-02T19:55:04.000Z</time>
        <extensions>
          <ns3:TrackPointExtension>
            <ns3:atemp>24.0</ns3:atemp>
            <ns3:cad>61</ns3:cad>
          </ns3:TrackPointExtension>
        </extensions>
      </trkpt>
      <trkpt lat="43.171069733798503875732421875" lon="-109.642253816127777099609375">
        <ele>3628.60009765625</ele>
        <time>2017-09-02T19:55:05.000Z</time>
        <extensions>
          <ns3:TrackPointExtension>
            <ns3:atemp>24.0</ns3:atemp>
            <ns3:cad>61</ns3:cad>
          </ns3:TrackPointExtension>
        </extensions>
      </trkpt>
      <trkpt lat="43.17108415067195892333984375" lon="-109.642258845269680023193359375">
        <ele>3628</ele>
        <time>2017-09-02T19:55:07.000Z</time>
        <extensions>
          <ns3:TrackPointExtension>
            <ns3:atemp>24.0</ns3:atemp>
            <ns3:cad>61</ns3:cad>
          </ns3:TrackPointExtension>
        </extensions>
      </trkpt>
      <trkpt lat="43.17109756171703338623046875" lon="-109.64226186275482177734375">
        <ele>3627.39990234375</ele>
        <time>2017-09-02T19:55:09.000Z</time>
        <extensions>
          <ns3:TrackPointExtension>
            <ns3:atemp>24.0</ns3:atemp>
            <ns3:cad>61</ns3:cad>
          </ns3:TrackPointExtension>
        </extensions>
      </trkpt>
      <trkpt lat="43.17111499607563018798828125" lon="-109.64225708507001399993896484375">
        <ele>3626</ele>
        <time>2017-09-02T19:55:13.000Z</time>
        <extensions>
          <ns3:TrackPointExtension>
            <ns3:atemp>24.0</ns3:atemp>
            <ns3:cad>61</ns3:cad>
          </ns3:TrackPointExtension>
        </extensions>
      </trkpt>
      <trkpt lat="43.17118129692971706390380859375" lon="-109.6423022635281085968017578125">
        <ele>3625</ele>
        <time>2017-09-02T19:55:17.000Z</time>
        <extensions>
          <ns3:TrackPointExtension>
            <ns3:atemp>24.0</ns3:atemp>
            <ns3:cad>61</ns3:cad>
          </ns3:TrackPointExtension>
        </extensions>
      </trkpt>
      <trkpt lat="43.1712442450225353240966796875" lon="-109.64233788661658763885498046875">
        <ele>3623.800048828125</ele>
        <time>2017-09-02T19:55:23.000Z</time>
        <extensions>
          <ns3:TrackPointExtension>
            <ns3:atemp>24.0</ns3:atemp>
            <ns3:cad>57</ns3:cad>
          </ns3:TrackPointExtension>
        </extensions>
      </trkpt>
      <trkpt lat="43.17124776542186737060546875" lon="-109.6423274092376232147216796875">
        <ele>3623.199951171875</ele>
        <time>2017-09-02T19:55:25.000Z</time>
        <extensions>
          <ns3:TrackPointExtension>
            <ns3:atemp>24.0</ns3:atemp>
            <ns3:cad>57</ns3:cad>
          </ns3:TrackPointExtension>
        </extensions>
      </trkpt>
      <trkpt lat="43.17124818451702594757080078125" lon="-109.642315842211246490478515625">
        <ele>3622.800048828125</ele>
        <time>2017-09-02T19:55:27.000Z</time>
        <extensions>
          <ns3:TrackPointExtension>
            <ns3:atemp>24.0</ns3:atemp>
            <ns3:cad>0</ns3:cad>
          </ns3:TrackPointExtension>
        </extensions>
      </trkpt>
      <trkpt lat="43.17128355614840984344482421875" lon="-109.64233051054179668426513671875">
        <ele>3621.60009765625</ele>
        <time>2017-09-02T19:55:34.000Z</time>
        <extensions>
          <ns3:TrackPointExtension>
            <ns3:atemp>25.0</ns3:atemp>
            <ns3:cad>0</ns3:cad>
          </ns3:TrackPointExtension>
        </extensions>
      </trkpt>
      <trkpt lat="43.17129193805158138275146484375" lon="-109.6423498727381229400634765625">
        <ele>3620.39990234375</ele>
        <time>2017-09-02T19:55:39.000Z</time>
        <extensions>
          <ns3:TrackPointExtension>
            <ns3:atemp>25.0</ns3:atemp>
            <ns3:cad>0</ns3:cad>
          </ns3:TrackPointExtension>
        </extensions>
      </trkpt>
      <trkpt lat="43.1713387928903102874755859375" lon="-109.64231844060122966766357421875">
        <ele>3619.39990234375</ele>
        <time>2017-09-02T19:55:57.000Z</time>
        <extensions>
          <ns3:TrackPointExtension>
            <ns3:atemp>25.0</ns3:atemp>
            <ns3:cad>62</ns3:cad>
          </ns3:TrackPointExtension>
        </extensions>
      </trkpt>
      <trkpt lat="43.17135094664990901947021484375" lon="-109.6423150040209293365478515625">
        <ele>3619.199951171875</ele>
        <time>2017-09-02T19:55:58.000Z</time>
        <extensions>
          <ns3:TrackPointExtension>
            <ns3:atemp>25.0</ns3:atemp>
            <ns3:cad>61</ns3:cad>
          </ns3:TrackPointExtension>
        </extensions>
      </trkpt>
      <trkpt lat="43.17137625999748706817626953125" lon="-109.64231978170573711395263671875">
        <ele>3618.39990234375</ele>
        <time>2017-09-02T19:56:00.000Z</time>
        <extensions>
          <ns3:TrackPointExtension>
            <ns3:atemp>25.0</ns3:atemp>
            <ns3:cad>60</ns3:cad>
          </ns3:TrackPointExtension>
        </extensions>
      </trkpt>
      <trkpt lat="43.17140157334506511688232421875" lon="-109.64231542311608791351318359375">
        <ele>3617</ele>
        <time>2017-09-02T19:56:02.000Z</time>
        <extensions>
          <ns3:TrackPointExtension>
            <ns3:atemp>25.0</ns3:atemp>
            <ns3:cad>60</ns3:cad>
          </ns3:TrackPointExtension>
        </extensions>
      </trkpt>
      <trkpt lat="43.17144834436476230621337890625" lon="-109.64232631959021091461181640625">
        <ele>3615.800048828125</ele>
        <time>2017-09-02T19:56:05.000Z</time>
        <extensions>
          <ns3:TrackPointExtension>
            <ns3:atemp>25.0</ns3:atemp>
            <ns3:cad>60</ns3:cad>
          </ns3:TrackPointExtension>
        </extensions>
      </trkpt>
      <trkpt lat="43.17147064022719860076904296875" lon="-109.64233838953077793121337890625">
        <ele>3614.60009765625</ele>
        <time>2017-09-02T19:56:08.000Z</time>
        <extensions>
          <ns3:TrackPointExtension>
            <ns3:atemp>25.0</ns3:atemp>
            <ns3:cad>60</ns3:cad>
          </ns3:TrackPointExtension>
        </extensions>
      </trkpt>
      <trkpt lat="43.17147910594940185546875" lon="-109.64233495295047760009765625">
        <ele>3613.800048828125</ele>
        <time>2017-09-02T19:56:10.000Z</time>
        <extensions>
          <ns3:TrackPointExtension>
            <ns3:atemp>25.0</ns3:atemp>
            <ns3:cad>60</ns3:cad>
          </ns3:TrackPointExtension>
        </extensions>
      </trkpt>
      <trkpt lat="43.17147969268262386322021484375" lon="-109.64233151637017726898193359375">
        <ele>3613.39990234375</ele>
        <time>2017-09-02T19:56:11.000Z</time>
        <extensions>
          <ns3:TrackPointExtension>
            <ns3:atemp>25.0</ns3:atemp>
            <ns3:cad>60</ns3:cad>
          </ns3:TrackPointExtension>
        </extensions>
      </trkpt>
      <trkpt lat="43.17145320586860179901123046875" lon="-109.64228390716016292572021484375">
        <ele>3612.39990234375</ele>
        <time>2017-09-02T19:56:39.000Z</time>
        <extensions>
          <ns3:TrackPointExtension>
            <ns3:atemp>25.0</ns3:atemp>
            <ns3:cad>0</ns3:cad>
          </ns3:TrackPointExtension>
        </extensions>
      </trkpt>
      <trkpt lat="43.171564601361751556396484375" lon="-109.642313830554485321044921875">
        <ele>3611.199951171875</ele>
        <time>2017-09-02T19:57:01.000Z</time>
        <extensions>
          <ns3:TrackPointExtension>
            <ns3:atemp>26.0</ns3:atemp>
            <ns3:cad>61</ns3:cad>
          </ns3:TrackPointExtension>
        </extensions>
      </trkpt>
      <trkpt lat="43.1715966202318668365478515625" lon="-109.64228667318820953369140625">
        <ele>3610.199951171875</ele>
        <time>2017-09-02T19:57:03.000Z</time>
        <extensions>
          <ns3:TrackPointExtension>
            <ns3:atemp>26.0</ns3:atemp>
            <ns3:cad>61</ns3:cad>
          </ns3:TrackPointExtension>
        </extensions>
      </trkpt>
      <trkpt lat="43.17162637598812580108642578125" lon="-109.6422637067735195159912109375">
        <ele>3608.60009765625</ele>
        <time>2017-09-02T19:57:05.000Z</time>
        <extensions>
          <ns3:TrackPointExtension>
            <ns3:atemp>26.0</ns3:atemp>
            <ns3:cad>61</ns3:cad>
          </ns3:TrackPointExtension>
        </extensions>
      </trkpt>
      <trkpt lat="43.1716552935540676116943359375" lon="-109.64224987663328647613525390625">
        <ele>3607</ele>
        <time>2017-09-02T19:57:07.000Z</time>
        <extensions>
          <ns3:TrackPointExtension>
            <ns3:atemp>26.0</ns3:atemp>
            <ns3:cad>61</ns3:cad>
          </ns3:TrackPointExtension>
        </extensions>
      </trkpt>
      <trkpt lat="43.1716770865023136138916015625" lon="-109.6422399021685123443603515625">
        <ele>3605.800048828125</ele>
        <time>2017-09-02T19:57:09.000Z</time>
        <extensions>
          <ns3:TrackPointExtension>
            <ns3:atemp>26.0</ns3:atemp>
            <ns3:cad>61</ns3:cad>
          </ns3:TrackPointExtension>
        </extensions>
      </trkpt>
      <trkpt lat="43.17170432768762111663818359375" lon="-109.642231352627277374267578125">
        <ele>3604.800048828125</ele>
        <time>2017-09-02T19:57:11.000Z</time>
        <extensions>
          <ns3:TrackPointExtension>
            <ns3:atemp>26.0</ns3:atemp>
            <ns3:cad>61</ns3:cad>
          </ns3:TrackPointExtension>
        </extensions>
      </trkpt>
      <trkpt lat="43.1717334128916263580322265625" lon="-109.64221894741058349609375">
        <ele>3603.39990234375</ele>
        <time>2017-09-02T19:57:13.000Z</time>
        <extensions>
          <ns3:TrackPointExtension>
            <ns3:atemp>26.0</ns3:atemp>
            <ns3:cad>0</ns3:cad>
          </ns3:TrackPointExtension>
        </extensions>
      </trkpt>
      <trkpt lat="43.1717632524669170379638671875" lon="-109.642203189432621002197265625">
        <ele>3602.199951171875</ele>
        <time>2017-09-02T19:57:15.000Z</time>
        <extensions>
          <ns3:TrackPointExtension>
            <ns3:atemp>26.0</ns3:atemp>
            <ns3:cad>0</ns3:cad>
          </ns3:TrackPointExtension>
        </extensions>
      </trkpt>
      <trkpt lat="43.171787559986114501953125" lon="-109.64218935929238796234130859375">
        <ele>3600.800048828125</ele>
        <time>2017-09-02T19:57:17.000Z</time>
        <extensions>
          <ns3:TrackPointExtension>
            <ns3:atemp>26.0</ns3:atemp>
            <ns3:cad>0</ns3:cad>
          </ns3:TrackPointExtension>
        </extensions>
      </trkpt>
      <trkpt lat="43.17181094549596309661865234375" lon="-109.64217712171375751495361328125">
        <ele>3599.39990234375</ele>
        <time>2017-09-02T19:57:19.000Z</time>
        <extensions>
          <ns3:TrackPointExtension>
            <ns3:atemp>26.0</ns3:atemp>
            <ns3:cad>0</ns3:cad>
          </ns3:TrackPointExtension>
        </extensions>
      </trkpt>
      <trkpt lat="43.17185453139245510101318359375" lon="-109.6421505510807037353515625">
        <ele>3598</ele>
        <time>2017-09-02T19:57:22.000Z</time>
        <extensions>
          <ns3:TrackPointExtension>
            <ns3:atemp>26.0</ns3:atemp>
            <ns3:cad>0</ns3:cad>
          </ns3:TrackPointExtension>
        </extensions>
      </trkpt>
      <trkpt lat="43.17188889719545841217041015625" lon="-109.64213646948337554931640625">
        <ele>3596.800048828125</ele>
        <time>2017-09-02T19:57:24.000Z</time>
        <extensions>
          <ns3:TrackPointExtension>
            <ns3:atemp>26.0</ns3:atemp>
            <ns3:cad>0</ns3:cad>
          </ns3:TrackPointExtension>
        </extensions>
      </trkpt>
      <trkpt lat="43.171932734549045562744140625" lon="-109.6421183645725250244140625">
        <ele>3595.60009765625</ele>
        <time>2017-09-02T19:57:26.000Z</time>
        <extensions>
          <ns3:TrackPointExtension>
            <ns3:atemp>26.0</ns3:atemp>
            <ns3:cad>0</ns3:cad>
          </ns3:TrackPointExtension>
        </extensions>
      </trkpt>
      <trkpt lat="43.17198193632066249847412109375" lon="-109.64210285805165767669677734375">
        <ele>3594.39990234375</ele>
        <time>2017-09-02T19:57:28.000Z</time>
        <extensions>
          <ns3:TrackPointExtension>
            <ns3:atemp>26.0</ns3:atemp>
            <ns3:cad>0</ns3:cad>
          </ns3:TrackPointExtension>
        </extensions>
      </trkpt>
      <trkpt lat="43.17202317528426647186279296875" lon="-109.64208550751209259033203125">
        <ele>3592.60009765625</ele>
        <time>2017-09-02T19:57:30.000Z</time>
        <extensions>
          <ns3:TrackPointExtension>
            <ns3:atemp>26.0</ns3:atemp>
            <ns3:cad>0</ns3:cad>
          </ns3:TrackPointExtension>
        </extensions>
      </trkpt>
      <trkpt lat="43.17205376923084259033203125" lon="-109.64206312783062458038330078125">
        <ele>3590.800048828125</ele>
        <time>2017-09-02T19:57:32.000Z</time>
        <extensions>
          <ns3:TrackPointExtension>
            <ns3:atemp>26.0</ns3:atemp>
            <ns3:cad>61</ns3:cad>
          </ns3:TrackPointExtension>
        </extensions>
      </trkpt>
      <trkpt lat="43.1720797531306743621826171875" lon="-109.6420457772910594940185546875">
        <ele>3589.800048828125</ele>
        <time>2017-09-02T19:57:34.000Z</time>
        <extensions>
          <ns3:TrackPointExtension>
            <ns3:atemp>27.0</ns3:atemp>
            <ns3:cad>61</ns3:cad>
          </ns3:TrackPointExtension>
        </extensions>
      </trkpt>
      <trkpt lat="43.17208386026322841644287109375" lon="-109.6420454420149326324462890625">
        <ele>3589.199951171875</ele>
        <time>2017-09-02T19:57:35.000Z</time>
        <extensions>
          <ns3:TrackPointExtension>
            <ns3:atemp>27.0</ns3:atemp>
            <ns3:cad>61</ns3:cad>
          </ns3:TrackPointExtension>
        </extensions>
      </trkpt>
      <trkpt lat="43.1720914877951145172119140625" lon="-109.6420501358807086944580078125">
        <ele>3588.39990234375</ele>
        <time>2017-09-02T19:57:37.000Z</time>
        <extensions>
          <ns3:TrackPointExtension>
            <ns3:atemp>27.0</ns3:atemp>
            <ns3:cad>61</ns3:cad>
          </ns3:TrackPointExtension>
        </extensions>
      </trkpt>
      <trkpt lat="43.1720740534365177154541015625" lon="-109.64204066433012485504150390625">
        <ele>3587.800048828125</ele>
        <time>2017-09-02T19:57:40.000Z</time>
        <extensions>
          <ns3:TrackPointExtension>
            <ns3:atemp>27.0</ns3:atemp>
            <ns3:cad>0</ns3:cad>
          </ns3:TrackPointExtension>
        </extensions>
      </trkpt>
      <trkpt lat="43.1720696948468685150146484375" lon="-109.64203747920691967010498046875">
        <ele>3587.60009765625</ele>
        <time>2017-09-02T19:57:42.000Z</time>
        <extensions>
          <ns3:TrackPointExtension>
            <ns3:atemp>27.0</ns3:atemp>
            <ns3:cad>0</ns3:cad>
          </ns3:TrackPointExtension>
        </extensions>
      </trkpt>
      <trkpt lat="43.172063492238521575927734375" lon="-109.64204736985266208648681640625">
        <ele>3587.39990234375</ele>
        <time>2017-09-02T19:57:52.000Z</time>
        <extensions>
          <ns3:TrackPointExtension>
            <ns3:atemp>27.0</ns3:atemp>
            <ns3:cad>0</ns3:cad>
          </ns3:TrackPointExtension>
        </extensions>
      </trkpt>
      <trkpt lat="43.1720946729183197021484375" lon="-109.64205197989940643310546875">
        <ele>3587.199951171875</ele>
        <time>2017-09-02T19:58:02.000Z</time>
        <extensions>
          <ns3:TrackPointExtension>
            <ns3:atemp>27.0</ns3:atemp>
            <ns3:cad>0</ns3:cad>
          </ns3:TrackPointExtension>
        </extensions>
      </trkpt>
      <trkpt lat="43.172037340700626373291015625" lon="-109.64198819361627101898193359375">
        <ele>3586.800048828125</ele>
        <time>2017-09-02T19:58:12.000Z</time>
        <extensions>
          <ns3:TrackPointExtension>
            <ns3:atemp>27.0</ns3:atemp>
            <ns3:cad>0</ns3:cad>
          </ns3:TrackPointExtension>
        </extensions>
      </trkpt>
      <trkpt lat="43.1720217503607273101806640625" lon="-109.641989953815937042236328125">
        <ele>3586.39990234375</ele>
        <time>2017-09-02T19:58:18.000Z</time>
        <extensions>
          <ns3:TrackPointExtension>
            <ns3:atemp>27.0</ns3:atemp>
            <ns3:cad>0</ns3:cad>
          </ns3:TrackPointExtension>
        </extensions>
      </trkpt>
      <trkpt lat="43.17214094102382659912109375" lon="-109.642117023468017578125">
        <ele>3586.60009765625</ele>
        <time>2017-09-02T19:58:48.000Z</time>
        <extensions>
          <ns3:TrackPointExtension>
            <ns3:atemp>27.0</ns3:atemp>
            <ns3:cad>61</ns3:cad>
          </ns3:TrackPointExtension>
        </extensions>
      </trkpt>
      <trkpt lat="43.1722064875066280364990234375" lon="-109.6420539915561676025390625">
        <ele>3585</ele>
        <time>2017-09-02T19:58:58.000Z</time>
        <extensions>
          <ns3:TrackPointExtension>
            <ns3:atemp>27.0</ns3:atemp>
            <ns3:cad>61</ns3:cad>
          </ns3:TrackPointExtension>
        </extensions>
      </trkpt>
      <trkpt lat="43.17223473452031612396240234375" lon="-109.64202289469540119171142578125">
        <ele>3583.800048828125</ele>
        <time>2017-09-02T19:59:00.000Z</time>
        <extensions>
          <ns3:TrackPointExtension>
            <ns3:atemp>27.0</ns3:atemp>
            <ns3:cad>61</ns3:cad>
          </ns3:TrackPointExtension>
        </extensions>
      </trkpt>
      <trkpt lat="43.1722554378211498260498046875" lon="-109.642009735107421875">
        <ele>3582.60009765625</ele>
        <time>2017-09-02T19:59:02.000Z</time>
        <extensions>
          <ns3:TrackPointExtension>
            <ns3:atemp>27.0</ns3:atemp>
            <ns3:cad>61</ns3:cad>
          </ns3:TrackPointExtension>
        </extensions>
      </trkpt>
      <trkpt lat="43.1722728721797466278076171875" lon="-109.64202071540057659149169921875">
        <ele>3581.800048828125</ele>
        <time>2017-09-02T19:59:04.000Z</time>
        <extensions>
          <ns3:TrackPointExtension>
            <ns3:atemp>27.0</ns3:atemp>
            <ns3:cad>0</ns3:cad>
          </ns3:TrackPointExtension>
        </extensions>
      </trkpt>
      <trkpt lat="43.1722906418144702911376953125" lon="-109.64204368181526660919189453125">
        <ele>3581.39990234375</ele>
        <time>2017-09-02T19:59:19.000Z</time>
        <extensions>
          <ns3:TrackPointExtension>
            <ns3:atemp>28.0</ns3:atemp>
            <ns3:cad>61</ns3:cad>
          </ns3:TrackPointExtension>
        </extensions>
      </trkpt>
      <trkpt lat="43.172325007617473602294921875" lon="-109.6420432627201080322265625">
        <ele>3580.199951171875</ele>
        <time>2017-09-02T19:59:24.000Z</time>
        <extensions>
          <ns3:TrackPointExtension>
            <ns3:atemp>28.0</ns3:atemp>
            <ns3:cad>61</ns3:cad>
          </ns3:TrackPointExtension>
        </extensions>
      </trkpt>
      <trkpt lat="43.17235459573566913604736328125" lon="-109.64204435236752033233642578125">
        <ele>3579.39990234375</ele>
        <time>2017-09-02T19:59:28.000Z</time>
        <extensions>
          <ns3:TrackPointExtension>
            <ns3:atemp>28.0</ns3:atemp>
            <ns3:cad>61</ns3:cad>
          </ns3:TrackPointExtension>
        </extensions>
      </trkpt>
      <trkpt lat="43.17236297763884067535400390625" lon="-109.64203932322561740875244140625">
        <ele>3579.199951171875</ele>
        <time>2017-09-02T19:59:31.000Z</time>
        <extensions>
          <ns3:TrackPointExtension>
            <ns3:atemp>28.0</ns3:atemp>
            <ns3:cad>0</ns3:cad>
          </ns3:TrackPointExtension>
        </extensions>
      </trkpt>
      <trkpt lat="43.17237555049359798431396484375" lon="-109.64201970957219600677490234375">
        <ele>3578.199951171875</ele>
        <time>2017-09-02T19:59:42.000Z</time>
        <extensions>
          <ns3:TrackPointExtension>
            <ns3:atemp>28.0</ns3:atemp>
            <ns3:cad>0</ns3:cad>
          </ns3:TrackPointExtension>
        </extensions>
      </trkpt>
      <trkpt lat="43.17242257297039031982421875" lon="-109.64200546033680438995361328125">
        <ele>3576.800048828125</ele>
        <time>2017-09-02T19:59:48.000Z</time>
        <extensions>
          <ns3:TrackPointExtension>
            <ns3:atemp>28.0</ns3:atemp>
            <ns3:cad>0</ns3:cad>
          </ns3:TrackPointExtension>
        </extensions>
      </trkpt>
      <trkpt lat="43.17245987243950366973876953125" lon="-109.641980230808258056640625">
        <ele>3575.800048828125</ele>
        <time>2017-09-02T19:59:53.000Z</time>
        <extensions>
          <ns3:TrackPointExtension>
            <ns3:atemp>28.0</ns3:atemp>
            <ns3:cad>40</ns3:cad>
          </ns3:TrackPointExtension>
        </extensions>
      </trkpt>
      <trkpt lat="43.17249909974634647369384765625" lon="-109.64197226800024509429931640625">
        <ele>3574.800048828125</ele>
        <time>2017-09-02T19:59:58.000Z</time>
        <extensions>
          <ns3:TrackPointExtension>
            <ns3:atemp>28.0</ns3:atemp>
            <ns3:cad>0</ns3:cad>
          </ns3:TrackPointExtension>
        </extensions>
      </trkpt>
      <trkpt lat="43.17252005450427532196044921875" lon="-109.6419683285057544708251953125">
        <ele>3573.60009765625</ele>
        <time>2017-09-02T20:00:02.000Z</time>
        <extensions>
          <ns3:TrackPointExtension>
            <ns3:atemp>28.0</ns3:atemp>
            <ns3:cad>0</ns3:cad>
          </ns3:TrackPointExtension>
        </extensions>
      </trkpt>
      <trkpt lat="43.172579817473888397216796875" lon="-109.6419814042747020721435546875">
        <ele>3572.800048828125</ele>
        <time>2017-09-02T20:00:06.000Z</time>
        <extensions>
          <ns3:TrackPointExtension>
            <ns3:atemp>28.0</ns3:atemp>
            <ns3:cad>0</ns3:cad>
          </ns3:TrackPointExtension>
        </extensions>
      </trkpt>
      <trkpt lat="43.17258828319609165191650390625" lon="-109.6419589407742023468017578125">
        <ele>3572.60009765625</ele>
        <time>2017-09-02T20:00:09.000Z</time>
        <extensions>
          <ns3:TrackPointExtension>
            <ns3:atemp>28.0</ns3:atemp>
            <ns3:cad>0</ns3:cad>
          </ns3:TrackPointExtension>
        </extensions>
      </trkpt>
      <trkpt lat="43.17261259071528911590576171875" lon="-109.64193907566368579864501953125">
        <ele>3571.39990234375</ele>
        <time>2017-09-02T20:00:16.000Z</time>
        <extensions>
          <ns3:TrackPointExtension>
            <ns3:atemp>28.0</ns3:atemp>
            <ns3:cad>0</ns3:cad>
          </ns3:TrackPointExtension>
        </extensions>
      </trkpt>
      <trkpt lat="43.172601945698261260986328125" lon="-109.64192315004765987396240234375">
        <ele>3570.39990234375</ele>
        <time>2017-09-02T20:00:23.000Z</time>
        <extensions>
          <ns3:TrackPointExtension>
            <ns3:atemp>28.0</ns3:atemp>
            <ns3:cad>61</ns3:cad>
          </ns3:TrackPointExtension>
        </extensions>
      </trkpt>
      <trkpt lat="43.17263237200677394866943359375" lon="-109.64188056997954845428466796875">
        <ele>3569.199951171875</ele>
        <time>2017-09-02T20:00:28.000Z</time>
        <extensions>
          <ns3:TrackPointExtension>
            <ns3:atemp>28.0</ns3:atemp>
            <ns3:cad>61</ns3:cad>
          </ns3:TrackPointExtension>
        </extensions>
      </trkpt>
      <trkpt lat="43.1726735271513462066650390625" lon="-109.6418945677578449249267578125">
        <ele>3568</ele>
        <time>2017-09-02T20:00:32.000Z</time>
        <extensions>
          <ns3:TrackPointExtension>
            <ns3:atemp>28.0</ns3:atemp>
            <ns3:cad>61</ns3:cad>
          </ns3:TrackPointExtension>
        </extensions>
      </trkpt>
      <trkpt lat="43.17269976250827312469482421875" lon="-109.6419037878513336181640625">
        <ele>3567.199951171875</ele>
        <time>2017-09-02T20:00:34.000Z</time>
        <extensions>
          <ns3:TrackPointExtension>
            <ns3:atemp>28.0</ns3:atemp>
            <ns3:cad>44</ns3:cad>
          </ns3:TrackPointExtension>
        </extensions>
      </trkpt>
      <trkpt lat="43.172726668417453765869140625" lon="-109.64191325940191745758056640625">
        <ele>3566.800048828125</ele>
        <time>2017-09-02T20:00:36.000Z</time>
        <extensions>
          <ns3:TrackPointExtension>
            <ns3:atemp>28.0</ns3:atemp>
            <ns3:cad>43</ns3:cad>
          </ns3:TrackPointExtension>
        </extensions>
      </trkpt>
      <trkpt lat="43.17274770699441432952880859375" lon="-109.64190445840358734130859375">
        <ele>3566.199951171875</ele>
        <time>2017-09-02T20:00:38.000Z</time>
        <extensions>
          <ns3:TrackPointExtension>
            <ns3:atemp>28.0</ns3:atemp>
            <ns3:cad>43</ns3:cad>
          </ns3:TrackPointExtension>
        </extensions>
      </trkpt>
      <trkpt lat="43.17275340668857097625732421875" lon="-109.64188979007303714752197265625">
        <ele>3565.800048828125</ele>
        <time>2017-09-02T20:00:39.000Z</time>
        <extensions>
          <ns3:TrackPointExtension>
            <ns3:atemp>28.0</ns3:atemp>
            <ns3:cad>72</ns3:cad>
          </ns3:TrackPointExtension>
        </extensions>
      </trkpt>
      <trkpt lat="43.1727731041610240936279296875" lon="-109.6418801508843898773193359375">
        <ele>3565.39990234375</ele>
        <time>2017-09-02T20:00:41.000Z</time>
        <extensions>
          <ns3:TrackPointExtension>
            <ns3:atemp>28.0</ns3:atemp>
            <ns3:cad>72</ns3:cad>
          </ns3:TrackPointExtension>
        </extensions>
      </trkpt>
      <trkpt lat="43.172800429165363311767578125" lon="-109.641871936619281768798828125">
        <ele>3564.60009765625</ele>
        <time>2017-09-02T20:00:43.000Z</time>
        <extensions>
          <ns3:TrackPointExtension>
            <ns3:atemp>28.0</ns3:atemp>
            <ns3:cad>72</ns3:cad>
          </ns3:TrackPointExtension>
        </extensions>
      </trkpt>
      <trkpt lat="43.17281845025718212127685546875" lon="-109.6418670751154422760009765625">
        <ele>3564</ele>
        <time>2017-09-02T20:00:45.000Z</time>
        <extensions>
          <ns3:TrackPointExtension>
            <ns3:atemp>28.0</ns3:atemp>
            <ns3:cad>72</ns3:cad>
          </ns3:TrackPointExtension>
        </extensions>
      </trkpt>
      <trkpt lat="43.17283538170158863067626953125" lon="-109.64185240678489208221435546875">
        <ele>3563.39990234375</ele>
        <time>2017-09-02T20:00:47.000Z</time>
        <extensions>
          <ns3:TrackPointExtension>
            <ns3:atemp>28.0</ns3:atemp>
            <ns3:cad>72</ns3:cad>
          </ns3:TrackPointExtension>
        </extensions>
      </trkpt>
      <trkpt lat="43.17287025041878223419189453125" lon="-109.641845785081386566162109375">
        <ele>3562.39990234375</ele>
        <time>2017-09-02T20:00:51.000Z</time>
        <extensions>
          <ns3:TrackPointExtension>
            <ns3:atemp>28.0</ns3:atemp>
            <ns3:cad>72</ns3:cad>
          </ns3:TrackPointExtension>
        </extensions>
      </trkpt>
      <trkpt lat="43.17287452518939971923828125" lon="-109.64184553362429141998291015625">
        <ele>3562.199951171875</ele>
        <time>2017-09-02T20:00:52.000Z</time>
        <extensions>
          <ns3:TrackPointExtension>
            <ns3:atemp>28.0</ns3:atemp>
            <ns3:cad>0</ns3:cad>
          </ns3:TrackPointExtension>
        </extensions>
      </trkpt>
      <trkpt lat="43.17287628538906574249267578125" lon="-109.64184285141527652740478515625">
        <ele>3562.199951171875</ele>
        <time>2017-09-02T20:00:53.000Z</time>
        <extensions>
          <ns3:TrackPointExtension>
            <ns3:atemp>28.0</ns3:atemp>
            <ns3:cad>0</ns3:cad>
          </ns3:TrackPointExtension>
        </extensions>
      </trkpt>
      <trkpt lat="43.1728565879166126251220703125" lon="-109.6418385766446590423583984375">
        <ele>3561.60009765625</ele>
        <time>2017-09-02T20:01:03.000Z</time>
        <extensions>
          <ns3:TrackPointExtension>
            <ns3:atemp>28.0</ns3:atemp>
            <ns3:cad>0</ns3:cad>
          </ns3:TrackPointExtension>
        </extensions>
      </trkpt>
      <trkpt lat="43.1728899478912353515625" lon="-109.64177680201828479766845703125">
        <ele>3561.199951171875</ele>
        <time>2017-09-02T20:01:16.000Z</time>
        <extensions>
          <ns3:TrackPointExtension>
            <ns3:atemp>28.0</ns3:atemp>
            <ns3:cad>61</ns3:cad>
          </ns3:TrackPointExtension>
        </extensions>
      </trkpt>
      <trkpt lat="43.17289589904248714447021484375" lon="-109.6417725272476673126220703125">
        <ele>3561</ele>
        <time>2017-09-02T20:01:17.000Z</time>
        <extensions>
          <ns3:TrackPointExtension>
            <ns3:atemp>28.0</ns3:atemp>
            <ns3:cad>61</ns3:cad>
          </ns3:TrackPointExtension>
        </extensions>
      </trkpt>
      <trkpt lat="43.17292389459908008575439453125" lon="-109.6417953260242938995361328125">
        <ele>3560</ele>
        <time>2017-09-02T20:01:20.000Z</time>
        <extensions>
          <ns3:TrackPointExtension>
            <ns3:atemp>28.0</ns3:atemp>
            <ns3:cad>61</ns3:cad>
          </ns3:TrackPointExtension>
        </extensions>
      </trkpt>
      <trkpt lat="43.17292540334165096282958984375" lon="-109.6417886205017566680908203125">
        <ele>3559</ele>
        <time>2017-09-02T20:01:24.000Z</time>
        <extensions>
          <ns3:TrackPointExtension>
            <ns3:atemp>28.0</ns3:atemp>
            <ns3:cad>0</ns3:cad>
          </ns3:TrackPointExtension>
        </extensions>
      </trkpt>
      <trkpt lat="43.172927163541316986083984375" lon="-109.64177411980926990509033203125">
        <ele>3558.800048828125</ele>
        <time>2017-09-02T20:01:29.000Z</time>
        <extensions>
          <ns3:TrackPointExtension>
            <ns3:atemp>28.0</ns3:atemp>
            <ns3:cad>0</ns3:cad>
          </ns3:TrackPointExtension>
        </extensions>
      </trkpt>
      <trkpt lat="43.172919452190399169921875" lon="-109.64176657609641551971435546875">
        <ele>3558.60009765625</ele>
        <time>2017-09-02T20:01:32.000Z</time>
        <extensions>
          <ns3:TrackPointExtension>
            <ns3:atemp>28.0</ns3:atemp>
            <ns3:cad>0</ns3:cad>
          </ns3:TrackPointExtension>
        </extensions>
      </trkpt>
      <trkpt lat="43.17289204336702823638916015625" lon="-109.6417594514787197113037109375">
        <ele>3558.39990234375</ele>
        <time>2017-09-02T20:02:55.000Z</time>
        <extensions>
          <ns3:TrackPointExtension>
            <ns3:atemp>27.0</ns3:atemp>
            <ns3:cad>0</ns3:cad>
          </ns3:TrackPointExtension>
        </extensions>
      </trkpt>
      <trkpt lat="43.172929175198078155517578125" lon="-109.64175836183130741119384765625">
        <ele>3559.800048828125</ele>
        <time>2017-09-02T20:03:21.000Z</time>
        <extensions>
          <ns3:TrackPointExtension>
            <ns3:atemp>27.0</ns3:atemp>
            <ns3:cad>0</ns3:cad>
          </ns3:TrackPointExtension>
        </extensions>
      </trkpt>
      <trkpt lat="43.17284636199474334716796875" lon="-109.64166498742997646331787109375">
        <ele>3560</ele>
        <time>2017-09-02T20:03:37.000Z</time>
        <extensions>
          <ns3:TrackPointExtension>
            <ns3:atemp>27.0</ns3:atemp>
            <ns3:cad>0</ns3:cad>
          </ns3:TrackPointExtension>
        </extensions>
      </trkpt>
      <trkpt lat="43.17295406945049762725830078125" lon="-109.64177462272346019744873046875">
        <ele>3558.800048828125</ele>
        <time>2017-09-02T20:03:47.000Z</time>
        <extensions>
          <ns3:TrackPointExtension>
            <ns3:atemp>27.0</ns3:atemp>
            <ns3:cad>0</ns3:cad>
          </ns3:TrackPointExtension>
        </extensions>
      </trkpt>
      <trkpt lat="43.1728904508054256439208984375" lon="-109.6417446993291378021240234375">
        <ele>3559.199951171875</ele>
        <time>2017-09-02T20:04:23.000Z</time>
        <extensions>
          <ns3:TrackPointExtension>
            <ns3:atemp>27.0</ns3:atemp>
            <ns3:cad>0</ns3:cad>
          </ns3:TrackPointExtension>
        </extensions>
      </trkpt>
      <trkpt lat="43.17286170087754726409912109375" lon="-109.6417279355227947235107421875">
        <ele>3559</ele>
        <time>2017-09-02T20:05:11.000Z</time>
        <extensions>
          <ns3:TrackPointExtension>
            <ns3:atemp>27.0</ns3:atemp>
            <ns3:cad>0</ns3:cad>
          </ns3:TrackPointExtension>
        </extensions>
      </trkpt>
      <trkpt lat="43.17290914244949817657470703125" lon="-109.64172349311411380767822265625">
        <ele>3559.199951171875</ele>
        <time>2017-09-02T20:05:28.000Z</time>
        <extensions>
          <ns3:TrackPointExtension>
            <ns3:atemp>27.0</ns3:atemp>
            <ns3:cad>0</ns3:cad>
          </ns3:TrackPointExtension>
        </extensions>
      </trkpt>
      <trkpt lat="43.1729249842464923858642578125" lon="-109.64181502349674701690673828125">
        <ele>3558.800048828125</ele>
        <time>2017-09-02T20:05:42.000Z</time>
        <extensions>
          <ns3:TrackPointExtension>
            <ns3:atemp>27.0</ns3:atemp>
            <ns3:cad>0</ns3:cad>
          </ns3:TrackPointExtension>
        </extensions>
      </trkpt>
      <trkpt lat="43.17291651852428913116455078125" lon="-109.64181669987738132476806640625">
        <ele>3558.39990234375</ele>
        <time>2017-09-02T20:06:24.000Z</time>
        <extensions>
          <ns3:TrackPointExtension>
            <ns3:atemp>26.0</ns3:atemp>
            <ns3:cad>0</ns3:cad>
          </ns3:TrackPointExtension>
        </extensions>
      </trkpt>
      <trkpt lat="43.1729072146117687225341796875" lon="-109.64177462272346019744873046875">
        <ele>3558.60009765625</ele>
        <time>2017-09-02T20:06:36.000Z</time>
        <extensions>
          <ns3:TrackPointExtension>
            <ns3:atemp>26.0</ns3:atemp>
            <ns3:cad>0</ns3:cad>
          </ns3:TrackPointExtension>
        </extensions>
      </trkpt>
      <trkpt lat="43.1729950569570064544677734375" lon="-109.6418097428977489471435546875">
        <ele>3558.199951171875</ele>
        <time>2017-09-02T20:07:27.000Z</time>
        <extensions>
          <ns3:TrackPointExtension>
            <ns3:atemp>26.0</ns3:atemp>
            <ns3:cad>0</ns3:cad>
          </ns3:TrackPointExtension>
        </extensions>
      </trkpt>
      <trkpt lat="43.17301223985850811004638671875" lon="-109.64177646674215793609619140625">
        <ele>3557.800048828125</ele>
        <time>2017-09-02T20:07:31.000Z</time>
        <extensions>
          <ns3:TrackPointExtension>
            <ns3:atemp>26.0</ns3:atemp>
            <ns3:cad>61</ns3:cad>
          </ns3:TrackPointExtension>
        </extensions>
      </trkpt>
      <trkpt lat="43.17303252406418323516845703125" lon="-109.64172936044633388519287109375">
        <ele>3556.800048828125</ele>
        <time>2017-09-02T20:07:38.000Z</time>
        <extensions>
          <ns3:TrackPointExtension>
            <ns3:atemp>26.0</ns3:atemp>
            <ns3:cad>63</ns3:cad>
          </ns3:TrackPointExtension>
        </extensions>
      </trkpt>
      <trkpt lat="43.1730711646378040313720703125" lon="-109.64171393774449825286865234375">
        <ele>3556.199951171875</ele>
        <time>2017-09-02T20:07:43.000Z</time>
        <extensions>
          <ns3:TrackPointExtension>
            <ns3:atemp>26.0</ns3:atemp>
            <ns3:cad>63</ns3:cad>
          </ns3:TrackPointExtension>
        </extensions>
      </trkpt>
      <trkpt lat="43.1730989925563335418701171875" lon="-109.641709662973880767822265625">
        <ele>3555.60009765625</ele>
        <time>2017-09-02T20:07:45.000Z</time>
        <extensions>
          <ns3:TrackPointExtension>
            <ns3:atemp>26.0</ns3:atemp>
            <ns3:cad>63</ns3:cad>
          </ns3:TrackPointExtension>
        </extensions>
      </trkpt>
      <trkpt lat="43.17309916019439697265625" lon="-109.6416793204843997955322265625">
        <ele>3554.60009765625</ele>
        <time>2017-09-02T20:07:48.000Z</time>
        <extensions>
          <ns3:TrackPointExtension>
            <ns3:atemp>26.0</ns3:atemp>
            <ns3:cad>0</ns3:cad>
          </ns3:TrackPointExtension>
        </extensions>
      </trkpt>
      <trkpt lat="43.17310209386050701141357421875" lon="-109.64167756028473377227783203125">
        <ele>3554.199951171875</ele>
        <time>2017-09-02T20:07:49.000Z</time>
        <extensions>
          <ns3:TrackPointExtension>
            <ns3:atemp>26.0</ns3:atemp>
            <ns3:cad>61</ns3:cad>
          </ns3:TrackPointExtension>
        </extensions>
      </trkpt>
      <trkpt lat="43.17310745827853679656982421875" lon="-109.641672782599925994873046875">
        <ele>3554</ele>
        <time>2017-09-02T20:07:51.000Z</time>
        <extensions>
          <ns3:TrackPointExtension>
            <ns3:atemp>26.0</ns3:atemp>
            <ns3:cad>61</ns3:cad>
          </ns3:TrackPointExtension>
        </extensions>
      </trkpt>
      <trkpt lat="43.17311684601008892059326171875" lon="-109.64166046120226383209228515625">
        <ele>3553.60009765625</ele>
        <time>2017-09-02T20:07:54.000Z</time>
        <extensions>
          <ns3:TrackPointExtension>
            <ns3:atemp>26.0</ns3:atemp>
            <ns3:cad>61</ns3:cad>
          </ns3:TrackPointExtension>
        </extensions>
      </trkpt>
      <trkpt lat="43.17313897423446178436279296875" lon="-109.64163866825401782989501953125">
        <ele>3553</ele>
        <time>2017-09-02T20:07:58.000Z</time>
        <extensions>
          <ns3:TrackPointExtension>
            <ns3:atemp>26.0</ns3:atemp>
            <ns3:cad>61</ns3:cad>
          </ns3:TrackPointExtension>
        </extensions>
      </trkpt>
      <trkpt lat="43.17313159815967082977294921875" lon="-109.64159407652914524078369140625">
        <ele>3552.60009765625</ele>
        <time>2017-09-02T20:08:02.000Z</time>
        <extensions>
          <ns3:TrackPointExtension>
            <ns3:atemp>26.0</ns3:atemp>
            <ns3:cad>61</ns3:cad>
          </ns3:TrackPointExtension>
        </extensions>
      </trkpt>
      <trkpt lat="43.1731318496167659759521484375" lon="-109.6415830962359905242919921875">
        <ele>3552.199951171875</ele>
        <time>2017-09-02T20:08:03.000Z</time>
        <extensions>
          <ns3:TrackPointExtension>
            <ns3:atemp>26.0</ns3:atemp>
            <ns3:cad>0</ns3:cad>
          </ns3:TrackPointExtension>
        </extensions>
      </trkpt>
      <trkpt lat="43.17314408719539642333984375" lon="-109.6415711939334869384765625">
        <ele>3551.800048828125</ele>
        <time>2017-09-02T20:08:05.000Z</time>
        <extensions>
          <ns3:TrackPointExtension>
            <ns3:atemp>26.0</ns3:atemp>
            <ns3:cad>0</ns3:cad>
          </ns3:TrackPointExtension>
        </extensions>
      </trkpt>
      <trkpt lat="43.1731667183339595794677734375" lon="-109.64157664217054843902587890625">
        <ele>3551.39990234375</ele>
        <time>2017-09-02T20:08:07.000Z</time>
        <extensions>
          <ns3:TrackPointExtension>
            <ns3:atemp>26.0</ns3:atemp>
            <ns3:cad>61</ns3:cad>
          </ns3:TrackPointExtension>
        </extensions>
      </trkpt>
      <trkpt lat="43.1731707416474819183349609375" lon="-109.6415784023702144622802734375">
        <ele>3551.199951171875</ele>
        <time>2017-09-02T20:08:08.000Z</time>
        <extensions>
          <ns3:TrackPointExtension>
            <ns3:atemp>26.0</ns3:atemp>
            <ns3:cad>0</ns3:cad>
          </ns3:TrackPointExtension>
        </extensions>
      </trkpt>
      <trkpt lat="43.1731702387332916259765625" lon="-109.641577564179897308349609375">
        <ele>3551</ele>
        <time>2017-09-02T20:08:09.000Z</time>
        <extensions>
          <ns3:TrackPointExtension>
            <ns3:atemp>26.0</ns3:atemp>
            <ns3:cad>0</ns3:cad>
          </ns3:TrackPointExtension>
        </extensions>
      </trkpt>
      <trkpt lat="43.173176944255828857421875" lon="-109.6415819227695465087890625">
        <ele>3551</ele>
        <time>2017-09-02T20:08:11.000Z</time>
        <extensions>
          <ns3:TrackPointExtension>
            <ns3:atemp>26.0</ns3:atemp>
            <ns3:cad>0</ns3:cad>
          </ns3:TrackPointExtension>
        </extensions>
      </trkpt>
      <trkpt lat="43.1731978990137577056884765625" lon="-109.64159122668206691741943359375">
        <ele>3551</ele>
        <time>2017-09-02T20:08:14.000Z</time>
        <extensions>
          <ns3:TrackPointExtension>
            <ns3:atemp>26.0</ns3:atemp>
            <ns3:cad>61</ns3:cad>
          </ns3:TrackPointExtension>
        </extensions>
      </trkpt>
      <trkpt lat="43.1732351146638393402099609375" lon="-109.641628526151180267333984375">
        <ele>3550.60009765625</ele>
        <time>2017-09-02T20:08:20.000Z</time>
        <extensions>
          <ns3:TrackPointExtension>
            <ns3:atemp>26.0</ns3:atemp>
            <ns3:cad>0</ns3:cad>
          </ns3:TrackPointExtension>
        </extensions>
      </trkpt>
      <trkpt lat="43.17325246520340442657470703125" lon="-109.641642607748508453369140625">
        <ele>3550.39990234375</ele>
        <time>2017-09-02T20:08:24.000Z</time>
        <extensions>
          <ns3:TrackPointExtension>
            <ns3:atemp>26.0</ns3:atemp>
            <ns3:cad>61</ns3:cad>
          </ns3:TrackPointExtension>
        </extensions>
      </trkpt>
      <trkpt lat="43.17325598560273647308349609375" lon="-109.64163430966436862945556640625">
        <ele>3550.199951171875</ele>
        <time>2017-09-02T20:08:25.000Z</time>
        <extensions>
          <ns3:TrackPointExtension>
            <ns3:atemp>26.0</ns3:atemp>
            <ns3:cad>61</ns3:cad>
          </ns3:TrackPointExtension>
        </extensions>
      </trkpt>
      <trkpt lat="43.173264451324939727783203125" lon="-109.64162073098123073577880859375">
        <ele>3549.800048828125</ele>
        <time>2017-09-02T20:08:27.000Z</time>
        <extensions>
          <ns3:TrackPointExtension>
            <ns3:atemp>26.0</ns3:atemp>
            <ns3:cad>0</ns3:cad>
          </ns3:TrackPointExtension>
        </extensions>
      </trkpt>
      <trkpt lat="43.17330627702176570892333984375" lon="-109.64164587669074535369873046875">
        <ele>3549.39990234375</ele>
        <time>2017-09-02T20:08:35.000Z</time>
        <extensions>
          <ns3:TrackPointExtension>
            <ns3:atemp>26.0</ns3:atemp>
            <ns3:cad>0</ns3:cad>
          </ns3:TrackPointExtension>
        </extensions>
      </trkpt>
      <trkpt lat="43.173338882625102996826171875" lon="-109.64160899631679058074951171875">
        <ele>3549</ele>
        <time>2017-09-02T20:08:40.000Z</time>
        <extensions>
          <ns3:TrackPointExtension>
            <ns3:atemp>26.0</ns3:atemp>
            <ns3:cad>62</ns3:cad>
          </ns3:TrackPointExtension>
        </extensions>
      </trkpt>
      <trkpt lat="43.17334483377635478973388671875" lon="-109.641598351299762725830078125">
        <ele>3549</ele>
        <time>2017-09-02T20:08:41.000Z</time>
        <extensions>
          <ns3:TrackPointExtension>
            <ns3:atemp>26.0</ns3:atemp>
            <ns3:cad>62</ns3:cad>
          </ns3:TrackPointExtension>
        </extensions>
      </trkpt>
      <trkpt lat="43.17337115295231342315673828125" lon="-109.64158066548407077789306640625">
        <ele>3548.39990234375</ele>
        <time>2017-09-02T20:08:44.000Z</time>
        <extensions>
          <ns3:TrackPointExtension>
            <ns3:atemp>26.0</ns3:atemp>
            <ns3:cad>62</ns3:cad>
          </ns3:TrackPointExtension>
        </extensions>
      </trkpt>
      <trkpt lat="43.17339294590055942535400390625" lon="-109.64157731272280216217041015625">
        <ele>3548</ele>
        <time>2017-09-02T20:08:46.000Z</time>
        <extensions>
          <ns3:TrackPointExtension>
            <ns3:atemp>26.0</ns3:atemp>
            <ns3:cad>62</ns3:cad>
          </ns3:TrackPointExtension>
        </extensions>
      </trkpt>
      <trkpt lat="43.17342161200940608978271484375" lon="-109.64154043234884738922119140625">
        <ele>3546.800048828125</ele>
        <time>2017-09-02T20:08:50.000Z</time>
        <extensions>
          <ns3:TrackPointExtension>
            <ns3:atemp>26.0</ns3:atemp>
            <ns3:cad>60</ns3:cad>
          </ns3:TrackPointExtension>
        </extensions>
      </trkpt>
      <trkpt lat="43.1734335981309413909912109375" lon="-109.641532637178897857666015625">
        <ele>3546.199951171875</ele>
        <time>2017-09-02T20:08:52.000Z</time>
        <extensions>
          <ns3:TrackPointExtension>
            <ns3:atemp>26.0</ns3:atemp>
            <ns3:cad>60</ns3:cad>
          </ns3:TrackPointExtension>
        </extensions>
      </trkpt>
      <trkpt lat="43.1734563969075679779052734375" lon="-109.64149701409041881561279296875">
        <ele>3545.60009765625</ele>
        <time>2017-09-02T20:08:56.000Z</time>
        <extensions>
          <ns3:TrackPointExtension>
            <ns3:atemp>26.0</ns3:atemp>
            <ns3:cad>52</ns3:cad>
          </ns3:TrackPointExtension>
        </extensions>
      </trkpt>
      <trkpt lat="43.17347039468586444854736328125" lon="-109.64149869047105312347412109375">
        <ele>3545.199951171875</ele>
        <time>2017-09-02T20:08:57.000Z</time>
        <extensions>
          <ns3:TrackPointExtension>
            <ns3:atemp>26.0</ns3:atemp>
            <ns3:cad>52</ns3:cad>
          </ns3:TrackPointExtension>
        </extensions>
      </trkpt>
      <trkpt lat="43.17346704192459583282470703125" lon="-109.64148527942597866058349609375">
        <ele>3544.60009765625</ele>
        <time>2017-09-02T20:08:59.000Z</time>
        <extensions>
          <ns3:TrackPointExtension>
            <ns3:atemp>26.0</ns3:atemp>
            <ns3:cad>52</ns3:cad>
          </ns3:TrackPointExtension>
        </extensions>
      </trkpt>
      <trkpt lat="43.1734741665422916412353515625" lon="-109.6414808370172977447509765625">
        <ele>3544.39990234375</ele>
        <time>2017-09-02T20:09:00.000Z</time>
        <extensions>
          <ns3:TrackPointExtension>
            <ns3:atemp>26.0</ns3:atemp>
            <ns3:cad>52</ns3:cad>
          </ns3:TrackPointExtension>
        </extensions>
      </trkpt>
      <trkpt lat="43.17349604330956935882568359375" lon="-109.6414692699909210205078125">
        <ele>3543.800048828125</ele>
        <time>2017-09-02T20:09:03.000Z</time>
        <extensions>
          <ns3:TrackPointExtension>
            <ns3:atemp>26.0</ns3:atemp>
            <ns3:cad>52</ns3:cad>
          </ns3:TrackPointExtension>
        </extensions>
      </trkpt>
      <trkpt lat="43.17352470941841602325439453125" lon="-109.641467593610286712646484375">
        <ele>3543.39990234375</ele>
        <time>2017-09-02T20:09:05.000Z</time>
        <extensions>
          <ns3:TrackPointExtension>
            <ns3:atemp>26.0</ns3:atemp>
            <ns3:cad>54</ns3:cad>
          </ns3:TrackPointExtension>
        </extensions>
      </trkpt>
      <trkpt lat="43.1736015714704990386962890625" lon="-109.64144647121429443359375">
        <ele>3542.39990234375</ele>
        <time>2017-09-02T20:09:11.000Z</time>
        <extensions>
          <ns3:TrackPointExtension>
            <ns3:atemp>26.0</ns3:atemp>
            <ns3:cad>54</ns3:cad>
          </ns3:TrackPointExtension>
        </extensions>
      </trkpt>
      <trkpt lat="43.17361489869654178619384765625" lon="-109.6414459683001041412353515625">
        <ele>3542.199951171875</ele>
        <time>2017-09-02T20:09:12.000Z</time>
        <extensions>
          <ns3:TrackPointExtension>
            <ns3:atemp>26.0</ns3:atemp>
            <ns3:cad>54</ns3:cad>
          </ns3:TrackPointExtension>
        </extensions>
      </trkpt>
      <trkpt lat="43.17366217263042926788330078125" lon="-109.64142308570444583892822265625">
        <ele>3541.199951171875</ele>
        <time>2017-09-02T20:09:17.000Z</time>
        <extensions>
          <ns3:TrackPointExtension>
            <ns3:atemp>26.0</ns3:atemp>
            <ns3:cad>54</ns3:cad>
          </ns3:TrackPointExtension>
        </extensions>
      </trkpt>
      <trkpt lat="43.17369955591857433319091796875" lon="-109.6413822658360004425048828125">
        <ele>3540</ele>
        <time>2017-09-02T20:09:21.000Z</time>
        <extensions>
          <ns3:TrackPointExtension>
            <ns3:atemp>26.0</ns3:atemp>
            <ns3:cad>48</ns3:cad>
          </ns3:TrackPointExtension>
        </extensions>
      </trkpt>
      <trkpt lat="43.1737329997122287750244140625" lon="-109.64135301299393177032470703125">
        <ele>3538.800048828125</ele>
        <time>2017-09-02T20:09:25.000Z</time>
        <extensions>
          <ns3:TrackPointExtension>
            <ns3:atemp>26.0</ns3:atemp>
            <ns3:cad>48</ns3:cad>
          </ns3:TrackPointExtension>
        </extensions>
      </trkpt>
      <trkpt lat="43.17378052510321140289306640625" lon="-109.6413457207381725311279296875">
        <ele>3538</ele>
        <time>2017-09-02T20:09:30.000Z</time>
        <extensions>
          <ns3:TrackPointExtension>
            <ns3:atemp>26.0</ns3:atemp>
            <ns3:cad>48</ns3:cad>
          </ns3:TrackPointExtension>
        </extensions>
      </trkpt>
      <trkpt lat="43.17378890700638294219970703125" lon="-109.641327448189258575439453125">
        <ele>3537.800048828125</ele>
        <time>2017-09-02T20:09:32.000Z</time>
        <extensions>
          <ns3:TrackPointExtension>
            <ns3:atemp>26.0</ns3:atemp>
            <ns3:cad>48</ns3:cad>
          </ns3:TrackPointExtension>
        </extensions>
      </trkpt>
      <trkpt lat="43.17380080930888652801513671875" lon="-109.64132820256054401397705078125">
        <ele>3537.800048828125</ele>
        <time>2017-09-02T20:09:33.000Z</time>
        <extensions>
          <ns3:TrackPointExtension>
            <ns3:atemp>26.0</ns3:atemp>
            <ns3:cad>48</ns3:cad>
          </ns3:TrackPointExtension>
        </extensions>
      </trkpt>
      <trkpt lat="43.17384439520537853240966796875" lon="-109.641322754323482513427734375">
        <ele>3536.60009765625</ele>
        <time>2017-09-02T20:09:36.000Z</time>
        <extensions>
          <ns3:TrackPointExtension>
            <ns3:atemp>26.0</ns3:atemp>
            <ns3:cad>48</ns3:cad>
          </ns3:TrackPointExtension>
        </extensions>
      </trkpt>
      <trkpt lat="43.17386836744844913482666015625" lon="-109.64131445623934268951416015625">
        <ele>3536.199951171875</ele>
        <time>2017-09-02T20:09:38.000Z</time>
        <extensions>
          <ns3:TrackPointExtension>
            <ns3:atemp>26.0</ns3:atemp>
            <ns3:cad>63</ns3:cad>
          </ns3:TrackPointExtension>
        </extensions>
      </trkpt>
      <trkpt lat="43.17392955534160137176513671875" lon="-109.64129651896655559539794921875">
        <ele>3535.39990234375</ele>
        <time>2017-09-02T20:09:42.000Z</time>
        <extensions>
          <ns3:TrackPointExtension>
            <ns3:atemp>26.0</ns3:atemp>
            <ns3:cad>51</ns3:cad>
          </ns3:TrackPointExtension>
        </extensions>
      </trkpt>
      <trkpt lat="43.17398102022707462310791015625" lon="-109.64124069549143314361572265625">
        <ele>3534.199951171875</ele>
        <time>2017-09-02T20:09:47.000Z</time>
        <extensions>
          <ns3:TrackPointExtension>
            <ns3:atemp>26.0</ns3:atemp>
            <ns3:cad>55</ns3:cad>
          </ns3:TrackPointExtension>
        </extensions>
      </trkpt>
      <trkpt lat="43.17401119507849216461181640625" lon="-109.64120012708008289337158203125">
        <ele>3533.199951171875</ele>
        <time>2017-09-02T20:09:51.000Z</time>
        <extensions>
          <ns3:TrackPointExtension>
            <ns3:atemp>26.0</ns3:atemp>
            <ns3:cad>55</ns3:cad>
          </ns3:TrackPointExtension>
        </extensions>
      </trkpt>
      <trkpt lat="43.17401723004877567291259765625" lon="-109.6411903202533721923828125">
        <ele>3533</ele>
        <time>2017-09-02T20:09:52.000Z</time>
        <extensions>
          <ns3:TrackPointExtension>
            <ns3:atemp>26.0</ns3:atemp>
            <ns3:cad>55</ns3:cad>
          </ns3:TrackPointExtension>
        </extensions>
      </trkpt>
      <trkpt lat="43.17400046624243259429931640625" lon="-109.6411653421819210052490234375">
        <ele>3532.800048828125</ele>
        <time>2017-09-02T20:09:54.000Z</time>
        <extensions>
          <ns3:TrackPointExtension>
            <ns3:atemp>26.0</ns3:atemp>
            <ns3:cad>55</ns3:cad>
          </ns3:TrackPointExtension>
        </extensions>
      </trkpt>
      <trkpt lat="43.17400096915662288665771484375" lon="-109.641172550618648529052734375">
        <ele>3532.199951171875</ele>
        <time>2017-09-02T20:09:56.000Z</time>
        <extensions>
          <ns3:TrackPointExtension>
            <ns3:atemp>26.0</ns3:atemp>
            <ns3:cad>0</ns3:cad>
          </ns3:TrackPointExtension>
        </extensions>
      </trkpt>
      <trkpt lat="43.17400499247014522552490234375" lon="-109.64117623865604400634765625">
        <ele>3531.800048828125</ele>
        <time>2017-09-02T20:09:57.000Z</time>
        <extensions>
          <ns3:TrackPointExtension>
            <ns3:atemp>26.0</ns3:atemp>
            <ns3:cad>0</ns3:cad>
          </ns3:TrackPointExtension>
        </extensions>
      </trkpt>
      <trkpt lat="43.17401438020169734954833984375" lon="-109.64117296971380710601806640625">
        <ele>3531.60009765625</ele>
        <time>2017-09-02T20:09:58.000Z</time>
        <extensions>
          <ns3:TrackPointExtension>
            <ns3:atemp>26.0</ns3:atemp>
            <ns3:cad>0</ns3:cad>
          </ns3:TrackPointExtension>
        </extensions>
      </trkpt>
      <trkpt lat="43.174078166484832763671875" lon="-109.64114313013851642608642578125">
        <ele>3531</ele>
        <time>2017-09-02T20:10:05.000Z</time>
        <extensions>
          <ns3:TrackPointExtension>
            <ns3:atemp>26.0</ns3:atemp>
            <ns3:cad>57</ns3:cad>
          </ns3:TrackPointExtension>
        </extensions>
      </trkpt>
      <trkpt lat="43.1740924157202243804931640625" lon="-109.6411495842039585113525390625">
        <ele>3530.800048828125</ele>
        <time>2017-09-02T20:10:06.000Z</time>
        <extensions>
          <ns3:TrackPointExtension>
            <ns3:atemp>26.0</ns3:atemp>
            <ns3:cad>57</ns3:cad>
          </ns3:TrackPointExtension>
        </extensions>
      </trkpt>
      <trkpt lat="43.1741752289235591888427734375" lon="-109.64121052064001560211181640625">
        <ele>3529.800048828125</ele>
        <time>2017-09-02T20:10:13.000Z</time>
        <extensions>
          <ns3:TrackPointExtension>
            <ns3:atemp>26.0</ns3:atemp>
            <ns3:cad>0</ns3:cad>
          </ns3:TrackPointExtension>
        </extensions>
      </trkpt>
      <trkpt lat="43.17419978789985179901123046875" lon="-109.641220830380916595458984375">
        <ele>3529.60009765625</ele>
        <time>2017-09-02T20:10:16.000Z</time>
        <extensions>
          <ns3:TrackPointExtension>
            <ns3:atemp>26.0</ns3:atemp>
            <ns3:cad>0</ns3:cad>
          </ns3:TrackPointExtension>
        </extensions>
      </trkpt>
      <trkpt lat="43.1742070801556110382080078125" lon="-109.64120632968842983245849609375">
        <ele>3529.39990234375</ele>
        <time>2017-09-02T20:10:18.000Z</time>
        <extensions>
          <ns3:TrackPointExtension>
            <ns3:atemp>26.0</ns3:atemp>
            <ns3:cad>0</ns3:cad>
          </ns3:TrackPointExtension>
        </extensions>
      </trkpt>
      <trkpt lat="43.17422225140035152435302734375" lon="-109.64120280928909778594970703125">
        <ele>3528.800048828125</ele>
        <time>2017-09-02T20:10:24.000Z</time>
        <extensions>
          <ns3:TrackPointExtension>
            <ns3:atemp>26.0</ns3:atemp>
            <ns3:cad>0</ns3:cad>
          </ns3:TrackPointExtension>
        </extensions>
      </trkpt>
      <trkpt lat="43.1742047332227230072021484375" lon="-109.641173221170902252197265625">
        <ele>3528.800048828125</ele>
        <time>2017-09-02T20:10:27.000Z</time>
        <extensions>
          <ns3:TrackPointExtension>
            <ns3:atemp>26.0</ns3:atemp>
            <ns3:cad>0</ns3:cad>
          </ns3:TrackPointExtension>
        </extensions>
      </trkpt>
      <trkpt lat="43.1742137856781482696533203125" lon="-109.64119845069944858551025390625">
        <ele>3528.800048828125</ele>
        <time>2017-09-02T20:10:31.000Z</time>
        <extensions>
          <ns3:TrackPointExtension>
            <ns3:atemp>26.0</ns3:atemp>
            <ns3:cad>0</ns3:cad>
          </ns3:TrackPointExtension>
        </extensions>
      </trkpt>
      <trkpt lat="43.1742203235626220703125" lon="-109.641207754611968994140625">
        <ele>3528.800048828125</ele>
        <time>2017-09-02T20:10:35.000Z</time>
        <extensions>
          <ns3:TrackPointExtension>
            <ns3:atemp>26.0</ns3:atemp>
            <ns3:cad>61</ns3:cad>
          </ns3:TrackPointExtension>
        </extensions>
      </trkpt>
      <trkpt lat="43.174250163137912750244140625" lon="-109.64122795499861240386962890625">
        <ele>3528.800048828125</ele>
        <time>2017-09-02T20:10:37.000Z</time>
        <extensions>
          <ns3:TrackPointExtension>
            <ns3:atemp>26.0</ns3:atemp>
            <ns3:cad>61</ns3:cad>
          </ns3:TrackPointExtension>
        </extensions>
      </trkpt>
      <trkpt lat="43.17426600493490695953369140625" lon="-109.64122493751347064971923828125">
        <ele>3528.800048828125</ele>
        <time>2017-09-02T20:10:39.000Z</time>
        <extensions>
          <ns3:TrackPointExtension>
            <ns3:atemp>26.0</ns3:atemp>
            <ns3:cad>61</ns3:cad>
          </ns3:TrackPointExtension>
        </extensions>
      </trkpt>
      <trkpt lat="43.17444588057696819305419921875" lon="-109.6412937529385089874267578125">
        <ele>3527.60009765625</ele>
        <time>2017-09-02T20:10:52.000Z</time>
        <extensions>
          <ns3:TrackPointExtension>
            <ns3:atemp>26.0</ns3:atemp>
            <ns3:cad>49</ns3:cad>
          </ns3:TrackPointExtension>
        </extensions>
      </trkpt>
      <trkpt lat="43.1744588725268840789794921875" lon="-109.6412937529385089874267578125">
        <ele>3527.39990234375</ele>
        <time>2017-09-02T20:10:53.000Z</time>
        <extensions>
          <ns3:TrackPointExtension>
            <ns3:atemp>26.0</ns3:atemp>
            <ns3:cad>49</ns3:cad>
          </ns3:TrackPointExtension>
        </extensions>
      </trkpt>
      <trkpt lat="43.17449885420501232147216796875" lon="-109.64128176681697368621826171875">
        <ele>3526.60009765625</ele>
        <time>2017-09-02T20:10:58.000Z</time>
        <extensions>
          <ns3:TrackPointExtension>
            <ns3:atemp>26.0</ns3:atemp>
            <ns3:cad>49</ns3:cad>
          </ns3:TrackPointExtension>
        </extensions>
      </trkpt>
      <trkpt lat="43.17452542483806610107421875" lon="-109.64125930331647396087646484375">
        <ele>3526</ele>
        <time>2017-09-02T20:11:03.000Z</time>
        <extensions>
          <ns3:TrackPointExtension>
            <ns3:atemp>26.0</ns3:atemp>
            <ns3:cad>52</ns3:cad>
          </ns3:TrackPointExtension>
        </extensions>
      </trkpt>
      <trkpt lat="43.174529112875461578369140625" lon="-109.64125108905136585235595703125">
        <ele>3525.800048828125</ele>
        <time>2017-09-02T20:11:04.000Z</time>
        <extensions>
          <ns3:TrackPointExtension>
            <ns3:atemp>26.0</ns3:atemp>
            <ns3:cad>52</ns3:cad>
          </ns3:TrackPointExtension>
        </extensions>
      </trkpt>
      <trkpt lat="43.174541853368282318115234375" lon="-109.64124656282365322113037109375">
        <ele>3525.60009765625</ele>
        <time>2017-09-02T20:11:05.000Z</time>
        <extensions>
          <ns3:TrackPointExtension>
            <ns3:atemp>26.0</ns3:atemp>
            <ns3:cad>52</ns3:cad>
          </ns3:TrackPointExtension>
        </extensions>
      </trkpt>
      <trkpt lat="43.1745705194771289825439453125" lon="-109.64124522171914577484130859375">
        <ele>3525.199951171875</ele>
        <time>2017-09-02T20:11:09.000Z</time>
        <extensions>
          <ns3:TrackPointExtension>
            <ns3:atemp>26.0</ns3:atemp>
            <ns3:cad>52</ns3:cad>
          </ns3:TrackPointExtension>
        </extensions>
      </trkpt>
      <trkpt lat="43.17459650337696075439453125" lon="-109.641255699098110198974609375">
        <ele>3525.199951171875</ele>
        <time>2017-09-02T20:11:11.000Z</time>
        <extensions>
          <ns3:TrackPointExtension>
            <ns3:atemp>26.0</ns3:atemp>
            <ns3:cad>52</ns3:cad>
          </ns3:TrackPointExtension>
        </extensions>
      </trkpt>
      <trkpt lat="43.174608908593654632568359375" lon="-109.64124220423400402069091796875">
        <ele>3525.199951171875</ele>
        <time>2017-09-02T20:11:13.000Z</time>
        <extensions>
          <ns3:TrackPointExtension>
            <ns3:atemp>26.0</ns3:atemp>
            <ns3:cad>0</ns3:cad>
          </ns3:TrackPointExtension>
        </extensions>
      </trkpt>
      <trkpt lat="43.174626342952251434326171875" lon="-109.641235582530498504638671875">
        <ele>3525</ele>
        <time>2017-09-02T20:11:15.000Z</time>
        <extensions>
          <ns3:TrackPointExtension>
            <ns3:atemp>26.0</ns3:atemp>
            <ns3:cad>0</ns3:cad>
          </ns3:TrackPointExtension>
        </extensions>
      </trkpt>
      <trkpt lat="43.17466464824974536895751953125" lon="-109.6412240155041217803955078125">
        <ele>3524.800048828125</ele>
        <time>2017-09-02T20:11:20.000Z</time>
        <extensions>
          <ns3:TrackPointExtension>
            <ns3:atemp>26.0</ns3:atemp>
            <ns3:cad>0</ns3:cad>
          </ns3:TrackPointExtension>
        </extensions>
      </trkpt>
      <trkpt lat="43.1746669113636016845703125" lon="-109.641213454306125640869140625">
        <ele>3524.60009765625</ele>
        <time>2017-09-02T20:11:21.000Z</time>
        <extensions>
          <ns3:TrackPointExtension>
            <ns3:atemp>26.0</ns3:atemp>
            <ns3:cad>0</ns3:cad>
          </ns3:TrackPointExtension>
        </extensions>
      </trkpt>
      <trkpt lat="43.1747103296220302581787109375" lon="-109.641206078231334686279296875">
        <ele>3524</ele>
        <time>2017-09-02T20:11:25.000Z</time>
        <extensions>
          <ns3:TrackPointExtension>
            <ns3:atemp>26.0</ns3:atemp>
            <ns3:cad>0</ns3:cad>
          </ns3:TrackPointExtension>
        </extensions>
      </trkpt>
      <trkpt lat="43.17471477203071117401123046875" lon="-109.6412045694887638092041015625">
        <ele>3523.39990234375</ele>
        <time>2017-09-02T20:11:28.000Z</time>
        <extensions>
          <ns3:TrackPointExtension>
            <ns3:atemp>26.0</ns3:atemp>
            <ns3:cad>0</ns3:cad>
          </ns3:TrackPointExtension>
        </extensions>
      </trkpt>
      <trkpt lat="43.17463967017829418182373046875" lon="-109.6411056630313396453857421875">
        <ele>3523</ele>
        <time>2017-09-02T20:11:48.000Z</time>
        <extensions>
          <ns3:TrackPointExtension>
            <ns3:atemp>26.0</ns3:atemp>
            <ns3:cad>61</ns3:cad>
          </ns3:TrackPointExtension>
        </extensions>
      </trkpt>
      <trkpt lat="43.1746714375913143157958984375" lon="-109.641112200915813446044921875">
        <ele>3522.60009765625</ele>
        <time>2017-09-02T20:11:51.000Z</time>
        <extensions>
          <ns3:TrackPointExtension>
            <ns3:atemp>26.0</ns3:atemp>
            <ns3:cad>51</ns3:cad>
          </ns3:TrackPointExtension>
        </extensions>
      </trkpt>
      <trkpt lat="43.17469775676727294921875" lon="-109.6410939283668994903564453125">
        <ele>3522.199951171875</ele>
        <time>2017-09-02T20:11:53.000Z</time>
        <extensions>
          <ns3:TrackPointExtension>
            <ns3:atemp>26.0</ns3:atemp>
            <ns3:cad>0</ns3:cad>
          </ns3:TrackPointExtension>
        </extensions>
      </trkpt>
      <trkpt lat="43.1747177056968212127685546875" lon="-109.6410738117992877960205078125">
        <ele>3522</ele>
        <time>2017-09-02T20:11:55.000Z</time>
        <extensions>
          <ns3:TrackPointExtension>
            <ns3:atemp>26.0</ns3:atemp>
            <ns3:cad>0</ns3:cad>
          </ns3:TrackPointExtension>
        </extensions>
      </trkpt>
      <trkpt lat="43.17476011812686920166015625" lon="-109.64108110405504703521728515625">
        <ele>3521.800048828125</ele>
        <time>2017-09-02T20:11:57.000Z</time>
        <extensions>
          <ns3:TrackPointExtension>
            <ns3:atemp>26.0</ns3:atemp>
            <ns3:cad>0</ns3:cad>
          </ns3:TrackPointExtension>
        </extensions>
      </trkpt>
      <trkpt lat="43.17476741038262844085693359375" lon="-109.6410600654780864715576171875">
        <ele>3521.60009765625</ele>
        <time>2017-09-02T20:11:59.000Z</time>
        <extensions>
          <ns3:TrackPointExtension>
            <ns3:atemp>26.0</ns3:atemp>
            <ns3:cad>0</ns3:cad>
          </ns3:TrackPointExtension>
        </extensions>
      </trkpt>
      <trkpt lat="43.17478165961802005767822265625" lon="-109.64102762751281261444091796875">
        <ele>3521.199951171875</ele>
        <time>2017-09-02T20:12:02.000Z</time>
        <extensions>
          <ns3:TrackPointExtension>
            <ns3:atemp>26.0</ns3:atemp>
            <ns3:cad>0</ns3:cad>
          </ns3:TrackPointExtension>
        </extensions>
      </trkpt>
      <trkpt lat="43.174812756478786468505859375" lon="-109.64102326892316341400146484375">
        <ele>3521</ele>
        <time>2017-09-02T20:12:05.000Z</time>
        <extensions>
          <ns3:TrackPointExtension>
            <ns3:atemp>26.0</ns3:atemp>
            <ns3:cad>0</ns3:cad>
          </ns3:TrackPointExtension>
        </extensions>
      </trkpt>
      <trkpt lat="43.17484519444406032562255859375" lon="-109.641059897840023040771484375">
        <ele>3520.39990234375</ele>
        <time>2017-09-02T20:12:17.000Z</time>
        <extensions>
          <ns3:TrackPointExtension>
            <ns3:atemp>26.0</ns3:atemp>
            <ns3:cad>0</ns3:cad>
          </ns3:TrackPointExtension>
        </extensions>
      </trkpt>
      <trkpt lat="43.17485072650015354156494140625" lon="-109.64102393947541713714599609375">
        <ele>3520.199951171875</ele>
        <time>2017-09-02T20:12:21.000Z</time>
        <extensions>
          <ns3:TrackPointExtension>
            <ns3:atemp>26.0</ns3:atemp>
            <ns3:cad>61</ns3:cad>
          </ns3:TrackPointExtension>
        </extensions>
      </trkpt>
      <trkpt lat="43.174859024584293365478515625" lon="-109.641020335257053375244140625">
        <ele>3520.199951171875</ele>
        <time>2017-09-02T20:12:22.000Z</time>
        <extensions>
          <ns3:TrackPointExtension>
            <ns3:atemp>26.0</ns3:atemp>
            <ns3:cad>61</ns3:cad>
          </ns3:TrackPointExtension>
        </extensions>
      </trkpt>
      <trkpt lat="43.17489699460566043853759765625" lon="-109.64099627919495105743408203125">
        <ele>3519.199951171875</ele>
        <time>2017-09-02T20:12:27.000Z</time>
        <extensions>
          <ns3:TrackPointExtension>
            <ns3:atemp>26.0</ns3:atemp>
            <ns3:cad>61</ns3:cad>
          </ns3:TrackPointExtension>
        </extensions>
      </trkpt>
      <trkpt lat="43.1749285943806171417236328125" lon="-109.64101958088576793670654296875">
        <ele>3519</ele>
        <time>2017-09-02T20:12:35.000Z</time>
        <extensions>
          <ns3:TrackPointExtension>
            <ns3:atemp>26.0</ns3:atemp>
            <ns3:cad>0</ns3:cad>
          </ns3:TrackPointExtension>
        </extensions>
      </trkpt>
      <trkpt lat="43.174881823360919952392578125" lon="-109.6410275436937808990478515625">
        <ele>3518.800048828125</ele>
        <time>2017-09-02T20:12:37.000Z</time>
        <extensions>
          <ns3:TrackPointExtension>
            <ns3:atemp>26.0</ns3:atemp>
            <ns3:cad>0</ns3:cad>
          </ns3:TrackPointExtension>
        </extensions>
      </trkpt>
      <trkpt lat="43.1748276762664318084716796875" lon="-109.64097700081765651702880859375">
        <ele>3518.800048828125</ele>
        <time>2017-09-02T20:12:40.000Z</time>
        <extensions>
          <ns3:TrackPointExtension>
            <ns3:atemp>26.0</ns3:atemp>
            <ns3:cad>61</ns3:cad>
          </ns3:TrackPointExtension>
        </extensions>
      </trkpt>
      <trkpt lat="43.17482046782970428466796875" lon="-109.64097331278026103973388671875">
        <ele>3518.800048828125</ele>
        <time>2017-09-02T20:12:42.000Z</time>
        <extensions>
          <ns3:TrackPointExtension>
            <ns3:atemp>26.0</ns3:atemp>
            <ns3:cad>61</ns3:cad>
          </ns3:TrackPointExtension>
        </extensions>
      </trkpt>
      <trkpt lat="43.1748333759605884552001953125" lon="-109.64098052121698856353759765625">
        <ele>3519</ele>
        <time>2017-09-02T20:12:45.000Z</time>
        <extensions>
          <ns3:TrackPointExtension>
            <ns3:atemp>26.0</ns3:atemp>
            <ns3:cad>0</ns3:cad>
          </ns3:TrackPointExtension>
        </extensions>
      </trkpt>
      <trkpt lat="43.1748524866998195648193359375" lon="-109.64098471216857433319091796875">
        <ele>3517.800048828125</ele>
        <time>2017-09-02T20:13:26.000Z</time>
        <extensions>
          <ns3:TrackPointExtension>
            <ns3:atemp>25.0</ns3:atemp>
            <ns3:cad>0</ns3:cad>
          </ns3:TrackPointExtension>
        </extensions>
      </trkpt>
      <trkpt lat="43.17481317557394504547119140625" lon="-109.64093618094921112060546875">
        <ele>3516.800048828125</ele>
        <time>2017-09-02T20:13:29.000Z</time>
        <extensions>
          <ns3:TrackPointExtension>
            <ns3:atemp>25.0</ns3:atemp>
            <ns3:cad>0</ns3:cad>
          </ns3:TrackPointExtension>
        </extensions>
      </trkpt>
      <trkpt lat="43.17482004873454570770263671875" lon="-109.64093743823468685150146484375">
        <ele>3518</ele>
        <time>2017-09-02T20:13:32.000Z</time>
        <extensions>
          <ns3:TrackPointExtension>
            <ns3:atemp>25.0</ns3:atemp>
            <ns3:cad>0</ns3:cad>
          </ns3:TrackPointExtension>
        </extensions>
      </trkpt>
      <trkpt lat="43.17481367848813533782958984375" lon="-109.64094263501465320587158203125">
        <ele>3519</ele>
        <time>2017-09-02T20:13:39.000Z</time>
        <extensions>
          <ns3:TrackPointExtension>
            <ns3:atemp>24.0</ns3:atemp>
            <ns3:cad>0</ns3:cad>
          </ns3:TrackPointExtension>
        </extensions>
      </trkpt>
      <trkpt lat="43.174835555255413055419921875" lon="-109.64097834192216396331787109375">
        <ele>3520.39990234375</ele>
        <time>2017-09-02T20:13:50.000Z</time>
        <extensions>
          <ns3:TrackPointExtension>
            <ns3:atemp>23.0</ns3:atemp>
            <ns3:cad>0</ns3:cad>
          </ns3:TrackPointExtension>
        </extensions>
      </trkpt>
      <trkpt lat="43.1748350523412227630615234375" lon="-109.6409785933792591094970703125">
        <ele>3521.39990234375</ele>
        <time>2017-09-02T20:13:51.000Z</time>
        <extensions>
          <ns3:TrackPointExtension>
            <ns3:atemp>23.0</ns3:atemp>
            <ns3:cad>0</ns3:cad>
          </ns3:TrackPointExtension>
        </extensions>
      </trkpt>
      <trkpt lat="43.17479708231985569000244140625" lon="-109.6409326605498790740966796875">
        <ele>3522.199951171875</ele>
        <time>2017-09-02T20:13:58.000Z</time>
        <extensions>
          <ns3:TrackPointExtension>
            <ns3:atemp>23.0</ns3:atemp>
            <ns3:cad>0</ns3:cad>
          </ns3:TrackPointExtension>
        </extensions>
      </trkpt>
      <trkpt lat="43.17480546422302722930908203125" lon="-109.6409628354012966156005859375">
        <ele>3522.39990234375</ele>
        <time>2017-09-02T20:14:03.000Z</time>
        <extensions>
          <ns3:TrackPointExtension>
            <ns3:atemp>22.0</ns3:atemp>
            <ns3:cad>0</ns3:cad>
          </ns3:TrackPointExtension>
        </extensions>
      </trkpt>
      <trkpt lat="43.1748605333268642425537109375" lon="-109.64096861891448497772216796875">
        <ele>3522.39990234375</ele>
        <time>2017-09-02T20:14:07.000Z</time>
        <extensions>
          <ns3:TrackPointExtension>
            <ns3:atemp>22.0</ns3:atemp>
            <ns3:cad>61</ns3:cad>
          </ns3:TrackPointExtension>
        </extensions>
      </trkpt>
      <trkpt lat="43.17486531101167201995849609375" lon="-109.6409316547214984893798828125">
        <ele>3522</ele>
        <time>2017-09-02T20:14:09.000Z</time>
        <extensions>
          <ns3:TrackPointExtension>
            <ns3:atemp>22.0</ns3:atemp>
            <ns3:cad>61</ns3:cad>
          </ns3:TrackPointExtension>
        </extensions>
      </trkpt>
      <trkpt lat="43.17487218417227268218994140625" lon="-109.64087960310280323028564453125">
        <ele>3521.60009765625</ele>
        <time>2017-09-02T20:14:13.000Z</time>
        <extensions>
          <ns3:TrackPointExtension>
            <ns3:atemp>22.0</ns3:atemp>
            <ns3:cad>61</ns3:cad>
          </ns3:TrackPointExtension>
        </extensions>
      </trkpt>
      <trkpt lat="43.17491007037460803985595703125" lon="-109.64088882319629192352294921875">
        <ele>3521.39990234375</ele>
        <time>2017-09-02T20:14:16.000Z</time>
        <extensions>
          <ns3:TrackPointExtension>
            <ns3:atemp>22.0</ns3:atemp>
            <ns3:cad>61</ns3:cad>
          </ns3:TrackPointExtension>
        </extensions>
      </trkpt>
      <trkpt lat="43.17495432682335376739501953125" lon="-109.6409179084002971649169921875">
        <ele>3521.199951171875</ele>
        <time>2017-09-02T20:14:18.000Z</time>
        <extensions>
          <ns3:TrackPointExtension>
            <ns3:atemp>22.0</ns3:atemp>
            <ns3:cad>61</ns3:cad>
          </ns3:TrackPointExtension>
        </extensions>
      </trkpt>
      <trkpt lat="43.175004534423351287841796875" lon="-109.64095093309879302978515625">
        <ele>3520.800048828125</ele>
        <time>2017-09-02T20:14:20.000Z</time>
        <extensions>
          <ns3:TrackPointExtension>
            <ns3:atemp>22.0</ns3:atemp>
            <ns3:cad>61</ns3:cad>
          </ns3:TrackPointExtension>
        </extensions>
      </trkpt>
      <trkpt lat="43.17502238787710666656494140625" lon="-109.64096032083034515380859375">
        <ele>3520.39990234375</ele>
        <time>2017-09-02T20:14:21.000Z</time>
        <extensions>
          <ns3:TrackPointExtension>
            <ns3:atemp>22.0</ns3:atemp>
            <ns3:cad>61</ns3:cad>
          </ns3:TrackPointExtension>
        </extensions>
      </trkpt>
      <trkpt lat="43.17507837899029254913330078125" lon="-109.64090759865939617156982421875">
        <ele>3520</ele>
        <time>2017-09-02T20:14:29.000Z</time>
        <extensions>
          <ns3:TrackPointExtension>
            <ns3:atemp>22.0</ns3:atemp>
            <ns3:cad>61</ns3:cad>
          </ns3:TrackPointExtension>
        </extensions>
      </trkpt>
      <trkpt lat="43.17507904954254627227783203125" lon="-109.64086920954287052154541015625">
        <ele>3519.199951171875</ele>
        <time>2017-09-02T20:14:33.000Z</time>
        <extensions>
          <ns3:TrackPointExtension>
            <ns3:atemp>22.0</ns3:atemp>
            <ns3:cad>61</ns3:cad>
          </ns3:TrackPointExtension>
        </extensions>
      </trkpt>
      <trkpt lat="43.17512967623770236968994140625" lon="-109.64082889258861541748046875">
        <ele>3518.199951171875</ele>
        <time>2017-09-02T20:14:40.000Z</time>
        <extensions>
          <ns3:TrackPointExtension>
            <ns3:atemp>22.0</ns3:atemp>
            <ns3:cad>61</ns3:cad>
          </ns3:TrackPointExtension>
        </extensions>
      </trkpt>
      <trkpt lat="43.175164125859737396240234375" lon="-109.6408496797084808349609375">
        <ele>3517.60009765625</ele>
        <time>2017-09-02T20:14:42.000Z</time>
        <extensions>
          <ns3:TrackPointExtension>
            <ns3:atemp>22.0</ns3:atemp>
            <ns3:cad>61</ns3:cad>
          </ns3:TrackPointExtension>
        </extensions>
      </trkpt>
      <trkpt lat="43.175218440592288970947265625" lon="-109.64088253676891326904296875">
        <ele>3517.39990234375</ele>
        <time>2017-09-02T20:14:45.000Z</time>
        <extensions>
          <ns3:TrackPointExtension>
            <ns3:atemp>22.0</ns3:atemp>
            <ns3:cad>61</ns3:cad>
          </ns3:TrackPointExtension>
        </extensions>
      </trkpt>
      <trkpt lat="43.17529278807342052459716796875" lon="-109.6409631706774234771728515625">
        <ele>3517</ele>
        <time>2017-09-02T20:14:47.000Z</time>
        <extensions>
          <ns3:TrackPointExtension>
            <ns3:atemp>22.0</ns3:atemp>
            <ns3:cad>61</ns3:cad>
          </ns3:TrackPointExtension>
        </extensions>
      </trkpt>
      <trkpt lat="43.1753550656139850616455078125" lon="-109.64098638854920864105224609375">
        <ele>3516.800048828125</ele>
        <time>2017-09-02T20:14:50.000Z</time>
        <extensions>
          <ns3:TrackPointExtension>
            <ns3:atemp>21.0</ns3:atemp>
            <ns3:cad>61</ns3:cad>
          </ns3:TrackPointExtension>
        </extensions>
      </trkpt>
      <trkpt lat="43.17538532428443431854248046875" lon="-109.6409966982901096343994140625">
        <ele>3516.39990234375</ele>
        <time>2017-09-02T20:14:54.000Z</time>
        <extensions>
          <ns3:TrackPointExtension>
            <ns3:atemp>21.0</ns3:atemp>
            <ns3:cad>61</ns3:cad>
          </ns3:TrackPointExtension>
        </extensions>
      </trkpt>
      <trkpt lat="43.17538909614086151123046875" lon="-109.6409832872450351715087890625">
        <ele>3516.39990234375</ele>
        <time>2017-09-02T20:14:57.000Z</time>
        <extensions>
          <ns3:TrackPointExtension>
            <ns3:atemp>21.0</ns3:atemp>
            <ns3:cad>61</ns3:cad>
          </ns3:TrackPointExtension>
        </extensions>
      </trkpt>
      <trkpt lat="43.1753832288086414337158203125" lon="-109.64097130112349987030029296875">
        <ele>3518.39990234375</ele>
        <time>2017-09-02T20:14:58.000Z</time>
        <extensions>
          <ns3:TrackPointExtension>
            <ns3:atemp>21.0</ns3:atemp>
            <ns3:cad>61</ns3:cad>
          </ns3:TrackPointExtension>
        </extensions>
      </trkpt>
      <trkpt lat="43.17536185495555400848388671875" lon="-109.64092989452183246612548828125">
        <ele>3519.60009765625</ele>
        <time>2017-09-02T20:15:00.000Z</time>
        <extensions>
          <ns3:TrackPointExtension>
            <ns3:atemp>21.0</ns3:atemp>
            <ns3:cad>61</ns3:cad>
          </ns3:TrackPointExtension>
        </extensions>
      </trkpt>
      <trkpt lat="43.17534886300563812255859375" lon="-109.640888236463069915771484375">
        <ele>3517.39990234375</ele>
        <time>2017-09-02T20:15:03.000Z</time>
        <extensions>
          <ns3:TrackPointExtension>
            <ns3:atemp>21.0</ns3:atemp>
            <ns3:cad>61</ns3:cad>
          </ns3:TrackPointExtension>
        </extensions>
      </trkpt>
      <trkpt lat="43.17534224130213260650634765625" lon="-109.64086912572383880615234375">
        <ele>3516.39990234375</ele>
        <time>2017-09-02T20:15:04.000Z</time>
        <extensions>
          <ns3:TrackPointExtension>
            <ns3:atemp>21.0</ns3:atemp>
            <ns3:cad>61</ns3:cad>
          </ns3:TrackPointExtension>
        </extensions>
      </trkpt>
      <trkpt lat="43.17534928210079669952392578125" lon="-109.64083149097859859466552734375">
        <ele>3515.199951171875</ele>
        <time>2017-09-02T20:15:07.000Z</time>
        <extensions>
          <ns3:TrackPointExtension>
            <ns3:atemp>21.0</ns3:atemp>
            <ns3:cad>58</ns3:cad>
          </ns3:TrackPointExtension>
        </extensions>
      </trkpt>
      <trkpt lat="43.17541734315454959869384765625" lon="-109.64083216153085231781005859375">
        <ele>3515.60009765625</ele>
        <time>2017-09-02T20:15:17.000Z</time>
        <extensions>
          <ns3:TrackPointExtension>
            <ns3:atemp>21.0</ns3:atemp>
            <ns3:cad>0</ns3:cad>
          </ns3:TrackPointExtension>
        </extensions>
      </trkpt>
      <trkpt lat="43.17541784606873989105224609375" lon="-109.6408223547041416168212890625">
        <ele>3516.199951171875</ele>
        <time>2017-09-02T20:15:18.000Z</time>
        <extensions>
          <ns3:TrackPointExtension>
            <ns3:atemp>21.0</ns3:atemp>
            <ns3:cad>0</ns3:cad>
          </ns3:TrackPointExtension>
        </extensions>
      </trkpt>
      <trkpt lat="43.175436370074748992919921875" lon="-109.6408287249505519866943359375">
        <ele>3516.60009765625</ele>
        <time>2017-09-02T20:15:20.000Z</time>
        <extensions>
          <ns3:TrackPointExtension>
            <ns3:atemp>21.0</ns3:atemp>
            <ns3:cad>0</ns3:cad>
          </ns3:TrackPointExtension>
        </extensions>
      </trkpt>
      <trkpt lat="43.17544944584369659423828125" lon="-109.6408216841518878936767578125">
        <ele>3514.39990234375</ele>
        <time>2017-09-02T20:15:22.000Z</time>
        <extensions>
          <ns3:TrackPointExtension>
            <ns3:atemp>21.0</ns3:atemp>
            <ns3:cad>0</ns3:cad>
          </ns3:TrackPointExtension>
        </extensions>
      </trkpt>
      <trkpt lat="43.17546151578426361083984375" lon="-109.64081036858260631561279296875">
        <ele>3513</ele>
        <time>2017-09-02T20:15:24.000Z</time>
        <extensions>
          <ns3:TrackPointExtension>
            <ns3:atemp>21.0</ns3:atemp>
            <ns3:cad>0</ns3:cad>
          </ns3:TrackPointExtension>
        </extensions>
      </trkpt>
      <trkpt lat="43.17551155574619770050048828125" lon="-109.6408523619174957275390625">
        <ele>3514.39990234375</ele>
        <time>2017-09-02T20:15:28.000Z</time>
        <extensions>
          <ns3:TrackPointExtension>
            <ns3:atemp>21.0</ns3:atemp>
            <ns3:cad>0</ns3:cad>
          </ns3:TrackPointExtension>
        </extensions>
      </trkpt>
      <trkpt lat="43.17555271089076995849609375" lon="-109.64087557978928089141845703125">
        <ele>3515.800048828125</ele>
        <time>2017-09-02T20:15:32.000Z</time>
        <extensions>
          <ns3:TrackPointExtension>
            <ns3:atemp>21.0</ns3:atemp>
            <ns3:cad>0</ns3:cad>
          </ns3:TrackPointExtension>
        </extensions>
      </trkpt>
      <trkpt lat="43.1755558960139751434326171875" lon="-109.6408823691308498382568359375">
        <ele>3516.800048828125</ele>
        <time>2017-09-02T20:15:33.000Z</time>
        <extensions>
          <ns3:TrackPointExtension>
            <ns3:atemp>21.0</ns3:atemp>
            <ns3:cad>0</ns3:cad>
          </ns3:TrackPointExtension>
        </extensions>
      </trkpt>
      <trkpt lat="43.17557014524936676025390625" lon="-109.64088295586407184600830078125">
        <ele>3519.60009765625</ele>
        <time>2017-09-02T20:15:35.000Z</time>
        <extensions>
          <ns3:TrackPointExtension>
            <ns3:atemp>21.0</ns3:atemp>
            <ns3:cad>0</ns3:cad>
          </ns3:TrackPointExtension>
        </extensions>
      </trkpt>
      <trkpt lat="43.1755864061415195465087890625" lon="-109.64089452289044857025146484375">
        <ele>3520.800048828125</ele>
        <time>2017-09-02T20:15:36.000Z</time>
        <extensions>
          <ns3:TrackPointExtension>
            <ns3:atemp>21.0</ns3:atemp>
            <ns3:cad>0</ns3:cad>
          </ns3:TrackPointExtension>
        </extensions>
      </trkpt>
      <trkpt lat="43.175628818571567535400390625" lon="-109.64092587120831012725830078125">
        <ele>3517.39990234375</ele>
        <time>2017-09-02T20:15:39.000Z</time>
        <extensions>
          <ns3:TrackPointExtension>
            <ns3:atemp>21.0</ns3:atemp>
            <ns3:cad>0</ns3:cad>
          </ns3:TrackPointExtension>
        </extensions>
      </trkpt>
      <trkpt lat="43.17562974058091640472412109375" lon="-109.64092813432216644287109375">
        <ele>3514.800048828125</ele>
        <time>2017-09-02T20:15:40.000Z</time>
        <extensions>
          <ns3:TrackPointExtension>
            <ns3:atemp>21.0</ns3:atemp>
            <ns3:cad>0</ns3:cad>
          </ns3:TrackPointExtension>
        </extensions>
      </trkpt>
      <trkpt lat="43.17563292570412158966064453125" lon="-109.64092989452183246612548828125">
        <ele>3513.60009765625</ele>
        <time>2017-09-02T20:15:41.000Z</time>
        <extensions>
          <ns3:TrackPointExtension>
            <ns3:atemp>21.0</ns3:atemp>
            <ns3:cad>0</ns3:cad>
          </ns3:TrackPointExtension>
        </extensions>
      </trkpt>
      <trkpt lat="43.17562471143901348114013671875" lon="-109.6409075148403644561767578125">
        <ele>3512.39990234375</ele>
        <time>2017-09-02T20:15:43.000Z</time>
        <extensions>
          <ns3:TrackPointExtension>
            <ns3:atemp>21.0</ns3:atemp>
            <ns3:cad>0</ns3:cad>
          </ns3:TrackPointExtension>
        </extensions>
      </trkpt>
      <trkpt lat="43.17566326819360256195068359375" lon="-109.64083668775856494903564453125">
        <ele>3511.39990234375</ele>
        <time>2017-09-02T20:15:54.000Z</time>
        <extensions>
          <ns3:TrackPointExtension>
            <ns3:atemp>20.0</ns3:atemp>
            <ns3:cad>0</ns3:cad>
          </ns3:TrackPointExtension>
        </extensions>
      </trkpt>
      <trkpt lat="43.17582788877189159393310546875" lon="-109.64091447181999683380126953125">
        <ele>3511</ele>
        <time>2017-09-02T20:16:11.000Z</time>
        <extensions>
          <ns3:TrackPointExtension>
            <ns3:atemp>20.0</ns3:atemp>
            <ns3:cad>0</ns3:cad>
          </ns3:TrackPointExtension>
        </extensions>
      </trkpt>
      <trkpt lat="43.17589209415018558502197265625" lon="-109.64095219038426876068115234375">
        <ele>3510.39990234375</ele>
        <time>2017-09-02T20:16:13.000Z</time>
        <extensions>
          <ns3:TrackPointExtension>
            <ns3:atemp>20.0</ns3:atemp>
            <ns3:cad>0</ns3:cad>
          </ns3:TrackPointExtension>
        </extensions>
      </trkpt>
      <trkpt lat="43.1759474985301494598388671875" lon="-109.64092670939862728118896484375">
        <ele>3508.60009765625</ele>
        <time>2017-09-02T20:16:15.000Z</time>
        <extensions>
          <ns3:TrackPointExtension>
            <ns3:atemp>20.0</ns3:atemp>
            <ns3:cad>62</ns3:cad>
          </ns3:TrackPointExtension>
        </extensions>
      </trkpt>
      <trkpt lat="43.175973482429981231689453125" lon="-109.640960991382598876953125">
        <ele>3507.199951171875</ele>
        <time>2017-09-02T20:16:16.000Z</time>
        <extensions>
          <ns3:TrackPointExtension>
            <ns3:atemp>20.0</ns3:atemp>
            <ns3:cad>62</ns3:cad>
          </ns3:TrackPointExtension>
        </extensions>
      </trkpt>
      <trkpt lat="43.1759999692440032958984375" lon="-109.64099795557558536529541015625">
        <ele>3506.199951171875</ele>
        <time>2017-09-02T20:16:19.000Z</time>
        <extensions>
          <ns3:TrackPointExtension>
            <ns3:atemp>20.0</ns3:atemp>
            <ns3:cad>62</ns3:cad>
          </ns3:TrackPointExtension>
        </extensions>
      </trkpt>
      <trkpt lat="43.17602318711578845977783203125" lon="-109.64098655618727207183837890625">
        <ele>3508.39990234375</ele>
        <time>2017-09-02T20:16:22.000Z</time>
        <extensions>
          <ns3:TrackPointExtension>
            <ns3:atemp>20.0</ns3:atemp>
            <ns3:cad>61</ns3:cad>
          </ns3:TrackPointExtension>
        </extensions>
      </trkpt>
      <trkpt lat="43.176023773849010467529296875" lon="-109.64098823256790637969970703125">
        <ele>3509</ele>
        <time>2017-09-02T20:16:26.000Z</time>
        <extensions>
          <ns3:TrackPointExtension>
            <ns3:atemp>20.0</ns3:atemp>
            <ns3:cad>61</ns3:cad>
          </ns3:TrackPointExtension>
        </extensions>
      </trkpt>
      <trkpt lat="43.176073394715785980224609375" lon="-109.6410439722239971160888671875">
        <ele>3508.60009765625</ele>
        <time>2017-09-02T20:16:32.000Z</time>
        <extensions>
          <ns3:TrackPointExtension>
            <ns3:atemp>20.0</ns3:atemp>
            <ns3:cad>61</ns3:cad>
          </ns3:TrackPointExtension>
        </extensions>
      </trkpt>
      <trkpt lat="43.176123686134815216064453125" lon="-109.6411053277552127838134765625">
        <ele>3508.39990234375</ele>
        <time>2017-09-02T20:16:34.000Z</time>
        <extensions>
          <ns3:TrackPointExtension>
            <ns3:atemp>20.0</ns3:atemp>
            <ns3:cad>61</ns3:cad>
          </ns3:TrackPointExtension>
        </extensions>
      </trkpt>
      <trkpt lat="43.17617087624967098236083984375" lon="-109.64117565192282199859619140625">
        <ele>3508.199951171875</ele>
        <time>2017-09-02T20:16:39.000Z</time>
        <extensions>
          <ns3:TrackPointExtension>
            <ns3:atemp>20.0</ns3:atemp>
            <ns3:cad>0</ns3:cad>
          </ns3:TrackPointExtension>
        </extensions>
      </trkpt>
      <trkpt lat="43.17618110217154026031494140625" lon="-109.6411822736263275146484375">
        <ele>3508.199951171875</ele>
        <time>2017-09-02T20:16:42.000Z</time>
        <extensions>
          <ns3:TrackPointExtension>
            <ns3:atemp>20.0</ns3:atemp>
            <ns3:cad>0</ns3:cad>
          </ns3:TrackPointExtension>
        </extensions>
      </trkpt>
      <trkpt lat="43.17618629895150661468505859375" lon="-109.6411623246967792510986328125">
        <ele>3508</ele>
        <time>2017-09-02T20:16:48.000Z</time>
        <extensions>
          <ns3:TrackPointExtension>
            <ns3:atemp>20.0</ns3:atemp>
            <ns3:cad>0</ns3:cad>
          </ns3:TrackPointExtension>
        </extensions>
      </trkpt>
      <trkpt lat="43.17616014741361141204833984375" lon="-109.64112603105604648590087890625">
        <ele>3508.60009765625</ele>
        <time>2017-09-02T20:16:55.000Z</time>
        <extensions>
          <ns3:TrackPointExtension>
            <ns3:atemp>20.0</ns3:atemp>
            <ns3:cad>0</ns3:cad>
          </ns3:TrackPointExtension>
        </extensions>
      </trkpt>
      <trkpt lat="43.17613315768539905548095703125" lon="-109.64108881540596485137939453125">
        <ele>3508.39990234375</ele>
        <time>2017-09-02T20:16:58.000Z</time>
        <extensions>
          <ns3:TrackPointExtension>
            <ns3:atemp>20.0</ns3:atemp>
            <ns3:cad>0</ns3:cad>
          </ns3:TrackPointExtension>
        </extensions>
      </trkpt>
      <trkpt lat="43.176169954240322113037109375" lon="-109.64115033857524394989013671875">
        <ele>3508.199951171875</ele>
        <time>2017-09-02T20:17:03.000Z</time>
        <extensions>
          <ns3:TrackPointExtension>
            <ns3:atemp>20.0</ns3:atemp>
            <ns3:cad>0</ns3:cad>
          </ns3:TrackPointExtension>
        </extensions>
      </trkpt>
      <trkpt lat="43.1762281246483325958251953125" lon="-109.64119928888976573944091796875">
        <ele>3508</ele>
        <time>2017-09-02T20:17:07.000Z</time>
        <extensions>
          <ns3:TrackPointExtension>
            <ns3:atemp>20.0</ns3:atemp>
            <ns3:cad>61</ns3:cad>
          </ns3:TrackPointExtension>
        </extensions>
      </trkpt>
      <trkpt lat="43.1763287074863910675048828125" lon="-109.64120708405971527099609375">
        <ele>3508</ele>
        <time>2017-09-02T20:17:29.000Z</time>
        <extensions>
          <ns3:TrackPointExtension>
            <ns3:atemp>21.0</ns3:atemp>
            <ns3:cad>0</ns3:cad>
          </ns3:TrackPointExtension>
        </extensions>
      </trkpt>
      <trkpt lat="43.17633633501827716827392578125" lon="-109.64118705131113529205322265625">
        <ele>3508.39990234375</ele>
        <time>2017-09-02T20:17:48.000Z</time>
        <extensions>
          <ns3:TrackPointExtension>
            <ns3:atemp>21.0</ns3:atemp>
            <ns3:cad>0</ns3:cad>
          </ns3:TrackPointExtension>
        </extensions>
      </trkpt>
      <trkpt lat="43.1763642467558383941650390625" lon="-109.64114782400429248809814453125">
        <ele>3508.39990234375</ele>
        <time>2017-09-02T20:17:52.000Z</time>
        <extensions>
          <ns3:TrackPointExtension>
            <ns3:atemp>21.0</ns3:atemp>
            <ns3:cad>61</ns3:cad>
          </ns3:TrackPointExtension>
        </extensions>
      </trkpt>
      <trkpt lat="43.17641043104231357574462890625" lon="-109.64117850176990032196044921875">
        <ele>3508.39990234375</ele>
        <time>2017-09-02T20:17:54.000Z</time>
        <extensions>
          <ns3:TrackPointExtension>
            <ns3:atemp>21.0</ns3:atemp>
            <ns3:cad>61</ns3:cad>
          </ns3:TrackPointExtension>
        </extensions>
      </trkpt>
      <trkpt lat="43.17650833167135715484619140625" lon="-109.641221500933170318603515625">
        <ele>3507.39990234375</ele>
        <time>2017-09-02T20:18:01.000Z</time>
        <extensions>
          <ns3:TrackPointExtension>
            <ns3:atemp>21.0</ns3:atemp>
            <ns3:cad>56</ns3:cad>
          </ns3:TrackPointExtension>
        </extensions>
      </trkpt>
      <trkpt lat="43.176507242023944854736328125" lon="-109.6412206627428531646728515625">
        <ele>3507.39990234375</ele>
        <time>2017-09-02T20:18:02.000Z</time>
        <extensions>
          <ns3:TrackPointExtension>
            <ns3:atemp>21.0</ns3:atemp>
            <ns3:cad>56</ns3:cad>
          </ns3:TrackPointExtension>
        </extensions>
      </trkpt>
      <trkpt lat="43.17658678628504276275634765625" lon="-109.64124237187206745147705078125">
        <ele>3507</ele>
        <time>2017-09-02T20:18:21.000Z</time>
        <extensions>
          <ns3:TrackPointExtension>
            <ns3:atemp>21.0</ns3:atemp>
            <ns3:cad>51</ns3:cad>
          </ns3:TrackPointExtension>
        </extensions>
      </trkpt>
      <trkpt lat="43.17661796696484088897705078125" lon="-109.64125343598425388336181640625">
        <ele>3506.60009765625</ele>
        <time>2017-09-02T20:18:25.000Z</time>
        <extensions>
          <ns3:TrackPointExtension>
            <ns3:atemp>21.0</ns3:atemp>
            <ns3:cad>0</ns3:cad>
          </ns3:TrackPointExtension>
        </extensions>
      </trkpt>
      <trkpt lat="43.17667664028704166412353515625" lon="-109.641234911978244781494140625">
        <ele>3506.199951171875</ele>
        <time>2017-09-02T20:18:35.000Z</time>
        <extensions>
          <ns3:TrackPointExtension>
            <ns3:atemp>21.0</ns3:atemp>
            <ns3:cad>45</ns3:cad>
          </ns3:TrackPointExtension>
        </extensions>
      </trkpt>
      <trkpt lat="43.17679767496883869171142578125" lon="-109.64122720062732696533203125">
        <ele>3505.199951171875</ele>
        <time>2017-09-02T20:18:49.000Z</time>
        <extensions>
          <ns3:TrackPointExtension>
            <ns3:atemp>21.0</ns3:atemp>
            <ns3:cad>61</ns3:cad>
          </ns3:TrackPointExtension>
        </extensions>
      </trkpt>
      <trkpt lat="43.176819384098052978515625" lon="-109.64122611097991466522216796875">
        <ele>3505.199951171875</ele>
        <time>2017-09-02T20:18:52.000Z</time>
        <extensions>
          <ns3:TrackPointExtension>
            <ns3:atemp>21.0</ns3:atemp>
            <ns3:cad>61</ns3:cad>
          </ns3:TrackPointExtension>
        </extensions>
      </trkpt>
      <trkpt lat="43.1768225692212581634521484375" lon="-109.64122091419994831085205078125">
        <ele>3505.199951171875</ele>
        <time>2017-09-02T20:18:53.000Z</time>
        <extensions>
          <ns3:TrackPointExtension>
            <ns3:atemp>21.0</ns3:atemp>
            <ns3:cad>61</ns3:cad>
          </ns3:TrackPointExtension>
        </extensions>
      </trkpt>
      <trkpt lat="43.176851570606231689453125" lon="-109.64120331220328807830810546875">
        <ele>3504.800048828125</ele>
        <time>2017-09-02T20:18:57.000Z</time>
        <extensions>
          <ns3:TrackPointExtension>
            <ns3:atemp>22.0</ns3:atemp>
            <ns3:cad>61</ns3:cad>
          </ns3:TrackPointExtension>
        </extensions>
      </trkpt>
      <trkpt lat="43.17695894278585910797119140625" lon="-109.6411851234734058380126953125">
        <ele>3504</ele>
        <time>2017-09-02T20:19:07.000Z</time>
        <extensions>
          <ns3:TrackPointExtension>
            <ns3:atemp>22.0</ns3:atemp>
            <ns3:cad>61</ns3:cad>
          </ns3:TrackPointExtension>
        </extensions>
      </trkpt>
      <trkpt lat="43.17702683620154857635498046875" lon="-109.64118562638759613037109375">
        <ele>3503.39990234375</ele>
        <time>2017-09-02T20:19:14.000Z</time>
        <extensions>
          <ns3:TrackPointExtension>
            <ns3:atemp>22.0</ns3:atemp>
            <ns3:cad>61</ns3:cad>
          </ns3:TrackPointExtension>
        </extensions>
      </trkpt>
      <trkpt lat="43.177079223096370697021484375" lon="-109.64115939103066921234130859375">
        <ele>3503</ele>
        <time>2017-09-02T20:19:21.000Z</time>
        <extensions>
          <ns3:TrackPointExtension>
            <ns3:atemp>22.0</ns3:atemp>
            <ns3:cad>46</ns3:cad>
          </ns3:TrackPointExtension>
        </extensions>
      </trkpt>
      <trkpt lat="43.1771109066903591156005859375" lon="-109.641162492334842681884765625">
        <ele>3502.39990234375</ele>
        <time>2017-09-02T20:19:25.000Z</time>
        <extensions>
          <ns3:TrackPointExtension>
            <ns3:atemp>22.0</ns3:atemp>
            <ns3:cad>61</ns3:cad>
          </ns3:TrackPointExtension>
        </extensions>
      </trkpt>
      <trkpt lat="43.17712557502090930938720703125" lon="-109.64116006158292293548583984375">
        <ele>3502.199951171875</ele>
        <time>2017-09-02T20:19:27.000Z</time>
        <extensions>
          <ns3:TrackPointExtension>
            <ns3:atemp>22.0</ns3:atemp>
            <ns3:cad>61</ns3:cad>
          </ns3:TrackPointExtension>
        </extensions>
      </trkpt>
      <trkpt lat="43.1771846674382686614990234375" lon="-109.6411274559795856475830078125">
        <ele>3501.800048828125</ele>
        <time>2017-09-02T20:20:09.000Z</time>
        <extensions>
          <ns3:TrackPointExtension>
            <ns3:atemp>22.0</ns3:atemp>
            <ns3:cad>61</ns3:cad>
          </ns3:TrackPointExtension>
        </extensions>
      </trkpt>
      <trkpt lat="43.1771937198936939239501953125" lon="-109.6411220915615558624267578125">
        <ele>3501.60009765625</ele>
        <time>2017-09-02T20:20:10.000Z</time>
        <extensions>
          <ns3:TrackPointExtension>
            <ns3:atemp>22.0</ns3:atemp>
            <ns3:cad>61</ns3:cad>
          </ns3:TrackPointExtension>
        </extensions>
      </trkpt>
      <trkpt lat="43.17723386920988559722900390625" lon="-109.6411331556737422943115234375">
        <ele>3501.199951171875</ele>
        <time>2017-09-02T20:20:14.000Z</time>
        <extensions>
          <ns3:TrackPointExtension>
            <ns3:atemp>22.0</ns3:atemp>
            <ns3:cad>61</ns3:cad>
          </ns3:TrackPointExtension>
        </extensions>
      </trkpt>
      <trkpt lat="43.17725800909101963043212890625" lon="-109.64114430360496044158935546875">
        <ele>3501</ele>
        <time>2017-09-02T20:20:17.000Z</time>
        <extensions>
          <ns3:TrackPointExtension>
            <ns3:atemp>22.0</ns3:atemp>
            <ns3:cad>61</ns3:cad>
          </ns3:TrackPointExtension>
        </extensions>
      </trkpt>
      <trkpt lat="43.1772778742015361785888671875" lon="-109.64113533496856689453125">
        <ele>3501</ele>
        <time>2017-09-02T20:20:20.000Z</time>
        <extensions>
          <ns3:TrackPointExtension>
            <ns3:atemp>22.0</ns3:atemp>
            <ns3:cad>61</ns3:cad>
          </ns3:TrackPointExtension>
        </extensions>
      </trkpt>
      <trkpt lat="43.1772946380078792572021484375" lon="-109.64111044071614742279052734375">
        <ele>3500.800048828125</ele>
        <time>2017-09-02T20:20:26.000Z</time>
        <extensions>
          <ns3:TrackPointExtension>
            <ns3:atemp>22.0</ns3:atemp>
            <ns3:cad>0</ns3:cad>
          </ns3:TrackPointExtension>
        </extensions>
      </trkpt>
      <trkpt lat="43.17735021002590656280517578125" lon="-109.64110516011714935302734375">
        <ele>3500</ele>
        <time>2017-09-02T20:20:56.000Z</time>
        <extensions>
          <ns3:TrackPointExtension>
            <ns3:atemp>22.0</ns3:atemp>
            <ns3:cad>0</ns3:cad>
          </ns3:TrackPointExtension>
        </extensions>
      </trkpt>
      <trkpt lat="43.17733830772340297698974609375" lon="-109.64109971188008785247802734375">
        <ele>3499.60009765625</ele>
        <time>2017-09-02T20:21:03.000Z</time>
        <extensions>
          <ns3:TrackPointExtension>
            <ns3:atemp>22.0</ns3:atemp>
            <ns3:cad>0</ns3:cad>
          </ns3:TrackPointExtension>
        </extensions>
      </trkpt>
      <trkpt lat="43.17732322029769420623779296875" lon="-109.64110155589878559112548828125">
        <ele>3499.199951171875</ele>
        <time>2017-09-02T20:23:06.000Z</time>
        <extensions>
          <ns3:TrackPointExtension>
            <ns3:atemp>23.0</ns3:atemp>
            <ns3:cad>0</ns3:cad>
          </ns3:TrackPointExtension>
        </extensions>
      </trkpt>
      <trkpt lat="43.177327327430248260498046875" lon="-109.641061238944530487060546875">
        <ele>3499.199951171875</ele>
        <time>2017-09-02T20:24:49.000Z</time>
        <extensions>
          <ns3:TrackPointExtension>
            <ns3:atemp>23.0</ns3:atemp>
            <ns3:cad>61</ns3:cad>
          </ns3:TrackPointExtension>
        </extensions>
      </trkpt>
      <trkpt lat="43.1773459352552890777587890625" lon="-109.6410718001425266265869140625">
        <ele>3498.60009765625</ele>
        <time>2017-09-02T20:24:55.000Z</time>
        <extensions>
          <ns3:TrackPointExtension>
            <ns3:atemp>23.0</ns3:atemp>
            <ns3:cad>0</ns3:cad>
          </ns3:TrackPointExtension>
        </extensions>
      </trkpt>
      <trkpt lat="43.17737602628767490386962890625" lon="-109.64107691310346126556396484375">
        <ele>3497.39990234375</ele>
        <time>2017-09-02T20:25:45.000Z</time>
        <extensions>
          <ns3:TrackPointExtension>
            <ns3:atemp>24.0</ns3:atemp>
            <ns3:cad>0</ns3:cad>
          </ns3:TrackPointExtension>
        </extensions>
      </trkpt>
      <trkpt lat="43.17741692997515201568603515625" lon="-109.6409886516630649566650390625">
        <ele>3496.39990234375</ele>
        <time>2017-09-02T20:26:17.000Z</time>
        <extensions>
          <ns3:TrackPointExtension>
            <ns3:atemp>24.0</ns3:atemp>
            <ns3:cad>61</ns3:cad>
          </ns3:TrackPointExtension>
        </extensions>
      </trkpt>
      <trkpt lat="43.177469484508037567138671875" lon="-109.640948586165904998779296875">
        <ele>3495.199951171875</ele>
        <time>2017-09-02T20:26:24.000Z</time>
        <extensions>
          <ns3:TrackPointExtension>
            <ns3:atemp>24.0</ns3:atemp>
            <ns3:cad>0</ns3:cad>
          </ns3:TrackPointExtension>
        </extensions>
      </trkpt>
      <trkpt lat="43.17748348228633403778076171875" lon="-109.64091950096189975738525390625">
        <ele>3494.800048828125</ele>
        <time>2017-09-02T20:26:27.000Z</time>
        <extensions>
          <ns3:TrackPointExtension>
            <ns3:atemp>24.0</ns3:atemp>
            <ns3:cad>0</ns3:cad>
          </ns3:TrackPointExtension>
        </extensions>
      </trkpt>
      <trkpt lat="43.17748767323791980743408203125" lon="-109.6409112028777599334716796875">
        <ele>3494.800048828125</ele>
        <time>2017-09-02T20:26:29.000Z</time>
        <extensions>
          <ns3:TrackPointExtension>
            <ns3:atemp>24.0</ns3:atemp>
            <ns3:cad>0</ns3:cad>
          </ns3:TrackPointExtension>
        </extensions>
      </trkpt>
      <trkpt lat="43.17750510759651660919189453125" lon="-109.640902318060398101806640625">
        <ele>3495</ele>
        <time>2017-09-02T20:26:32.000Z</time>
        <extensions>
          <ns3:TrackPointExtension>
            <ns3:atemp>24.0</ns3:atemp>
            <ns3:cad>61</ns3:cad>
          </ns3:TrackPointExtension>
        </extensions>
      </trkpt>
      <trkpt lat="43.17751667462289333343505859375" lon="-109.6408977918326854705810546875">
        <ele>3494.800048828125</ele>
        <time>2017-09-02T20:26:35.000Z</time>
        <extensions>
          <ns3:TrackPointExtension>
            <ns3:atemp>24.0</ns3:atemp>
            <ns3:cad>0</ns3:cad>
          </ns3:TrackPointExtension>
        </extensions>
      </trkpt>
      <trkpt lat="43.1775400601327419281005859375" lon="-109.6408930979669094085693359375">
        <ele>3494.39990234375</ele>
        <time>2017-09-02T20:26:37.000Z</time>
        <extensions>
          <ns3:TrackPointExtension>
            <ns3:atemp>24.0</ns3:atemp>
            <ns3:cad>61</ns3:cad>
          </ns3:TrackPointExtension>
        </extensions>
      </trkpt>
      <trkpt lat="43.17755305208265781402587890625" lon="-109.64089083485305309295654296875">
        <ele>3494.199951171875</ele>
        <time>2017-09-02T20:26:40.000Z</time>
        <extensions>
          <ns3:TrackPointExtension>
            <ns3:atemp>24.0</ns3:atemp>
            <ns3:cad>61</ns3:cad>
          </ns3:TrackPointExtension>
        </extensions>
      </trkpt>
      <trkpt lat="43.17755590192973613739013671875" lon="-109.6408897452056407928466796875">
        <ele>3494.199951171875</ele>
        <time>2017-09-02T20:26:41.000Z</time>
        <extensions>
          <ns3:TrackPointExtension>
            <ns3:atemp>24.0</ns3:atemp>
            <ns3:cad>61</ns3:cad>
          </ns3:TrackPointExtension>
        </extensions>
      </trkpt>
      <trkpt lat="43.1775628589093685150146484375" lon="-109.64088664390146732330322265625">
        <ele>3494</ele>
        <time>2017-09-02T20:26:43.000Z</time>
        <extensions>
          <ns3:TrackPointExtension>
            <ns3:atemp>24.0</ns3:atemp>
            <ns3:cad>61</ns3:cad>
          </ns3:TrackPointExtension>
        </extensions>
      </trkpt>
      <trkpt lat="43.17758389748632907867431640625" lon="-109.64086686260998249053955078125">
        <ele>3493.199951171875</ele>
        <time>2017-09-02T20:26:47.000Z</time>
        <extensions>
          <ns3:TrackPointExtension>
            <ns3:atemp>24.0</ns3:atemp>
            <ns3:cad>61</ns3:cad>
          </ns3:TrackPointExtension>
        </extensions>
      </trkpt>
      <trkpt lat="43.17758674733340740203857421875" lon="-109.64084674604237079620361328125">
        <ele>3493</ele>
        <time>2017-09-02T20:26:49.000Z</time>
        <extensions>
          <ns3:TrackPointExtension>
            <ns3:atemp>24.0</ns3:atemp>
            <ns3:cad>61</ns3:cad>
          </ns3:TrackPointExtension>
        </extensions>
      </trkpt>
      <trkpt lat="43.17761558108031749725341796875" lon="-109.64082528837025165557861328125">
        <ele>3492.60009765625</ele>
        <time>2017-09-02T20:26:54.000Z</time>
        <extensions>
          <ns3:TrackPointExtension>
            <ns3:atemp>24.0</ns3:atemp>
            <ns3:cad>0</ns3:cad>
          </ns3:TrackPointExtension>
        </extensions>
      </trkpt>
      <trkpt lat="43.17766285501420497894287109375" lon="-109.6407871507108211517333984375">
        <ele>3492.199951171875</ele>
        <time>2017-09-02T20:27:16.000Z</time>
        <extensions>
          <ns3:TrackPointExtension>
            <ns3:atemp>24.0</ns3:atemp>
            <ns3:cad>0</ns3:cad>
          </ns3:TrackPointExtension>
        </extensions>
      </trkpt>
      <trkpt lat="43.17767702043056488037109375" lon="-109.6406939439475536346435546875">
        <ele>3491</ele>
        <time>2017-09-02T20:27:29.000Z</time>
        <extensions>
          <ns3:TrackPointExtension>
            <ns3:atemp>24.0</ns3:atemp>
            <ns3:cad>0</ns3:cad>
          </ns3:TrackPointExtension>
        </extensions>
      </trkpt>
      <trkpt lat="43.1776962988078594207763671875" lon="-109.64069201610982418060302734375">
        <ele>3491</ele>
        <time>2017-09-02T20:27:32.000Z</time>
        <extensions>
          <ns3:TrackPointExtension>
            <ns3:atemp>24.0</ns3:atemp>
            <ns3:cad>58</ns3:cad>
          </ns3:TrackPointExtension>
        </extensions>
      </trkpt>
      <trkpt lat="43.17777718417346477508544921875" lon="-109.6406674571335315704345703125">
        <ele>3490</ele>
        <time>2017-09-02T20:27:47.000Z</time>
        <extensions>
          <ns3:TrackPointExtension>
            <ns3:atemp>24.0</ns3:atemp>
            <ns3:cad>61</ns3:cad>
          </ns3:TrackPointExtension>
        </extensions>
      </trkpt>
      <trkpt lat="43.17780668847262859344482421875" lon="-109.64064977131783962249755859375">
        <ele>3489</ele>
        <time>2017-09-02T20:27:54.000Z</time>
        <extensions>
          <ns3:TrackPointExtension>
            <ns3:atemp>24.0</ns3:atemp>
            <ns3:cad>0</ns3:cad>
          </ns3:TrackPointExtension>
        </extensions>
      </trkpt>
      <trkpt lat="43.17785597406327724456787109375" lon="-109.64058204554021358489990234375">
        <ele>3488</ele>
        <time>2017-09-02T20:28:20.000Z</time>
        <extensions>
          <ns3:TrackPointExtension>
            <ns3:atemp>24.0</ns3:atemp>
            <ns3:cad>61</ns3:cad>
          </ns3:TrackPointExtension>
        </extensions>
      </trkpt>
      <trkpt lat="43.1780248694121837615966796875" lon="-109.6405707299709320068359375">
        <ele>3487.199951171875</ele>
        <time>2017-09-02T20:28:48.000Z</time>
        <extensions>
          <ns3:TrackPointExtension>
            <ns3:atemp>24.0</ns3:atemp>
            <ns3:cad>61</ns3:cad>
          </ns3:TrackPointExtension>
        </extensions>
      </trkpt>
      <trkpt lat="43.1781294755637645721435546875" lon="-109.6405410580337047576904296875">
        <ele>3487.800048828125</ele>
        <time>2017-09-02T20:29:43.000Z</time>
        <extensions>
          <ns3:TrackPointExtension>
            <ns3:atemp>24.0</ns3:atemp>
            <ns3:cad>0</ns3:cad>
          </ns3:TrackPointExtension>
        </extensions>
      </trkpt>
      <trkpt lat="43.178232572972774505615234375" lon="-109.64051314629614353179931640625">
        <ele>3487.800048828125</ele>
        <time>2017-09-02T20:30:34.000Z</time>
        <extensions>
          <ns3:TrackPointExtension>
            <ns3:atemp>25.0</ns3:atemp>
            <ns3:cad>0</ns3:cad>
          </ns3:TrackPointExtension>
        </extensions>
      </trkpt>
      <trkpt lat="43.1782438047230243682861328125" lon="-109.6405162476003170013427734375">
        <ele>3488.39990234375</ele>
        <time>2017-09-02T20:30:36.000Z</time>
        <extensions>
          <ns3:TrackPointExtension>
            <ns3:atemp>25.0</ns3:atemp>
            <ns3:cad>0</ns3:cad>
          </ns3:TrackPointExtension>
        </extensions>
      </trkpt>
      <trkpt lat="43.17827775143086910247802734375" lon="-109.640502668917179107666015625">
        <ele>3489</ele>
        <time>2017-09-02T20:30:42.000Z</time>
        <extensions>
          <ns3:TrackPointExtension>
            <ns3:atemp>25.0</ns3:atemp>
            <ns3:cad>61</ns3:cad>
          </ns3:TrackPointExtension>
        </extensions>
      </trkpt>
      <trkpt lat="43.1784188188612461090087890625" lon="-109.64040954597294330596923828125">
        <ele>3490</ele>
        <time>2017-09-02T20:31:06.000Z</time>
        <extensions>
          <ns3:TrackPointExtension>
            <ns3:atemp>25.0</ns3:atemp>
            <ns3:cad>0</ns3:cad>
          </ns3:TrackPointExtension>
        </extensions>
      </trkpt>
      <trkpt lat="43.17854815162718296051025390625" lon="-109.64032958261668682098388671875">
        <ele>3490.39990234375</ele>
        <time>2017-09-02T20:31:26.000Z</time>
        <extensions>
          <ns3:TrackPointExtension>
            <ns3:atemp>25.0</ns3:atemp>
            <ns3:cad>0</ns3:cad>
          </ns3:TrackPointExtension>
        </extensions>
      </trkpt>
      <trkpt lat="43.1786166317760944366455078125" lon="-109.640249870717525482177734375">
        <ele>3489</ele>
        <time>2017-09-02T20:31:42.000Z</time>
        <extensions>
          <ns3:TrackPointExtension>
            <ns3:atemp>25.0</ns3:atemp>
            <ns3:cad>62</ns3:cad>
          </ns3:TrackPointExtension>
        </extensions>
      </trkpt>
      <trkpt lat="43.17870154045522212982177734375" lon="-109.64022028259932994842529296875">
        <ele>3487.800048828125</ele>
        <time>2017-09-02T20:31:52.000Z</time>
        <extensions>
          <ns3:TrackPointExtension>
            <ns3:atemp>25.0</ns3:atemp>
            <ns3:cad>61</ns3:cad>
          </ns3:TrackPointExtension>
        </extensions>
      </trkpt>
      <trkpt lat="43.1787654943764209747314453125" lon="-109.6401575021445751190185546875">
        <ele>3489</ele>
        <time>2017-09-02T20:32:42.000Z</time>
        <extensions>
          <ns3:TrackPointExtension>
            <ns3:atemp>25.0</ns3:atemp>
            <ns3:cad>0</ns3:cad>
          </ns3:TrackPointExtension>
        </extensions>
      </trkpt>
      <trkpt lat="43.17880891263484954833984375" lon="-109.64026839472353458404541015625">
        <ele>3490.199951171875</ele>
        <time>2017-09-02T20:33:18.000Z</time>
        <extensions>
          <ns3:TrackPointExtension>
            <ns3:atemp>25.0</ns3:atemp>
            <ns3:cad>61</ns3:cad>
          </ns3:TrackPointExtension>
        </extensions>
      </trkpt>
      <trkpt lat="43.17890672944486141204833984375" lon="-109.6402195282280445098876953125">
        <ele>3489</ele>
        <time>2017-09-02T20:33:37.000Z</time>
        <extensions>
          <ns3:TrackPointExtension>
            <ns3:atemp>26.0</ns3:atemp>
            <ns3:cad>0</ns3:cad>
          </ns3:TrackPointExtension>
        </extensions>
      </trkpt>
      <trkpt lat="43.17899390123784542083740234375" lon="-109.64017711579799652099609375">
        <ele>3490.199951171875</ele>
        <time>2017-09-02T20:33:55.000Z</time>
        <extensions>
          <ns3:TrackPointExtension>
            <ns3:atemp>26.0</ns3:atemp>
            <ns3:cad>0</ns3:cad>
          </ns3:TrackPointExtension>
        </extensions>
      </trkpt>
      <trkpt lat="43.17901301197707653045654296875" lon="-109.64013931341469287872314453125">
        <ele>3490.39990234375</ele>
        <time>2017-09-02T20:33:59.000Z</time>
        <extensions>
          <ns3:TrackPointExtension>
            <ns3:atemp>26.0</ns3:atemp>
            <ns3:cad>61</ns3:cad>
          </ns3:TrackPointExtension>
        </extensions>
      </trkpt>
      <trkpt lat="43.179023824632167816162109375" lon="-109.6401266567409038543701171875">
        <ele>3490.199951171875</ele>
        <time>2017-09-02T20:34:01.000Z</time>
        <extensions>
          <ns3:TrackPointExtension>
            <ns3:atemp>26.0</ns3:atemp>
            <ns3:cad>0</ns3:cad>
          </ns3:TrackPointExtension>
        </extensions>
      </trkpt>
      <trkpt lat="43.179082833230495452880859375" lon="-109.64008986018598079681396484375">
        <ele>3491.199951171875</ele>
        <time>2017-09-02T20:34:20.000Z</time>
        <extensions>
          <ns3:TrackPointExtension>
            <ns3:atemp>26.0</ns3:atemp>
            <ns3:cad>61</ns3:cad>
          </ns3:TrackPointExtension>
        </extensions>
      </trkpt>
      <trkpt lat="43.179196827113628387451171875" lon="-109.64000922627747058868408203125">
        <ele>3491.60009765625</ele>
        <time>2017-09-02T20:34:42.000Z</time>
        <extensions>
          <ns3:TrackPointExtension>
            <ns3:atemp>26.0</ns3:atemp>
            <ns3:cad>0</ns3:cad>
          </ns3:TrackPointExtension>
        </extensions>
      </trkpt>
      <trkpt lat="43.1793197058141231536865234375" lon="-109.640033282339572906494140625">
        <ele>3492.39990234375</ele>
        <time>2017-09-02T20:35:02.000Z</time>
        <extensions>
          <ns3:TrackPointExtension>
            <ns3:atemp>26.0</ns3:atemp>
            <ns3:cad>61</ns3:cad>
          </ns3:TrackPointExtension>
        </extensions>
      </trkpt>
      <trkpt lat="43.1794501282274723052978515625" lon="-109.63996547274291515350341796875">
        <ele>3492.60009765625</ele>
        <time>2017-09-02T20:35:22.000Z</time>
        <extensions>
          <ns3:TrackPointExtension>
            <ns3:atemp>26.0</ns3:atemp>
            <ns3:cad>61</ns3:cad>
          </ns3:TrackPointExtension>
        </extensions>
      </trkpt>
      <trkpt lat="43.17945239134132862091064453125" lon="-109.63996245525777339935302734375">
        <ele>3492.199951171875</ele>
        <time>2017-09-02T20:35:26.000Z</time>
        <extensions>
          <ns3:TrackPointExtension>
            <ns3:atemp>26.0</ns3:atemp>
            <ns3:cad>61</ns3:cad>
          </ns3:TrackPointExtension>
        </extensions>
      </trkpt>
      <trkpt lat="43.17952397279441356658935546875" lon="-109.6399161033332347869873046875">
        <ele>3491.199951171875</ele>
        <time>2017-09-02T20:35:32.000Z</time>
        <extensions>
          <ns3:TrackPointExtension>
            <ns3:atemp>26.0</ns3:atemp>
            <ns3:cad>61</ns3:cad>
          </ns3:TrackPointExtension>
        </extensions>
      </trkpt>
      <trkpt lat="43.1796077080070972442626953125" lon="-109.63995122350752353668212890625">
        <ele>3491.39990234375</ele>
        <time>2017-09-02T20:36:08.000Z</time>
        <extensions>
          <ns3:TrackPointExtension>
            <ns3:atemp>26.0</ns3:atemp>
            <ns3:cad>0</ns3:cad>
          </ns3:TrackPointExtension>
        </extensions>
      </trkpt>
      <trkpt lat="43.179572336375713348388671875" lon="-109.6399231441318988800048828125">
        <ele>3491.60009765625</ele>
        <time>2017-09-02T20:36:35.000Z</time>
        <extensions>
          <ns3:TrackPointExtension>
            <ns3:atemp>26.0</ns3:atemp>
            <ns3:cad>61</ns3:cad>
          </ns3:TrackPointExtension>
        </extensions>
      </trkpt>
      <trkpt lat="43.17955096252262592315673828125" lon="-109.639915935695171356201171875">
        <ele>3490.199951171875</ele>
        <time>2017-09-02T20:36:58.000Z</time>
        <extensions>
          <ns3:TrackPointExtension>
            <ns3:atemp>26.0</ns3:atemp>
            <ns3:cad>61</ns3:cad>
          </ns3:TrackPointExtension>
        </extensions>
      </trkpt>
      <trkpt lat="43.179621286690235137939453125" lon="-109.6398872695863246917724609375">
        <ele>3489.39990234375</ele>
        <time>2017-09-02T20:37:07.000Z</time>
        <extensions>
          <ns3:TrackPointExtension>
            <ns3:atemp>26.0</ns3:atemp>
            <ns3:cad>0</ns3:cad>
          </ns3:TrackPointExtension>
        </extensions>
      </trkpt>
      <trkpt lat="43.1796209514141082763671875" lon="-109.63988617993891239166259765625">
        <ele>3489.199951171875</ele>
        <time>2017-09-02T20:37:08.000Z</time>
        <extensions>
          <ns3:TrackPointExtension>
            <ns3:atemp>26.0</ns3:atemp>
            <ns3:cad>0</ns3:cad>
          </ns3:TrackPointExtension>
        </extensions>
      </trkpt>
      <trkpt lat="43.17964618094265460968017578125" lon="-109.63988483883440494537353515625">
        <ele>3488.199951171875</ele>
        <time>2017-09-02T20:37:11.000Z</time>
        <extensions>
          <ns3:TrackPointExtension>
            <ns3:atemp>26.0</ns3:atemp>
            <ns3:cad>0</ns3:cad>
          </ns3:TrackPointExtension>
        </extensions>
      </trkpt>
      <trkpt lat="43.17962086759507656097412109375" lon="-109.63987142778933048248291015625">
        <ele>3488</ele>
        <time>2017-09-02T20:37:12.000Z</time>
        <extensions>
          <ns3:TrackPointExtension>
            <ns3:atemp>26.0</ns3:atemp>
            <ns3:cad>0</ns3:cad>
          </ns3:TrackPointExtension>
        </extensions>
      </trkpt>
      <trkpt lat="43.17962924949824810028076171875" lon="-109.6398731879889965057373046875">
        <ele>3487.800048828125</ele>
        <time>2017-09-02T20:37:14.000Z</time>
        <extensions>
          <ns3:TrackPointExtension>
            <ns3:atemp>26.0</ns3:atemp>
            <ns3:cad>0</ns3:cad>
          </ns3:TrackPointExtension>
        </extensions>
      </trkpt>
      <trkpt lat="43.1796268187463283538818359375" lon="-109.6398661471903324127197265625">
        <ele>3487.60009765625</ele>
        <time>2017-09-02T20:37:17.000Z</time>
        <extensions>
          <ns3:TrackPointExtension>
            <ns3:atemp>26.0</ns3:atemp>
            <ns3:cad>0</ns3:cad>
          </ns3:TrackPointExtension>
        </extensions>
      </trkpt>
      <trkpt lat="43.17963863722980022430419921875" lon="-109.6398467011749744415283203125">
        <ele>3487</ele>
        <time>2017-09-02T20:37:23.000Z</time>
        <extensions>
          <ns3:TrackPointExtension>
            <ns3:atemp>26.0</ns3:atemp>
            <ns3:cad>0</ns3:cad>
          </ns3:TrackPointExtension>
        </extensions>
      </trkpt>
      <trkpt lat="43.17965456284582614898681640625" lon="-109.63981493376195430755615234375">
        <ele>3486</ele>
        <time>2017-09-02T20:37:32.000Z</time>
        <extensions>
          <ns3:TrackPointExtension>
            <ns3:atemp>26.0</ns3:atemp>
            <ns3:cad>61</ns3:cad>
          </ns3:TrackPointExtension>
        </extensions>
      </trkpt>
      <trkpt lat="43.1797307543456554412841796875" lon="-109.6397846750915050506591796875">
        <ele>3484.800048828125</ele>
        <time>2017-09-02T20:37:43.000Z</time>
        <extensions>
          <ns3:TrackPointExtension>
            <ns3:atemp>26.0</ns3:atemp>
            <ns3:cad>0</ns3:cad>
          </ns3:TrackPointExtension>
        </extensions>
      </trkpt>
      <trkpt lat="43.1797388009727001190185546875" lon="-109.63978056795895099639892578125">
        <ele>3484.199951171875</ele>
        <time>2017-09-02T20:37:46.000Z</time>
        <extensions>
          <ns3:TrackPointExtension>
            <ns3:atemp>26.0</ns3:atemp>
            <ns3:cad>0</ns3:cad>
          </ns3:TrackPointExtension>
        </extensions>
      </trkpt>
      <trkpt lat="43.1797203607857227325439453125" lon="-109.639788530766963958740234375">
        <ele>3483.800048828125</ele>
        <time>2017-09-02T20:37:51.000Z</time>
        <extensions>
          <ns3:TrackPointExtension>
            <ns3:atemp>26.0</ns3:atemp>
            <ns3:cad>0</ns3:cad>
          </ns3:TrackPointExtension>
        </extensions>
      </trkpt>
      <trkpt lat="43.17971273325383663177490234375" lon="-109.6397196315228939056396484375">
        <ele>3482.60009765625</ele>
        <time>2017-09-02T20:38:07.000Z</time>
        <extensions>
          <ns3:TrackPointExtension>
            <ns3:atemp>26.0</ns3:atemp>
            <ns3:cad>61</ns3:cad>
          </ns3:TrackPointExtension>
        </extensions>
      </trkpt>
      <trkpt lat="43.17974559031426906585693359375" lon="-109.63977503590285778045654296875">
        <ele>3481.60009765625</ele>
        <time>2017-09-02T20:38:15.000Z</time>
        <extensions>
          <ns3:TrackPointExtension>
            <ns3:atemp>27.0</ns3:atemp>
            <ns3:cad>0</ns3:cad>
          </ns3:TrackPointExtension>
        </extensions>
      </trkpt>
      <trkpt lat="43.17977844737470149993896484375" lon="-109.6397360600531101226806640625">
        <ele>3480.39990234375</ele>
        <time>2017-09-02T20:38:41.000Z</time>
        <extensions>
          <ns3:TrackPointExtension>
            <ns3:atemp>27.0</ns3:atemp>
            <ns3:cad>0</ns3:cad>
          </ns3:TrackPointExtension>
        </extensions>
      </trkpt>
      <trkpt lat="43.1798355281352996826171875" lon="-109.6397306956350803375244140625">
        <ele>3479.199951171875</ele>
        <time>2017-09-02T20:38:49.000Z</time>
        <extensions>
          <ns3:TrackPointExtension>
            <ns3:atemp>27.0</ns3:atemp>
            <ns3:cad>0</ns3:cad>
          </ns3:TrackPointExtension>
        </extensions>
      </trkpt>
      <trkpt lat="43.1798819638788700103759765625" lon="-109.63978224433958530426025390625">
        <ele>3478.199951171875</ele>
        <time>2017-09-02T20:38:57.000Z</time>
        <extensions>
          <ns3:TrackPointExtension>
            <ns3:atemp>27.0</ns3:atemp>
            <ns3:cad>61</ns3:cad>
          </ns3:TrackPointExtension>
        </extensions>
      </trkpt>
      <trkpt lat="43.17988154478371143341064453125" lon="-109.63974888436496257781982421875">
        <ele>3478</ele>
        <time>2017-09-02T20:38:59.000Z</time>
        <extensions>
          <ns3:TrackPointExtension>
            <ns3:atemp>27.0</ns3:atemp>
            <ns3:cad>61</ns3:cad>
          </ns3:TrackPointExtension>
        </extensions>
      </trkpt>
      <trkpt lat="43.17992546595633029937744140625" lon="-109.63977134786546230316162109375">
        <ele>3477.199951171875</ele>
        <time>2017-09-02T20:39:04.000Z</time>
        <extensions>
          <ns3:TrackPointExtension>
            <ns3:atemp>27.0</ns3:atemp>
            <ns3:cad>0</ns3:cad>
          </ns3:TrackPointExtension>
        </extensions>
      </trkpt>
      <trkpt lat="43.17991507239639759063720703125" lon="-109.63975039310753345489501953125">
        <ele>3477.199951171875</ele>
        <time>2017-09-02T20:39:05.000Z</time>
        <extensions>
          <ns3:TrackPointExtension>
            <ns3:atemp>27.0</ns3:atemp>
            <ns3:cad>0</ns3:cad>
          </ns3:TrackPointExtension>
        </extensions>
      </trkpt>
      <trkpt lat="43.17990266717970371246337890625" lon="-109.6397142671048641204833984375">
        <ele>3476.800048828125</ele>
        <time>2017-09-02T20:39:08.000Z</time>
        <extensions>
          <ns3:TrackPointExtension>
            <ns3:atemp>27.0</ns3:atemp>
            <ns3:cad>61</ns3:cad>
          </ns3:TrackPointExtension>
        </extensions>
      </trkpt>
      <trkpt lat="43.17989327944815158843994140625" lon="-109.63969507254660129547119140625">
        <ele>3476.800048828125</ele>
        <time>2017-09-02T20:39:11.000Z</time>
        <extensions>
          <ns3:TrackPointExtension>
            <ns3:atemp>27.0</ns3:atemp>
            <ns3:cad>0</ns3:cad>
          </ns3:TrackPointExtension>
        </extensions>
      </trkpt>
      <trkpt lat="43.1798581592738628387451171875" lon="-109.63965450413525104522705078125">
        <ele>3476.60009765625</ele>
        <time>2017-09-02T20:39:15.000Z</time>
        <extensions>
          <ns3:TrackPointExtension>
            <ns3:atemp>27.0</ns3:atemp>
            <ns3:cad>0</ns3:cad>
          </ns3:TrackPointExtension>
        </extensions>
      </trkpt>
      <trkpt lat="43.17984483204782009124755859375" lon="-109.63961829431354999542236328125">
        <ele>3476.39990234375</ele>
        <time>2017-09-02T20:39:17.000Z</time>
        <extensions>
          <ns3:TrackPointExtension>
            <ns3:atemp>27.0</ns3:atemp>
            <ns3:cad>63</ns3:cad>
          </ns3:TrackPointExtension>
        </extensions>
      </trkpt>
      <trkpt lat="43.179830498993396759033203125" lon="-109.6395794861018657684326171875">
        <ele>3476.199951171875</ele>
        <time>2017-09-02T20:39:19.000Z</time>
        <extensions>
          <ns3:TrackPointExtension>
            <ns3:atemp>27.0</ns3:atemp>
            <ns3:cad>0</ns3:cad>
          </ns3:TrackPointExtension>
        </extensions>
      </trkpt>
      <trkpt lat="43.17983083426952362060546875" lon="-109.639569930732250213623046875">
        <ele>3476</ele>
        <time>2017-09-02T20:39:20.000Z</time>
        <extensions>
          <ns3:TrackPointExtension>
            <ns3:atemp>27.0</ns3:atemp>
            <ns3:cad>0</ns3:cad>
          </ns3:TrackPointExtension>
        </extensions>
      </trkpt>
      <trkpt lat="43.17982689477503299713134765625" lon="-109.6395452879369258880615234375">
        <ele>3475.800048828125</ele>
        <time>2017-09-02T20:39:22.000Z</time>
        <extensions>
          <ns3:TrackPointExtension>
            <ns3:atemp>27.0</ns3:atemp>
            <ns3:cad>0</ns3:cad>
          </ns3:TrackPointExtension>
        </extensions>
      </trkpt>
      <trkpt lat="43.17981901578605175018310546875" lon="-109.63950446806848049163818359375">
        <ele>3475.39990234375</ele>
        <time>2017-09-02T20:39:25.000Z</time>
        <extensions>
          <ns3:TrackPointExtension>
            <ns3:atemp>27.0</ns3:atemp>
            <ns3:cad>0</ns3:cad>
          </ns3:TrackPointExtension>
        </extensions>
      </trkpt>
      <trkpt lat="43.17982622422277927398681640625" lon="-109.6394963376224040985107421875">
        <ele>3474.800048828125</ele>
        <time>2017-09-02T20:39:27.000Z</time>
        <extensions>
          <ns3:TrackPointExtension>
            <ns3:atemp>27.0</ns3:atemp>
            <ns3:cad>0</ns3:cad>
          </ns3:TrackPointExtension>
        </extensions>
      </trkpt>
      <trkpt lat="43.17982505075633525848388671875" lon="-109.6394658274948596954345703125">
        <ele>3474.39990234375</ele>
        <time>2017-09-02T20:39:32.000Z</time>
        <extensions>
          <ns3:TrackPointExtension>
            <ns3:atemp>27.0</ns3:atemp>
            <ns3:cad>61</ns3:cad>
          </ns3:TrackPointExtension>
        </extensions>
      </trkpt>
      <trkpt lat="43.17986897192895412445068359375" lon="-109.63949717581272125244140625">
        <ele>3473.60009765625</ele>
        <time>2017-09-02T20:39:38.000Z</time>
        <extensions>
          <ns3:TrackPointExtension>
            <ns3:atemp>27.0</ns3:atemp>
            <ns3:cad>0</ns3:cad>
          </ns3:TrackPointExtension>
        </extensions>
      </trkpt>
      <trkpt lat="43.17987911403179168701171875" lon="-109.63949508033692836761474609375">
        <ele>3473.199951171875</ele>
        <time>2017-09-02T20:39:40.000Z</time>
        <extensions>
          <ns3:TrackPointExtension>
            <ns3:atemp>27.0</ns3:atemp>
            <ns3:cad>0</ns3:cad>
          </ns3:TrackPointExtension>
        </extensions>
      </trkpt>
      <trkpt lat="43.17991104908287525177001953125" lon="-109.63953648693859577178955078125">
        <ele>3472.60009765625</ele>
        <time>2017-09-02T20:39:45.000Z</time>
        <extensions>
          <ns3:TrackPointExtension>
            <ns3:atemp>27.0</ns3:atemp>
            <ns3:cad>0</ns3:cad>
          </ns3:TrackPointExtension>
        </extensions>
      </trkpt>
      <trkpt lat="43.1799349375069141387939453125" lon="-109.639523327350616455078125">
        <ele>3471.60009765625</ele>
        <time>2017-09-02T20:39:54.000Z</time>
        <extensions>
          <ns3:TrackPointExtension>
            <ns3:atemp>27.0</ns3:atemp>
            <ns3:cad>0</ns3:cad>
          </ns3:TrackPointExtension>
        </extensions>
      </trkpt>
      <trkpt lat="43.17996201105415821075439453125" lon="-109.6395499818027019500732421875">
        <ele>3471</ele>
        <time>2017-09-02T20:39:58.000Z</time>
        <extensions>
          <ns3:TrackPointExtension>
            <ns3:atemp>27.0</ns3:atemp>
            <ns3:cad>0</ns3:cad>
          </ns3:TrackPointExtension>
        </extensions>
      </trkpt>
      <trkpt lat="43.1799795292317867279052734375" lon="-109.63955693878233432769775390625">
        <ele>3470.39990234375</ele>
        <time>2017-09-02T20:40:02.000Z</time>
        <extensions>
          <ns3:TrackPointExtension>
            <ns3:atemp>27.0</ns3:atemp>
            <ns3:cad>0</ns3:cad>
          </ns3:TrackPointExtension>
        </extensions>
      </trkpt>
      <trkpt lat="43.1799589097499847412109375" lon="-109.63950178585946559906005859375">
        <ele>3470</ele>
        <time>2017-09-02T20:40:11.000Z</time>
        <extensions>
          <ns3:TrackPointExtension>
            <ns3:atemp>27.0</ns3:atemp>
            <ns3:cad>61</ns3:cad>
          </ns3:TrackPointExtension>
        </extensions>
      </trkpt>
      <trkpt lat="43.17994491197168827056884765625" lon="-109.63947077281773090362548828125">
        <ele>3469.800048828125</ele>
        <time>2017-09-02T20:40:14.000Z</time>
        <extensions>
          <ns3:TrackPointExtension>
            <ns3:atemp>27.0</ns3:atemp>
            <ns3:cad>0</ns3:cad>
          </ns3:TrackPointExtension>
        </extensions>
      </trkpt>
      <trkpt lat="43.17994910292327404022216796875" lon="-109.63947496376931667327880859375">
        <ele>3469.800048828125</ele>
        <time>2017-09-02T20:40:17.000Z</time>
        <extensions>
          <ns3:TrackPointExtension>
            <ns3:atemp>27.0</ns3:atemp>
            <ns3:cad>0</ns3:cad>
          </ns3:TrackPointExtension>
        </extensions>
      </trkpt>
      <trkpt lat="43.17995966412127017974853515625" lon="-109.63944713585078716278076171875">
        <ele>3469.39990234375</ele>
        <time>2017-09-02T20:40:23.000Z</time>
        <extensions>
          <ns3:TrackPointExtension>
            <ns3:atemp>27.0</ns3:atemp>
            <ns3:cad>0</ns3:cad>
          </ns3:TrackPointExtension>
        </extensions>
      </trkpt>
      <trkpt lat="43.1799642741680145263671875" lon="-109.63928117416799068450927734375">
        <ele>3468.199951171875</ele>
        <time>2017-09-02T20:40:40.000Z</time>
        <extensions>
          <ns3:TrackPointExtension>
            <ns3:atemp>27.0</ns3:atemp>
            <ns3:cad>0</ns3:cad>
          </ns3:TrackPointExtension>
        </extensions>
      </trkpt>
      <trkpt lat="43.18000811152160167694091796875" lon="-109.63926248252391815185546875">
        <ele>3467.60009765625</ele>
        <time>2017-09-02T20:40:45.000Z</time>
        <extensions>
          <ns3:TrackPointExtension>
            <ns3:atemp>27.0</ns3:atemp>
            <ns3:cad>0</ns3:cad>
          </ns3:TrackPointExtension>
        </extensions>
      </trkpt>
      <trkpt lat="43.18001615814864635467529296875" lon="-109.63925887830555438995361328125">
        <ele>3467.60009765625</ele>
        <time>2017-09-02T20:40:47.000Z</time>
        <extensions>
          <ns3:TrackPointExtension>
            <ns3:atemp>28.0</ns3:atemp>
            <ns3:cad>0</ns3:cad>
          </ns3:TrackPointExtension>
        </extensions>
      </trkpt>
      <trkpt lat="43.1800247915089130401611328125" lon="-109.639262817800045013427734375">
        <ele>3467.60009765625</ele>
        <time>2017-09-02T20:40:49.000Z</time>
        <extensions>
          <ns3:TrackPointExtension>
            <ns3:atemp>28.0</ns3:atemp>
            <ns3:cad>61</ns3:cad>
          </ns3:TrackPointExtension>
        </extensions>
      </trkpt>
      <trkpt lat="43.18004264496266841888427734375" lon="-109.63926843367516994476318359375">
        <ele>3467.39990234375</ele>
        <time>2017-09-02T20:40:53.000Z</time>
        <extensions>
          <ns3:TrackPointExtension>
            <ns3:atemp>28.0</ns3:atemp>
            <ns3:cad>61</ns3:cad>
          </ns3:TrackPointExtension>
        </extensions>
      </trkpt>
      <trkpt lat="43.1800378672778606414794921875" lon="-109.6392629854381084442138671875">
        <ele>3467.199951171875</ele>
        <time>2017-09-02T20:40:55.000Z</time>
        <extensions>
          <ns3:TrackPointExtension>
            <ns3:atemp>28.0</ns3:atemp>
            <ns3:cad>0</ns3:cad>
          </ns3:TrackPointExtension>
        </extensions>
      </trkpt>
      <trkpt lat="43.1800549663603305816650390625" lon="-109.63917656801640987396240234375">
        <ele>3466</ele>
        <time>2017-09-02T20:41:14.000Z</time>
        <extensions>
          <ns3:TrackPointExtension>
            <ns3:atemp>28.0</ns3:atemp>
            <ns3:cad>0</ns3:cad>
          </ns3:TrackPointExtension>
        </extensions>
      </trkpt>
      <trkpt lat="43.18009260110557079315185546875" lon="-109.639072380959987640380859375">
        <ele>3465</ele>
        <time>2017-09-02T20:41:37.000Z</time>
        <extensions>
          <ns3:TrackPointExtension>
            <ns3:atemp>28.0</ns3:atemp>
            <ns3:cad>61</ns3:cad>
          </ns3:TrackPointExtension>
        </extensions>
      </trkpt>
      <trkpt lat="43.18009461276233196258544921875" lon="-109.639025442302227020263671875">
        <ele>3463.800048828125</ele>
        <time>2017-09-02T20:41:48.000Z</time>
        <extensions>
          <ns3:TrackPointExtension>
            <ns3:atemp>28.0</ns3:atemp>
            <ns3:cad>0</ns3:cad>
          </ns3:TrackPointExtension>
        </extensions>
      </trkpt>
      <trkpt lat="43.1801532022655010223388671875" lon="-109.639072380959987640380859375">
        <ele>3462.800048828125</ele>
        <time>2017-09-02T20:42:03.000Z</time>
        <extensions>
          <ns3:TrackPointExtension>
            <ns3:atemp>28.0</ns3:atemp>
            <ns3:cad>61</ns3:cad>
          </ns3:TrackPointExtension>
        </extensions>
      </trkpt>
      <trkpt lat="43.18016476929187774658203125" lon="-109.63907581754028797149658203125">
        <ele>3462.60009765625</ele>
        <time>2017-09-02T20:42:07.000Z</time>
        <extensions>
          <ns3:TrackPointExtension>
            <ns3:atemp>28.0</ns3:atemp>
            <ns3:cad>0</ns3:cad>
          </ns3:TrackPointExtension>
        </extensions>
      </trkpt>
      <trkpt lat="43.1801957823336124420166015625" lon="-109.63901563547551631927490234375">
        <ele>3461.800048828125</ele>
        <time>2017-09-02T20:42:16.000Z</time>
        <extensions>
          <ns3:TrackPointExtension>
            <ns3:atemp>28.0</ns3:atemp>
            <ns3:cad>0</ns3:cad>
          </ns3:TrackPointExtension>
        </extensions>
      </trkpt>
      <trkpt lat="43.18022067658603191375732421875" lon="-109.63906668126583099365234375">
        <ele>3461.199951171875</ele>
        <time>2017-09-02T20:42:28.000Z</time>
        <extensions>
          <ns3:TrackPointExtension>
            <ns3:atemp>28.0</ns3:atemp>
            <ns3:cad>62</ns3:cad>
          </ns3:TrackPointExtension>
        </extensions>
      </trkpt>
      <trkpt lat="43.18023693747818470001220703125" lon="-109.6390728838741779327392578125">
        <ele>3461.199951171875</ele>
        <time>2017-09-02T20:42:30.000Z</time>
        <extensions>
          <ns3:TrackPointExtension>
            <ns3:atemp>28.0</ns3:atemp>
            <ns3:cad>61</ns3:cad>
          </ns3:TrackPointExtension>
        </extensions>
      </trkpt>
      <trkpt lat="43.18025001324713230133056640625" lon="-109.6390660107135772705078125">
        <ele>3461</ele>
        <time>2017-09-02T20:42:32.000Z</time>
        <extensions>
          <ns3:TrackPointExtension>
            <ns3:atemp>28.0</ns3:atemp>
            <ns3:cad>61</ns3:cad>
          </ns3:TrackPointExtension>
        </extensions>
      </trkpt>
      <trkpt lat="43.180311284959316253662109375" lon="-109.6390950120985507965087890625">
        <ele>3461</ele>
        <time>2017-09-02T20:42:35.000Z</time>
        <extensions>
          <ns3:TrackPointExtension>
            <ns3:atemp>28.0</ns3:atemp>
            <ns3:cad>0</ns3:cad>
          </ns3:TrackPointExtension>
        </extensions>
      </trkpt>
      <trkpt lat="43.1803580559790134429931640625" lon="-109.6391701139509677886962890625">
        <ele>3461</ele>
        <time>2017-09-02T20:42:38.000Z</time>
        <extensions>
          <ns3:TrackPointExtension>
            <ns3:atemp>28.0</ns3:atemp>
            <ns3:cad>61</ns3:cad>
          </ns3:TrackPointExtension>
        </extensions>
      </trkpt>
      <trkpt lat="43.180358223617076873779296875" lon="-109.6391223371028900146484375">
        <ele>3460.800048828125</ele>
        <time>2017-09-02T20:42:41.000Z</time>
        <extensions>
          <ns3:TrackPointExtension>
            <ns3:atemp>28.0</ns3:atemp>
            <ns3:cad>0</ns3:cad>
          </ns3:TrackPointExtension>
        </extensions>
      </trkpt>
      <trkpt lat="43.18035428412258625030517578125" lon="-109.63909090496599674224853515625">
        <ele>3460.800048828125</ele>
        <time>2017-09-02T20:42:42.000Z</time>
        <extensions>
          <ns3:TrackPointExtension>
            <ns3:atemp>28.0</ns3:atemp>
            <ns3:cad>0</ns3:cad>
          </ns3:TrackPointExtension>
        </extensions>
      </trkpt>
      <trkpt lat="43.18033768795430660247802734375" lon="-109.63900691829621791839599609375">
        <ele>3460.60009765625</ele>
        <time>2017-09-02T20:42:44.000Z</time>
        <extensions>
          <ns3:TrackPointExtension>
            <ns3:atemp>28.0</ns3:atemp>
            <ns3:cad>0</ns3:cad>
          </ns3:TrackPointExtension>
        </extensions>
      </trkpt>
      <trkpt lat="43.18032997660338878631591796875" lon="-109.638959728181362152099609375">
        <ele>3460.39990234375</ele>
        <time>2017-09-02T20:42:47.000Z</time>
        <extensions>
          <ns3:TrackPointExtension>
            <ns3:atemp>28.0</ns3:atemp>
            <ns3:cad>0</ns3:cad>
          </ns3:TrackPointExtension>
        </extensions>
      </trkpt>
      <trkpt lat="43.18037473596632480621337890625" lon="-109.63901571929454803466796875">
        <ele>3459.800048828125</ele>
        <time>2017-09-02T20:42:53.000Z</time>
        <extensions>
          <ns3:TrackPointExtension>
            <ns3:atemp>28.0</ns3:atemp>
            <ns3:cad>0</ns3:cad>
          </ns3:TrackPointExtension>
        </extensions>
      </trkpt>
      <trkpt lat="43.1803661026060581207275390625" lon="-109.63898680172860622406005859375">
        <ele>3459.60009765625</ele>
        <time>2017-09-02T20:43:02.000Z</time>
        <extensions>
          <ns3:TrackPointExtension>
            <ns3:atemp>28.0</ns3:atemp>
            <ns3:cad>0</ns3:cad>
          </ns3:TrackPointExtension>
        </extensions>
      </trkpt>
      <trkpt lat="43.1804041564464569091796875" lon="-109.63899292051792144775390625">
        <ele>3458.39990234375</ele>
        <time>2017-09-02T20:43:10.000Z</time>
        <extensions>
          <ns3:TrackPointExtension>
            <ns3:atemp>29.0</ns3:atemp>
            <ns3:cad>61</ns3:cad>
          </ns3:TrackPointExtension>
        </extensions>
      </trkpt>
      <trkpt lat="43.18047045730054378509521484375" lon="-109.63897925801575183868408203125">
        <ele>3457.39990234375</ele>
        <time>2017-09-02T20:43:32.000Z</time>
        <extensions>
          <ns3:TrackPointExtension>
            <ns3:atemp>29.0</ns3:atemp>
            <ns3:cad>58</ns3:cad>
          </ns3:TrackPointExtension>
        </extensions>
      </trkpt>
      <trkpt lat="43.1805159710347652435302734375" lon="-109.6389652602374553680419921875">
        <ele>3456.39990234375</ele>
        <time>2017-09-02T20:43:43.000Z</time>
        <extensions>
          <ns3:TrackPointExtension>
            <ns3:atemp>29.0</ns3:atemp>
            <ns3:cad>0</ns3:cad>
          </ns3:TrackPointExtension>
        </extensions>
      </trkpt>
      <trkpt lat="43.180550672113895416259765625" lon="-109.63894271291792392730712890625">
        <ele>3455.39990234375</ele>
        <time>2017-09-02T20:43:53.000Z</time>
        <extensions>
          <ns3:TrackPointExtension>
            <ns3:atemp>29.0</ns3:atemp>
            <ns3:cad>0</ns3:cad>
          </ns3:TrackPointExtension>
        </extensions>
      </trkpt>
      <trkpt lat="43.18054740317165851593017578125" lon="-109.63895277120172977447509765625">
        <ele>3455.199951171875</ele>
        <time>2017-09-02T20:44:07.000Z</time>
        <extensions>
          <ns3:TrackPointExtension>
            <ns3:atemp>29.0</ns3:atemp>
            <ns3:cad>0</ns3:cad>
          </ns3:TrackPointExtension>
        </extensions>
      </trkpt>
      <trkpt lat="43.18055863492190837860107421875" lon="-109.63890767656266689300537109375">
        <ele>3454.39990234375</ele>
        <time>2017-09-02T20:44:18.000Z</time>
        <extensions>
          <ns3:TrackPointExtension>
            <ns3:atemp>29.0</ns3:atemp>
            <ns3:cad>61</ns3:cad>
          </ns3:TrackPointExtension>
        </extensions>
      </trkpt>
      <trkpt lat="43.18063608370721340179443359375" lon="-109.63884615339338779449462890625">
        <ele>3453.199951171875</ele>
        <time>2017-09-02T20:44:35.000Z</time>
        <extensions>
          <ns3:TrackPointExtension>
            <ns3:atemp>29.0</ns3:atemp>
            <ns3:cad>0</ns3:cad>
          </ns3:TrackPointExtension>
        </extensions>
      </trkpt>
      <trkpt lat="43.18068511784076690673828125" lon="-109.63882285170257091522216796875">
        <ele>3452.199951171875</ele>
        <time>2017-09-02T20:44:54.000Z</time>
        <extensions>
          <ns3:TrackPointExtension>
            <ns3:atemp>29.0</ns3:atemp>
            <ns3:cad>0</ns3:cad>
          </ns3:TrackPointExtension>
        </extensions>
      </trkpt>
      <trkpt lat="43.180715627968311309814453125" lon="-109.63871371932327747344970703125">
        <ele>3451.199951171875</ele>
        <time>2017-09-02T20:45:14.000Z</time>
        <extensions>
          <ns3:TrackPointExtension>
            <ns3:atemp>29.0</ns3:atemp>
            <ns3:cad>0</ns3:cad>
          </ns3:TrackPointExtension>
        </extensions>
      </trkpt>
      <trkpt lat="43.1807141192257404327392578125" lon="-109.6386936865746974945068359375">
        <ele>3450</ele>
        <time>2017-09-02T20:45:25.000Z</time>
        <extensions>
          <ns3:TrackPointExtension>
            <ns3:atemp>29.0</ns3:atemp>
            <ns3:cad>0</ns3:cad>
          </ns3:TrackPointExtension>
        </extensions>
      </trkpt>
      <trkpt lat="43.1807198189198970794677734375" lon="-109.638625122606754302978515625">
        <ele>3449</ele>
        <time>2017-09-02T20:45:43.000Z</time>
        <extensions>
          <ns3:TrackPointExtension>
            <ns3:atemp>29.0</ns3:atemp>
            <ns3:cad>61</ns3:cad>
          </ns3:TrackPointExtension>
        </extensions>
      </trkpt>
      <trkpt lat="43.1808418594300746917724609375" lon="-109.63859586976468563079833984375">
        <ele>3448</ele>
        <time>2017-09-02T20:45:58.000Z</time>
        <extensions>
          <ns3:TrackPointExtension>
            <ns3:atemp>29.0</ns3:atemp>
            <ns3:cad>61</ns3:cad>
          </ns3:TrackPointExtension>
        </extensions>
      </trkpt>
      <trkpt lat="43.1808789074420928955078125" lon="-109.6385263837873935699462890625">
        <ele>3447</ele>
        <time>2017-09-02T20:46:17.000Z</time>
        <extensions>
          <ns3:TrackPointExtension>
            <ns3:atemp>30.0</ns3:atemp>
            <ns3:cad>0</ns3:cad>
          </ns3:TrackPointExtension>
        </extensions>
      </trkpt>
      <trkpt lat="43.18091872148215770721435546875" lon="-109.63846812956035137176513671875">
        <ele>3445.800048828125</ele>
        <time>2017-09-02T20:46:32.000Z</time>
        <extensions>
          <ns3:TrackPointExtension>
            <ns3:atemp>30.0</ns3:atemp>
            <ns3:cad>61</ns3:cad>
          </ns3:TrackPointExtension>
        </extensions>
      </trkpt>
      <trkpt lat="43.1808911450207233428955078125" lon="-109.63850869797170162200927734375">
        <ele>3446.60009765625</ele>
        <time>2017-09-02T20:47:06.000Z</time>
        <extensions>
          <ns3:TrackPointExtension>
            <ns3:atemp>30.0</ns3:atemp>
            <ns3:cad>0</ns3:cad>
          </ns3:TrackPointExtension>
        </extensions>
      </trkpt>
      <trkpt lat="43.18094721995294094085693359375" lon="-109.63846142403781414031982421875">
        <ele>3445</ele>
        <time>2017-09-02T20:47:52.000Z</time>
        <extensions>
          <ns3:TrackPointExtension>
            <ns3:atemp>30.0</ns3:atemp>
            <ns3:cad>0</ns3:cad>
          </ns3:TrackPointExtension>
        </extensions>
      </trkpt>
      <trkpt lat="43.18095325492322444915771484375" lon="-109.6384571492671966552734375">
        <ele>3445</ele>
        <time>2017-09-02T20:47:56.000Z</time>
        <extensions>
          <ns3:TrackPointExtension>
            <ns3:atemp>30.0</ns3:atemp>
            <ns3:cad>61</ns3:cad>
          </ns3:TrackPointExtension>
        </extensions>
      </trkpt>
      <trkpt lat="43.18103154189884662628173828125" lon="-109.63847332634031772613525390625">
        <ele>3444.800048828125</ele>
        <time>2017-09-02T20:48:16.000Z</time>
        <extensions>
          <ns3:TrackPointExtension>
            <ns3:atemp>30.0</ns3:atemp>
            <ns3:cad>0</ns3:cad>
          </ns3:TrackPointExtension>
        </extensions>
      </trkpt>
      <trkpt lat="43.18103422410786151885986328125" lon="-109.638472907245159149169921875">
        <ele>3445</ele>
        <time>2017-09-02T20:49:01.000Z</time>
        <extensions>
          <ns3:TrackPointExtension>
            <ns3:atemp>30.0</ns3:atemp>
            <ns3:cad>0</ns3:cad>
          </ns3:TrackPointExtension>
        </extensions>
      </trkpt>
      <trkpt lat="43.18104176782071590423583984375" lon="-109.63847282342612743377685546875">
        <ele>3444.800048828125</ele>
        <time>2017-09-02T20:49:03.000Z</time>
        <extensions>
          <ns3:TrackPointExtension>
            <ns3:atemp>30.0</ns3:atemp>
            <ns3:cad>42</ns3:cad>
          </ns3:TrackPointExtension>
        </extensions>
      </trkpt>
      <trkpt lat="43.1810406781733036041259765625" lon="-109.6384732425212860107421875">
        <ele>3444.800048828125</ele>
        <time>2017-09-02T20:49:04.000Z</time>
        <extensions>
          <ns3:TrackPointExtension>
            <ns3:atemp>30.0</ns3:atemp>
            <ns3:cad>42</ns3:cad>
          </ns3:TrackPointExtension>
        </extensions>
      </trkpt>
      <trkpt lat="43.18107412196695804595947265625" lon="-109.638460837304592132568359375">
        <ele>3444</ele>
        <time>2017-09-02T20:49:13.000Z</time>
        <extensions>
          <ns3:TrackPointExtension>
            <ns3:atemp>30.0</ns3:atemp>
            <ns3:cad>0</ns3:cad>
          </ns3:TrackPointExtension>
        </extensions>
      </trkpt>
      <trkpt lat="43.18109155632555484771728515625" lon="-109.6384526230394840240478515625">
        <ele>3443.800048828125</ele>
        <time>2017-09-02T20:49:14.000Z</time>
        <extensions>
          <ns3:TrackPointExtension>
            <ns3:atemp>30.0</ns3:atemp>
            <ns3:cad>0</ns3:cad>
          </ns3:TrackPointExtension>
        </extensions>
      </trkpt>
      <trkpt lat="43.181123994290828704833984375" lon="-109.6384355239570140838623046875">
        <ele>3443.39990234375</ele>
        <time>2017-09-02T20:49:16.000Z</time>
        <extensions>
          <ns3:TrackPointExtension>
            <ns3:atemp>30.0</ns3:atemp>
            <ns3:cad>51</ns3:cad>
          </ns3:TrackPointExtension>
        </extensions>
      </trkpt>
      <trkpt lat="43.18120487965643405914306640625" lon="-109.6384100429713726043701171875">
        <ele>3442.60009765625</ele>
        <time>2017-09-02T20:49:23.000Z</time>
        <extensions>
          <ns3:TrackPointExtension>
            <ns3:atemp>30.0</ns3:atemp>
            <ns3:cad>47</ns3:cad>
          </ns3:TrackPointExtension>
        </extensions>
      </trkpt>
      <trkpt lat="43.1812177039682865142822265625" lon="-109.6384076960384845733642578125">
        <ele>3442.60009765625</ele>
        <time>2017-09-02T20:49:24.000Z</time>
        <extensions>
          <ns3:TrackPointExtension>
            <ns3:atemp>30.0</ns3:atemp>
            <ns3:cad>47</ns3:cad>
          </ns3:TrackPointExtension>
        </extensions>
      </trkpt>
      <trkpt lat="43.1812847591936588287353515625" lon="-109.63836193084716796875">
        <ele>3441.60009765625</ele>
        <time>2017-09-02T20:49:36.000Z</time>
        <extensions>
          <ns3:TrackPointExtension>
            <ns3:atemp>30.0</ns3:atemp>
            <ns3:cad>0</ns3:cad>
          </ns3:TrackPointExtension>
        </extensions>
      </trkpt>
      <trkpt lat="43.18128501065075397491455078125" lon="-109.63834558613598346710205078125">
        <ele>3441.39990234375</ele>
        <time>2017-09-02T20:49:40.000Z</time>
        <extensions>
          <ns3:TrackPointExtension>
            <ns3:atemp>30.0</ns3:atemp>
            <ns3:cad>63</ns3:cad>
          </ns3:TrackPointExtension>
        </extensions>
      </trkpt>
      <trkpt lat="43.1813316978514194488525390625" lon="-109.63832907378673553466796875">
        <ele>3440.60009765625</ele>
        <time>2017-09-02T20:49:47.000Z</time>
        <extensions>
          <ns3:TrackPointExtension>
            <ns3:atemp>30.0</ns3:atemp>
            <ns3:cad>0</ns3:cad>
          </ns3:TrackPointExtension>
        </extensions>
      </trkpt>
      <trkpt lat="43.18132541142404079437255859375" lon="-109.63847114704549312591552734375">
        <ele>3440</ele>
        <time>2017-09-02T20:50:02.000Z</time>
        <extensions>
          <ns3:TrackPointExtension>
            <ns3:atemp>30.0</ns3:atemp>
            <ns3:cad>40</ns3:cad>
          </ns3:TrackPointExtension>
        </extensions>
      </trkpt>
      <trkpt lat="43.1813310272991657257080078125" lon="-109.63847986422479152679443359375">
        <ele>3439.800048828125</ele>
        <time>2017-09-02T20:50:04.000Z</time>
        <extensions>
          <ns3:TrackPointExtension>
            <ns3:atemp>30.0</ns3:atemp>
            <ns3:cad>40</ns3:cad>
          </ns3:TrackPointExtension>
        </extensions>
      </trkpt>
      <trkpt lat="43.1813709251582622528076171875" lon="-109.638566784560680389404296875">
        <ele>3441.800048828125</ele>
        <time>2017-09-02T20:50:25.000Z</time>
        <extensions>
          <ns3:TrackPointExtension>
            <ns3:atemp>30.0</ns3:atemp>
            <ns3:cad>0</ns3:cad>
          </ns3:TrackPointExtension>
        </extensions>
      </trkpt>
      <trkpt lat="43.18141828291118144989013671875" lon="-109.63858212344348430633544921875">
        <ele>3442.800048828125</ele>
        <time>2017-09-02T20:50:37.000Z</time>
        <extensions>
          <ns3:TrackPointExtension>
            <ns3:atemp>30.0</ns3:atemp>
            <ns3:cad>61</ns3:cad>
          </ns3:TrackPointExtension>
        </extensions>
      </trkpt>
      <trkpt lat="43.181547783315181732177734375" lon="-109.6385501883924007415771484375">
        <ele>3443.199951171875</ele>
        <time>2017-09-02T20:50:56.000Z</time>
        <extensions>
          <ns3:TrackPointExtension>
            <ns3:atemp>30.0</ns3:atemp>
            <ns3:cad>61</ns3:cad>
          </ns3:TrackPointExtension>
        </extensions>
      </trkpt>
      <trkpt lat="43.18290405906736850738525390625" lon="-109.6385639347136020660400390625">
        <ele>3451.199951171875</ele>
        <time>2017-09-02T21:00:57.000Z</time>
        <extensions>
          <ns3:TrackPointExtension>
            <ns3:atemp>34.0</ns3:atemp>
            <ns3:cad>0</ns3:cad>
          </ns3:TrackPointExtension>
        </extensions>
      </trkpt>
      <trkpt lat="43.1829135306179523468017578125" lon="-109.6385805308818817138671875">
        <ele>3452.199951171875</ele>
        <time>2017-09-02T21:01:26.000Z</time>
        <extensions>
          <ns3:TrackPointExtension>
            <ns3:atemp>34.0</ns3:atemp>
            <ns3:cad>61</ns3:cad>
          </ns3:TrackPointExtension>
        </extensions>
      </trkpt>
      <trkpt lat="43.18291679956018924713134765625" lon="-109.63858664967119693756103515625">
        <ele>3453.199951171875</ele>
        <time>2017-09-02T21:01:35.000Z</time>
        <extensions>
          <ns3:TrackPointExtension>
            <ns3:atemp>34.0</ns3:atemp>
            <ns3:cad>0</ns3:cad>
          </ns3:TrackPointExtension>
        </extensions>
      </trkpt>
      <trkpt lat="43.18293959833681583404541015625" lon="-109.63860793970525264739990234375">
        <ele>3454.39990234375</ele>
        <time>2017-09-02T21:01:47.000Z</time>
        <extensions>
          <ns3:TrackPointExtension>
            <ns3:atemp>34.0</ns3:atemp>
            <ns3:cad>0</ns3:cad>
          </ns3:TrackPointExtension>
        </extensions>
      </trkpt>
      <trkpt lat="43.18296642042696475982666015625" lon="-109.63858882896602153778076171875">
        <ele>3455.39990234375</ele>
        <time>2017-09-02T21:01:52.000Z</time>
        <extensions>
          <ns3:TrackPointExtension>
            <ns3:atemp>34.0</ns3:atemp>
            <ns3:cad>0</ns3:cad>
          </ns3:TrackPointExtension>
        </extensions>
      </trkpt>
      <trkpt lat="43.18298234604299068450927734375" lon="-109.638574160635471343994140625">
        <ele>3456.60009765625</ele>
        <time>2017-09-02T21:01:59.000Z</time>
        <extensions>
          <ns3:TrackPointExtension>
            <ns3:atemp>34.0</ns3:atemp>
            <ns3:cad>0</ns3:cad>
          </ns3:TrackPointExtension>
        </extensions>
      </trkpt>
      <trkpt lat="43.1830295361578464508056640625" lon="-109.6385649405419826507568359375">
        <ele>3457.60009765625</ele>
        <time>2017-09-02T21:02:11.000Z</time>
        <extensions>
          <ns3:TrackPointExtension>
            <ns3:atemp>34.0</ns3:atemp>
            <ns3:cad>0</ns3:cad>
          </ns3:TrackPointExtension>
        </extensions>
      </trkpt>
      <trkpt lat="43.18312014453113079071044921875" lon="-109.63857357390224933624267578125">
        <ele>3458.800048828125</ele>
        <time>2017-09-02T21:02:42.000Z</time>
        <extensions>
          <ns3:TrackPointExtension>
            <ns3:atemp>34.0</ns3:atemp>
            <ns3:cad>0</ns3:cad>
          </ns3:TrackPointExtension>
        </extensions>
      </trkpt>
      <trkpt lat="43.18313824944198131561279296875" lon="-109.63858061470091342926025390625">
        <ele>3459.800048828125</ele>
        <time>2017-09-02T21:02:51.000Z</time>
        <extensions>
          <ns3:TrackPointExtension>
            <ns3:atemp>34.0</ns3:atemp>
            <ns3:cad>0</ns3:cad>
          </ns3:TrackPointExtension>
        </extensions>
      </trkpt>
      <trkpt lat="43.18315132521092891693115234375" lon="-109.6386011503636837005615234375">
        <ele>3460.800048828125</ele>
        <time>2017-09-02T21:03:02.000Z</time>
        <extensions>
          <ns3:TrackPointExtension>
            <ns3:atemp>34.0</ns3:atemp>
            <ns3:cad>0</ns3:cad>
          </ns3:TrackPointExtension>
        </extensions>
      </trkpt>
      <trkpt lat="43.18318652920424938201904296875" lon="-109.63862545788288116455078125">
        <ele>3462</ele>
        <time>2017-09-02T21:03:21.000Z</time>
        <extensions>
          <ns3:TrackPointExtension>
            <ns3:atemp>34.0</ns3:atemp>
            <ns3:cad>0</ns3:cad>
          </ns3:TrackPointExtension>
        </extensions>
      </trkpt>
      <trkpt lat="43.18318837322294712066650390625" lon="-109.63862814009189605712890625">
        <ele>3463.199951171875</ele>
        <time>2017-09-02T21:03:32.000Z</time>
        <extensions>
          <ns3:TrackPointExtension>
            <ns3:atemp>34.0</ns3:atemp>
            <ns3:cad>0</ns3:cad>
          </ns3:TrackPointExtension>
        </extensions>
      </trkpt>
      <trkpt lat="43.18321318365633487701416015625" lon="-109.638640880584716796875">
        <ele>3464.199951171875</ele>
        <time>2017-09-02T21:03:43.000Z</time>
        <extensions>
          <ns3:TrackPointExtension>
            <ns3:atemp>34.0</ns3:atemp>
            <ns3:cad>61</ns3:cad>
          </ns3:TrackPointExtension>
        </extensions>
      </trkpt>
      <trkpt lat="43.183263726532459259033203125" lon="-109.63858732022345066070556640625">
        <ele>3465.199951171875</ele>
        <time>2017-09-02T21:03:55.000Z</time>
        <extensions>
          <ns3:TrackPointExtension>
            <ns3:atemp>34.0</ns3:atemp>
            <ns3:cad>0</ns3:cad>
          </ns3:TrackPointExtension>
        </extensions>
      </trkpt>
      <trkpt lat="43.1833235733211040496826171875" lon="-109.63857005350291728973388671875">
        <ele>3465.800048828125</ele>
        <time>2017-09-02T21:04:02.000Z</time>
        <extensions>
          <ns3:TrackPointExtension>
            <ns3:atemp>34.0</ns3:atemp>
            <ns3:cad>61</ns3:cad>
          </ns3:TrackPointExtension>
        </extensions>
      </trkpt>
      <trkpt lat="43.18334762938320636749267578125" lon="-109.6385578997433185577392578125">
        <ele>3466.199951171875</ele>
        <time>2017-09-02T21:04:10.000Z</time>
        <extensions>
          <ns3:TrackPointExtension>
            <ns3:atemp>34.0</ns3:atemp>
            <ns3:cad>0</ns3:cad>
          </ns3:TrackPointExtension>
        </extensions>
      </trkpt>
      <trkpt lat="43.18338735960423946380615234375" lon="-109.6385173313319683074951171875">
        <ele>3467.39990234375</ele>
        <time>2017-09-02T21:04:39.000Z</time>
        <extensions>
          <ns3:TrackPointExtension>
            <ns3:atemp>34.0</ns3:atemp>
            <ns3:cad>61</ns3:cad>
          </ns3:TrackPointExtension>
        </extensions>
      </trkpt>
      <trkpt lat="43.18346145562827587127685546875" lon="-109.6385054290294647216796875">
        <ele>3468.39990234375</ele>
        <time>2017-09-02T21:05:02.000Z</time>
        <extensions>
          <ns3:TrackPointExtension>
            <ns3:atemp>34.0</ns3:atemp>
            <ns3:cad>0</ns3:cad>
          </ns3:TrackPointExtension>
        </extensions>
      </trkpt>
      <trkpt lat="43.18348257802426815032958984375" lon="-109.63849444873631000518798828125">
        <ele>3469.39990234375</ele>
        <time>2017-09-02T21:05:08.000Z</time>
        <extensions>
          <ns3:TrackPointExtension>
            <ns3:atemp>34.0</ns3:atemp>
            <ns3:cad>0</ns3:cad>
          </ns3:TrackPointExtension>
        </extensions>
      </trkpt>
      <trkpt lat="43.183547370135784149169921875" lon="-109.63844231329858303070068359375">
        <ele>3470.39990234375</ele>
        <time>2017-09-02T21:05:26.000Z</time>
        <extensions>
          <ns3:TrackPointExtension>
            <ns3:atemp>34.0</ns3:atemp>
            <ns3:cad>0</ns3:cad>
          </ns3:TrackPointExtension>
        </extensions>
      </trkpt>
      <trkpt lat="43.18357276730239391326904296875" lon="-109.63838447816669940948486328125">
        <ele>3471.39990234375</ele>
        <time>2017-09-02T21:05:52.000Z</time>
        <extensions>
          <ns3:TrackPointExtension>
            <ns3:atemp>34.0</ns3:atemp>
            <ns3:cad>0</ns3:cad>
          </ns3:TrackPointExtension>
        </extensions>
      </trkpt>
      <trkpt lat="43.18361953832209110260009765625" lon="-109.6383661217987537384033203125">
        <ele>3472.60009765625</ele>
        <time>2017-09-02T21:06:00.000Z</time>
        <extensions>
          <ns3:TrackPointExtension>
            <ns3:atemp>34.0</ns3:atemp>
            <ns3:cad>61</ns3:cad>
          </ns3:TrackPointExtension>
        </extensions>
      </trkpt>
      <trkpt lat="43.183705620467662811279296875" lon="-109.63836729526519775390625">
        <ele>3473.60009765625</ele>
        <time>2017-09-02T21:06:26.000Z</time>
        <extensions>
          <ns3:TrackPointExtension>
            <ns3:atemp>34.0</ns3:atemp>
            <ns3:cad>0</ns3:cad>
          </ns3:TrackPointExtension>
        </extensions>
      </trkpt>
      <trkpt lat="43.1837547384202480316162109375" lon="-109.6383322589099407196044921875">
        <ele>3474.800048828125</ele>
        <time>2017-09-02T21:07:23.000Z</time>
        <extensions>
          <ns3:TrackPointExtension>
            <ns3:atemp>33.0</ns3:atemp>
            <ns3:cad>61</ns3:cad>
          </ns3:TrackPointExtension>
        </extensions>
      </trkpt>
      <trkpt lat="43.18377041257917881011962890625" lon="-109.6383138187229633331298828125">
        <ele>3475.800048828125</ele>
        <time>2017-09-02T21:07:30.000Z</time>
        <extensions>
          <ns3:TrackPointExtension>
            <ns3:atemp>33.0</ns3:atemp>
            <ns3:cad>61</ns3:cad>
          </ns3:TrackPointExtension>
        </extensions>
      </trkpt>
      <trkpt lat="43.1837865896522998809814453125" lon="-109.63828406296670436859130859375">
        <ele>3477</ele>
        <time>2017-09-02T21:08:01.000Z</time>
        <extensions>
          <ns3:TrackPointExtension>
            <ns3:atemp>33.0</ns3:atemp>
            <ns3:cad>0</ns3:cad>
          </ns3:TrackPointExtension>
        </extensions>
      </trkpt>
      <trkpt lat="43.18384534679353237152099609375" lon="-109.638246931135654449462890625">
        <ele>3478</ele>
        <time>2017-09-02T21:08:17.000Z</time>
        <extensions>
          <ns3:TrackPointExtension>
            <ns3:atemp>34.0</ns3:atemp>
            <ns3:cad>61</ns3:cad>
          </ns3:TrackPointExtension>
        </extensions>
      </trkpt>
      <trkpt lat="43.18384450860321521759033203125" lon="-109.6382434107363224029541015625">
        <ele>3479</ele>
        <time>2017-09-02T21:08:44.000Z</time>
        <extensions>
          <ns3:TrackPointExtension>
            <ns3:atemp>34.0</ns3:atemp>
            <ns3:cad>61</ns3:cad>
          </ns3:TrackPointExtension>
        </extensions>
      </trkpt>
      <trkpt lat="43.18387082777917385101318359375" lon="-109.6382323466241359710693359375">
        <ele>3480.199951171875</ele>
        <time>2017-09-02T21:09:06.000Z</time>
        <extensions>
          <ns3:TrackPointExtension>
            <ns3:atemp>34.0</ns3:atemp>
            <ns3:cad>0</ns3:cad>
          </ns3:TrackPointExtension>
        </extensions>
      </trkpt>
      <trkpt lat="43.1838968954980373382568359375" lon="-109.6382068656384944915771484375">
        <ele>3481.39990234375</ele>
        <time>2017-09-02T21:09:17.000Z</time>
        <extensions>
          <ns3:TrackPointExtension>
            <ns3:atemp>34.0</ns3:atemp>
            <ns3:cad>0</ns3:cad>
          </ns3:TrackPointExtension>
        </extensions>
      </trkpt>
      <trkpt lat="43.18391139619052410125732421875" lon="-109.63821114040911197662353515625">
        <ele>3482.39990234375</ele>
        <time>2017-09-02T21:09:31.000Z</time>
        <extensions>
          <ns3:TrackPointExtension>
            <ns3:atemp>34.0</ns3:atemp>
            <ns3:cad>0</ns3:cad>
          </ns3:TrackPointExtension>
        </extensions>
      </trkpt>
      <trkpt lat="43.18398213945329189300537109375" lon="-109.6382343582808971405029296875">
        <ele>3482</ele>
        <time>2017-09-02T21:10:50.000Z</time>
        <extensions>
          <ns3:TrackPointExtension>
            <ns3:atemp>33.0</ns3:atemp>
            <ns3:cad>0</ns3:cad>
          </ns3:TrackPointExtension>
        </extensions>
      </trkpt>
      <trkpt lat="43.183907456696033477783203125" lon="-109.63822153396904468536376953125">
        <ele>3482.60009765625</ele>
        <time>2017-09-02T21:11:04.000Z</time>
        <extensions>
          <ns3:TrackPointExtension>
            <ns3:atemp>33.0</ns3:atemp>
            <ns3:cad>0</ns3:cad>
          </ns3:TrackPointExtension>
        </extensions>
      </trkpt>
      <trkpt lat="43.184008039534091949462890625" lon="-109.6381191909313201904296875">
        <ele>3482</ele>
        <time>2017-09-02T21:12:01.000Z</time>
        <extensions>
          <ns3:TrackPointExtension>
            <ns3:atemp>33.0</ns3:atemp>
            <ns3:cad>62</ns3:cad>
          </ns3:TrackPointExtension>
        </extensions>
      </trkpt>
      <trkpt lat="43.184033520519733428955078125" lon="-109.63811055757105350494384765625">
        <ele>3483.39990234375</ele>
        <time>2017-09-02T21:12:04.000Z</time>
        <extensions>
          <ns3:TrackPointExtension>
            <ns3:atemp>33.0</ns3:atemp>
            <ns3:cad>61</ns3:cad>
          </ns3:TrackPointExtension>
        </extensions>
      </trkpt>
      <trkpt lat="43.18403611890971660614013671875" lon="-109.63810921646654605865478515625">
        <ele>3483.60009765625</ele>
        <time>2017-09-02T21:12:05.000Z</time>
        <extensions>
          <ns3:TrackPointExtension>
            <ns3:atemp>33.0</ns3:atemp>
            <ns3:cad>61</ns3:cad>
          </ns3:TrackPointExtension>
        </extensions>
      </trkpt>
      <trkpt lat="43.1840417347848415374755859375" lon="-109.6381103061139583587646484375">
        <ele>3484</ele>
        <time>2017-09-02T21:12:06.000Z</time>
        <extensions>
          <ns3:TrackPointExtension>
            <ns3:atemp>33.0</ns3:atemp>
            <ns3:cad>0</ns3:cad>
          </ns3:TrackPointExtension>
        </extensions>
      </trkpt>
      <trkpt lat="43.18406897597014904022216796875" lon="-109.63808658532798290252685546875">
        <ele>3484.800048828125</ele>
        <time>2017-09-02T21:12:13.000Z</time>
        <extensions>
          <ns3:TrackPointExtension>
            <ns3:atemp>33.0</ns3:atemp>
            <ns3:cad>0</ns3:cad>
          </ns3:TrackPointExtension>
        </extensions>
      </trkpt>
      <trkpt lat="43.18406914360821247100830078125" lon="-109.6381649561226367950439453125">
        <ele>3485.800048828125</ele>
        <time>2017-09-02T21:12:51.000Z</time>
        <extensions>
          <ns3:TrackPointExtension>
            <ns3:atemp>33.0</ns3:atemp>
            <ns3:cad>61</ns3:cad>
          </ns3:TrackPointExtension>
        </extensions>
      </trkpt>
      <trkpt lat="43.18407216109335422515869140625" lon="-109.63818180374801158905029296875">
        <ele>3487</ele>
        <time>2017-09-02T21:12:59.000Z</time>
        <extensions>
          <ns3:TrackPointExtension>
            <ns3:atemp>33.0</ns3:atemp>
            <ns3:cad>0</ns3:cad>
          </ns3:TrackPointExtension>
        </extensions>
      </trkpt>
      <trkpt lat="43.18409076891839504241943359375" lon="-109.63819353841245174407958984375">
        <ele>3488</ele>
        <time>2017-09-02T21:13:06.000Z</time>
        <extensions>
          <ns3:TrackPointExtension>
            <ns3:atemp>33.0</ns3:atemp>
            <ns3:cad>0</ns3:cad>
          </ns3:TrackPointExtension>
        </extensions>
      </trkpt>
      <trkpt lat="43.18413703702390193939208984375" lon="-109.63815875351428985595703125">
        <ele>3489.199951171875</ele>
        <time>2017-09-02T21:13:26.000Z</time>
        <extensions>
          <ns3:TrackPointExtension>
            <ns3:atemp>33.0</ns3:atemp>
            <ns3:cad>0</ns3:cad>
          </ns3:TrackPointExtension>
        </extensions>
      </trkpt>
      <trkpt lat="43.1841557286679744720458984375" lon="-109.63815548457205295562744140625">
        <ele>3490.199951171875</ele>
        <time>2017-09-02T21:13:43.000Z</time>
        <extensions>
          <ns3:TrackPointExtension>
            <ns3:atemp>33.0</ns3:atemp>
            <ns3:cad>63</ns3:cad>
          </ns3:TrackPointExtension>
        </extensions>
      </trkpt>
      <trkpt lat="43.18423259072005748748779296875" lon="-109.6381478570401668548583984375">
        <ele>3491.199951171875</ele>
        <time>2017-09-02T21:14:07.000Z</time>
        <extensions>
          <ns3:TrackPointExtension>
            <ns3:atemp>33.0</ns3:atemp>
            <ns3:cad>0</ns3:cad>
          </ns3:TrackPointExtension>
        </extensions>
      </trkpt>
      <trkpt lat="43.18435111083090305328369140625" lon="-109.63817057199776172637939453125">
        <ele>3491.800048828125</ele>
        <time>2017-09-02T21:14:26.000Z</time>
        <extensions>
          <ns3:TrackPointExtension>
            <ns3:atemp>33.0</ns3:atemp>
            <ns3:cad>0</ns3:cad>
          </ns3:TrackPointExtension>
        </extensions>
      </trkpt>
      <trkpt lat="43.1842328421771526336669921875" lon="-109.6380687318742275238037109375">
        <ele>3492</ele>
        <time>2017-09-02T21:14:37.000Z</time>
        <extensions>
          <ns3:TrackPointExtension>
            <ns3:atemp>33.0</ns3:atemp>
            <ns3:cad>0</ns3:cad>
          </ns3:TrackPointExtension>
        </extensions>
      </trkpt>
      <trkpt lat="43.18421549163758754730224609375" lon="-109.6380548179149627685546875">
        <ele>3491.800048828125</ele>
        <time>2017-09-02T21:14:40.000Z</time>
        <extensions>
          <ns3:TrackPointExtension>
            <ns3:atemp>33.0</ns3:atemp>
            <ns3:cad>0</ns3:cad>
          </ns3:TrackPointExtension>
        </extensions>
      </trkpt>
      <trkpt lat="43.18428137339651584625244140625" lon="-109.6380838192999362945556640625">
        <ele>3491.60009765625</ele>
        <time>2017-09-02T21:16:12.000Z</time>
        <extensions>
          <ns3:TrackPointExtension>
            <ns3:atemp>33.0</ns3:atemp>
            <ns3:cad>61</ns3:cad>
          </ns3:TrackPointExtension>
        </extensions>
      </trkpt>
      <trkpt lat="43.18432060070335865020751953125" lon="-109.63806261308491230010986328125">
        <ele>3491.60009765625</ele>
        <time>2017-09-02T21:16:19.000Z</time>
        <extensions>
          <ns3:TrackPointExtension>
            <ns3:atemp>33.0</ns3:atemp>
            <ns3:cad>61</ns3:cad>
          </ns3:TrackPointExtension>
        </extensions>
      </trkpt>
      <trkpt lat="43.18432814441621303558349609375" lon="-109.6380640380084514617919921875">
        <ele>3491.60009765625</ele>
        <time>2017-09-02T21:16:21.000Z</time>
        <extensions>
          <ns3:TrackPointExtension>
            <ns3:atemp>33.0</ns3:atemp>
            <ns3:cad>61</ns3:cad>
          </ns3:TrackPointExtension>
        </extensions>
      </trkpt>
      <trkpt lat="43.18438581191003322601318359375" lon="-109.6380217932164669036865234375">
        <ele>3492.199951171875</ele>
        <time>2017-09-02T21:16:44.000Z</time>
        <extensions>
          <ns3:TrackPointExtension>
            <ns3:atemp>33.0</ns3:atemp>
            <ns3:cad>0</ns3:cad>
          </ns3:TrackPointExtension>
        </extensions>
      </trkpt>
      <trkpt lat="43.184389583766460418701171875" lon="-109.63802321814000606536865234375">
        <ele>3492.39990234375</ele>
        <time>2017-09-02T21:16:45.000Z</time>
        <extensions>
          <ns3:TrackPointExtension>
            <ns3:atemp>33.0</ns3:atemp>
            <ns3:cad>0</ns3:cad>
          </ns3:TrackPointExtension>
        </extensions>
      </trkpt>
      <trkpt lat="43.18439218215644359588623046875" lon="-109.63802330195903778076171875">
        <ele>3492.60009765625</ele>
        <time>2017-09-02T21:16:46.000Z</time>
        <extensions>
          <ns3:TrackPointExtension>
            <ns3:atemp>33.0</ns3:atemp>
            <ns3:cad>0</ns3:cad>
          </ns3:TrackPointExtension>
        </extensions>
      </trkpt>
      <trkpt lat="43.1844279728829860687255859375" lon="-109.638010226190090179443359375">
        <ele>3493.39990234375</ele>
        <time>2017-09-02T21:16:51.000Z</time>
        <extensions>
          <ns3:TrackPointExtension>
            <ns3:atemp>33.0</ns3:atemp>
            <ns3:cad>62</ns3:cad>
          </ns3:TrackPointExtension>
        </extensions>
      </trkpt>
      <trkpt lat="43.1844489276409149169921875" lon="-109.63799907825887203216552734375">
        <ele>3494</ele>
        <time>2017-09-02T21:16:54.000Z</time>
        <extensions>
          <ns3:TrackPointExtension>
            <ns3:atemp>33.0</ns3:atemp>
            <ns3:cad>0</ns3:cad>
          </ns3:TrackPointExtension>
        </extensions>
      </trkpt>
      <trkpt lat="43.18446560762822628021240234375" lon="-109.63799036107957363128662109375">
        <ele>3494.39990234375</ele>
        <time>2017-09-02T21:16:57.000Z</time>
        <extensions>
          <ns3:TrackPointExtension>
            <ns3:atemp>33.0</ns3:atemp>
            <ns3:cad>0</ns3:cad>
          </ns3:TrackPointExtension>
        </extensions>
      </trkpt>
      <trkpt lat="43.1844903342425823211669921875" lon="-109.637968651950359344482421875">
        <ele>3495.39990234375</ele>
        <time>2017-09-02T21:17:03.000Z</time>
        <extensions>
          <ns3:TrackPointExtension>
            <ns3:atemp>33.0</ns3:atemp>
            <ns3:cad>61</ns3:cad>
          </ns3:TrackPointExtension>
        </extensions>
      </trkpt>
      <trkpt lat="43.1845697946846485137939453125" lon="-109.637933783233165740966796875">
        <ele>3496.60009765625</ele>
        <time>2017-09-02T21:17:40.000Z</time>
        <extensions>
          <ns3:TrackPointExtension>
            <ns3:atemp>33.0</ns3:atemp>
            <ns3:cad>61</ns3:cad>
          </ns3:TrackPointExtension>
        </extensions>
      </trkpt>
      <trkpt lat="43.184581696987152099609375" lon="-109.6379396505653858184814453125">
        <ele>3497.60009765625</ele>
        <time>2017-09-02T21:17:46.000Z</time>
        <extensions>
          <ns3:TrackPointExtension>
            <ns3:atemp>33.0</ns3:atemp>
            <ns3:cad>0</ns3:cad>
          </ns3:TrackPointExtension>
        </extensions>
      </trkpt>
      <trkpt lat="43.184637017548084259033203125" lon="-109.6378776244819164276123046875">
        <ele>3498.800048828125</ele>
        <time>2017-09-02T21:18:12.000Z</time>
        <extensions>
          <ns3:TrackPointExtension>
            <ns3:atemp>33.0</ns3:atemp>
            <ns3:cad>0</ns3:cad>
          </ns3:TrackPointExtension>
        </extensions>
      </trkpt>
      <trkpt lat="43.1846402026712894439697265625" lon="-109.63783043436706066131591796875">
        <ele>3499.800048828125</ele>
        <time>2017-09-02T21:18:26.000Z</time>
        <extensions>
          <ns3:TrackPointExtension>
            <ns3:atemp>33.0</ns3:atemp>
            <ns3:cad>0</ns3:cad>
          </ns3:TrackPointExtension>
        </extensions>
      </trkpt>
      <trkpt lat="43.18466694094240665435791015625" lon="-109.63786781765520572662353515625">
        <ele>3501</ele>
        <time>2017-09-02T21:18:36.000Z</time>
        <extensions>
          <ns3:TrackPointExtension>
            <ns3:atemp>33.0</ns3:atemp>
            <ns3:cad>0</ns3:cad>
          </ns3:TrackPointExtension>
        </extensions>
      </trkpt>
      <trkpt lat="43.1846951879560947418212890625" lon="-109.6378709189593791961669921875">
        <ele>3502.199951171875</ele>
        <time>2017-09-02T21:18:41.000Z</time>
        <extensions>
          <ns3:TrackPointExtension>
            <ns3:atemp>33.0</ns3:atemp>
            <ns3:cad>0</ns3:cad>
          </ns3:TrackPointExtension>
        </extensions>
      </trkpt>
      <trkpt lat="43.1847412884235382080078125" lon="-109.63789514265954494476318359375">
        <ele>3503.199951171875</ele>
        <time>2017-09-02T21:19:00.000Z</time>
        <extensions>
          <ns3:TrackPointExtension>
            <ns3:atemp>33.0</ns3:atemp>
            <ns3:cad>0</ns3:cad>
          </ns3:TrackPointExtension>
        </extensions>
      </trkpt>
      <trkpt lat="43.184803985059261322021484375" lon="-109.63789782486855983734130859375">
        <ele>3504.39990234375</ele>
        <time>2017-09-02T21:19:20.000Z</time>
        <extensions>
          <ns3:TrackPointExtension>
            <ns3:atemp>33.0</ns3:atemp>
            <ns3:cad>0</ns3:cad>
          </ns3:TrackPointExtension>
        </extensions>
      </trkpt>
      <trkpt lat="43.1848215870559215545654296875" lon="-109.63789522647857666015625">
        <ele>3505.60009765625</ele>
        <time>2017-09-02T21:19:30.000Z</time>
        <extensions>
          <ns3:TrackPointExtension>
            <ns3:atemp>33.0</ns3:atemp>
            <ns3:cad>0</ns3:cad>
          </ns3:TrackPointExtension>
        </extensions>
      </trkpt>
      <trkpt lat="43.1848292984068393707275390625" lon="-109.63790587149560451507568359375">
        <ele>3506.60009765625</ele>
        <time>2017-09-02T21:19:36.000Z</time>
        <extensions>
          <ns3:TrackPointExtension>
            <ns3:atemp>33.0</ns3:atemp>
            <ns3:cad>0</ns3:cad>
          </ns3:TrackPointExtension>
        </extensions>
      </trkpt>
      <trkpt lat="43.18485134281218051910400390625" lon="-109.6379383094608783721923828125">
        <ele>3507.60009765625</ele>
        <time>2017-09-02T21:19:50.000Z</time>
        <extensions>
          <ns3:TrackPointExtension>
            <ns3:atemp>33.0</ns3:atemp>
            <ns3:cad>60</ns3:cad>
          </ns3:TrackPointExtension>
        </extensions>
      </trkpt>
      <trkpt lat="43.18493566475808620452880859375" lon="-109.637890867888927459716796875">
        <ele>3508.60009765625</ele>
        <time>2017-09-02T21:20:18.000Z</time>
        <extensions>
          <ns3:TrackPointExtension>
            <ns3:atemp>33.0</ns3:atemp>
            <ns3:cad>0</ns3:cad>
          </ns3:TrackPointExtension>
        </extensions>
      </trkpt>
      <trkpt lat="43.18499919958412647247314453125" lon="-109.63789028115570545196533203125">
        <ele>3509.800048828125</ele>
        <time>2017-09-02T21:20:38.000Z</time>
        <extensions>
          <ns3:TrackPointExtension>
            <ns3:atemp>33.0</ns3:atemp>
            <ns3:cad>61</ns3:cad>
          </ns3:TrackPointExtension>
        </extensions>
      </trkpt>
      <trkpt lat="43.18502518348395824432373046875" lon="-109.6379111520946025848388671875">
        <ele>3510.800048828125</ele>
        <time>2017-09-02T21:20:44.000Z</time>
        <extensions>
          <ns3:TrackPointExtension>
            <ns3:atemp>33.0</ns3:atemp>
            <ns3:cad>0</ns3:cad>
          </ns3:TrackPointExtension>
        </extensions>
      </trkpt>
      <trkpt lat="43.185053765773773193359375" lon="-109.63792380876839160919189453125">
        <ele>3512</ele>
        <time>2017-09-02T21:20:49.000Z</time>
        <extensions>
          <ns3:TrackPointExtension>
            <ns3:atemp>33.0</ns3:atemp>
            <ns3:cad>0</ns3:cad>
          </ns3:TrackPointExtension>
        </extensions>
      </trkpt>
      <trkpt lat="43.1850683502852916717529296875" lon="-109.637940824031829833984375">
        <ele>3513</ele>
        <time>2017-09-02T21:20:55.000Z</time>
        <extensions>
          <ns3:TrackPointExtension>
            <ns3:atemp>33.0</ns3:atemp>
            <ns3:cad>0</ns3:cad>
          </ns3:TrackPointExtension>
        </extensions>
      </trkpt>
      <trkpt lat="43.18511202000081539154052734375" lon="-109.63795666582882404327392578125">
        <ele>3514</ele>
        <time>2017-09-02T21:21:05.000Z</time>
        <extensions>
          <ns3:TrackPointExtension>
            <ns3:atemp>33.0</ns3:atemp>
            <ns3:cad>0</ns3:cad>
          </ns3:TrackPointExtension>
        </extensions>
      </trkpt>
      <trkpt lat="43.1851075775921344757080078125" lon="-109.6379555761814117431640625">
        <ele>3515.199951171875</ele>
        <time>2017-09-02T21:21:14.000Z</time>
        <extensions>
          <ns3:TrackPointExtension>
            <ns3:atemp>33.0</ns3:atemp>
            <ns3:cad>0</ns3:cad>
          </ns3:TrackPointExtension>
        </extensions>
      </trkpt>
      <trkpt lat="43.1851870380342006683349609375" lon="-109.63793654926121234893798828125">
        <ele>3516.199951171875</ele>
        <time>2017-09-02T21:21:30.000Z</time>
        <extensions>
          <ns3:TrackPointExtension>
            <ns3:atemp>34.0</ns3:atemp>
            <ns3:cad>0</ns3:cad>
          </ns3:TrackPointExtension>
        </extensions>
      </trkpt>
      <trkpt lat="43.18523741327226161956787109375" lon="-109.63790436275303363800048828125">
        <ele>3517.39990234375</ele>
        <time>2017-09-02T21:21:43.000Z</time>
        <extensions>
          <ns3:TrackPointExtension>
            <ns3:atemp>34.0</ns3:atemp>
            <ns3:cad>61</ns3:cad>
          </ns3:TrackPointExtension>
        </extensions>
      </trkpt>
      <trkpt lat="43.18523959256708621978759765625" lon="-109.63790930807590484619140625">
        <ele>3518.199951171875</ele>
        <time>2017-09-02T21:21:45.000Z</time>
        <extensions>
          <ns3:TrackPointExtension>
            <ns3:atemp>34.0</ns3:atemp>
            <ns3:cad>0</ns3:cad>
          </ns3:TrackPointExtension>
        </extensions>
      </trkpt>
      <trkpt lat="43.1852447055280208587646484375" lon="-109.63790670968592166900634765625">
        <ele>3518.60009765625</ele>
        <time>2017-09-02T21:21:47.000Z</time>
        <extensions>
          <ns3:TrackPointExtension>
            <ns3:atemp>34.0</ns3:atemp>
            <ns3:cad>0</ns3:cad>
          </ns3:TrackPointExtension>
        </extensions>
      </trkpt>
      <trkpt lat="43.185311593115329742431640625" lon="-109.6378883533179759979248046875">
        <ele>3519.800048828125</ele>
        <time>2017-09-02T21:22:04.000Z</time>
        <extensions>
          <ns3:TrackPointExtension>
            <ns3:atemp>34.0</ns3:atemp>
            <ns3:cad>0</ns3:cad>
          </ns3:TrackPointExtension>
        </extensions>
      </trkpt>
      <trkpt lat="43.18534545600414276123046875" lon="-109.63790536858141422271728515625">
        <ele>3520.800048828125</ele>
        <time>2017-09-02T21:22:15.000Z</time>
        <extensions>
          <ns3:TrackPointExtension>
            <ns3:atemp>34.0</ns3:atemp>
            <ns3:cad>0</ns3:cad>
          </ns3:TrackPointExtension>
        </extensions>
      </trkpt>
      <trkpt lat="43.1853466294705867767333984375" lon="-109.63789916597306728363037109375">
        <ele>3521.800048828125</ele>
        <time>2017-09-02T21:22:36.000Z</time>
        <extensions>
          <ns3:TrackPointExtension>
            <ns3:atemp>34.0</ns3:atemp>
            <ns3:cad>62</ns3:cad>
          </ns3:TrackPointExtension>
        </extensions>
      </trkpt>
      <trkpt lat="43.185377977788448333740234375" lon="-109.63790939189493656158447265625">
        <ele>3523</ele>
        <time>2017-09-02T21:22:41.000Z</time>
        <extensions>
          <ns3:TrackPointExtension>
            <ns3:atemp>34.0</ns3:atemp>
            <ns3:cad>0</ns3:cad>
          </ns3:TrackPointExtension>
        </extensions>
      </trkpt>
      <trkpt lat="43.1853982619941234588623046875" lon="-109.63791643269360065460205078125">
        <ele>3524</ele>
        <time>2017-09-02T21:22:49.000Z</time>
        <extensions>
          <ns3:TrackPointExtension>
            <ns3:atemp>33.0</ns3:atemp>
            <ns3:cad>0</ns3:cad>
          </ns3:TrackPointExtension>
        </extensions>
      </trkpt>
      <trkpt lat="43.18540773354470729827880859375" lon="-109.63793789036571979522705078125">
        <ele>3525.199951171875</ele>
        <time>2017-09-02T21:22:56.000Z</time>
        <extensions>
          <ns3:TrackPointExtension>
            <ns3:atemp>33.0</ns3:atemp>
            <ns3:cad>0</ns3:cad>
          </ns3:TrackPointExtension>
        </extensions>
      </trkpt>
      <trkpt lat="43.18541594780981540679931640625" lon="-109.63797342963516712188720703125">
        <ele>3526.199951171875</ele>
        <time>2017-09-02T21:23:04.000Z</time>
        <extensions>
          <ns3:TrackPointExtension>
            <ns3:atemp>33.0</ns3:atemp>
            <ns3:cad>0</ns3:cad>
          </ns3:TrackPointExtension>
        </extensions>
      </trkpt>
      <trkpt lat="43.1854438595473766326904296875" lon="-109.6379785425961017608642578125">
        <ele>3527.199951171875</ele>
        <time>2017-09-02T21:23:10.000Z</time>
        <extensions>
          <ns3:TrackPointExtension>
            <ns3:atemp>33.0</ns3:atemp>
            <ns3:cad>0</ns3:cad>
          </ns3:TrackPointExtension>
        </extensions>
      </trkpt>
      <trkpt lat="43.18548467941582202911376953125" lon="-109.63799237273633480072021484375">
        <ele>3528.39990234375</ele>
        <time>2017-09-02T21:23:18.000Z</time>
        <extensions>
          <ns3:TrackPointExtension>
            <ns3:atemp>33.0</ns3:atemp>
            <ns3:cad>0</ns3:cad>
          </ns3:TrackPointExtension>
        </extensions>
      </trkpt>
      <trkpt lat="43.18551921285688877105712890625" lon="-109.638014249503612518310546875">
        <ele>3529.39990234375</ele>
        <time>2017-09-02T21:23:28.000Z</time>
        <extensions>
          <ns3:TrackPointExtension>
            <ns3:atemp>33.0</ns3:atemp>
            <ns3:cad>0</ns3:cad>
          </ns3:TrackPointExtension>
        </extensions>
      </trkpt>
      <trkpt lat="43.185506053268909454345703125" lon="-109.638042412698268890380859375">
        <ele>3530.60009765625</ele>
        <time>2017-09-02T21:23:34.000Z</time>
        <extensions>
          <ns3:TrackPointExtension>
            <ns3:atemp>33.0</ns3:atemp>
            <ns3:cad>0</ns3:cad>
          </ns3:TrackPointExtension>
        </extensions>
      </trkpt>
      <trkpt lat="43.185504712164402008056640625" lon="-109.6380566619336605072021484375">
        <ele>3531.800048828125</ele>
        <time>2017-09-02T21:23:39.000Z</time>
        <extensions>
          <ns3:TrackPointExtension>
            <ns3:atemp>33.0</ns3:atemp>
            <ns3:cad>0</ns3:cad>
          </ns3:TrackPointExtension>
        </extensions>
      </trkpt>
      <trkpt lat="43.1855441071093082427978515625" lon="-109.638071916997432708740234375">
        <ele>3532.800048828125</ele>
        <time>2017-09-02T21:24:00.000Z</time>
        <extensions>
          <ns3:TrackPointExtension>
            <ns3:atemp>33.0</ns3:atemp>
            <ns3:cad>0</ns3:cad>
          </ns3:TrackPointExtension>
        </extensions>
      </trkpt>
      <trkpt lat="43.1855566799640655517578125" lon="-109.63808122090995311737060546875">
        <ele>3534</ele>
        <time>2017-09-02T21:24:05.000Z</time>
        <extensions>
          <ns3:TrackPointExtension>
            <ns3:atemp>33.0</ns3:atemp>
            <ns3:cad>0</ns3:cad>
          </ns3:TrackPointExtension>
        </extensions>
      </trkpt>
      <trkpt lat="43.18561309017241001129150390625" lon="-109.63809060864150524139404296875">
        <ele>3535</ele>
        <time>2017-09-02T21:24:14.000Z</time>
        <extensions>
          <ns3:TrackPointExtension>
            <ns3:atemp>33.0</ns3:atemp>
            <ns3:cad>61</ns3:cad>
          </ns3:TrackPointExtension>
        </extensions>
      </trkpt>
      <trkpt lat="43.1856222264468669891357421875" lon="-109.63809044100344181060791015625">
        <ele>3535</ele>
        <time>2017-09-02T21:24:15.000Z</time>
        <extensions>
          <ns3:TrackPointExtension>
            <ns3:atemp>33.0</ns3:atemp>
            <ns3:cad>61</ns3:cad>
          </ns3:TrackPointExtension>
        </extensions>
      </trkpt>
      <trkpt lat="43.185630105435848236083984375" lon="-109.638092033565044403076171875">
        <ele>3535.199951171875</ele>
        <time>2017-09-02T21:24:16.000Z</time>
        <extensions>
          <ns3:TrackPointExtension>
            <ns3:atemp>33.0</ns3:atemp>
            <ns3:cad>61</ns3:cad>
          </ns3:TrackPointExtension>
        </extensions>
      </trkpt>
      <trkpt lat="43.185644187033176422119140625" lon="-109.63809731416404247283935546875">
        <ele>3535.60009765625</ele>
        <time>2017-09-02T21:24:18.000Z</time>
        <extensions>
          <ns3:TrackPointExtension>
            <ns3:atemp>33.0</ns3:atemp>
            <ns3:cad>61</ns3:cad>
          </ns3:TrackPointExtension>
        </extensions>
      </trkpt>
      <trkpt lat="43.18562415428459644317626953125" lon="-109.6381284110248088836669921875">
        <ele>3536.199951171875</ele>
        <time>2017-09-02T21:24:27.000Z</time>
        <extensions>
          <ns3:TrackPointExtension>
            <ns3:atemp>33.0</ns3:atemp>
            <ns3:cad>0</ns3:cad>
          </ns3:TrackPointExtension>
        </extensions>
      </trkpt>
      <trkpt lat="43.18567461334168910980224609375" lon="-109.63812916539609432220458984375">
        <ele>3537.199951171875</ele>
        <time>2017-09-02T21:24:45.000Z</time>
        <extensions>
          <ns3:TrackPointExtension>
            <ns3:atemp>33.0</ns3:atemp>
            <ns3:cad>0</ns3:cad>
          </ns3:TrackPointExtension>
        </extensions>
      </trkpt>
      <trkpt lat="43.18572490476071834564208984375" lon="-109.6382209472358226776123046875">
        <ele>3538.199951171875</ele>
        <time>2017-09-02T21:25:09.000Z</time>
        <extensions>
          <ns3:TrackPointExtension>
            <ns3:atemp>33.0</ns3:atemp>
            <ns3:cad>0</ns3:cad>
          </ns3:TrackPointExtension>
        </extensions>
      </trkpt>
      <trkpt lat="43.185728006064891815185546875" lon="-109.63824416510760784149169921875">
        <ele>3539.199951171875</ele>
        <time>2017-09-02T21:25:15.000Z</time>
        <extensions>
          <ns3:TrackPointExtension>
            <ns3:atemp>33.0</ns3:atemp>
            <ns3:cad>0</ns3:cad>
          </ns3:TrackPointExtension>
        </extensions>
      </trkpt>
      <trkpt lat="43.1857390701770782470703125" lon="-109.6382806263864040374755859375">
        <ele>3540.199951171875</ele>
        <time>2017-09-02T21:25:58.000Z</time>
        <extensions>
          <ns3:TrackPointExtension>
            <ns3:atemp>33.0</ns3:atemp>
            <ns3:cad>0</ns3:cad>
          </ns3:TrackPointExtension>
        </extensions>
      </trkpt>
      <trkpt lat="43.1857741065323352813720703125" lon="-109.63828037492930889129638671875">
        <ele>3541.39990234375</ele>
        <time>2017-09-02T21:26:29.000Z</time>
        <extensions>
          <ns3:TrackPointExtension>
            <ns3:atemp>33.0</ns3:atemp>
            <ns3:cad>55</ns3:cad>
          </ns3:TrackPointExtension>
        </extensions>
      </trkpt>
      <trkpt lat="43.1858123280107975006103515625" lon="-109.63832379318773746490478515625">
        <ele>3542.60009765625</ele>
        <time>2017-09-02T21:26:39.000Z</time>
        <extensions>
          <ns3:TrackPointExtension>
            <ns3:atemp>33.0</ns3:atemp>
            <ns3:cad>0</ns3:cad>
          </ns3:TrackPointExtension>
        </extensions>
      </trkpt>
      <trkpt lat="43.1858141720294952392578125" lon="-109.63836126029491424560546875">
        <ele>3543.60009765625</ele>
        <time>2017-09-02T21:26:49.000Z</time>
        <extensions>
          <ns3:TrackPointExtension>
            <ns3:atemp>33.0</ns3:atemp>
            <ns3:cad>0</ns3:cad>
          </ns3:TrackPointExtension>
        </extensions>
      </trkpt>
      <trkpt lat="43.18580470047891139984130859375" lon="-109.638392440974712371826171875">
        <ele>3544.60009765625</ele>
        <time>2017-09-02T21:26:55.000Z</time>
        <extensions>
          <ns3:TrackPointExtension>
            <ns3:atemp>33.0</ns3:atemp>
            <ns3:cad>0</ns3:cad>
          </ns3:TrackPointExtension>
        </extensions>
      </trkpt>
      <trkpt lat="43.1858195364475250244140625" lon="-109.6384499408304691314697265625">
        <ele>3545.60009765625</ele>
        <time>2017-09-02T21:27:07.000Z</time>
        <extensions>
          <ns3:TrackPointExtension>
            <ns3:atemp>33.0</ns3:atemp>
            <ns3:cad>0</ns3:cad>
          </ns3:TrackPointExtension>
        </extensions>
      </trkpt>
      <trkpt lat="43.18584828637540340423583984375" lon="-109.638468213379383087158203125">
        <ele>3546.800048828125</ele>
        <time>2017-09-02T21:27:12.000Z</time>
        <extensions>
          <ns3:TrackPointExtension>
            <ns3:atemp>33.0</ns3:atemp>
            <ns3:cad>0</ns3:cad>
          </ns3:TrackPointExtension>
        </extensions>
      </trkpt>
      <trkpt lat="43.18586538545787334442138671875" lon="-109.6385025791823863983154296875">
        <ele>3548</ele>
        <time>2017-09-02T21:27:20.000Z</time>
        <extensions>
          <ns3:TrackPointExtension>
            <ns3:atemp>33.0</ns3:atemp>
            <ns3:cad>0</ns3:cad>
          </ns3:TrackPointExtension>
        </extensions>
      </trkpt>
      <trkpt lat="43.18587477318942546844482421875" lon="-109.6385414712131023406982421875">
        <ele>3549</ele>
        <time>2017-09-02T21:27:38.000Z</time>
        <extensions>
          <ns3:TrackPointExtension>
            <ns3:atemp>33.0</ns3:atemp>
            <ns3:cad>0</ns3:cad>
          </ns3:TrackPointExtension>
        </extensions>
      </trkpt>
      <trkpt lat="43.18592959083616733551025390625" lon="-109.63853702880442142486572265625">
        <ele>3550</ele>
        <time>2017-09-02T21:28:05.000Z</time>
        <extensions>
          <ns3:TrackPointExtension>
            <ns3:atemp>33.0</ns3:atemp>
            <ns3:cad>63</ns3:cad>
          </ns3:TrackPointExtension>
        </extensions>
      </trkpt>
      <trkpt lat="43.18595171906054019927978515625" lon="-109.63852914981544017791748046875">
        <ele>3551</ele>
        <time>2017-09-02T21:28:13.000Z</time>
        <extensions>
          <ns3:TrackPointExtension>
            <ns3:atemp>33.0</ns3:atemp>
            <ns3:cad>0</ns3:cad>
          </ns3:TrackPointExtension>
        </extensions>
      </trkpt>
      <trkpt lat="43.18598323501646518707275390625" lon="-109.6385595761239528656005859375">
        <ele>3552</ele>
        <time>2017-09-02T21:28:22.000Z</time>
        <extensions>
          <ns3:TrackPointExtension>
            <ns3:atemp>33.0</ns3:atemp>
            <ns3:cad>0</ns3:cad>
          </ns3:TrackPointExtension>
        </extensions>
      </trkpt>
      <trkpt lat="43.18605833686888217926025390625" lon="-109.6385867334902286529541015625">
        <ele>3553.199951171875</ele>
        <time>2017-09-02T21:28:35.000Z</time>
        <extensions>
          <ns3:TrackPointExtension>
            <ns3:atemp>33.0</ns3:atemp>
            <ns3:cad>0</ns3:cad>
          </ns3:TrackPointExtension>
        </extensions>
      </trkpt>
      <trkpt lat="43.1861134059727191925048828125" lon="-109.6385939419269561767578125">
        <ele>3554.199951171875</ele>
        <time>2017-09-02T21:28:51.000Z</time>
        <extensions>
          <ns3:TrackPointExtension>
            <ns3:atemp>33.0</ns3:atemp>
            <ns3:cad>0</ns3:cad>
          </ns3:TrackPointExtension>
        </extensions>
      </trkpt>
      <trkpt lat="43.18618825636804103851318359375" lon="-109.6386108733713626861572265625">
        <ele>3555.199951171875</ele>
        <time>2017-09-02T21:29:08.000Z</time>
        <extensions>
          <ns3:TrackPointExtension>
            <ns3:atemp>33.0</ns3:atemp>
            <ns3:cad>0</ns3:cad>
          </ns3:TrackPointExtension>
        </extensions>
      </trkpt>
      <trkpt lat="43.18622631020843982696533203125" lon="-109.63862068019807338714599609375">
        <ele>3555.39990234375</ele>
        <time>2017-09-02T21:29:12.000Z</time>
        <extensions>
          <ns3:TrackPointExtension>
            <ns3:atemp>33.0</ns3:atemp>
            <ns3:cad>41</ns3:cad>
          </ns3:TrackPointExtension>
        </extensions>
      </trkpt>
      <trkpt lat="43.18631348200142383575439453125" lon="-109.63858396746218204498291015625">
        <ele>3555.39990234375</ele>
        <time>2017-09-02T21:29:23.000Z</time>
        <extensions>
          <ns3:TrackPointExtension>
            <ns3:atemp>33.0</ns3:atemp>
            <ns3:cad>0</ns3:cad>
          </ns3:TrackPointExtension>
        </extensions>
      </trkpt>
      <trkpt lat="43.18646519444882869720458984375" lon="-109.63861766271293163299560546875">
        <ele>3556.199951171875</ele>
        <time>2017-09-02T21:29:37.000Z</time>
        <extensions>
          <ns3:TrackPointExtension>
            <ns3:atemp>33.0</ns3:atemp>
            <ns3:cad>51</ns3:cad>
          </ns3:TrackPointExtension>
        </extensions>
      </trkpt>
      <trkpt lat="43.18647324107587337493896484375" lon="-109.63862403295934200286865234375">
        <ele>3556.199951171875</ele>
        <time>2017-09-02T21:29:38.000Z</time>
        <extensions>
          <ns3:TrackPointExtension>
            <ns3:atemp>33.0</ns3:atemp>
            <ns3:cad>51</ns3:cad>
          </ns3:TrackPointExtension>
        </extensions>
      </trkpt>
      <trkpt lat="43.1864798627793788909912109375" lon="-109.63861984200775623321533203125">
        <ele>3556.39990234375</ele>
        <time>2017-09-02T21:29:39.000Z</time>
        <extensions>
          <ns3:TrackPointExtension>
            <ns3:atemp>33.0</ns3:atemp>
            <ns3:cad>51</ns3:cad>
          </ns3:TrackPointExtension>
        </extensions>
      </trkpt>
      <trkpt lat="43.1865542940795421600341796875" lon="-109.63861204683780670166015625">
        <ele>3556.39990234375</ele>
        <time>2017-09-02T21:29:48.000Z</time>
        <extensions>
          <ns3:TrackPointExtension>
            <ns3:atemp>33.0</ns3:atemp>
            <ns3:cad>72</ns3:cad>
          </ns3:TrackPointExtension>
        </extensions>
      </trkpt>
      <trkpt lat="43.18658086471259593963623046875" lon="-109.63862353004515171051025390625">
        <ele>3556.199951171875</ele>
        <time>2017-09-02T21:29:51.000Z</time>
        <extensions>
          <ns3:TrackPointExtension>
            <ns3:atemp>33.0</ns3:atemp>
            <ns3:cad>72</ns3:cad>
          </ns3:TrackPointExtension>
        </extensions>
      </trkpt>
      <trkpt lat="43.1865925155580043792724609375" lon="-109.63863375596702098846435546875">
        <ele>3556.199951171875</ele>
        <time>2017-09-02T21:29:53.000Z</time>
        <extensions>
          <ns3:TrackPointExtension>
            <ns3:atemp>33.0</ns3:atemp>
            <ns3:cad>72</ns3:cad>
          </ns3:TrackPointExtension>
        </extensions>
      </trkpt>
      <trkpt lat="43.18661858327686786651611328125" lon="-109.6386314928531646728515625">
        <ele>3556.199951171875</ele>
        <time>2017-09-02T21:29:57.000Z</time>
        <extensions>
          <ns3:TrackPointExtension>
            <ns3:atemp>33.0</ns3:atemp>
            <ns3:cad>72</ns3:cad>
          </ns3:TrackPointExtension>
        </extensions>
      </trkpt>
      <trkpt lat="43.18664557300508022308349609375" lon="-109.63862705044448375701904296875">
        <ele>3556</ele>
        <time>2017-09-02T21:30:02.000Z</time>
        <extensions>
          <ns3:TrackPointExtension>
            <ns3:atemp>33.0</ns3:atemp>
            <ns3:cad>72</ns3:cad>
          </ns3:TrackPointExtension>
        </extensions>
      </trkpt>
      <trkpt lat="43.18666736595332622528076171875" lon="-109.63862009346485137939453125">
        <ele>3555.800048828125</ele>
        <time>2017-09-02T21:30:05.000Z</time>
        <extensions>
          <ns3:TrackPointExtension>
            <ns3:atemp>33.0</ns3:atemp>
            <ns3:cad>58</ns3:cad>
          </ns3:TrackPointExtension>
        </extensions>
      </trkpt>
      <trkpt lat="43.1867081858217716217041015625" lon="-109.63862051256000995635986328125">
        <ele>3555.39990234375</ele>
        <time>2017-09-02T21:30:10.000Z</time>
        <extensions>
          <ns3:TrackPointExtension>
            <ns3:atemp>33.0</ns3:atemp>
            <ns3:cad>58</ns3:cad>
          </ns3:TrackPointExtension>
        </extensions>
      </trkpt>
      <trkpt lat="43.18671598099172115325927734375" lon="-109.638617075979709625244140625">
        <ele>3555.199951171875</ele>
        <time>2017-09-02T21:30:11.000Z</time>
        <extensions>
          <ns3:TrackPointExtension>
            <ns3:atemp>33.0</ns3:atemp>
            <ns3:cad>58</ns3:cad>
          </ns3:TrackPointExtension>
        </extensions>
      </trkpt>
      <trkpt lat="43.18675872869789600372314453125" lon="-109.63859855197370052337646484375">
        <ele>3554.60009765625</ele>
        <time>2017-09-02T21:30:15.000Z</time>
        <extensions>
          <ns3:TrackPointExtension>
            <ns3:atemp>33.0</ns3:atemp>
            <ns3:cad>58</ns3:cad>
          </ns3:TrackPointExtension>
        </extensions>
      </trkpt>
      <trkpt lat="43.18679384887218475341796875" lon="-109.63859218172729015350341796875">
        <ele>3554.199951171875</ele>
        <time>2017-09-02T21:30:19.000Z</time>
        <extensions>
          <ns3:TrackPointExtension>
            <ns3:atemp>33.0</ns3:atemp>
            <ns3:cad>58</ns3:cad>
          </ns3:TrackPointExtension>
        </extensions>
      </trkpt>
      <trkpt lat="43.1868080981075763702392578125" lon="-109.63859729468822479248046875">
        <ele>3554</ele>
        <time>2017-09-02T21:30:20.000Z</time>
        <extensions>
          <ns3:TrackPointExtension>
            <ns3:atemp>33.0</ns3:atemp>
            <ns3:cad>58</ns3:cad>
          </ns3:TrackPointExtension>
        </extensions>
      </trkpt>
      <trkpt lat="43.18683366291224956512451171875" lon="-109.63860525749623775482177734375">
        <ele>3554</ele>
        <time>2017-09-02T21:30:22.000Z</time>
        <extensions>
          <ns3:TrackPointExtension>
            <ns3:atemp>33.0</ns3:atemp>
            <ns3:cad>0</ns3:cad>
          </ns3:TrackPointExtension>
        </extensions>
      </trkpt>
      <trkpt lat="43.18684422411024570465087890625" lon="-109.6386100351810455322265625">
        <ele>3553.60009765625</ele>
        <time>2017-09-02T21:30:24.000Z</time>
        <extensions>
          <ns3:TrackPointExtension>
            <ns3:atemp>33.0</ns3:atemp>
            <ns3:cad>0</ns3:cad>
          </ns3:TrackPointExtension>
        </extensions>
      </trkpt>
      <trkpt lat="43.1868091039359569549560546875" lon="-109.6385662816464900970458984375">
        <ele>3553.60009765625</ele>
        <time>2017-09-02T21:30:32.000Z</time>
        <extensions>
          <ns3:TrackPointExtension>
            <ns3:atemp>34.0</ns3:atemp>
            <ns3:cad>0</ns3:cad>
          </ns3:TrackPointExtension>
        </extensions>
      </trkpt>
      <trkpt lat="43.18681471981108188629150390625" lon="-109.63863207958638668060302734375">
        <ele>3553</ele>
        <time>2017-09-02T21:30:54.000Z</time>
        <extensions>
          <ns3:TrackPointExtension>
            <ns3:atemp>34.0</ns3:atemp>
            <ns3:cad>0</ns3:cad>
          </ns3:TrackPointExtension>
        </extensions>
      </trkpt>
      <trkpt lat="43.18682092241942882537841796875" lon="-109.63857407681643962860107421875">
        <ele>3552.800048828125</ele>
        <time>2017-09-02T21:31:16.000Z</time>
        <extensions>
          <ns3:TrackPointExtension>
            <ns3:atemp>34.0</ns3:atemp>
            <ns3:cad>0</ns3:cad>
          </ns3:TrackPointExtension>
        </extensions>
      </trkpt>
      <trkpt lat="43.1869686953723430633544921875" lon="-109.63857340626418590545654296875">
        <ele>3553.199951171875</ele>
        <time>2017-09-02T21:31:32.000Z</time>
        <extensions>
          <ns3:TrackPointExtension>
            <ns3:atemp>34.0</ns3:atemp>
            <ns3:cad>61</ns3:cad>
          </ns3:TrackPointExtension>
        </extensions>
      </trkpt>
      <trkpt lat="43.18678370676934719085693359375" lon="-109.6385267190635204315185546875">
        <ele>3554</ele>
        <time>2017-09-02T21:32:03.000Z</time>
        <extensions>
          <ns3:TrackPointExtension>
            <ns3:atemp>34.0</ns3:atemp>
            <ns3:cad>0</ns3:cad>
          </ns3:TrackPointExtension>
        </extensions>
      </trkpt>
      <trkpt lat="43.18683818913996219635009765625" lon="-109.63853820227086544036865234375">
        <ele>3553</ele>
        <time>2017-09-02T21:32:42.000Z</time>
        <extensions>
          <ns3:TrackPointExtension>
            <ns3:atemp>34.0</ns3:atemp>
            <ns3:cad>61</ns3:cad>
          </ns3:TrackPointExtension>
        </extensions>
      </trkpt>
      <trkpt lat="43.186915554106235504150390625" lon="-109.63866745121777057647705078125">
        <ele>3552.800048828125</ele>
        <time>2017-09-02T21:33:31.000Z</time>
        <extensions>
          <ns3:TrackPointExtension>
            <ns3:atemp>34.0</ns3:atemp>
            <ns3:cad>0</ns3:cad>
          </ns3:TrackPointExtension>
        </extensions>
      </trkpt>
      <trkpt lat="43.186931312084197998046875" lon="-109.63869008235633373260498046875">
        <ele>3552.800048828125</ele>
        <time>2017-09-02T21:33:33.000Z</time>
        <extensions>
          <ns3:TrackPointExtension>
            <ns3:atemp>34.0</ns3:atemp>
            <ns3:cad>0</ns3:cad>
          </ns3:TrackPointExtension>
        </extensions>
      </trkpt>
      <trkpt lat="43.18699476309120655059814453125" lon="-109.63879971764981746673583984375">
        <ele>3553.800048828125</ele>
        <time>2017-09-02T21:33:44.000Z</time>
        <extensions>
          <ns3:TrackPointExtension>
            <ns3:atemp>34.0</ns3:atemp>
            <ns3:cad>0</ns3:cad>
          </ns3:TrackPointExtension>
        </extensions>
      </trkpt>
      <trkpt lat="43.1870106048882007598876953125" lon="-109.63882419280707836151123046875">
        <ele>3554</ele>
        <time>2017-09-02T21:33:47.000Z</time>
        <extensions>
          <ns3:TrackPointExtension>
            <ns3:atemp>34.0</ns3:atemp>
            <ns3:cad>0</ns3:cad>
          </ns3:TrackPointExtension>
        </extensions>
      </trkpt>
      <trkpt lat="43.187015466392040252685546875" lon="-109.63884883560240268707275390625">
        <ele>3554.199951171875</ele>
        <time>2017-09-02T21:33:49.000Z</time>
        <extensions>
          <ns3:TrackPointExtension>
            <ns3:atemp>34.0</ns3:atemp>
            <ns3:cad>0</ns3:cad>
          </ns3:TrackPointExtension>
        </extensions>
      </trkpt>
      <trkpt lat="43.1870109401643276214599609375" lon="-109.638851098716259002685546875">
        <ele>3554.39990234375</ele>
        <time>2017-09-02T21:33:50.000Z</time>
        <extensions>
          <ns3:TrackPointExtension>
            <ns3:atemp>34.0</ns3:atemp>
            <ns3:cad>0</ns3:cad>
          </ns3:TrackPointExtension>
        </extensions>
      </trkpt>
      <trkpt lat="43.18701739422976970672607421875" lon="-109.63887750171124935150146484375">
        <ele>3554.800048828125</ele>
        <time>2017-09-02T21:33:54.000Z</time>
        <extensions>
          <ns3:TrackPointExtension>
            <ns3:atemp>34.0</ns3:atemp>
            <ns3:cad>0</ns3:cad>
          </ns3:TrackPointExtension>
        </extensions>
      </trkpt>
      <trkpt lat="43.18705025129020214080810546875" lon="-109.638884626328945159912109375">
        <ele>3555.39990234375</ele>
        <time>2017-09-02T21:34:01.000Z</time>
        <extensions>
          <ns3:TrackPointExtension>
            <ns3:atemp>34.0</ns3:atemp>
            <ns3:cad>61</ns3:cad>
          </ns3:TrackPointExtension>
        </extensions>
      </trkpt>
      <trkpt lat="43.1870883889496326446533203125" lon="-109.63890650309622287750244140625">
        <ele>3556.39990234375</ele>
        <time>2017-09-02T21:34:10.000Z</time>
        <extensions>
          <ns3:TrackPointExtension>
            <ns3:atemp>34.0</ns3:atemp>
            <ns3:cad>0</ns3:cad>
          </ns3:TrackPointExtension>
        </extensions>
      </trkpt>
      <trkpt lat="43.18710900843143463134765625" lon="-109.638929553329944610595703125">
        <ele>3557.60009765625</ele>
        <time>2017-09-02T21:34:25.000Z</time>
        <extensions>
          <ns3:TrackPointExtension>
            <ns3:atemp>35.0</ns3:atemp>
            <ns3:cad>61</ns3:cad>
          </ns3:TrackPointExtension>
        </extensions>
      </trkpt>
      <trkpt lat="43.18713247776031494140625" lon="-109.63892544619739055633544921875">
        <ele>3558.60009765625</ele>
        <time>2017-09-02T21:34:37.000Z</time>
        <extensions>
          <ns3:TrackPointExtension>
            <ns3:atemp>35.0</ns3:atemp>
            <ns3:cad>0</ns3:cad>
          </ns3:TrackPointExtension>
        </extensions>
      </trkpt>
      <trkpt lat="43.18717882968485355377197265625" lon="-109.6389116160571575164794921875">
        <ele>3558.800048828125</ele>
        <time>2017-09-02T21:34:46.000Z</time>
        <extensions>
          <ns3:TrackPointExtension>
            <ns3:atemp>35.0</ns3:atemp>
            <ns3:cad>62</ns3:cad>
          </ns3:TrackPointExtension>
        </extensions>
      </trkpt>
      <trkpt lat="43.18713851273059844970703125" lon="-109.63903541676700115203857421875">
        <ele>3559.60009765625</ele>
        <time>2017-09-02T21:34:58.000Z</time>
        <extensions>
          <ns3:TrackPointExtension>
            <ns3:atemp>35.0</ns3:atemp>
            <ns3:cad>0</ns3:cad>
          </ns3:TrackPointExtension>
        </extensions>
      </trkpt>
      <trkpt lat="43.187146894633769989013671875" lon="-109.6390981972217559814453125">
        <ele>3560.800048828125</ele>
        <time>2017-09-02T21:35:12.000Z</time>
        <extensions>
          <ns3:TrackPointExtension>
            <ns3:atemp>35.0</ns3:atemp>
            <ns3:cad>0</ns3:cad>
          </ns3:TrackPointExtension>
        </extensions>
      </trkpt>
      <trkpt lat="43.1871815957129001617431640625" lon="-109.639053605496883392333984375">
        <ele>3561.800048828125</ele>
        <time>2017-09-02T21:35:34.000Z</time>
        <extensions>
          <ns3:TrackPointExtension>
            <ns3:atemp>35.0</ns3:atemp>
            <ns3:cad>0</ns3:cad>
          </ns3:TrackPointExtension>
        </extensions>
      </trkpt>
      <trkpt lat="43.187242783606052398681640625" lon="-109.6390205807983875274658203125">
        <ele>3562.800048828125</ele>
        <time>2017-09-02T21:35:51.000Z</time>
        <extensions>
          <ns3:TrackPointExtension>
            <ns3:atemp>36.0</ns3:atemp>
            <ns3:cad>0</ns3:cad>
          </ns3:TrackPointExtension>
        </extensions>
      </trkpt>
      <trkpt lat="43.18727253936231136322021484375" lon="-109.63901982642710208892822265625">
        <ele>3563.800048828125</ele>
        <time>2017-09-02T21:36:07.000Z</time>
        <extensions>
          <ns3:TrackPointExtension>
            <ns3:atemp>36.0</ns3:atemp>
            <ns3:cad>0</ns3:cad>
          </ns3:TrackPointExtension>
        </extensions>
      </trkpt>
      <trkpt lat="43.18725594319403171539306640625" lon="-109.63908277451992034912109375">
        <ele>3564.199951171875</ele>
        <time>2017-09-02T21:36:11.000Z</time>
        <extensions>
          <ns3:TrackPointExtension>
            <ns3:atemp>36.0</ns3:atemp>
            <ns3:cad>0</ns3:cad>
          </ns3:TrackPointExtension>
        </extensions>
      </trkpt>
      <trkpt lat="43.18728947080671787261962890625" lon="-109.6390403620898723602294921875">
        <ele>3565</ele>
        <time>2017-09-02T21:36:15.000Z</time>
        <extensions>
          <ns3:TrackPointExtension>
            <ns3:atemp>36.0</ns3:atemp>
            <ns3:cad>61</ns3:cad>
          </ns3:TrackPointExtension>
        </extensions>
      </trkpt>
      <trkpt lat="43.18717095069587230682373046875" lon="-109.63920255191624164581298828125">
        <ele>3566</ele>
        <time>2017-09-02T21:36:27.000Z</time>
        <extensions>
          <ns3:TrackPointExtension>
            <ns3:atemp>36.0</ns3:atemp>
            <ns3:cad>0</ns3:cad>
          </ns3:TrackPointExtension>
        </extensions>
      </trkpt>
      <trkpt lat="43.18720020353794097900390625" lon="-109.63918964378535747528076171875">
        <ele>3566.39990234375</ele>
        <time>2017-09-02T21:36:31.000Z</time>
        <extensions>
          <ns3:TrackPointExtension>
            <ns3:atemp>36.0</ns3:atemp>
            <ns3:cad>0</ns3:cad>
          </ns3:TrackPointExtension>
        </extensions>
      </trkpt>
      <trkpt lat="43.18727136589586734771728515625" lon="-109.63916902430355548858642578125">
        <ele>3567</ele>
        <time>2017-09-02T21:36:45.000Z</time>
        <extensions>
          <ns3:TrackPointExtension>
            <ns3:atemp>36.0</ns3:atemp>
            <ns3:cad>0</ns3:cad>
          </ns3:TrackPointExtension>
        </extensions>
      </trkpt>
      <trkpt lat="43.18724219687283039093017578125" lon="-109.63921847753226757049560546875">
        <ele>3568.199951171875</ele>
        <time>2017-09-02T21:36:52.000Z</time>
        <extensions>
          <ns3:TrackPointExtension>
            <ns3:atemp>36.0</ns3:atemp>
            <ns3:cad>0</ns3:cad>
          </ns3:TrackPointExtension>
        </extensions>
      </trkpt>
      <trkpt lat="43.1874154508113861083984375" lon="-109.639105908572673797607421875">
        <ele>3568.60009765625</ele>
        <time>2017-09-02T21:37:12.000Z</time>
        <extensions>
          <ns3:TrackPointExtension>
            <ns3:atemp>37.0</ns3:atemp>
            <ns3:cad>0</ns3:cad>
          </ns3:TrackPointExtension>
        </extensions>
      </trkpt>
      <trkpt lat="43.18739810027182102203369140625" lon="-109.6391620673239231109619140625">
        <ele>3569.199951171875</ele>
        <time>2017-09-02T21:37:19.000Z</time>
        <extensions>
          <ns3:TrackPointExtension>
            <ns3:atemp>37.0</ns3:atemp>
            <ns3:cad>0</ns3:cad>
          </ns3:TrackPointExtension>
        </extensions>
      </trkpt>
      <trkpt lat="43.187365829944610595703125" lon="-109.6392100118100643157958984375">
        <ele>3570.39990234375</ele>
        <time>2017-09-02T21:37:33.000Z</time>
        <extensions>
          <ns3:TrackPointExtension>
            <ns3:atemp>37.0</ns3:atemp>
            <ns3:cad>0</ns3:cad>
          </ns3:TrackPointExtension>
        </extensions>
      </trkpt>
      <trkpt lat="43.18733833730220794677734375" lon="-109.63925451971590518951416015625">
        <ele>3571.39990234375</ele>
        <time>2017-09-02T21:37:38.000Z</time>
        <extensions>
          <ns3:TrackPointExtension>
            <ns3:atemp>37.0</ns3:atemp>
            <ns3:cad>0</ns3:cad>
          </ns3:TrackPointExtension>
        </extensions>
      </trkpt>
      <trkpt lat="43.18734638392925262451171875" lon="-109.6392874605953693389892578125">
        <ele>3571.39990234375</ele>
        <time>2017-09-02T21:37:41.000Z</time>
        <extensions>
          <ns3:TrackPointExtension>
            <ns3:atemp>37.0</ns3:atemp>
            <ns3:cad>0</ns3:cad>
          </ns3:TrackPointExtension>
        </extensions>
      </trkpt>
      <trkpt lat="43.187325932085514068603515625" lon="-109.63936666958034038543701171875">
        <ele>3572.39990234375</ele>
        <time>2017-09-02T21:37:50.000Z</time>
        <extensions>
          <ns3:TrackPointExtension>
            <ns3:atemp>37.0</ns3:atemp>
            <ns3:cad>0</ns3:cad>
          </ns3:TrackPointExtension>
        </extensions>
      </trkpt>
      <trkpt lat="43.18733205087482929229736328125" lon="-109.6393449604511260986328125">
        <ele>3573</ele>
        <time>2017-09-02T21:38:09.000Z</time>
        <extensions>
          <ns3:TrackPointExtension>
            <ns3:atemp>37.0</ns3:atemp>
            <ns3:cad>60</ns3:cad>
          </ns3:TrackPointExtension>
        </extensions>
      </trkpt>
      <trkpt lat="43.18735174834728240966796875" lon="-109.6393437869846820831298828125">
        <ele>3573.60009765625</ele>
        <time>2017-09-02T21:38:16.000Z</time>
        <extensions>
          <ns3:TrackPointExtension>
            <ns3:atemp>37.0</ns3:atemp>
            <ns3:cad>0</ns3:cad>
          </ns3:TrackPointExtension>
        </extensions>
      </trkpt>
      <trkpt lat="43.1873938255012035369873046875" lon="-109.6393649093806743621826171875">
        <ele>3574.60009765625</ele>
        <time>2017-09-02T21:38:27.000Z</time>
        <extensions>
          <ns3:TrackPointExtension>
            <ns3:atemp>37.0</ns3:atemp>
            <ns3:cad>62</ns3:cad>
          </ns3:TrackPointExtension>
        </extensions>
      </trkpt>
      <trkpt lat="43.18739776499569416046142578125" lon="-109.63939567096531391143798828125">
        <ele>3575.800048828125</ele>
        <time>2017-09-02T21:38:34.000Z</time>
        <extensions>
          <ns3:TrackPointExtension>
            <ns3:atemp>36.0</ns3:atemp>
            <ns3:cad>0</ns3:cad>
          </ns3:TrackPointExtension>
        </extensions>
      </trkpt>
      <trkpt lat="43.18739910610020160675048828125" lon="-109.6392267756164073944091796875">
        <ele>3575.39990234375</ele>
        <time>2017-09-02T21:39:10.000Z</time>
        <extensions>
          <ns3:TrackPointExtension>
            <ns3:atemp>36.0</ns3:atemp>
            <ns3:cad>0</ns3:cad>
          </ns3:TrackPointExtension>
        </extensions>
      </trkpt>
      <trkpt lat="43.18733523599803447723388671875" lon="-109.6392690204083919525146484375">
        <ele>3575.39990234375</ele>
        <time>2017-09-02T21:39:17.000Z</time>
        <extensions>
          <ns3:TrackPointExtension>
            <ns3:atemp>36.0</ns3:atemp>
            <ns3:cad>0</ns3:cad>
          </ns3:TrackPointExtension>
        </extensions>
      </trkpt>
      <trkpt lat="43.1873864494264125823974609375" lon="-109.6393307112157344818115234375">
        <ele>3575.39990234375</ele>
        <time>2017-09-02T21:39:41.000Z</time>
        <extensions>
          <ns3:TrackPointExtension>
            <ns3:atemp>35.0</ns3:atemp>
            <ns3:cad>0</ns3:cad>
          </ns3:TrackPointExtension>
        </extensions>
      </trkpt>
      <trkpt lat="43.18743699230253696441650390625" lon="-109.63926206342875957489013671875">
        <ele>3575.39990234375</ele>
        <time>2017-09-02T21:39:51.000Z</time>
        <extensions>
          <ns3:TrackPointExtension>
            <ns3:atemp>35.0</ns3:atemp>
            <ns3:cad>0</ns3:cad>
          </ns3:TrackPointExtension>
        </extensions>
      </trkpt>
      <trkpt lat="43.18739709444344043731689453125" lon="-109.63927145116031169891357421875">
        <ele>3574.60009765625</ele>
        <time>2017-09-02T21:39:58.000Z</time>
        <extensions>
          <ns3:TrackPointExtension>
            <ns3:atemp>35.0</ns3:atemp>
            <ns3:cad>0</ns3:cad>
          </ns3:TrackPointExtension>
        </extensions>
      </trkpt>
      <trkpt lat="43.18740447051823139190673828125" lon="-109.6392961777746677398681640625">
        <ele>3574.60009765625</ele>
        <time>2017-09-02T21:40:32.000Z</time>
        <extensions>
          <ns3:TrackPointExtension>
            <ns3:atemp>34.0</ns3:atemp>
            <ns3:cad>0</ns3:cad>
          </ns3:TrackPointExtension>
        </extensions>
      </trkpt>
      <trkpt lat="43.1873966753482818603515625" lon="-109.63923691771924495697021484375">
        <ele>3574.800048828125</ele>
        <time>2017-09-02T21:41:27.000Z</time>
        <extensions>
          <ns3:TrackPointExtension>
            <ns3:atemp>33.0</ns3:atemp>
            <ns3:cad>0</ns3:cad>
          </ns3:TrackPointExtension>
        </extensions>
      </trkpt>
      <trkpt lat="43.18739441223442554473876953125" lon="-109.6393074095249176025390625">
        <ele>3575.800048828125</ele>
        <time>2017-09-02T21:41:44.000Z</time>
        <extensions>
          <ns3:TrackPointExtension>
            <ns3:atemp>32.0</ns3:atemp>
            <ns3:cad>0</ns3:cad>
          </ns3:TrackPointExtension>
        </extensions>
      </trkpt>
      <trkpt lat="43.18740329705178737640380859375" lon="-109.6393048949539661407470703125">
        <ele>3576</ele>
        <time>2017-09-02T21:41:46.000Z</time>
        <extensions>
          <ns3:TrackPointExtension>
            <ns3:atemp>32.0</ns3:atemp>
            <ns3:cad>0</ns3:cad>
          </ns3:TrackPointExtension>
        </extensions>
      </trkpt>
      <trkpt lat="43.18744101561605930328369140625" lon="-109.63929676450788974761962890625">
        <ele>3576.800048828125</ele>
        <time>2017-09-02T21:41:53.000Z</time>
        <extensions>
          <ns3:TrackPointExtension>
            <ns3:atemp>32.0</ns3:atemp>
            <ns3:cad>61</ns3:cad>
          </ns3:TrackPointExtension>
        </extensions>
      </trkpt>
      <trkpt lat="43.18740681745111942291259765625" lon="-109.6393825113773345947265625">
        <ele>3576.199951171875</ele>
        <time>2017-09-02T21:42:12.000Z</time>
        <extensions>
          <ns3:TrackPointExtension>
            <ns3:atemp>32.0</ns3:atemp>
            <ns3:cad>61</ns3:cad>
          </ns3:TrackPointExtension>
        </extensions>
      </trkpt>
      <trkpt lat="43.18732501007616519927978515625" lon="-109.63944344781339168548583984375">
        <ele>3576.199951171875</ele>
        <time>2017-09-02T21:42:24.000Z</time>
        <extensions>
          <ns3:TrackPointExtension>
            <ns3:atemp>32.0</ns3:atemp>
            <ns3:cad>0</ns3:cad>
          </ns3:TrackPointExtension>
        </extensions>
      </trkpt>
      <trkpt lat="43.1872952543199062347412109375" lon="-109.63947228156030178070068359375">
        <ele>3576</ele>
        <time>2017-09-02T21:42:36.000Z</time>
        <extensions>
          <ns3:TrackPointExtension>
            <ns3:atemp>32.0</ns3:atemp>
            <ns3:cad>0</ns3:cad>
          </ns3:TrackPointExtension>
        </extensions>
      </trkpt>
      <trkpt lat="43.1873054802417755126953125" lon="-109.63946163654327392578125">
        <ele>3576</ele>
        <time>2017-09-02T21:42:37.000Z</time>
        <extensions>
          <ns3:TrackPointExtension>
            <ns3:atemp>32.0</ns3:atemp>
            <ns3:cad>0</ns3:cad>
          </ns3:TrackPointExtension>
        </extensions>
      </trkpt>
      <trkpt lat="43.18727404810488224029541015625" lon="-109.63963053189218044281005859375">
        <ele>3577.199951171875</ele>
        <time>2017-09-02T21:43:06.000Z</time>
        <extensions>
          <ns3:TrackPointExtension>
            <ns3:atemp>31.0</ns3:atemp>
            <ns3:cad>0</ns3:cad>
          </ns3:TrackPointExtension>
        </extensions>
      </trkpt>
      <trkpt lat="43.18727237172424793243408203125" lon="-109.63962835259735584259033203125">
        <ele>3577.199951171875</ele>
        <time>2017-09-02T21:43:08.000Z</time>
        <extensions>
          <ns3:TrackPointExtension>
            <ns3:atemp>31.0</ns3:atemp>
            <ns3:cad>61</ns3:cad>
          </ns3:TrackPointExtension>
        </extensions>
      </trkpt>
      <trkpt lat="43.18742877803742885589599609375" lon="-109.63940329849720001220703125">
        <ele>3577.199951171875</ele>
        <time>2017-09-02T21:43:21.000Z</time>
        <extensions>
          <ns3:TrackPointExtension>
            <ns3:atemp>31.0</ns3:atemp>
            <ns3:cad>0</ns3:cad>
          </ns3:TrackPointExtension>
        </extensions>
      </trkpt>
      <trkpt lat="43.18742685019969940185546875" lon="-109.63939919136464595794677734375">
        <ele>3577</ele>
        <time>2017-09-02T21:43:22.000Z</time>
        <extensions>
          <ns3:TrackPointExtension>
            <ns3:atemp>31.0</ns3:atemp>
            <ns3:cad>0</ns3:cad>
          </ns3:TrackPointExtension>
        </extensions>
      </trkpt>
      <trkpt lat="43.1874659098684787750244140625" lon="-109.6393447928130626678466796875">
        <ele>3576.800048828125</ele>
        <time>2017-09-02T21:43:24.000Z</time>
        <extensions>
          <ns3:TrackPointExtension>
            <ns3:atemp>31.0</ns3:atemp>
            <ns3:cad>0</ns3:cad>
          </ns3:TrackPointExtension>
        </extensions>
      </trkpt>
      <trkpt lat="43.18746800534427165985107421875" lon="-109.6393400989472866058349609375">
        <ele>3577</ele>
        <time>2017-09-02T21:43:26.000Z</time>
        <extensions>
          <ns3:TrackPointExtension>
            <ns3:atemp>31.0</ns3:atemp>
            <ns3:cad>0</ns3:cad>
          </ns3:TrackPointExtension>
        </extensions>
      </trkpt>
      <trkpt lat="43.18744587711989879608154296875" lon="-109.63940405286848545074462890625">
        <ele>3577.800048828125</ele>
        <time>2017-09-02T21:43:33.000Z</time>
        <extensions>
          <ns3:TrackPointExtension>
            <ns3:atemp>31.0</ns3:atemp>
            <ns3:cad>0</ns3:cad>
          </ns3:TrackPointExtension>
        </extensions>
      </trkpt>
      <trkpt lat="43.18744537420570850372314453125" lon="-109.63940958492457866668701171875">
        <ele>3578</ele>
        <time>2017-09-02T21:43:36.000Z</time>
        <extensions>
          <ns3:TrackPointExtension>
            <ns3:atemp>31.0</ns3:atemp>
            <ns3:cad>0</ns3:cad>
          </ns3:TrackPointExtension>
        </extensions>
      </trkpt>
      <trkpt lat="43.1874672509729862213134765625" lon="-109.639431126415729522705078125">
        <ele>3579</ele>
        <time>2017-09-02T21:43:52.000Z</time>
        <extensions>
          <ns3:TrackPointExtension>
            <ns3:atemp>31.0</ns3:atemp>
            <ns3:cad>0</ns3:cad>
          </ns3:TrackPointExtension>
        </extensions>
      </trkpt>
      <trkpt lat="43.18746733479201793670654296875" lon="-109.63947529904544353485107421875">
        <ele>3580</ele>
        <time>2017-09-02T21:44:29.000Z</time>
        <extensions>
          <ns3:TrackPointExtension>
            <ns3:atemp>30.0</ns3:atemp>
            <ns3:cad>0</ns3:cad>
          </ns3:TrackPointExtension>
        </extensions>
      </trkpt>
      <trkpt lat="43.1875200569629669189453125" lon="-109.63942945003509521484375">
        <ele>3581</ele>
        <time>2017-09-02T21:44:42.000Z</time>
        <extensions>
          <ns3:TrackPointExtension>
            <ns3:atemp>30.0</ns3:atemp>
            <ns3:cad>0</ns3:cad>
          </ns3:TrackPointExtension>
        </extensions>
      </trkpt>
      <trkpt lat="43.187508992850780487060546875" lon="-109.63948502205312252044677734375">
        <ele>3582</ele>
        <time>2017-09-02T21:44:59.000Z</time>
        <extensions>
          <ns3:TrackPointExtension>
            <ns3:atemp>30.0</ns3:atemp>
            <ns3:cad>0</ns3:cad>
          </ns3:TrackPointExtension>
        </extensions>
      </trkpt>
      <trkpt lat="43.18755299784243106842041015625" lon="-109.6394983492791652679443359375">
        <ele>3583.199951171875</ele>
        <time>2017-09-02T21:45:10.000Z</time>
        <extensions>
          <ns3:TrackPointExtension>
            <ns3:atemp>30.0</ns3:atemp>
            <ns3:cad>61</ns3:cad>
          </ns3:TrackPointExtension>
        </extensions>
      </trkpt>
      <trkpt lat="43.1875574402511119842529296875" lon="-109.639498181641101837158203125">
        <ele>3583.199951171875</ele>
        <time>2017-09-02T21:45:11.000Z</time>
        <extensions>
          <ns3:TrackPointExtension>
            <ns3:atemp>30.0</ns3:atemp>
            <ns3:cad>61</ns3:cad>
          </ns3:TrackPointExtension>
        </extensions>
      </trkpt>
      <trkpt lat="43.1875763833522796630859375" lon="-109.63950513862073421478271484375">
        <ele>3584.199951171875</ele>
        <time>2017-09-02T21:45:23.000Z</time>
        <extensions>
          <ns3:TrackPointExtension>
            <ns3:atemp>30.0</ns3:atemp>
            <ns3:cad>61</ns3:cad>
          </ns3:TrackPointExtension>
        </extensions>
      </trkpt>
      <trkpt lat="43.18758669309318065643310546875" lon="-109.639495499432086944580078125">
        <ele>3584.39990234375</ele>
        <time>2017-09-02T21:45:25.000Z</time>
        <extensions>
          <ns3:TrackPointExtension>
            <ns3:atemp>30.0</ns3:atemp>
            <ns3:cad>0</ns3:cad>
          </ns3:TrackPointExtension>
        </extensions>
      </trkpt>
      <trkpt lat="43.18754008971154689788818359375" lon="-109.6396240778267383575439453125">
        <ele>3585.199951171875</ele>
        <time>2017-09-02T21:45:59.000Z</time>
        <extensions>
          <ns3:TrackPointExtension>
            <ns3:atemp>29.0</ns3:atemp>
            <ns3:cad>0</ns3:cad>
          </ns3:TrackPointExtension>
        </extensions>
      </trkpt>
      <trkpt lat="43.1875322945415973663330078125" lon="-109.63963740505278110504150390625">
        <ele>3586.39990234375</ele>
        <time>2017-09-02T21:46:05.000Z</time>
        <extensions>
          <ns3:TrackPointExtension>
            <ns3:atemp>29.0</ns3:atemp>
            <ns3:cad>0</ns3:cad>
          </ns3:TrackPointExtension>
        </extensions>
      </trkpt>
      <trkpt lat="43.1875534169375896453857421875" lon="-109.63969524018466472625732421875">
        <ele>3587.39990234375</ele>
        <time>2017-09-02T21:46:16.000Z</time>
        <extensions>
          <ns3:TrackPointExtension>
            <ns3:atemp>29.0</ns3:atemp>
            <ns3:cad>0</ns3:cad>
          </ns3:TrackPointExtension>
        </extensions>
      </trkpt>
      <trkpt lat="43.18760580383241176605224609375" lon="-109.63964394293725490570068359375">
        <ele>3588.60009765625</ele>
        <time>2017-09-02T21:46:28.000Z</time>
        <extensions>
          <ns3:TrackPointExtension>
            <ns3:atemp>29.0</ns3:atemp>
            <ns3:cad>78</ns3:cad>
          </ns3:TrackPointExtension>
        </extensions>
      </trkpt>
      <trkpt lat="43.18764788098633289337158203125" lon="-109.63965098373591899871826171875">
        <ele>3589.60009765625</ele>
        <time>2017-09-02T21:46:49.000Z</time>
        <extensions>
          <ns3:TrackPointExtension>
            <ns3:atemp>29.0</ns3:atemp>
            <ns3:cad>0</ns3:cad>
          </ns3:TrackPointExtension>
        </extensions>
      </trkpt>
      <trkpt lat="43.187590129673480987548828125" lon="-109.63968518190085887908935546875">
        <ele>3590.39990234375</ele>
        <time>2017-09-02T21:47:08.000Z</time>
        <extensions>
          <ns3:TrackPointExtension>
            <ns3:atemp>29.0</ns3:atemp>
            <ns3:cad>0</ns3:cad>
          </ns3:TrackPointExtension>
        </extensions>
      </trkpt>
      <trkpt lat="43.18758686073124408721923828125" lon="-109.6397099085152149200439453125">
        <ele>3590.60009765625</ele>
        <time>2017-09-02T21:47:10.000Z</time>
        <extensions>
          <ns3:TrackPointExtension>
            <ns3:atemp>29.0</ns3:atemp>
            <ns3:cad>0</ns3:cad>
          </ns3:TrackPointExtension>
        </extensions>
      </trkpt>
      <trkpt lat="43.18763564340770244598388671875" lon="-109.6397122554481029510498046875">
        <ele>3591.800048828125</ele>
        <time>2017-09-02T21:47:18.000Z</time>
        <extensions>
          <ns3:TrackPointExtension>
            <ns3:atemp>29.0</ns3:atemp>
            <ns3:cad>0</ns3:cad>
          </ns3:TrackPointExtension>
        </extensions>
      </trkpt>
      <trkpt lat="43.187651149928569793701171875" lon="-109.63970948942005634307861328125">
        <ele>3592</ele>
        <time>2017-09-02T21:47:20.000Z</time>
        <extensions>
          <ns3:TrackPointExtension>
            <ns3:atemp>29.0</ns3:atemp>
            <ns3:cad>0</ns3:cad>
          </ns3:TrackPointExtension>
        </extensions>
      </trkpt>
      <trkpt lat="43.18766112439334392547607421875" lon="-109.6397253312170505523681640625">
        <ele>3592.800048828125</ele>
        <time>2017-09-02T21:47:27.000Z</time>
        <extensions>
          <ns3:TrackPointExtension>
            <ns3:atemp>29.0</ns3:atemp>
            <ns3:cad>0</ns3:cad>
          </ns3:TrackPointExtension>
        </extensions>
      </trkpt>
      <trkpt lat="43.1876955740153789520263671875" lon="-109.639735557138919830322265625">
        <ele>3593.800048828125</ele>
        <time>2017-09-02T21:47:47.000Z</time>
        <extensions>
          <ns3:TrackPointExtension>
            <ns3:atemp>28.0</ns3:atemp>
            <ns3:cad>0</ns3:cad>
          </ns3:TrackPointExtension>
        </extensions>
      </trkpt>
      <trkpt lat="43.1877327896654605865478515625" lon="-109.6397437714040279388427734375">
        <ele>3594.800048828125</ele>
        <time>2017-09-02T21:47:57.000Z</time>
        <extensions>
          <ns3:TrackPointExtension>
            <ns3:atemp>28.0</ns3:atemp>
            <ns3:cad>0</ns3:cad>
          </ns3:TrackPointExtension>
        </extensions>
      </trkpt>
      <trkpt lat="43.18776941858232021331787109375" lon="-109.63973312638700008392333984375">
        <ele>3596</ele>
        <time>2017-09-02T21:48:28.000Z</time>
        <extensions>
          <ns3:TrackPointExtension>
            <ns3:atemp>28.0</ns3:atemp>
            <ns3:cad>67</ns3:cad>
          </ns3:TrackPointExtension>
        </extensions>
      </trkpt>
      <trkpt lat="43.18781308829784393310546875" lon="-109.6397179551422595977783203125">
        <ele>3596.60009765625</ele>
        <time>2017-09-02T21:48:36.000Z</time>
        <extensions>
          <ns3:TrackPointExtension>
            <ns3:atemp>28.0</ns3:atemp>
            <ns3:cad>0</ns3:cad>
          </ns3:TrackPointExtension>
        </extensions>
      </trkpt>
      <trkpt lat="43.18782289512455463409423828125" lon="-109.639723487198352813720703125">
        <ele>3597</ele>
        <time>2017-09-02T21:48:40.000Z</time>
        <extensions>
          <ns3:TrackPointExtension>
            <ns3:atemp>28.0</ns3:atemp>
            <ns3:cad>0</ns3:cad>
          </ns3:TrackPointExtension>
        </extensions>
      </trkpt>
      <trkpt lat="43.18786178715527057647705078125" lon="-109.6397206373512744903564453125">
        <ele>3598.199951171875</ele>
        <time>2017-09-02T21:48:48.000Z</time>
        <extensions>
          <ns3:TrackPointExtension>
            <ns3:atemp>28.0</ns3:atemp>
            <ns3:cad>0</ns3:cad>
          </ns3:TrackPointExtension>
        </extensions>
      </trkpt>
      <trkpt lat="43.18789447657763957977294921875" lon="-109.6397323720157146453857421875">
        <ele>3599.199951171875</ele>
        <time>2017-09-02T21:48:57.000Z</time>
        <extensions>
          <ns3:TrackPointExtension>
            <ns3:atemp>28.0</ns3:atemp>
            <ns3:cad>0</ns3:cad>
          </ns3:TrackPointExtension>
        </extensions>
      </trkpt>
      <trkpt lat="43.18794242106378078460693359375" lon="-109.639661125838756561279296875">
        <ele>3600.39990234375</ele>
        <time>2017-09-02T21:50:07.000Z</time>
        <extensions>
          <ns3:TrackPointExtension>
            <ns3:atemp>27.0</ns3:atemp>
            <ns3:cad>0</ns3:cad>
          </ns3:TrackPointExtension>
        </extensions>
      </trkpt>
      <trkpt lat="43.18797024898231029510498046875" lon="-109.63962499983608722686767578125">
        <ele>3601.39990234375</ele>
        <time>2017-09-02T21:50:13.000Z</time>
        <extensions>
          <ns3:TrackPointExtension>
            <ns3:atemp>27.0</ns3:atemp>
            <ns3:cad>0</ns3:cad>
          </ns3:TrackPointExtension>
        </extensions>
      </trkpt>
      <trkpt lat="43.18797930143773555755615234375" lon="-109.63963254354894161224365234375">
        <ele>3602</ele>
        <time>2017-09-02T21:50:17.000Z</time>
        <extensions>
          <ns3:TrackPointExtension>
            <ns3:atemp>27.0</ns3:atemp>
            <ns3:cad>72</ns3:cad>
          </ns3:TrackPointExtension>
        </extensions>
      </trkpt>
      <trkpt lat="43.187989778816699981689453125" lon="-109.63963421992957592010498046875">
        <ele>3602.199951171875</ele>
        <time>2017-09-02T21:50:19.000Z</time>
        <extensions>
          <ns3:TrackPointExtension>
            <ns3:atemp>27.0</ns3:atemp>
            <ns3:cad>72</ns3:cad>
          </ns3:TrackPointExtension>
        </extensions>
      </trkpt>
      <trkpt lat="43.1880107335746288299560546875" lon="-109.6396421827375888824462890625">
        <ele>3602.39990234375</ele>
        <time>2017-09-02T21:50:22.000Z</time>
        <extensions>
          <ns3:TrackPointExtension>
            <ns3:atemp>27.0</ns3:atemp>
            <ns3:cad>0</ns3:cad>
          </ns3:TrackPointExtension>
        </extensions>
      </trkpt>
      <trkpt lat="43.188021294772624969482421875" lon="-109.63964059017598628997802734375">
        <ele>3602.39990234375</ele>
        <time>2017-09-02T21:50:23.000Z</time>
        <extensions>
          <ns3:TrackPointExtension>
            <ns3:atemp>27.0</ns3:atemp>
            <ns3:cad>0</ns3:cad>
          </ns3:TrackPointExtension>
        </extensions>
      </trkpt>
      <trkpt lat="43.18802389316260814666748046875" lon="-109.6396391652524471282958984375">
        <ele>3602.39990234375</ele>
        <time>2017-09-02T21:50:25.000Z</time>
        <extensions>
          <ns3:TrackPointExtension>
            <ns3:atemp>27.0</ns3:atemp>
            <ns3:cad>0</ns3:cad>
          </ns3:TrackPointExtension>
        </extensions>
      </trkpt>
      <trkpt lat="43.18802305497229099273681640625" lon="-109.63965215720236301422119140625">
        <ele>3602.60009765625</ele>
        <time>2017-09-02T21:50:30.000Z</time>
        <extensions>
          <ns3:TrackPointExtension>
            <ns3:atemp>27.0</ns3:atemp>
            <ns3:cad>0</ns3:cad>
          </ns3:TrackPointExtension>
        </extensions>
      </trkpt>
      <trkpt lat="43.18804853595793247222900390625" lon="-109.63964327238500118255615234375">
        <ele>3602.60009765625</ele>
        <time>2017-09-02T21:50:36.000Z</time>
        <extensions>
          <ns3:TrackPointExtension>
            <ns3:atemp>27.0</ns3:atemp>
            <ns3:cad>0</ns3:cad>
          </ns3:TrackPointExtension>
        </extensions>
      </trkpt>
      <trkpt lat="43.1880868412554264068603515625" lon="-109.63962986133992671966552734375">
        <ele>3603</ele>
        <time>2017-09-02T21:50:43.000Z</time>
        <extensions>
          <ns3:TrackPointExtension>
            <ns3:atemp>27.0</ns3:atemp>
            <ns3:cad>0</ns3:cad>
          </ns3:TrackPointExtension>
        </extensions>
      </trkpt>
      <trkpt lat="43.18806261755526065826416015625" lon="-109.6396703459322452545166015625">
        <ele>3602.800048828125</ele>
        <time>2017-09-02T21:50:47.000Z</time>
        <extensions>
          <ns3:TrackPointExtension>
            <ns3:atemp>27.0</ns3:atemp>
            <ns3:cad>61</ns3:cad>
          </ns3:TrackPointExtension>
        </extensions>
      </trkpt>
      <trkpt lat="43.188051469624042510986328125" lon="-109.639692641794681549072265625">
        <ele>3602.60009765625</ele>
        <time>2017-09-02T21:50:50.000Z</time>
        <extensions>
          <ns3:TrackPointExtension>
            <ns3:atemp>27.0</ns3:atemp>
            <ns3:cad>61</ns3:cad>
          </ns3:TrackPointExtension>
        </extensions>
      </trkpt>
      <trkpt lat="43.18805071525275707244873046875" lon="-109.63969356380403041839599609375">
        <ele>3602.60009765625</ele>
        <time>2017-09-02T21:50:52.000Z</time>
        <extensions>
          <ns3:TrackPointExtension>
            <ns3:atemp>27.0</ns3:atemp>
            <ns3:cad>61</ns3:cad>
          </ns3:TrackPointExtension>
        </extensions>
      </trkpt>
      <trkpt lat="43.1880590133368968963623046875" lon="-109.63968786410987377166748046875">
        <ele>3602.39990234375</ele>
        <time>2017-09-02T21:50:55.000Z</time>
        <extensions>
          <ns3:TrackPointExtension>
            <ns3:atemp>27.0</ns3:atemp>
            <ns3:cad>0</ns3:cad>
          </ns3:TrackPointExtension>
        </extensions>
      </trkpt>
      <trkpt lat="43.18805205635726451873779296875" lon="-109.63969188742339611053466796875">
        <ele>3602.199951171875</ele>
        <time>2017-09-02T21:51:02.000Z</time>
        <extensions>
          <ns3:TrackPointExtension>
            <ns3:atemp>27.0</ns3:atemp>
            <ns3:cad>61</ns3:cad>
          </ns3:TrackPointExtension>
        </extensions>
      </trkpt>
      <trkpt lat="43.18803395144641399383544921875" lon="-109.6397112496197223663330078125">
        <ele>3602</ele>
        <time>2017-09-02T21:51:06.000Z</time>
        <extensions>
          <ns3:TrackPointExtension>
            <ns3:atemp>27.0</ns3:atemp>
            <ns3:cad>0</ns3:cad>
          </ns3:TrackPointExtension>
        </extensions>
      </trkpt>
      <trkpt lat="43.188036046922206878662109375" lon="-109.63970529846847057342529296875">
        <ele>3602</ele>
        <time>2017-09-02T21:51:08.000Z</time>
        <extensions>
          <ns3:TrackPointExtension>
            <ns3:atemp>27.0</ns3:atemp>
            <ns3:cad>0</ns3:cad>
          </ns3:TrackPointExtension>
        </extensions>
      </trkpt>
      <trkpt lat="43.1880378909409046173095703125" lon="-109.6397082321345806121826171875">
        <ele>3602.199951171875</ele>
        <time>2017-09-02T21:51:13.000Z</time>
        <extensions>
          <ns3:TrackPointExtension>
            <ns3:atemp>27.0</ns3:atemp>
            <ns3:cad>0</ns3:cad>
          </ns3:TrackPointExtension>
        </extensions>
      </trkpt>
      <trkpt lat="43.18801601417362689971923828125" lon="-109.63967629708349704742431640625">
        <ele>3602</ele>
        <time>2017-09-02T21:52:10.000Z</time>
        <extensions>
          <ns3:TrackPointExtension>
            <ns3:atemp>27.0</ns3:atemp>
            <ns3:cad>0</ns3:cad>
          </ns3:TrackPointExtension>
        </extensions>
      </trkpt>
      <trkpt lat="43.1880442611873149871826171875" lon="-109.63965835981070995330810546875">
        <ele>3601.800048828125</ele>
        <time>2017-09-02T21:53:27.000Z</time>
        <extensions>
          <ns3:TrackPointExtension>
            <ns3:atemp>27.0</ns3:atemp>
            <ns3:cad>0</ns3:cad>
          </ns3:TrackPointExtension>
        </extensions>
      </trkpt>
      <trkpt lat="43.18806714378297328948974609375" lon="-109.6398490481078624725341796875">
        <ele>3601.800048828125</ele>
        <time>2017-09-02T21:54:01.000Z</time>
        <extensions>
          <ns3:TrackPointExtension>
            <ns3:atemp>27.0</ns3:atemp>
            <ns3:cad>0</ns3:cad>
          </ns3:TrackPointExtension>
        </extensions>
      </trkpt>
      <trkpt lat="43.1880833208560943603515625" lon="-109.6398671530187129974365234375">
        <ele>3601.800048828125</ele>
        <time>2017-09-02T21:54:05.000Z</time>
        <extensions>
          <ns3:TrackPointExtension>
            <ns3:atemp>27.0</ns3:atemp>
            <ns3:cad>41</ns3:cad>
          </ns3:TrackPointExtension>
        </extensions>
      </trkpt>
      <trkpt lat="43.18808809854090213775634765625" lon="-109.6398808993399143218994140625">
        <ele>3603.39990234375</ele>
        <time>2017-09-02T21:54:07.000Z</time>
        <extensions>
          <ns3:TrackPointExtension>
            <ns3:atemp>27.0</ns3:atemp>
            <ns3:cad>0</ns3:cad>
          </ns3:TrackPointExtension>
        </extensions>
      </trkpt>
      <trkpt lat="43.188095390796661376953125" lon="-109.63987092487514019012451171875">
        <ele>3604.60009765625</ele>
        <time>2017-09-02T21:54:15.000Z</time>
        <extensions>
          <ns3:TrackPointExtension>
            <ns3:atemp>27.0</ns3:atemp>
            <ns3:cad>0</ns3:cad>
          </ns3:TrackPointExtension>
        </extensions>
      </trkpt>
      <trkpt lat="43.18812732584774494171142578125" lon="-109.6398470364511013031005859375">
        <ele>3605.60009765625</ele>
        <time>2017-09-02T21:54:23.000Z</time>
        <extensions>
          <ns3:TrackPointExtension>
            <ns3:atemp>27.0</ns3:atemp>
            <ns3:cad>61</ns3:cad>
          </ns3:TrackPointExtension>
        </extensions>
      </trkpt>
      <trkpt lat="43.1881369650363922119140625" lon="-109.639882408082485198974609375">
        <ele>3606.800048828125</ele>
        <time>2017-09-02T21:54:33.000Z</time>
        <extensions>
          <ns3:TrackPointExtension>
            <ns3:atemp>27.0</ns3:atemp>
            <ns3:cad>61</ns3:cad>
          </ns3:TrackPointExtension>
        </extensions>
      </trkpt>
      <trkpt lat="43.18816286511719226837158203125" lon="-109.63987746275961399078369140625">
        <ele>3607.800048828125</ele>
        <time>2017-09-02T21:54:41.000Z</time>
        <extensions>
          <ns3:TrackPointExtension>
            <ns3:atemp>27.0</ns3:atemp>
            <ns3:cad>0</ns3:cad>
          </ns3:TrackPointExtension>
        </extensions>
      </trkpt>
      <trkpt lat="43.1881669722497463226318359375" lon="-109.6398745290935039520263671875">
        <ele>3607.800048828125</ele>
        <time>2017-09-02T21:54:42.000Z</time>
        <extensions>
          <ns3:TrackPointExtension>
            <ns3:atemp>27.0</ns3:atemp>
            <ns3:cad>0</ns3:cad>
          </ns3:TrackPointExtension>
        </extensions>
      </trkpt>
      <trkpt lat="43.1881763599812984466552734375" lon="-109.6398933045566082000732421875">
        <ele>3608.39990234375</ele>
        <time>2017-09-02T21:54:48.000Z</time>
        <extensions>
          <ns3:TrackPointExtension>
            <ns3:atemp>27.0</ns3:atemp>
            <ns3:cad>52</ns3:cad>
          </ns3:TrackPointExtension>
        </extensions>
      </trkpt>
      <trkpt lat="43.18818390369415283203125" lon="-109.6399295143783092498779296875">
        <ele>3609</ele>
        <time>2017-09-02T21:54:52.000Z</time>
        <extensions>
          <ns3:TrackPointExtension>
            <ns3:atemp>27.0</ns3:atemp>
            <ns3:cad>0</ns3:cad>
          </ns3:TrackPointExtension>
        </extensions>
      </trkpt>
      <trkpt lat="43.188239894807338714599609375" lon="-109.6398892812430858612060546875">
        <ele>3610</ele>
        <time>2017-09-02T21:55:02.000Z</time>
        <extensions>
          <ns3:TrackPointExtension>
            <ns3:atemp>27.0</ns3:atemp>
            <ns3:cad>0</ns3:cad>
          </ns3:TrackPointExtension>
        </extensions>
      </trkpt>
      <trkpt lat="43.18825573660433292388916015625" lon="-109.63994954712688922882080078125">
        <ele>3611.199951171875</ele>
        <time>2017-09-02T21:55:12.000Z</time>
        <extensions>
          <ns3:TrackPointExtension>
            <ns3:atemp>27.0</ns3:atemp>
            <ns3:cad>0</ns3:cad>
          </ns3:TrackPointExtension>
        </extensions>
      </trkpt>
      <trkpt lat="43.18826730363070964813232421875" lon="-109.640011489391326904296875">
        <ele>3612.199951171875</ele>
        <time>2017-09-02T21:55:26.000Z</time>
        <extensions>
          <ns3:TrackPointExtension>
            <ns3:atemp>27.0</ns3:atemp>
            <ns3:cad>58</ns3:cad>
          </ns3:TrackPointExtension>
        </extensions>
      </trkpt>
      <trkpt lat="43.188279457390308380126953125" lon="-109.64001392014324665069580078125">
        <ele>3612.60009765625</ele>
        <time>2017-09-02T21:55:28.000Z</time>
        <extensions>
          <ns3:TrackPointExtension>
            <ns3:atemp>27.0</ns3:atemp>
            <ns3:cad>0</ns3:cad>
          </ns3:TrackPointExtension>
        </extensions>
      </trkpt>
      <trkpt lat="43.18828557617962360382080078125" lon="-109.63998223654925823211669921875">
        <ele>3613.199951171875</ele>
        <time>2017-09-02T21:55:43.000Z</time>
        <extensions>
          <ns3:TrackPointExtension>
            <ns3:atemp>26.0</ns3:atemp>
            <ns3:cad>0</ns3:cad>
          </ns3:TrackPointExtension>
        </extensions>
      </trkpt>
      <trkpt lat="43.1883247196674346923828125" lon="-109.64004124514758586883544921875">
        <ele>3614.39990234375</ele>
        <time>2017-09-02T21:55:50.000Z</time>
        <extensions>
          <ns3:TrackPointExtension>
            <ns3:atemp>26.0</ns3:atemp>
            <ns3:cad>0</ns3:cad>
          </ns3:TrackPointExtension>
        </extensions>
      </trkpt>
      <trkpt lat="43.18833469413220882415771484375" lon="-109.640053398907184600830078125">
        <ele>3614.60009765625</ele>
        <time>2017-09-02T21:55:51.000Z</time>
        <extensions>
          <ns3:TrackPointExtension>
            <ns3:atemp>26.0</ns3:atemp>
            <ns3:cad>0</ns3:cad>
          </ns3:TrackPointExtension>
        </extensions>
      </trkpt>
      <trkpt lat="43.18836369551718235015869140625" lon="-109.6401092223823070526123046875">
        <ele>3615</ele>
        <time>2017-09-02T21:55:55.000Z</time>
        <extensions>
          <ns3:TrackPointExtension>
            <ns3:atemp>26.0</ns3:atemp>
            <ns3:cad>0</ns3:cad>
          </ns3:TrackPointExtension>
        </extensions>
      </trkpt>
      <trkpt lat="43.18834341131150722503662109375" lon="-109.64014451019465923309326171875">
        <ele>3615.39990234375</ele>
        <time>2017-09-02T21:55:57.000Z</time>
        <extensions>
          <ns3:TrackPointExtension>
            <ns3:atemp>26.0</ns3:atemp>
            <ns3:cad>0</ns3:cad>
          </ns3:TrackPointExtension>
        </extensions>
      </trkpt>
      <trkpt lat="43.188331089913845062255859375" lon="-109.64017552323639392852783203125">
        <ele>3616.199951171875</ele>
        <time>2017-09-02T21:56:05.000Z</time>
        <extensions>
          <ns3:TrackPointExtension>
            <ns3:atemp>26.0</ns3:atemp>
            <ns3:cad>61</ns3:cad>
          </ns3:TrackPointExtension>
        </extensions>
      </trkpt>
      <trkpt lat="43.18834978155791759490966796875" lon="-109.6401523053646087646484375">
        <ele>3616.199951171875</ele>
        <time>2017-09-02T21:56:07.000Z</time>
        <extensions>
          <ns3:TrackPointExtension>
            <ns3:atemp>26.0</ns3:atemp>
            <ns3:cad>61</ns3:cad>
          </ns3:TrackPointExtension>
        </extensions>
      </trkpt>
      <trkpt lat="43.18831876851618289947509765625" lon="-109.64026319794356822967529296875">
        <ele>3616.39990234375</ele>
        <time>2017-09-02T21:56:12.000Z</time>
        <extensions>
          <ns3:TrackPointExtension>
            <ns3:atemp>26.0</ns3:atemp>
            <ns3:cad>0</ns3:cad>
          </ns3:TrackPointExtension>
        </extensions>
      </trkpt>
      <trkpt lat="43.18833502940833568572998046875" lon="-109.64027258567512035369873046875">
        <ele>3616.800048828125</ele>
        <time>2017-09-02T21:56:14.000Z</time>
        <extensions>
          <ns3:TrackPointExtension>
            <ns3:atemp>26.0</ns3:atemp>
            <ns3:cad>0</ns3:cad>
          </ns3:TrackPointExtension>
        </extensions>
      </trkpt>
      <trkpt lat="43.1884063594043254852294921875" lon="-109.64022195897996425628662109375">
        <ele>3617.60009765625</ele>
        <time>2017-09-02T21:56:20.000Z</time>
        <extensions>
          <ns3:TrackPointExtension>
            <ns3:atemp>26.0</ns3:atemp>
            <ns3:cad>0</ns3:cad>
          </ns3:TrackPointExtension>
        </extensions>
      </trkpt>
      <trkpt lat="43.18841365166008472442626953125" lon="-109.640198908746242523193359375">
        <ele>3618</ele>
        <time>2017-09-02T21:56:23.000Z</time>
        <extensions>
          <ns3:TrackPointExtension>
            <ns3:atemp>26.0</ns3:atemp>
            <ns3:cad>0</ns3:cad>
          </ns3:TrackPointExtension>
        </extensions>
      </trkpt>
      <trkpt lat="43.18848204798996448516845703125" lon="-109.64013285934925079345703125">
        <ele>3618.199951171875</ele>
        <time>2017-09-02T21:56:28.000Z</time>
        <extensions>
          <ns3:TrackPointExtension>
            <ns3:atemp>26.0</ns3:atemp>
            <ns3:cad>0</ns3:cad>
          </ns3:TrackPointExtension>
        </extensions>
      </trkpt>
      <trkpt lat="43.1885151565074920654296875" lon="-109.6401521377265453338623046875">
        <ele>3618.800048828125</ele>
        <time>2017-09-02T21:56:33.000Z</time>
        <extensions>
          <ns3:TrackPointExtension>
            <ns3:atemp>26.0</ns3:atemp>
            <ns3:cad>0</ns3:cad>
          </ns3:TrackPointExtension>
        </extensions>
      </trkpt>
      <trkpt lat="43.18853653036057949066162109375" lon="-109.6401628665626049041748046875">
        <ele>3619</ele>
        <time>2017-09-02T21:56:35.000Z</time>
        <extensions>
          <ns3:TrackPointExtension>
            <ns3:atemp>26.0</ns3:atemp>
            <ns3:cad>0</ns3:cad>
          </ns3:TrackPointExtension>
        </extensions>
      </trkpt>
      <trkpt lat="43.18858154118061065673828125" lon="-109.64020930230617523193359375">
        <ele>3619.800048828125</ele>
        <time>2017-09-02T21:56:44.000Z</time>
        <extensions>
          <ns3:TrackPointExtension>
            <ns3:atemp>26.0</ns3:atemp>
            <ns3:cad>0</ns3:cad>
          </ns3:TrackPointExtension>
        </extensions>
      </trkpt>
      <trkpt lat="43.18861800245940685272216796875" lon="-109.640213660895824432373046875">
        <ele>3619.800048828125</ele>
        <time>2017-09-02T21:56:46.000Z</time>
        <extensions>
          <ns3:TrackPointExtension>
            <ns3:atemp>26.0</ns3:atemp>
            <ns3:cad>61</ns3:cad>
          </ns3:TrackPointExtension>
        </extensions>
      </trkpt>
      <trkpt lat="43.1886346824467182159423828125" lon="-109.64021977968513965606689453125">
        <ele>3620</ele>
        <time>2017-09-02T21:56:48.000Z</time>
        <extensions>
          <ns3:TrackPointExtension>
            <ns3:atemp>26.0</ns3:atemp>
            <ns3:cad>0</ns3:cad>
          </ns3:TrackPointExtension>
        </extensions>
      </trkpt>
      <trkpt lat="43.1886366941034793853759765625" lon="-109.6402356214821338653564453125">
        <ele>3620.60009765625</ele>
        <time>2017-09-02T21:56:55.000Z</time>
        <extensions>
          <ns3:TrackPointExtension>
            <ns3:atemp>26.0</ns3:atemp>
            <ns3:cad>0</ns3:cad>
          </ns3:TrackPointExtension>
        </extensions>
      </trkpt>
      <trkpt lat="43.188638873398303985595703125" lon="-109.640237800776958465576171875">
        <ele>3620.800048828125</ele>
        <time>2017-09-02T21:56:56.000Z</time>
        <extensions>
          <ns3:TrackPointExtension>
            <ns3:atemp>26.0</ns3:atemp>
            <ns3:cad>0</ns3:cad>
          </ns3:TrackPointExtension>
        </extensions>
      </trkpt>
      <trkpt lat="43.18863250315189361572265625" lon="-109.64023939333856105804443359375">
        <ele>3621</ele>
        <time>2017-09-02T21:56:58.000Z</time>
        <extensions>
          <ns3:TrackPointExtension>
            <ns3:atemp>26.0</ns3:atemp>
            <ns3:cad>0</ns3:cad>
          </ns3:TrackPointExtension>
        </extensions>
      </trkpt>
      <trkpt lat="43.18864247761666774749755859375" lon="-109.64023201726377010345458984375">
        <ele>3621.60009765625</ele>
        <time>2017-09-02T21:57:01.000Z</time>
        <extensions>
          <ns3:TrackPointExtension>
            <ns3:atemp>26.0</ns3:atemp>
            <ns3:cad>0</ns3:cad>
          </ns3:TrackPointExtension>
        </extensions>
      </trkpt>
      <trkpt lat="43.18864993751049041748046875" lon="-109.64022262953221797943115234375">
        <ele>3621.800048828125</ele>
        <time>2017-09-02T21:57:03.000Z</time>
        <extensions>
          <ns3:TrackPointExtension>
            <ns3:atemp>26.0</ns3:atemp>
            <ns3:cad>0</ns3:cad>
          </ns3:TrackPointExtension>
        </extensions>
      </trkpt>
      <trkpt lat="43.1886896677315235137939453125" lon="-109.640153311192989349365234375">
        <ele>3622.60009765625</ele>
        <time>2017-09-02T21:57:11.000Z</time>
        <extensions>
          <ns3:TrackPointExtension>
            <ns3:atemp>26.0</ns3:atemp>
            <ns3:cad>0</ns3:cad>
          </ns3:TrackPointExtension>
        </extensions>
      </trkpt>
      <trkpt lat="43.188710622489452362060546875" lon="-109.64015071280300617218017578125">
        <ele>3622</ele>
        <time>2017-09-02T21:57:52.000Z</time>
        <extensions>
          <ns3:TrackPointExtension>
            <ns3:atemp>26.0</ns3:atemp>
            <ns3:cad>0</ns3:cad>
          </ns3:TrackPointExtension>
        </extensions>
      </trkpt>
      <trkpt lat="43.18872797302901744842529296875" lon="-109.640239141881465911865234375">
        <ele>3623</ele>
        <time>2017-09-02T21:58:11.000Z</time>
        <extensions>
          <ns3:TrackPointExtension>
            <ns3:atemp>26.0</ns3:atemp>
            <ns3:cad>0</ns3:cad>
          </ns3:TrackPointExtension>
        </extensions>
      </trkpt>
      <trkpt lat="43.18875211291015148162841796875" lon="-109.64025246910750865936279296875">
        <ele>3623.39990234375</ele>
        <time>2017-09-02T21:58:13.000Z</time>
        <extensions>
          <ns3:TrackPointExtension>
            <ns3:atemp>26.0</ns3:atemp>
            <ns3:cad>58</ns3:cad>
          </ns3:TrackPointExtension>
        </extensions>
      </trkpt>
      <trkpt lat="43.188776671886444091796875" lon="-109.640271328389644622802734375">
        <ele>3624</ele>
        <time>2017-09-02T21:58:16.000Z</time>
        <extensions>
          <ns3:TrackPointExtension>
            <ns3:atemp>26.0</ns3:atemp>
            <ns3:cad>0</ns3:cad>
          </ns3:TrackPointExtension>
        </extensions>
      </trkpt>
      <trkpt lat="43.18883609957993030548095703125" lon="-109.64029781520366668701171875">
        <ele>3624.800048828125</ele>
        <time>2017-09-02T21:58:24.000Z</time>
        <extensions>
          <ns3:TrackPointExtension>
            <ns3:atemp>26.0</ns3:atemp>
            <ns3:cad>0</ns3:cad>
          </ns3:TrackPointExtension>
        </extensions>
      </trkpt>
      <trkpt lat="43.18884699605405330657958984375" lon="-109.640284739434719085693359375">
        <ele>3625</ele>
        <time>2017-09-02T21:58:25.000Z</time>
        <extensions>
          <ns3:TrackPointExtension>
            <ns3:atemp>26.0</ns3:atemp>
            <ns3:cad>0</ns3:cad>
          </ns3:TrackPointExtension>
        </extensions>
      </trkpt>
      <trkpt lat="43.188891671597957611083984375" lon="-109.64028968475759029388427734375">
        <ele>3625.199951171875</ele>
        <time>2017-09-02T21:58:28.000Z</time>
        <extensions>
          <ns3:TrackPointExtension>
            <ns3:atemp>26.0</ns3:atemp>
            <ns3:cad>0</ns3:cad>
          </ns3:TrackPointExtension>
        </extensions>
      </trkpt>
      <trkpt lat="43.18892494775354862213134765625" lon="-109.64030208997428417205810546875">
        <ele>3625.39990234375</ele>
        <time>2017-09-02T21:58:31.000Z</time>
        <extensions>
          <ns3:TrackPointExtension>
            <ns3:atemp>26.0</ns3:atemp>
            <ns3:cad>0</ns3:cad>
          </ns3:TrackPointExtension>
        </extensions>
      </trkpt>
      <trkpt lat="43.1889280490577220916748046875" lon="-109.640277363359928131103515625">
        <ele>3626.199951171875</ele>
        <time>2017-09-02T21:58:35.000Z</time>
        <extensions>
          <ns3:TrackPointExtension>
            <ns3:atemp>26.0</ns3:atemp>
            <ns3:cad>19</ns3:cad>
          </ns3:TrackPointExtension>
        </extensions>
      </trkpt>
      <trkpt lat="43.18896551616489887237548828125" lon="-109.6402657963335514068603515625">
        <ele>3627.199951171875</ele>
        <time>2017-09-02T21:58:41.000Z</time>
        <extensions>
          <ns3:TrackPointExtension>
            <ns3:atemp>26.0</ns3:atemp>
            <ns3:cad>0</ns3:cad>
          </ns3:TrackPointExtension>
        </extensions>
      </trkpt>
      <trkpt lat="43.18896484561264514923095703125" lon="-109.64026487432420253753662109375">
        <ele>3627.39990234375</ele>
        <time>2017-09-02T21:58:42.000Z</time>
        <extensions>
          <ns3:TrackPointExtension>
            <ns3:atemp>26.0</ns3:atemp>
            <ns3:cad>0</ns3:cad>
          </ns3:TrackPointExtension>
        </extensions>
      </trkpt>
      <trkpt lat="43.18901128135621547698974609375" lon="-109.64027233421802520751953125">
        <ele>3628.39990234375</ele>
        <time>2017-09-02T21:58:51.000Z</time>
        <extensions>
          <ns3:TrackPointExtension>
            <ns3:atemp>26.0</ns3:atemp>
            <ns3:cad>0</ns3:cad>
          </ns3:TrackPointExtension>
        </extensions>
      </trkpt>
      <trkpt lat="43.18909660913050174713134765625" lon="-109.64024609886109828948974609375">
        <ele>3628.800048828125</ele>
        <time>2017-09-02T21:59:04.000Z</time>
        <extensions>
          <ns3:TrackPointExtension>
            <ns3:atemp>26.0</ns3:atemp>
            <ns3:cad>0</ns3:cad>
          </ns3:TrackPointExtension>
        </extensions>
      </trkpt>
      <trkpt lat="43.18907448090612888336181640625" lon="-109.64023210108280181884765625">
        <ele>3628.800048828125</ele>
        <time>2017-09-02T21:59:05.000Z</time>
        <extensions>
          <ns3:TrackPointExtension>
            <ns3:atemp>26.0</ns3:atemp>
            <ns3:cad>0</ns3:cad>
          </ns3:TrackPointExtension>
        </extensions>
      </trkpt>
      <trkpt lat="43.1890301406383514404296875" lon="-109.6402030996978282928466796875">
        <ele>3629</ele>
        <time>2017-09-02T21:59:08.000Z</time>
        <extensions>
          <ns3:TrackPointExtension>
            <ns3:atemp>26.0</ns3:atemp>
            <ns3:cad>61</ns3:cad>
          </ns3:TrackPointExtension>
        </extensions>
      </trkpt>
      <trkpt lat="43.1890202499926090240478515625" lon="-109.64020201005041599273681640625">
        <ele>3629.39990234375</ele>
        <time>2017-09-02T21:59:13.000Z</time>
        <extensions>
          <ns3:TrackPointExtension>
            <ns3:atemp>26.0</ns3:atemp>
            <ns3:cad>0</ns3:cad>
          </ns3:TrackPointExtension>
        </extensions>
      </trkpt>
      <trkpt lat="43.18906257860362529754638671875" lon="-109.64023503474891185760498046875">
        <ele>3630.39990234375</ele>
        <time>2017-09-02T21:59:21.000Z</time>
        <extensions>
          <ns3:TrackPointExtension>
            <ns3:atemp>26.0</ns3:atemp>
            <ns3:cad>0</ns3:cad>
          </ns3:TrackPointExtension>
        </extensions>
      </trkpt>
      <trkpt lat="43.189092837274074554443359375" lon="-109.64025733061134815216064453125">
        <ele>3631.60009765625</ele>
        <time>2017-09-02T21:59:30.000Z</time>
        <extensions>
          <ns3:TrackPointExtension>
            <ns3:atemp>26.0</ns3:atemp>
            <ns3:cad>0</ns3:cad>
          </ns3:TrackPointExtension>
        </extensions>
      </trkpt>
      <trkpt lat="43.189156539738178253173828125" lon="-109.6402429975569248199462890625">
        <ele>3632.39990234375</ele>
        <time>2017-09-02T21:59:43.000Z</time>
        <extensions>
          <ns3:TrackPointExtension>
            <ns3:atemp>26.0</ns3:atemp>
            <ns3:cad>0</ns3:cad>
          </ns3:TrackPointExtension>
        </extensions>
      </trkpt>
      <trkpt lat="43.18916064687073230743408203125" lon="-109.640242494642734527587890625">
        <ele>3632.60009765625</ele>
        <time>2017-09-02T21:59:44.000Z</time>
        <extensions>
          <ns3:TrackPointExtension>
            <ns3:atemp>26.0</ns3:atemp>
            <ns3:cad>0</ns3:cad>
          </ns3:TrackPointExtension>
        </extensions>
      </trkpt>
      <trkpt lat="43.18920138292014598846435546875" lon="-109.6402765251696109771728515625">
        <ele>3633.39990234375</ele>
        <time>2017-09-02T21:59:50.000Z</time>
        <extensions>
          <ns3:TrackPointExtension>
            <ns3:atemp>26.0</ns3:atemp>
            <ns3:cad>0</ns3:cad>
          </ns3:TrackPointExtension>
        </extensions>
      </trkpt>
      <trkpt lat="43.1892381794750690460205078125" lon="-109.64033125899732112884521484375">
        <ele>3633.60009765625</ele>
        <time>2017-09-02T21:59:52.000Z</time>
        <extensions>
          <ns3:TrackPointExtension>
            <ns3:atemp>26.0</ns3:atemp>
            <ns3:cad>0</ns3:cad>
          </ns3:TrackPointExtension>
        </extensions>
      </trkpt>
      <trkpt lat="43.18929903209209442138671875" lon="-109.64035908691585063934326171875">
        <ele>3634</ele>
        <time>2017-09-02T22:00:02.000Z</time>
        <extensions>
          <ns3:TrackPointExtension>
            <ns3:atemp>27.0</ns3:atemp>
            <ns3:cad>61</ns3:cad>
          </ns3:TrackPointExtension>
        </extensions>
      </trkpt>
      <trkpt lat="43.189399950206279754638671875" lon="-109.64043251238763332366943359375">
        <ele>3634.800048828125</ele>
        <time>2017-09-02T22:00:10.000Z</time>
        <extensions>
          <ns3:TrackPointExtension>
            <ns3:atemp>27.0</ns3:atemp>
            <ns3:cad>61</ns3:cad>
          </ns3:TrackPointExtension>
        </extensions>
      </trkpt>
      <trkpt lat="43.18940841592848300933837890625" lon="-109.6404384635388851165771484375">
        <ele>3635</ele>
        <time>2017-09-02T22:00:11.000Z</time>
        <extensions>
          <ns3:TrackPointExtension>
            <ns3:atemp>27.0</ns3:atemp>
            <ns3:cad>61</ns3:cad>
          </ns3:TrackPointExtension>
        </extensions>
      </trkpt>
      <trkpt lat="43.189429454505443572998046875" lon="-109.64045983739197254180908203125">
        <ele>3635.199951171875</ele>
        <time>2017-09-02T22:00:13.000Z</time>
        <extensions>
          <ns3:TrackPointExtension>
            <ns3:atemp>27.0</ns3:atemp>
            <ns3:cad>61</ns3:cad>
          </ns3:TrackPointExtension>
        </extensions>
      </trkpt>
      <trkpt lat="43.1894095055758953094482421875" lon="-109.64042949490249156951904296875">
        <ele>3635.800048828125</ele>
        <time>2017-09-02T22:00:24.000Z</time>
        <extensions>
          <ns3:TrackPointExtension>
            <ns3:atemp>27.0</ns3:atemp>
            <ns3:cad>61</ns3:cad>
          </ns3:TrackPointExtension>
        </extensions>
      </trkpt>
      <trkpt lat="43.1894544325768947601318359375" lon="-109.64048565365374088287353515625">
        <ele>3636.199951171875</ele>
        <time>2017-09-02T22:00:31.000Z</time>
        <extensions>
          <ns3:TrackPointExtension>
            <ns3:atemp>27.0</ns3:atemp>
            <ns3:cad>0</ns3:cad>
          </ns3:TrackPointExtension>
        </extensions>
      </trkpt>
      <trkpt lat="43.1894879601895809173583984375" lon="-109.64054214768111705780029296875">
        <ele>3636.60009765625</ele>
        <time>2017-09-02T22:00:35.000Z</time>
        <extensions>
          <ns3:TrackPointExtension>
            <ns3:atemp>27.0</ns3:atemp>
            <ns3:cad>0</ns3:cad>
          </ns3:TrackPointExtension>
        </extensions>
      </trkpt>
      <trkpt lat="43.18949592299759387969970703125" lon="-109.64057835750281810760498046875">
        <ele>3636.800048828125</ele>
        <time>2017-09-02T22:00:37.000Z</time>
        <extensions>
          <ns3:TrackPointExtension>
            <ns3:atemp>27.0</ns3:atemp>
            <ns3:cad>0</ns3:cad>
          </ns3:TrackPointExtension>
        </extensions>
      </trkpt>
      <trkpt lat="43.18950866349041461944580078125" lon="-109.64060920290648937225341796875">
        <ele>3637</ele>
        <time>2017-09-02T22:00:38.000Z</time>
        <extensions>
          <ns3:TrackPointExtension>
            <ns3:atemp>27.0</ns3:atemp>
            <ns3:cad>0</ns3:cad>
          </ns3:TrackPointExtension>
        </extensions>
      </trkpt>
      <trkpt lat="43.189511932432651519775390625" lon="-109.64063870720565319061279296875">
        <ele>3637.39990234375</ele>
        <time>2017-09-02T22:00:40.000Z</time>
        <extensions>
          <ns3:TrackPointExtension>
            <ns3:atemp>27.0</ns3:atemp>
            <ns3:cad>0</ns3:cad>
          </ns3:TrackPointExtension>
        </extensions>
      </trkpt>
      <trkpt lat="43.18950095213949680328369140625" lon="-109.6406496874988079071044921875">
        <ele>3637.60009765625</ele>
        <time>2017-09-02T22:00:42.000Z</time>
        <extensions>
          <ns3:TrackPointExtension>
            <ns3:atemp>27.0</ns3:atemp>
            <ns3:cad>0</ns3:cad>
          </ns3:TrackPointExtension>
        </extensions>
      </trkpt>
      <trkpt lat="43.1894695200026035308837890625" lon="-109.6406325884163379669189453125">
        <ele>3637.800048828125</ele>
        <time>2017-09-02T22:00:48.000Z</time>
        <extensions>
          <ns3:TrackPointExtension>
            <ns3:atemp>27.0</ns3:atemp>
            <ns3:cad>0</ns3:cad>
          </ns3:TrackPointExtension>
        </extensions>
      </trkpt>
      <trkpt lat="43.18946323357522487640380859375" lon="-109.6406252123415470123291015625">
        <ele>3638.199951171875</ele>
        <time>2017-09-02T22:00:50.000Z</time>
        <extensions>
          <ns3:TrackPointExtension>
            <ns3:atemp>28.0</ns3:atemp>
            <ns3:cad>0</ns3:cad>
          </ns3:TrackPointExtension>
        </extensions>
      </trkpt>
      <trkpt lat="43.1894527561962604522705078125" lon="-109.6406828798353672027587890625">
        <ele>3639</ele>
        <time>2017-09-02T22:01:03.000Z</time>
        <extensions>
          <ns3:TrackPointExtension>
            <ns3:atemp>28.0</ns3:atemp>
            <ns3:cad>0</ns3:cad>
          </ns3:TrackPointExtension>
        </extensions>
      </trkpt>
      <trkpt lat="43.18944529630243778228759765625" lon="-109.6406969614326953887939453125">
        <ele>3639.199951171875</ele>
        <time>2017-09-02T22:01:04.000Z</time>
        <extensions>
          <ns3:TrackPointExtension>
            <ns3:atemp>28.0</ns3:atemp>
            <ns3:cad>0</ns3:cad>
          </ns3:TrackPointExtension>
        </extensions>
      </trkpt>
      <trkpt lat="43.18939802236855030059814453125" lon="-109.64071263559162616729736328125">
        <ele>3640.199951171875</ele>
        <time>2017-09-02T22:01:38.000Z</time>
        <extensions>
          <ns3:TrackPointExtension>
            <ns3:atemp>28.0</ns3:atemp>
            <ns3:cad>0</ns3:cad>
          </ns3:TrackPointExtension>
        </extensions>
      </trkpt>
      <trkpt lat="43.189493827521800994873046875" lon="-109.64075739495456218719482421875">
        <ele>3641.199951171875</ele>
        <time>2017-09-02T22:01:49.000Z</time>
        <extensions>
          <ns3:TrackPointExtension>
            <ns3:atemp>28.0</ns3:atemp>
            <ns3:cad>0</ns3:cad>
          </ns3:TrackPointExtension>
        </extensions>
      </trkpt>
      <trkpt lat="43.18950497545301914215087890625" lon="-109.64075957424938678741455078125">
        <ele>3641.199951171875</ele>
        <time>2017-09-02T22:01:50.000Z</time>
        <extensions>
          <ns3:TrackPointExtension>
            <ns3:atemp>28.0</ns3:atemp>
            <ns3:cad>0</ns3:cad>
          </ns3:TrackPointExtension>
        </extensions>
      </trkpt>
      <trkpt lat="43.18952224217355251312255859375" lon="-109.64075940661132335662841796875">
        <ele>3641.60009765625</ele>
        <time>2017-09-02T22:01:52.000Z</time>
        <extensions>
          <ns3:TrackPointExtension>
            <ns3:atemp>28.0</ns3:atemp>
            <ns3:cad>0</ns3:cad>
          </ns3:TrackPointExtension>
        </extensions>
      </trkpt>
      <trkpt lat="43.18954713642597198486328125" lon="-109.6407552994787693023681640625">
        <ele>3642.199951171875</ele>
        <time>2017-09-02T22:01:55.000Z</time>
        <extensions>
          <ns3:TrackPointExtension>
            <ns3:atemp>28.0</ns3:atemp>
            <ns3:cad>0</ns3:cad>
          </ns3:TrackPointExtension>
        </extensions>
      </trkpt>
      <trkpt lat="43.18955761380493640899658203125" lon="-109.64075689204037189483642578125">
        <ele>3642.39990234375</ele>
        <time>2017-09-02T22:01:56.000Z</time>
        <extensions>
          <ns3:TrackPointExtension>
            <ns3:atemp>28.0</ns3:atemp>
            <ns3:cad>0</ns3:cad>
          </ns3:TrackPointExtension>
        </extensions>
      </trkpt>
      <trkpt lat="43.189564906060695648193359375" lon="-109.64077633805572986602783203125">
        <ele>3643.39990234375</ele>
        <time>2017-09-02T22:02:04.000Z</time>
        <extensions>
          <ns3:TrackPointExtension>
            <ns3:atemp>28.0</ns3:atemp>
            <ns3:cad>0</ns3:cad>
          </ns3:TrackPointExtension>
        </extensions>
      </trkpt>
      <trkpt lat="43.189556859433650970458984375" lon="-109.64079259894788265228271484375">
        <ele>3643.39990234375</ele>
        <time>2017-09-02T22:02:06.000Z</time>
        <extensions>
          <ns3:TrackPointExtension>
            <ns3:atemp>28.0</ns3:atemp>
            <ns3:cad>0</ns3:cad>
          </ns3:TrackPointExtension>
        </extensions>
      </trkpt>
      <trkpt lat="43.1895479746162891387939453125" lon="-109.64081254787743091583251953125">
        <ele>3643.60009765625</ele>
        <time>2017-09-02T22:02:10.000Z</time>
        <extensions>
          <ns3:TrackPointExtension>
            <ns3:atemp>29.0</ns3:atemp>
            <ns3:cad>61</ns3:cad>
          </ns3:TrackPointExtension>
        </extensions>
      </trkpt>
      <trkpt lat="43.18954101763665676116943359375" lon="-109.64079846628010272979736328125">
        <ele>3644.199951171875</ele>
        <time>2017-09-02T22:02:15.000Z</time>
        <extensions>
          <ns3:TrackPointExtension>
            <ns3:atemp>29.0</ns3:atemp>
            <ns3:cad>0</ns3:cad>
          </ns3:TrackPointExtension>
        </extensions>
      </trkpt>
      <trkpt lat="43.18954571150243282318115234375" lon="-109.64079863391816616058349609375">
        <ele>3644.39990234375</ele>
        <time>2017-09-02T22:02:16.000Z</time>
        <extensions>
          <ns3:TrackPointExtension>
            <ns3:atemp>29.0</ns3:atemp>
            <ns3:cad>0</ns3:cad>
          </ns3:TrackPointExtension>
        </extensions>
      </trkpt>
      <trkpt lat="43.1895773112773895263671875" lon="-109.6408106200397014617919921875">
        <ele>3645.39990234375</ele>
        <time>2017-09-02T22:02:24.000Z</time>
        <extensions>
          <ns3:TrackPointExtension>
            <ns3:atemp>29.0</ns3:atemp>
            <ns3:cad>61</ns3:cad>
          </ns3:TrackPointExtension>
        </extensions>
      </trkpt>
      <trkpt lat="43.18955308757722377777099609375" lon="-109.64082461781799793243408203125">
        <ele>3645.60009765625</ele>
        <time>2017-09-02T22:02:26.000Z</time>
        <extensions>
          <ns3:TrackPointExtension>
            <ns3:atemp>29.0</ns3:atemp>
            <ns3:cad>0</ns3:cad>
          </ns3:TrackPointExtension>
        </extensions>
      </trkpt>
      <trkpt lat="43.18958359770476818084716796875" lon="-109.640850014984607696533203125">
        <ele>3646.39990234375</ele>
        <time>2017-09-02T22:02:39.000Z</time>
        <extensions>
          <ns3:TrackPointExtension>
            <ns3:atemp>29.0</ns3:atemp>
            <ns3:cad>69</ns3:cad>
          </ns3:TrackPointExtension>
        </extensions>
      </trkpt>
      <trkpt lat="43.18962550722062587738037109375" lon="-109.6408568881452083587646484375">
        <ele>3646.800048828125</ele>
        <time>2017-09-02T22:02:43.000Z</time>
        <extensions>
          <ns3:TrackPointExtension>
            <ns3:atemp>29.0</ns3:atemp>
            <ns3:cad>61</ns3:cad>
          </ns3:TrackPointExtension>
        </extensions>
      </trkpt>
      <trkpt lat="43.18976967595517635345458984375" lon="-109.6407734043896198272705078125">
        <ele>3647</ele>
        <time>2017-09-02T22:02:52.000Z</time>
        <extensions>
          <ns3:TrackPointExtension>
            <ns3:atemp>29.0</ns3:atemp>
            <ns3:cad>0</ns3:cad>
          </ns3:TrackPointExtension>
        </extensions>
      </trkpt>
      <trkpt lat="43.1897789798676967620849609375" lon="-109.64077583514153957366943359375">
        <ele>3647.39990234375</ele>
        <time>2017-09-02T22:02:54.000Z</time>
        <extensions>
          <ns3:TrackPointExtension>
            <ns3:atemp>29.0</ns3:atemp>
            <ns3:cad>0</ns3:cad>
          </ns3:TrackPointExtension>
        </extensions>
      </trkpt>
      <trkpt lat="43.18982952274382114410400390625" lon="-109.640765525400638580322265625">
        <ele>3648.60009765625</ele>
        <time>2017-09-02T22:03:04.000Z</time>
        <extensions>
          <ns3:TrackPointExtension>
            <ns3:atemp>29.0</ns3:atemp>
            <ns3:cad>0</ns3:cad>
          </ns3:TrackPointExtension>
        </extensions>
      </trkpt>
      <trkpt lat="43.18984142504632472991943359375" lon="-109.6407656930387020111083984375">
        <ele>3648.800048828125</ele>
        <time>2017-09-02T22:03:05.000Z</time>
        <extensions>
          <ns3:TrackPointExtension>
            <ns3:atemp>29.0</ns3:atemp>
            <ns3:cad>61</ns3:cad>
          </ns3:TrackPointExtension>
        </extensions>
      </trkpt>
      <trkpt lat="43.1899060495197772979736328125" lon="-109.6407864801585674285888671875">
        <ele>3649.60009765625</ele>
        <time>2017-09-02T22:03:17.000Z</time>
        <extensions>
          <ns3:TrackPointExtension>
            <ns3:atemp>29.0</ns3:atemp>
            <ns3:cad>61</ns3:cad>
          </ns3:TrackPointExtension>
        </extensions>
      </trkpt>
      <trkpt lat="43.189920298755168914794921875" lon="-109.640813134610652923583984375">
        <ele>3650</ele>
        <time>2017-09-02T22:03:20.000Z</time>
        <extensions>
          <ns3:TrackPointExtension>
            <ns3:atemp>29.0</ns3:atemp>
            <ns3:cad>61</ns3:cad>
          </ns3:TrackPointExtension>
        </extensions>
      </trkpt>
      <trkpt lat="43.18993337452411651611328125" lon="-109.64082880876958370208740234375">
        <ele>3650.60009765625</ele>
        <time>2017-09-02T22:03:22.000Z</time>
        <extensions>
          <ns3:TrackPointExtension>
            <ns3:atemp>29.0</ns3:atemp>
            <ns3:cad>0</ns3:cad>
          </ns3:TrackPointExtension>
        </extensions>
      </trkpt>
      <trkpt lat="43.1898916326463222503662109375" lon="-109.64085613377392292022705078125">
        <ele>3650.800048828125</ele>
        <time>2017-09-02T22:03:23.000Z</time>
        <extensions>
          <ns3:TrackPointExtension>
            <ns3:atemp>30.0</ns3:atemp>
            <ns3:cad>0</ns3:cad>
          </ns3:TrackPointExtension>
        </extensions>
      </trkpt>
      <trkpt lat="43.18978610448539257049560546875" lon="-109.64092553593218326568603515625">
        <ele>3651.60009765625</ele>
        <time>2017-09-02T22:03:29.000Z</time>
        <extensions>
          <ns3:TrackPointExtension>
            <ns3:atemp>30.0</ns3:atemp>
            <ns3:cad>0</ns3:cad>
          </ns3:TrackPointExtension>
        </extensions>
      </trkpt>
      <trkpt lat="43.189758695662021636962890625" lon="-109.64095118455588817596435546875">
        <ele>3651.60009765625</ele>
        <time>2017-09-02T22:03:31.000Z</time>
        <extensions>
          <ns3:TrackPointExtension>
            <ns3:atemp>30.0</ns3:atemp>
            <ns3:cad>0</ns3:cad>
          </ns3:TrackPointExtension>
        </extensions>
      </trkpt>
      <trkpt lat="43.189713768661022186279296875" lon="-109.640978761017322540283203125">
        <ele>3651.800048828125</ele>
        <time>2017-09-02T22:03:33.000Z</time>
        <extensions>
          <ns3:TrackPointExtension>
            <ns3:atemp>30.0</ns3:atemp>
            <ns3:cad>0</ns3:cad>
          </ns3:TrackPointExtension>
        </extensions>
      </trkpt>
      <trkpt lat="43.1896948255598545074462890625" lon="-109.6409812755882740020751953125">
        <ele>3652.199951171875</ele>
        <time>2017-09-02T22:03:35.000Z</time>
        <extensions>
          <ns3:TrackPointExtension>
            <ns3:atemp>30.0</ns3:atemp>
            <ns3:cad>0</ns3:cad>
          </ns3:TrackPointExtension>
        </extensions>
      </trkpt>
      <trkpt lat="43.18969574756920337677001953125" lon="-109.640999548137187957763671875">
        <ele>3652.800048828125</ele>
        <time>2017-09-02T22:03:39.000Z</time>
        <extensions>
          <ns3:TrackPointExtension>
            <ns3:atemp>30.0</ns3:atemp>
            <ns3:cad>61</ns3:cad>
          </ns3:TrackPointExtension>
        </extensions>
      </trkpt>
      <trkpt lat="43.18969407118856906890869140625" lon="-109.6410013921558856964111328125">
        <ele>3653</ele>
        <time>2017-09-02T22:03:40.000Z</time>
        <extensions>
          <ns3:TrackPointExtension>
            <ns3:atemp>30.0</ns3:atemp>
            <ns3:cad>61</ns3:cad>
          </ns3:TrackPointExtension>
        </extensions>
      </trkpt>
      <trkpt lat="43.18967948667705059051513671875" lon="-109.64100860059261322021484375">
        <ele>3653.199951171875</ele>
        <time>2017-09-02T22:03:42.000Z</time>
        <extensions>
          <ns3:TrackPointExtension>
            <ns3:atemp>30.0</ns3:atemp>
            <ns3:cad>61</ns3:cad>
          </ns3:TrackPointExtension>
        </extensions>
      </trkpt>
      <trkpt lat="43.18969423882663249969482421875" lon="-109.64103902690112590789794921875">
        <ele>3654</ele>
        <time>2017-09-02T22:03:54.000Z</time>
        <extensions>
          <ns3:TrackPointExtension>
            <ns3:atemp>30.0</ns3:atemp>
            <ns3:cad>0</ns3:cad>
          </ns3:TrackPointExtension>
        </extensions>
      </trkpt>
      <trkpt lat="43.18975777365267276763916015625" lon="-109.64101396501064300537109375">
        <ele>3653.60009765625</ele>
        <time>2017-09-02T22:04:34.000Z</time>
        <extensions>
          <ns3:TrackPointExtension>
            <ns3:atemp>30.0</ns3:atemp>
            <ns3:cad>61</ns3:cad>
          </ns3:TrackPointExtension>
        </extensions>
      </trkpt>
      <trkpt lat="43.1898862682282924652099609375" lon="-109.64096610434353351593017578125">
        <ele>3653</ele>
        <time>2017-09-02T22:04:58.000Z</time>
        <extensions>
          <ns3:TrackPointExtension>
            <ns3:atemp>30.0</ns3:atemp>
            <ns3:cad>0</ns3:cad>
          </ns3:TrackPointExtension>
        </extensions>
      </trkpt>
      <trkpt lat="43.1900639645755290985107421875" lon="-109.64091866277158260345458984375">
        <ele>3653.39990234375</ele>
        <time>2017-09-02T22:05:17.000Z</time>
        <extensions>
          <ns3:TrackPointExtension>
            <ns3:atemp>31.0</ns3:atemp>
            <ns3:cad>0</ns3:cad>
          </ns3:TrackPointExtension>
        </extensions>
      </trkpt>
      <trkpt lat="43.19012087769806385040283203125" lon="-109.640911035239696502685546875">
        <ele>3653.39990234375</ele>
        <time>2017-09-02T22:05:48.000Z</time>
        <extensions>
          <ns3:TrackPointExtension>
            <ns3:atemp>31.0</ns3:atemp>
            <ns3:cad>61</ns3:cad>
          </ns3:TrackPointExtension>
        </extensions>
      </trkpt>
      <trkpt lat="43.19015373475849628448486328125" lon="-109.64096878655254840850830078125">
        <ele>3653.60009765625</ele>
        <time>2017-09-02T22:06:03.000Z</time>
        <extensions>
          <ns3:TrackPointExtension>
            <ns3:atemp>31.0</ns3:atemp>
            <ns3:cad>0</ns3:cad>
          </ns3:TrackPointExtension>
        </extensions>
      </trkpt>
      <trkpt lat="43.19015138782560825347900390625" lon="-109.64096895419061183929443359375">
        <ele>3653.60009765625</ele>
        <time>2017-09-02T22:06:05.000Z</time>
        <extensions>
          <ns3:TrackPointExtension>
            <ns3:atemp>31.0</ns3:atemp>
            <ns3:cad>0</ns3:cad>
          </ns3:TrackPointExtension>
        </extensions>
      </trkpt>
      <trkpt lat="43.19015675224363803863525390625" lon="-109.64096895419061183929443359375">
        <ele>3654</ele>
        <time>2017-09-02T22:06:07.000Z</time>
        <extensions>
          <ns3:TrackPointExtension>
            <ns3:atemp>31.0</ns3:atemp>
            <ns3:cad>0</ns3:cad>
          </ns3:TrackPointExtension>
        </extensions>
      </trkpt>
      <trkpt lat="43.19010226987302303314208984375" lon="-109.640945903956890106201171875">
        <ele>3653</ele>
        <time>2017-09-02T22:06:39.000Z</time>
        <extensions>
          <ns3:TrackPointExtension>
            <ns3:atemp>31.0</ns3:atemp>
            <ns3:cad>0</ns3:cad>
          </ns3:TrackPointExtension>
        </extensions>
      </trkpt>
      <trkpt lat="43.1900431774556636810302734375" lon="-109.6407556347548961639404296875">
        <ele>3653.199951171875</ele>
        <time>2017-09-02T22:06:50.000Z</time>
        <extensions>
          <ns3:TrackPointExtension>
            <ns3:atemp>31.0</ns3:atemp>
            <ns3:cad>0</ns3:cad>
          </ns3:TrackPointExtension>
        </extensions>
      </trkpt>
      <trkpt lat="43.19014350883662700653076171875" lon="-109.640903659164905548095703125">
        <ele>3653.199951171875</ele>
        <time>2017-09-02T22:06:55.000Z</time>
        <extensions>
          <ns3:TrackPointExtension>
            <ns3:atemp>31.0</ns3:atemp>
            <ns3:cad>62</ns3:cad>
          </ns3:TrackPointExtension>
        </extensions>
      </trkpt>
      <trkpt lat="43.19015733897686004638671875" lon="-109.64090240187942981719970703125">
        <ele>3653.199951171875</ele>
        <time>2017-09-02T22:06:56.000Z</time>
        <extensions>
          <ns3:TrackPointExtension>
            <ns3:atemp>31.0</ns3:atemp>
            <ns3:cad>61</ns3:cad>
          </ns3:TrackPointExtension>
        </extensions>
      </trkpt>
      <trkpt lat="43.190088607370853424072265625" lon="-109.6409507654607295989990234375">
        <ele>3654</ele>
        <time>2017-09-02T22:07:09.000Z</time>
        <extensions>
          <ns3:TrackPointExtension>
            <ns3:atemp>31.0</ns3:atemp>
            <ns3:cad>61</ns3:cad>
          </ns3:TrackPointExtension>
        </extensions>
      </trkpt>
      <trkpt lat="43.189940415322780609130859375" lon="-109.640971384942531585693359375">
        <ele>3654.60009765625</ele>
        <time>2017-09-02T22:07:18.000Z</time>
        <extensions>
          <ns3:TrackPointExtension>
            <ns3:atemp>31.0</ns3:atemp>
            <ns3:cad>0</ns3:cad>
          </ns3:TrackPointExtension>
        </extensions>
      </trkpt>
      <trkpt lat="43.1899700872600078582763671875" lon="-109.64101354591548442840576171875">
        <ele>3655</ele>
        <time>2017-09-02T22:07:46.000Z</time>
        <extensions>
          <ns3:TrackPointExtension>
            <ns3:atemp>31.0</ns3:atemp>
            <ns3:cad>0</ns3:cad>
          </ns3:TrackPointExtension>
        </extensions>
      </trkpt>
      <trkpt lat="43.1900659762322902679443359375" lon="-109.64095520786941051483154296875">
        <ele>3654.800048828125</ele>
        <time>2017-09-02T22:07:53.000Z</time>
        <extensions>
          <ns3:TrackPointExtension>
            <ns3:atemp>31.0</ns3:atemp>
            <ns3:cad>0</ns3:cad>
          </ns3:TrackPointExtension>
        </extensions>
      </trkpt>
      <trkpt lat="43.19008097983896732330322265625" lon="-109.64094565249979496002197265625">
        <ele>3654.800048828125</ele>
        <time>2017-09-02T22:07:55.000Z</time>
        <extensions>
          <ns3:TrackPointExtension>
            <ns3:atemp>31.0</ns3:atemp>
            <ns3:cad>0</ns3:cad>
          </ns3:TrackPointExtension>
        </extensions>
      </trkpt>
      <trkpt lat="43.190153650939464569091796875" lon="-109.6410064212977886199951171875">
        <ele>3654.800048828125</ele>
        <time>2017-09-02T22:08:01.000Z</time>
        <extensions>
          <ns3:TrackPointExtension>
            <ns3:atemp>31.0</ns3:atemp>
            <ns3:cad>61</ns3:cad>
          </ns3:TrackPointExtension>
        </extensions>
      </trkpt>
      <trkpt lat="43.19016613997519016265869140625" lon="-109.6410267055034637451171875">
        <ele>3655</ele>
        <time>2017-09-02T22:08:03.000Z</time>
        <extensions>
          <ns3:TrackPointExtension>
            <ns3:atemp>31.0</ns3:atemp>
            <ns3:cad>61</ns3:cad>
          </ns3:TrackPointExtension>
        </extensions>
      </trkpt>
      <trkpt lat="43.1902302615344524383544921875" lon="-109.64109283871948719024658203125">
        <ele>3655.60009765625</ele>
        <time>2017-09-02T22:08:10.000Z</time>
        <extensions>
          <ns3:TrackPointExtension>
            <ns3:atemp>31.0</ns3:atemp>
            <ns3:cad>0</ns3:cad>
          </ns3:TrackPointExtension>
        </extensions>
      </trkpt>
      <trkpt lat="43.19024442695081233978271484375" lon="-109.64110876433551311492919921875">
        <ele>3655.800048828125</ele>
        <time>2017-09-02T22:08:12.000Z</time>
        <extensions>
          <ns3:TrackPointExtension>
            <ns3:atemp>31.0</ns3:atemp>
            <ns3:cad>0</ns3:cad>
          </ns3:TrackPointExtension>
        </extensions>
      </trkpt>
      <trkpt lat="43.19025817327201366424560546875" lon="-109.641128964722156524658203125">
        <ele>3656</ele>
        <time>2017-09-02T22:08:14.000Z</time>
        <extensions>
          <ns3:TrackPointExtension>
            <ns3:atemp>31.0</ns3:atemp>
            <ns3:cad>0</ns3:cad>
          </ns3:TrackPointExtension>
        </extensions>
      </trkpt>
      <trkpt lat="43.19026739336550235748291015625" lon="-109.64115075767040252685546875">
        <ele>3656.199951171875</ele>
        <time>2017-09-02T22:08:15.000Z</time>
        <extensions>
          <ns3:TrackPointExtension>
            <ns3:atemp>31.0</ns3:atemp>
            <ns3:cad>0</ns3:cad>
          </ns3:TrackPointExtension>
        </extensions>
      </trkpt>
      <trkpt lat="43.1903050281107425689697265625" lon="-109.641218148171901702880859375">
        <ele>3657.199951171875</ele>
        <time>2017-09-02T22:08:24.000Z</time>
        <extensions>
          <ns3:TrackPointExtension>
            <ns3:atemp>31.0</ns3:atemp>
            <ns3:cad>61</ns3:cad>
          </ns3:TrackPointExtension>
        </extensions>
      </trkpt>
      <trkpt lat="43.190305195748805999755859375" lon="-109.64122829027473926544189453125">
        <ele>3657.199951171875</ele>
        <time>2017-09-02T22:08:25.000Z</time>
        <extensions>
          <ns3:TrackPointExtension>
            <ns3:atemp>31.0</ns3:atemp>
            <ns3:cad>61</ns3:cad>
          </ns3:TrackPointExtension>
        </extensions>
      </trkpt>
      <trkpt lat="43.19031684659421443939208984375" lon="-109.64127011597156524658203125">
        <ele>3658</ele>
        <time>2017-09-02T22:08:29.000Z</time>
        <extensions>
          <ns3:TrackPointExtension>
            <ns3:atemp>31.0</ns3:atemp>
            <ns3:cad>0</ns3:cad>
          </ns3:TrackPointExtension>
        </extensions>
      </trkpt>
      <trkpt lat="43.19031818769872188568115234375" lon="-109.64133524335920810699462890625">
        <ele>3658.199951171875</ele>
        <time>2017-09-02T22:08:33.000Z</time>
        <extensions>
          <ns3:TrackPointExtension>
            <ns3:atemp>31.0</ns3:atemp>
            <ns3:cad>0</ns3:cad>
          </ns3:TrackPointExtension>
        </extensions>
      </trkpt>
      <trkpt lat="43.1903083808720111846923828125" lon="-109.6413547731935977935791015625">
        <ele>3658.199951171875</ele>
        <time>2017-09-02T22:08:34.000Z</time>
        <extensions>
          <ns3:TrackPointExtension>
            <ns3:atemp>31.0</ns3:atemp>
            <ns3:cad>0</ns3:cad>
          </ns3:TrackPointExtension>
        </extensions>
      </trkpt>
      <trkpt lat="43.19038398563861846923828125" lon="-109.64139123447239398956298828125">
        <ele>3658.60009765625</ele>
        <time>2017-09-02T22:08:43.000Z</time>
        <extensions>
          <ns3:TrackPointExtension>
            <ns3:atemp>31.0</ns3:atemp>
            <ns3:cad>40</ns3:cad>
          </ns3:TrackPointExtension>
        </extensions>
      </trkpt>
      <trkpt lat="43.19043268449604511260986328125" lon="-109.6414479799568653106689453125">
        <ele>3658.800048828125</ele>
        <time>2017-09-02T22:08:47.000Z</time>
        <extensions>
          <ns3:TrackPointExtension>
            <ns3:atemp>31.0</ns3:atemp>
            <ns3:cad>0</ns3:cad>
          </ns3:TrackPointExtension>
        </extensions>
      </trkpt>
      <trkpt lat="43.190479539334774017333984375" lon="-109.641472958028316497802734375">
        <ele>3658.800048828125</ele>
        <time>2017-09-02T22:08:51.000Z</time>
        <extensions>
          <ns3:TrackPointExtension>
            <ns3:atemp>31.0</ns3:atemp>
            <ns3:cad>0</ns3:cad>
          </ns3:TrackPointExtension>
        </extensions>
      </trkpt>
      <trkpt lat="43.19051264785230159759521484375" lon="-109.64153523556888103485107421875">
        <ele>3658.800048828125</ele>
        <time>2017-09-02T22:08:59.000Z</time>
        <extensions>
          <ns3:TrackPointExtension>
            <ns3:atemp>30.0</ns3:atemp>
            <ns3:cad>61</ns3:cad>
          </ns3:TrackPointExtension>
        </extensions>
      </trkpt>
      <trkpt lat="43.190520107746124267578125" lon="-109.641544707119464874267578125">
        <ele>3658.800048828125</ele>
        <time>2017-09-02T22:09:03.000Z</time>
        <extensions>
          <ns3:TrackPointExtension>
            <ns3:atemp>30.0</ns3:atemp>
            <ns3:cad>0</ns3:cad>
          </ns3:TrackPointExtension>
        </extensions>
      </trkpt>
      <trkpt lat="43.19053192622959613800048828125" lon="-109.64152232743799686431884765625">
        <ele>3658.800048828125</ele>
        <time>2017-09-02T22:09:05.000Z</time>
        <extensions>
          <ns3:TrackPointExtension>
            <ns3:atemp>30.0</ns3:atemp>
            <ns3:cad>0</ns3:cad>
          </ns3:TrackPointExtension>
        </extensions>
      </trkpt>
      <trkpt lat="43.19045950658619403839111328125" lon="-109.64142442680895328521728515625">
        <ele>3658.800048828125</ele>
        <time>2017-09-02T22:09:07.000Z</time>
        <extensions>
          <ns3:TrackPointExtension>
            <ns3:atemp>30.0</ns3:atemp>
            <ns3:cad>0</ns3:cad>
          </ns3:TrackPointExtension>
        </extensions>
      </trkpt>
      <trkpt lat="43.1904243864119052886962890625" lon="-109.64134530164301395416259765625">
        <ele>3659</ele>
        <time>2017-09-02T22:09:09.000Z</time>
        <extensions>
          <ns3:TrackPointExtension>
            <ns3:atemp>30.0</ns3:atemp>
            <ns3:cad>61</ns3:cad>
          </ns3:TrackPointExtension>
        </extensions>
      </trkpt>
      <trkpt lat="43.19043536670506000518798828125" lon="-109.64129333384335041046142578125">
        <ele>3659</ele>
        <time>2017-09-02T22:09:12.000Z</time>
        <extensions>
          <ns3:TrackPointExtension>
            <ns3:atemp>30.0</ns3:atemp>
            <ns3:cad>0</ns3:cad>
          </ns3:TrackPointExtension>
        </extensions>
      </trkpt>
      <trkpt lat="43.1904139928519725799560546875" lon="-109.64127774350345134735107421875">
        <ele>3659.39990234375</ele>
        <time>2017-09-02T22:09:15.000Z</time>
        <extensions>
          <ns3:TrackPointExtension>
            <ns3:atemp>30.0</ns3:atemp>
            <ns3:cad>0</ns3:cad>
          </ns3:TrackPointExtension>
        </extensions>
      </trkpt>
      <trkpt lat="43.190425224602222442626953125" lon="-109.6413244307041168212890625">
        <ele>3660</ele>
        <time>2017-09-02T22:09:22.000Z</time>
        <extensions>
          <ns3:TrackPointExtension>
            <ns3:atemp>30.0</ns3:atemp>
            <ns3:cad>0</ns3:cad>
          </ns3:TrackPointExtension>
        </extensions>
      </trkpt>
      <trkpt lat="43.19060795009136199951171875" lon="-109.641245305538177490234375">
        <ele>3658.60009765625</ele>
        <time>2017-09-02T22:28:22.000Z</time>
        <extensions>
          <ns3:TrackPointExtension>
            <ns3:atemp>26.0</ns3:atemp>
            <ns3:cad>0</ns3:cad>
          </ns3:TrackPointExtension>
        </extensions>
      </trkpt>
      <trkpt lat="43.1906513683497905731201171875" lon="-109.6412461437284946441650390625">
        <ele>3658.199951171875</ele>
        <time>2017-09-02T22:29:08.000Z</time>
        <extensions>
          <ns3:TrackPointExtension>
            <ns3:atemp>25.0</ns3:atemp>
            <ns3:cad>0</ns3:cad>
          </ns3:TrackPointExtension>
        </extensions>
      </trkpt>
      <trkpt lat="43.19066016934812068939208984375" lon="-109.6412555314600467681884765625">
        <ele>3658</ele>
        <time>2017-09-02T22:29:09.000Z</time>
        <extensions>
          <ns3:TrackPointExtension>
            <ns3:atemp>25.0</ns3:atemp>
            <ns3:cad>0</ns3:cad>
          </ns3:TrackPointExtension>
        </extensions>
      </trkpt>
      <trkpt lat="43.19067542441189289093017578125" lon="-109.64127522893249988555908203125">
        <ele>3657.800048828125</ele>
        <time>2017-09-02T22:29:11.000Z</time>
        <extensions>
          <ns3:TrackPointExtension>
            <ns3:atemp>25.0</ns3:atemp>
            <ns3:cad>0</ns3:cad>
          </ns3:TrackPointExtension>
        </extensions>
      </trkpt>
      <trkpt lat="43.19069570861756801605224609375" lon="-109.64134655892848968505859375">
        <ele>3657.39990234375</ele>
        <time>2017-09-02T22:29:18.000Z</time>
        <extensions>
          <ns3:TrackPointExtension>
            <ns3:atemp>25.0</ns3:atemp>
            <ns3:cad>85</ns3:cad>
          </ns3:TrackPointExtension>
        </extensions>
      </trkpt>
      <trkpt lat="43.19069336168467998504638671875" lon="-109.6413520909845829010009765625">
        <ele>3657.199951171875</ele>
        <time>2017-09-02T22:29:21.000Z</time>
        <extensions>
          <ns3:TrackPointExtension>
            <ns3:atemp>25.0</ns3:atemp>
            <ns3:cad>71</ns3:cad>
          </ns3:TrackPointExtension>
        </extensions>
      </trkpt>
      <trkpt lat="43.1907918490469455718994140625" lon="-109.64135192334651947021484375">
        <ele>3656.199951171875</ele>
        <time>2017-09-02T22:29:50.000Z</time>
        <extensions>
          <ns3:TrackPointExtension>
            <ns3:atemp>25.0</ns3:atemp>
            <ns3:cad>0</ns3:cad>
          </ns3:TrackPointExtension>
        </extensions>
      </trkpt>
      <trkpt lat="43.1907931901514530181884765625" lon="-109.641337506473064422607421875">
        <ele>3656</ele>
        <time>2017-09-02T22:29:51.000Z</time>
        <extensions>
          <ns3:TrackPointExtension>
            <ns3:atemp>25.0</ns3:atemp>
            <ns3:cad>0</ns3:cad>
          </ns3:TrackPointExtension>
        </extensions>
      </trkpt>
      <trkpt lat="43.19088463671505451202392578125" lon="-109.641371034085750579833984375">
        <ele>3655</ele>
        <time>2017-09-02T22:30:12.000Z</time>
        <extensions>
          <ns3:TrackPointExtension>
            <ns3:atemp>25.0</ns3:atemp>
            <ns3:cad>61</ns3:cad>
          </ns3:TrackPointExtension>
        </extensions>
      </trkpt>
      <trkpt lat="43.19092822261154651641845703125" lon="-109.6413906477391719818115234375">
        <ele>3653.800048828125</ele>
        <time>2017-09-02T22:30:17.000Z</time>
        <extensions>
          <ns3:TrackPointExtension>
            <ns3:atemp>25.0</ns3:atemp>
            <ns3:cad>58</ns3:cad>
          </ns3:TrackPointExtension>
        </extensions>
      </trkpt>
      <trkpt lat="43.190961666405200958251953125" lon="-109.6413815952837467193603515625">
        <ele>3653</ele>
        <time>2017-09-02T22:30:20.000Z</time>
        <extensions>
          <ns3:TrackPointExtension>
            <ns3:atemp>24.0</ns3:atemp>
            <ns3:cad>58</ns3:cad>
          </ns3:TrackPointExtension>
        </extensions>
      </trkpt>
      <trkpt lat="43.19096711464226245880126953125" lon="-109.641374051570892333984375">
        <ele>3652.800048828125</ele>
        <time>2017-09-02T22:30:21.000Z</time>
        <extensions>
          <ns3:TrackPointExtension>
            <ns3:atemp>24.0</ns3:atemp>
            <ns3:cad>61</ns3:cad>
          </ns3:TrackPointExtension>
        </extensions>
      </trkpt>
      <trkpt lat="43.19099142216145992279052734375" lon="-109.6413651667535305023193359375">
        <ele>3651.60009765625</ele>
        <time>2017-09-02T22:30:25.000Z</time>
        <extensions>
          <ns3:TrackPointExtension>
            <ns3:atemp>24.0</ns3:atemp>
            <ns3:cad>61</ns3:cad>
          </ns3:TrackPointExtension>
        </extensions>
      </trkpt>
      <trkpt lat="43.1909869797527790069580078125" lon="-109.64136005379259586334228515625">
        <ele>3650.39990234375</ele>
        <time>2017-09-02T22:30:30.000Z</time>
        <extensions>
          <ns3:TrackPointExtension>
            <ns3:atemp>24.0</ns3:atemp>
            <ns3:cad>0</ns3:cad>
          </ns3:TrackPointExtension>
        </extensions>
      </trkpt>
      <trkpt lat="43.1909849680960178375244140625" lon="-109.641346894204616546630859375">
        <ele>3650.800048828125</ele>
        <time>2017-09-02T22:31:50.000Z</time>
        <extensions>
          <ns3:TrackPointExtension>
            <ns3:atemp>24.0</ns3:atemp>
            <ns3:cad>61</ns3:cad>
          </ns3:TrackPointExtension>
        </extensions>
      </trkpt>
      <trkpt lat="43.19136659614741802215576171875" lon="-109.641588963568210601806640625">
        <ele>3643.60009765625</ele>
        <time>2017-09-02T22:34:02.000Z</time>
        <extensions>
          <ns3:TrackPointExtension>
            <ns3:atemp>24.0</ns3:atemp>
            <ns3:cad>61</ns3:cad>
          </ns3:TrackPointExtension>
        </extensions>
      </trkpt>
      <trkpt lat="43.19138553924858570098876953125" lon="-109.64159667491912841796875">
        <ele>3643.39990234375</ele>
        <time>2017-09-02T22:34:04.000Z</time>
        <extensions>
          <ns3:TrackPointExtension>
            <ns3:atemp>24.0</ns3:atemp>
            <ns3:cad>0</ns3:cad>
          </ns3:TrackPointExtension>
        </extensions>
      </trkpt>
      <trkpt lat="43.191432058811187744140625" lon="-109.64161972515285015106201171875">
        <ele>3643</ele>
        <time>2017-09-02T22:34:11.000Z</time>
        <extensions>
          <ns3:TrackPointExtension>
            <ns3:atemp>24.0</ns3:atemp>
            <ns3:cad>0</ns3:cad>
          </ns3:TrackPointExtension>
        </extensions>
      </trkpt>
      <trkpt lat="43.1915113516151905059814453125" lon="-109.64163615368306636810302734375">
        <ele>3642.800048828125</ele>
        <time>2017-09-02T22:34:19.000Z</time>
        <extensions>
          <ns3:TrackPointExtension>
            <ns3:atemp>24.0</ns3:atemp>
            <ns3:cad>69</ns3:cad>
          </ns3:TrackPointExtension>
        </extensions>
      </trkpt>
      <trkpt lat="43.1915515847504138946533203125" lon="-109.641666412353515625">
        <ele>3642.60009765625</ele>
        <time>2017-09-02T22:34:23.000Z</time>
        <extensions>
          <ns3:TrackPointExtension>
            <ns3:atemp>24.0</ns3:atemp>
            <ns3:cad>0</ns3:cad>
          </ns3:TrackPointExtension>
        </extensions>
      </trkpt>
      <trkpt lat="43.1915606372058391571044921875" lon="-109.6416746266186237335205078125">
        <ele>3642.60009765625</ele>
        <time>2017-09-02T22:34:24.000Z</time>
        <extensions>
          <ns3:TrackPointExtension>
            <ns3:atemp>24.0</ns3:atemp>
            <ns3:cad>0</ns3:cad>
          </ns3:TrackPointExtension>
        </extensions>
      </trkpt>
      <trkpt lat="43.19158025085926055908203125" lon="-109.6417001076042652130126953125">
        <ele>3642.39990234375</ele>
        <time>2017-09-02T22:34:27.000Z</time>
        <extensions>
          <ns3:TrackPointExtension>
            <ns3:atemp>24.0</ns3:atemp>
            <ns3:cad>0</ns3:cad>
          </ns3:TrackPointExtension>
        </extensions>
      </trkpt>
      <trkpt lat="43.19162182509899139404296875" lon="-109.64169432409107685089111328125">
        <ele>3642.60009765625</ele>
        <time>2017-09-02T22:34:31.000Z</time>
        <extensions>
          <ns3:TrackPointExtension>
            <ns3:atemp>24.0</ns3:atemp>
            <ns3:cad>0</ns3:cad>
          </ns3:TrackPointExtension>
        </extensions>
      </trkpt>
      <trkpt lat="43.1916560232639312744140625" lon="-109.64172030799090862274169921875">
        <ele>3642.60009765625</ele>
        <time>2017-09-02T22:34:35.000Z</time>
        <extensions>
          <ns3:TrackPointExtension>
            <ns3:atemp>24.0</ns3:atemp>
            <ns3:cad>0</ns3:cad>
          </ns3:TrackPointExtension>
        </extensions>
      </trkpt>
      <trkpt lat="43.19167873822152614593505859375" lon="-109.64172835461795330047607421875">
        <ele>3642.60009765625</ele>
        <time>2017-09-02T22:34:38.000Z</time>
        <extensions>
          <ns3:TrackPointExtension>
            <ns3:atemp>24.0</ns3:atemp>
            <ns3:cad>0</ns3:cad>
          </ns3:TrackPointExtension>
        </extensions>
      </trkpt>
      <trkpt lat="43.191711343824863433837890625" lon="-109.641751237213611602783203125">
        <ele>3642.800048828125</ele>
        <time>2017-09-02T22:34:45.000Z</time>
        <extensions>
          <ns3:TrackPointExtension>
            <ns3:atemp>24.0</ns3:atemp>
            <ns3:cad>48</ns3:cad>
          </ns3:TrackPointExtension>
        </extensions>
      </trkpt>
      <trkpt lat="43.19172014482319355010986328125" lon="-109.64175291359424591064453125">
        <ele>3642.60009765625</ele>
        <time>2017-09-02T22:34:47.000Z</time>
        <extensions>
          <ns3:TrackPointExtension>
            <ns3:atemp>24.0</ns3:atemp>
            <ns3:cad>0</ns3:cad>
          </ns3:TrackPointExtension>
        </extensions>
      </trkpt>
      <trkpt lat="43.191757611930370330810546875" lon="-109.641743861138820648193359375">
        <ele>3643.199951171875</ele>
        <time>2017-09-02T22:34:52.000Z</time>
        <extensions>
          <ns3:TrackPointExtension>
            <ns3:atemp>24.0</ns3:atemp>
            <ns3:cad>0</ns3:cad>
          </ns3:TrackPointExtension>
        </extensions>
      </trkpt>
      <trkpt lat="43.19179038517177104949951171875" lon="-109.64177428744733333587646484375">
        <ele>3643.60009765625</ele>
        <time>2017-09-02T22:35:03.000Z</time>
        <extensions>
          <ns3:TrackPointExtension>
            <ns3:atemp>24.0</ns3:atemp>
            <ns3:cad>63</ns3:cad>
          </ns3:TrackPointExtension>
        </extensions>
      </trkpt>
      <trkpt lat="43.1919753737747669219970703125" lon="-109.6418179571628570556640625">
        <ele>3644.199951171875</ele>
        <time>2017-09-02T22:35:34.000Z</time>
        <extensions>
          <ns3:TrackPointExtension>
            <ns3:atemp>23.0</ns3:atemp>
            <ns3:cad>0</ns3:cad>
          </ns3:TrackPointExtension>
        </extensions>
      </trkpt>
      <trkpt lat="43.1919988431036472320556640625" lon="-109.641856849193572998046875">
        <ele>3644.60009765625</ele>
        <time>2017-09-02T22:35:38.000Z</time>
        <extensions>
          <ns3:TrackPointExtension>
            <ns3:atemp>23.0</ns3:atemp>
            <ns3:cad>0</ns3:cad>
          </ns3:TrackPointExtension>
        </extensions>
      </trkpt>
      <trkpt lat="43.19201342761516571044921875" lon="-109.64187386445701122283935546875">
        <ele>3644.800048828125</ele>
        <time>2017-09-02T22:35:40.000Z</time>
        <extensions>
          <ns3:TrackPointExtension>
            <ns3:atemp>23.0</ns3:atemp>
            <ns3:cad>0</ns3:cad>
          </ns3:TrackPointExtension>
        </extensions>
      </trkpt>
      <trkpt lat="43.19203555583953857421875" lon="-109.6419130079448223114013671875">
        <ele>3645</ele>
        <time>2017-09-02T22:35:44.000Z</time>
        <extensions>
          <ns3:TrackPointExtension>
            <ns3:atemp>23.0</ns3:atemp>
            <ns3:cad>0</ns3:cad>
          </ns3:TrackPointExtension>
        </extensions>
      </trkpt>
      <trkpt lat="43.19205894134938716888427734375" lon="-109.64191510342061519622802734375">
        <ele>3645.199951171875</ele>
        <time>2017-09-02T22:35:47.000Z</time>
        <extensions>
          <ns3:TrackPointExtension>
            <ns3:atemp>23.0</ns3:atemp>
            <ns3:cad>61</ns3:cad>
          </ns3:TrackPointExtension>
        </extensions>
      </trkpt>
      <trkpt lat="43.192081153392791748046875" lon="-109.64193102903664112091064453125">
        <ele>3645.199951171875</ele>
        <time>2017-09-02T22:35:50.000Z</time>
        <extensions>
          <ns3:TrackPointExtension>
            <ns3:atemp>23.0</ns3:atemp>
            <ns3:cad>0</ns3:cad>
          </ns3:TrackPointExtension>
        </extensions>
      </trkpt>
      <trkpt lat="43.19210303016006946563720703125" lon="-109.64193253777921199798583984375">
        <ele>3645.60009765625</ele>
        <time>2017-09-02T22:35:53.000Z</time>
        <extensions>
          <ns3:TrackPointExtension>
            <ns3:atemp>23.0</ns3:atemp>
            <ns3:cad>0</ns3:cad>
          </ns3:TrackPointExtension>
        </extensions>
      </trkpt>
      <trkpt lat="43.19218575954437255859375" lon="-109.6419445239007472991943359375">
        <ele>3646.800048828125</ele>
        <time>2017-09-02T22:36:06.000Z</time>
        <extensions>
          <ns3:TrackPointExtension>
            <ns3:atemp>23.0</ns3:atemp>
            <ns3:cad>0</ns3:cad>
          </ns3:TrackPointExtension>
        </extensions>
      </trkpt>
      <trkpt lat="43.1922218017280101776123046875" lon="-109.64197821915149688720703125">
        <ele>3647.800048828125</ele>
        <time>2017-09-02T22:36:16.000Z</time>
        <extensions>
          <ns3:TrackPointExtension>
            <ns3:atemp>23.0</ns3:atemp>
            <ns3:cad>0</ns3:cad>
          </ns3:TrackPointExtension>
        </extensions>
      </trkpt>
      <trkpt lat="43.1922700814902782440185546875" lon="-109.6419974975287914276123046875">
        <ele>3647.800048828125</ele>
        <time>2017-09-02T22:36:27.000Z</time>
        <extensions>
          <ns3:TrackPointExtension>
            <ns3:atemp>23.0</ns3:atemp>
            <ns3:cad>51</ns3:cad>
          </ns3:TrackPointExtension>
        </extensions>
      </trkpt>
      <trkpt lat="43.19235499016940593719482421875" lon="-109.64202490635216236114501953125">
        <ele>3649</ele>
        <time>2017-09-02T22:36:41.000Z</time>
        <extensions>
          <ns3:TrackPointExtension>
            <ns3:atemp>23.0</ns3:atemp>
            <ns3:cad>0</ns3:cad>
          </ns3:TrackPointExtension>
        </extensions>
      </trkpt>
      <trkpt lat="43.19238868542015552520751953125" lon="-109.642043597996234893798828125">
        <ele>3650</ele>
        <time>2017-09-02T22:36:49.000Z</time>
        <extensions>
          <ns3:TrackPointExtension>
            <ns3:atemp>23.0</ns3:atemp>
            <ns3:cad>0</ns3:cad>
          </ns3:TrackPointExtension>
        </extensions>
      </trkpt>
      <trkpt lat="43.1924687325954437255859375" lon="-109.6420635469257831573486328125">
        <ele>3651</ele>
        <time>2017-09-02T22:37:02.000Z</time>
        <extensions>
          <ns3:TrackPointExtension>
            <ns3:atemp>23.0</ns3:atemp>
            <ns3:cad>61</ns3:cad>
          </ns3:TrackPointExtension>
        </extensions>
      </trkpt>
      <trkpt lat="43.19259203039109706878662109375" lon="-109.64212129823863506317138671875">
        <ele>3651.800048828125</ele>
        <time>2017-09-02T22:37:20.000Z</time>
        <extensions>
          <ns3:TrackPointExtension>
            <ns3:atemp>23.0</ns3:atemp>
            <ns3:cad>55</ns3:cad>
          </ns3:TrackPointExtension>
        </extensions>
      </trkpt>
      <trkpt lat="43.1926600076258182525634765625" lon="-109.64215398766100406646728515625">
        <ele>3652</ele>
        <time>2017-09-02T22:37:30.000Z</time>
        <extensions>
          <ns3:TrackPointExtension>
            <ns3:atemp>23.0</ns3:atemp>
            <ns3:cad>0</ns3:cad>
          </ns3:TrackPointExtension>
        </extensions>
      </trkpt>
      <trkpt lat="43.1927719898521900177001953125" lon="-109.64219388552010059356689453125">
        <ele>3652.60009765625</ele>
        <time>2017-09-02T22:37:55.000Z</time>
        <extensions>
          <ns3:TrackPointExtension>
            <ns3:atemp>23.0</ns3:atemp>
            <ns3:cad>66</ns3:cad>
          </ns3:TrackPointExtension>
        </extensions>
      </trkpt>
      <trkpt lat="43.19284264929592609405517578125" lon="-109.6422174386680126190185546875">
        <ele>3652.39990234375</ele>
        <time>2017-09-02T22:38:02.000Z</time>
        <extensions>
          <ns3:TrackPointExtension>
            <ns3:atemp>23.0</ns3:atemp>
            <ns3:cad>0</ns3:cad>
          </ns3:TrackPointExtension>
        </extensions>
      </trkpt>
      <trkpt lat="43.192939460277557373046875" lon="-109.6422445960342884063720703125">
        <ele>3652</ele>
        <time>2017-09-02T22:38:40.000Z</time>
        <extensions>
          <ns3:TrackPointExtension>
            <ns3:atemp>23.0</ns3:atemp>
            <ns3:cad>54</ns3:cad>
          </ns3:TrackPointExtension>
        </extensions>
      </trkpt>
      <trkpt lat="43.1930908374488353729248046875" lon="-109.642272256314754486083984375">
        <ele>3651.60009765625</ele>
        <time>2017-09-02T22:39:08.000Z</time>
        <extensions>
          <ns3:TrackPointExtension>
            <ns3:atemp>23.0</ns3:atemp>
            <ns3:cad>61</ns3:cad>
          </ns3:TrackPointExtension>
        </extensions>
      </trkpt>
      <trkpt lat="43.1932427175343036651611328125" lon="-109.64230477809906005859375">
        <ele>3651</ele>
        <time>2017-09-02T22:39:23.000Z</time>
        <extensions>
          <ns3:TrackPointExtension>
            <ns3:atemp>24.0</ns3:atemp>
            <ns3:cad>57</ns3:cad>
          </ns3:TrackPointExtension>
        </extensions>
      </trkpt>
      <trkpt lat="43.1933563761413097381591796875" lon="-109.642321206629276275634765625">
        <ele>3650.199951171875</ele>
        <time>2017-09-02T22:39:32.000Z</time>
        <extensions>
          <ns3:TrackPointExtension>
            <ns3:atemp>24.0</ns3:atemp>
            <ns3:cad>46</ns3:cad>
          </ns3:TrackPointExtension>
        </extensions>
      </trkpt>
      <trkpt lat="43.19337791763246059417724609375" lon="-109.64232330210506916046142578125">
        <ele>3649.800048828125</ele>
        <time>2017-09-02T22:39:35.000Z</time>
        <extensions>
          <ns3:TrackPointExtension>
            <ns3:atemp>24.0</ns3:atemp>
            <ns3:cad>0</ns3:cad>
          </ns3:TrackPointExtension>
        </extensions>
      </trkpt>
      <trkpt lat="43.1934023089706897735595703125" lon="-109.64232883416116237640380859375">
        <ele>3649.60009765625</ele>
        <time>2017-09-02T22:39:40.000Z</time>
        <extensions>
          <ns3:TrackPointExtension>
            <ns3:atemp>24.0</ns3:atemp>
            <ns3:cad>0</ns3:cad>
          </ns3:TrackPointExtension>
        </extensions>
      </trkpt>
      <trkpt lat="43.19341060705482959747314453125" lon="-109.64229463599622249603271484375">
        <ele>3648.800048828125</ele>
        <time>2017-09-02T22:40:06.000Z</time>
        <extensions>
          <ns3:TrackPointExtension>
            <ns3:atemp>24.0</ns3:atemp>
            <ns3:cad>64</ns3:cad>
          </ns3:TrackPointExtension>
        </extensions>
      </trkpt>
      <trkpt lat="43.19340038113296031951904296875" lon="-109.64231274090707302093505859375">
        <ele>3649.199951171875</ele>
        <time>2017-09-02T22:41:02.000Z</time>
        <extensions>
          <ns3:TrackPointExtension>
            <ns3:atemp>25.0</ns3:atemp>
            <ns3:cad>0</ns3:cad>
          </ns3:TrackPointExtension>
        </extensions>
      </trkpt>
      <trkpt lat="43.19347330369055271148681640625" lon="-109.64229010976850986480712890625">
        <ele>3649.199951171875</ele>
        <time>2017-09-02T22:43:03.000Z</time>
        <extensions>
          <ns3:TrackPointExtension>
            <ns3:atemp>26.0</ns3:atemp>
            <ns3:cad>0</ns3:cad>
          </ns3:TrackPointExtension>
        </extensions>
      </trkpt>
      <trkpt lat="43.19347028620541095733642578125" lon="-109.6423485316336154937744140625">
        <ele>3649.199951171875</ele>
        <time>2017-09-02T22:44:02.000Z</time>
        <extensions>
          <ns3:TrackPointExtension>
            <ns3:atemp>26.0</ns3:atemp>
            <ns3:cad>0</ns3:cad>
          </ns3:TrackPointExtension>
        </extensions>
      </trkpt>
      <trkpt lat="43.19358528591692447662353515625" lon="-109.6424139104783535003662109375">
        <ele>3647.800048828125</ele>
        <time>2017-09-02T22:44:16.000Z</time>
        <extensions>
          <ns3:TrackPointExtension>
            <ns3:atemp>26.0</ns3:atemp>
            <ns3:cad>51</ns3:cad>
          </ns3:TrackPointExtension>
        </extensions>
      </trkpt>
      <trkpt lat="43.19360322318971157073974609375" lon="-109.6424259804189205169677734375">
        <ele>3647.60009765625</ele>
        <time>2017-09-02T22:44:18.000Z</time>
        <extensions>
          <ns3:TrackPointExtension>
            <ns3:atemp>26.0</ns3:atemp>
            <ns3:cad>49</ns3:cad>
          </ns3:TrackPointExtension>
        </extensions>
      </trkpt>
      <trkpt lat="43.1936044804751873016357421875" lon="-109.6424296684563159942626953125">
        <ele>3647.39990234375</ele>
        <time>2017-09-02T22:44:19.000Z</time>
        <extensions>
          <ns3:TrackPointExtension>
            <ns3:atemp>26.0</ns3:atemp>
            <ns3:cad>0</ns3:cad>
          </ns3:TrackPointExtension>
        </extensions>
      </trkpt>
      <trkpt lat="43.1936970166862010955810546875" lon="-109.64247174561023712158203125">
        <ele>3646.800048828125</ele>
        <time>2017-09-02T22:44:29.000Z</time>
        <extensions>
          <ns3:TrackPointExtension>
            <ns3:atemp>26.0</ns3:atemp>
            <ns3:cad>61</ns3:cad>
          </ns3:TrackPointExtension>
        </extensions>
      </trkpt>
      <trkpt lat="43.193797767162322998046875" lon="-109.642500579357147216796875">
        <ele>3645.800048828125</ele>
        <time>2017-09-02T22:44:38.000Z</time>
        <extensions>
          <ns3:TrackPointExtension>
            <ns3:atemp>26.0</ns3:atemp>
            <ns3:cad>60</ns3:cad>
          </ns3:TrackPointExtension>
        </extensions>
      </trkpt>
      <trkpt lat="43.193836994469165802001953125" lon="-109.6425131522119045257568359375">
        <ele>3644.800048828125</ele>
        <time>2017-09-02T22:44:42.000Z</time>
        <extensions>
          <ns3:TrackPointExtension>
            <ns3:atemp>26.0</ns3:atemp>
            <ns3:cad>0</ns3:cad>
          </ns3:TrackPointExtension>
        </extensions>
      </trkpt>
      <trkpt lat="43.19384579546749591827392578125" lon="-109.64251608587801456451416015625">
        <ele>3644.60009765625</ele>
        <time>2017-09-02T22:44:43.000Z</time>
        <extensions>
          <ns3:TrackPointExtension>
            <ns3:atemp>26.0</ns3:atemp>
            <ns3:cad>0</ns3:cad>
          </ns3:TrackPointExtension>
        </extensions>
      </trkpt>
      <trkpt lat="43.1938956677913665771484375" lon="-109.6425255574285984039306640625">
        <ele>3644</ele>
        <time>2017-09-02T22:44:48.000Z</time>
        <extensions>
          <ns3:TrackPointExtension>
            <ns3:atemp>26.0</ns3:atemp>
            <ns3:cad>0</ns3:cad>
          </ns3:TrackPointExtension>
        </extensions>
      </trkpt>
      <trkpt lat="43.19390564225614070892333984375" lon="-109.6425295807421207427978515625">
        <ele>3643.60009765625</ele>
        <time>2017-09-02T22:44:49.000Z</time>
        <extensions>
          <ns3:TrackPointExtension>
            <ns3:atemp>26.0</ns3:atemp>
            <ns3:cad>0</ns3:cad>
          </ns3:TrackPointExtension>
        </extensions>
      </trkpt>
      <trkpt lat="43.19398082792758941650390625" lon="-109.6425456739962100982666015625">
        <ele>3642.60009765625</ele>
        <time>2017-09-02T22:44:56.000Z</time>
        <extensions>
          <ns3:TrackPointExtension>
            <ns3:atemp>26.0</ns3:atemp>
            <ns3:cad>0</ns3:cad>
          </ns3:TrackPointExtension>
        </extensions>
      </trkpt>
      <trkpt lat="43.194036148488521575927734375" lon="-109.64256604202091693878173828125">
        <ele>3641.800048828125</ele>
        <time>2017-09-02T22:45:01.000Z</time>
        <extensions>
          <ns3:TrackPointExtension>
            <ns3:atemp>26.0</ns3:atemp>
            <ns3:cad>0</ns3:cad>
          </ns3:TrackPointExtension>
        </extensions>
      </trkpt>
      <trkpt lat="43.19404528476297855377197265625" lon="-109.6425731666386127471923828125">
        <ele>3641.60009765625</ele>
        <time>2017-09-02T22:45:02.000Z</time>
        <extensions>
          <ns3:TrackPointExtension>
            <ns3:atemp>26.0</ns3:atemp>
            <ns3:cad>0</ns3:cad>
          </ns3:TrackPointExtension>
        </extensions>
      </trkpt>
      <trkpt lat="43.194071017205715179443359375" lon="-109.6425838954746723175048828125">
        <ele>3641.39990234375</ele>
        <time>2017-09-02T22:45:05.000Z</time>
        <extensions>
          <ns3:TrackPointExtension>
            <ns3:atemp>26.0</ns3:atemp>
            <ns3:cad>0</ns3:cad>
          </ns3:TrackPointExtension>
        </extensions>
      </trkpt>
      <trkpt lat="43.19410345517098903656005859375" lon="-109.64261080138385295867919921875">
        <ele>3640.60009765625</ele>
        <time>2017-09-02T22:45:09.000Z</time>
        <extensions>
          <ns3:TrackPointExtension>
            <ns3:atemp>26.0</ns3:atemp>
            <ns3:cad>51</ns3:cad>
          </ns3:TrackPointExtension>
        </extensions>
      </trkpt>
      <trkpt lat="43.19418325088918209075927734375" lon="-109.64263326488435268402099609375">
        <ele>3639.39990234375</ele>
        <time>2017-09-02T22:45:18.000Z</time>
        <extensions>
          <ns3:TrackPointExtension>
            <ns3:atemp>27.0</ns3:atemp>
            <ns3:cad>51</ns3:cad>
          </ns3:TrackPointExtension>
        </extensions>
      </trkpt>
      <trkpt lat="43.194226920604705810546875" lon="-109.64265706948935985565185546875">
        <ele>3638.199951171875</ele>
        <time>2017-09-02T22:45:24.000Z</time>
        <extensions>
          <ns3:TrackPointExtension>
            <ns3:atemp>27.0</ns3:atemp>
            <ns3:cad>61</ns3:cad>
          </ns3:TrackPointExtension>
        </extensions>
      </trkpt>
      <trkpt lat="43.19427595473825931549072265625" lon="-109.6426789462566375732421875">
        <ele>3637.39990234375</ele>
        <time>2017-09-02T22:45:29.000Z</time>
        <extensions>
          <ns3:TrackPointExtension>
            <ns3:atemp>27.0</ns3:atemp>
            <ns3:cad>66</ns3:cad>
          </ns3:TrackPointExtension>
        </extensions>
      </trkpt>
      <trkpt lat="43.19428534246981143951416015625" lon="-109.64268104173243045806884765625">
        <ele>3637.199951171875</ele>
        <time>2017-09-02T22:45:30.000Z</time>
        <extensions>
          <ns3:TrackPointExtension>
            <ns3:atemp>27.0</ns3:atemp>
            <ns3:cad>66</ns3:cad>
          </ns3:TrackPointExtension>
        </extensions>
      </trkpt>
      <trkpt lat="43.1943350471556186676025390625" lon="-109.64269571006298065185546875">
        <ele>3636</ele>
        <time>2017-09-02T22:45:35.000Z</time>
        <extensions>
          <ns3:TrackPointExtension>
            <ns3:atemp>27.0</ns3:atemp>
            <ns3:cad>0</ns3:cad>
          </ns3:TrackPointExtension>
        </extensions>
      </trkpt>
      <trkpt lat="43.19436840713024139404296875" lon="-109.64269679971039295196533203125">
        <ele>3634.800048828125</ele>
        <time>2017-09-02T22:45:40.000Z</time>
        <extensions>
          <ns3:TrackPointExtension>
            <ns3:atemp>27.0</ns3:atemp>
            <ns3:cad>63</ns3:cad>
          </ns3:TrackPointExtension>
        </extensions>
      </trkpt>
      <trkpt lat="43.19447435438632965087890625" lon="-109.6427240408957004547119140625">
        <ele>3633.800048828125</ele>
        <time>2017-09-02T22:45:49.000Z</time>
        <extensions>
          <ns3:TrackPointExtension>
            <ns3:atemp>27.0</ns3:atemp>
            <ns3:cad>76</ns3:cad>
          </ns3:TrackPointExtension>
        </extensions>
      </trkpt>
      <trkpt lat="43.19451048038899898529052734375" lon="-109.6427307464182376861572265625">
        <ele>3632.60009765625</ele>
        <time>2017-09-02T22:45:53.000Z</time>
        <extensions>
          <ns3:TrackPointExtension>
            <ns3:atemp>27.0</ns3:atemp>
            <ns3:cad>76</ns3:cad>
          </ns3:TrackPointExtension>
        </extensions>
      </trkpt>
      <trkpt lat="43.19454182870686054229736328125" lon="-109.64273837395012378692626953125">
        <ele>3632</ele>
        <time>2017-09-02T22:45:56.000Z</time>
        <extensions>
          <ns3:TrackPointExtension>
            <ns3:atemp>27.0</ns3:atemp>
            <ns3:cad>76</ns3:cad>
          </ns3:TrackPointExtension>
        </extensions>
      </trkpt>
      <trkpt lat="43.194565214216709136962890625" lon="-109.64274038560688495635986328125">
        <ele>3631.60009765625</ele>
        <time>2017-09-02T22:45:58.000Z</time>
        <extensions>
          <ns3:TrackPointExtension>
            <ns3:atemp>27.0</ns3:atemp>
            <ns3:cad>0</ns3:cad>
          </ns3:TrackPointExtension>
        </extensions>
      </trkpt>
      <trkpt lat="43.1946069560945034027099609375" lon="-109.6427555568516254425048828125">
        <ele>3630.60009765625</ele>
        <time>2017-09-02T22:46:02.000Z</time>
        <extensions>
          <ns3:TrackPointExtension>
            <ns3:atemp>27.0</ns3:atemp>
            <ns3:cad>0</ns3:cad>
          </ns3:TrackPointExtension>
        </extensions>
      </trkpt>
      <trkpt lat="43.19464727304875850677490234375" lon="-109.64278019964694976806640625">
        <ele>3629.39990234375</ele>
        <time>2017-09-02T22:46:07.000Z</time>
        <extensions>
          <ns3:TrackPointExtension>
            <ns3:atemp>27.0</ns3:atemp>
            <ns3:cad>0</ns3:cad>
          </ns3:TrackPointExtension>
        </extensions>
      </trkpt>
      <trkpt lat="43.19468549452722072601318359375" lon="-109.6428023278713226318359375">
        <ele>3628.39990234375</ele>
        <time>2017-09-02T22:46:11.000Z</time>
        <extensions>
          <ns3:TrackPointExtension>
            <ns3:atemp>27.0</ns3:atemp>
            <ns3:cad>0</ns3:cad>
          </ns3:TrackPointExtension>
        </extensions>
      </trkpt>
      <trkpt lat="43.19474651478230953216552734375" lon="-109.642811380326747894287109375">
        <ele>3627</ele>
        <time>2017-09-02T22:46:17.000Z</time>
        <extensions>
          <ns3:TrackPointExtension>
            <ns3:atemp>27.0</ns3:atemp>
            <ns3:cad>0</ns3:cad>
          </ns3:TrackPointExtension>
        </extensions>
      </trkpt>
      <trkpt lat="43.19478021003305912017822265625" lon="-109.6428206004202365875244140625">
        <ele>3626</ele>
        <time>2017-09-02T22:46:20.000Z</time>
        <extensions>
          <ns3:TrackPointExtension>
            <ns3:atemp>27.0</ns3:atemp>
            <ns3:cad>0</ns3:cad>
          </ns3:TrackPointExtension>
        </extensions>
      </trkpt>
      <trkpt lat="43.1948289088904857635498046875" lon="-109.64284130372107028961181640625">
        <ele>3624.800048828125</ele>
        <time>2017-09-02T22:46:26.000Z</time>
        <extensions>
          <ns3:TrackPointExtension>
            <ns3:atemp>27.0</ns3:atemp>
            <ns3:cad>45</ns3:cad>
          </ns3:TrackPointExtension>
        </extensions>
      </trkpt>
      <trkpt lat="43.1948746740818023681640625" lon="-109.64286745525896549224853515625">
        <ele>3623.800048828125</ele>
        <time>2017-09-02T22:46:31.000Z</time>
        <extensions>
          <ns3:TrackPointExtension>
            <ns3:atemp>27.0</ns3:atemp>
            <ns3:cad>45</ns3:cad>
          </ns3:TrackPointExtension>
        </extensions>
      </trkpt>
      <trkpt lat="43.19491247646510601043701171875" lon="-109.64288773946464061737060546875">
        <ele>3622.800048828125</ele>
        <time>2017-09-02T22:46:35.000Z</time>
        <extensions>
          <ns3:TrackPointExtension>
            <ns3:atemp>27.0</ns3:atemp>
            <ns3:cad>46</ns3:cad>
          </ns3:TrackPointExtension>
        </extensions>
      </trkpt>
      <trkpt lat="43.19494131021201610565185546875" lon="-109.642903245985507965087890625">
        <ele>3621.39990234375</ele>
        <time>2017-09-02T22:46:38.000Z</time>
        <extensions>
          <ns3:TrackPointExtension>
            <ns3:atemp>27.0</ns3:atemp>
            <ns3:cad>48</ns3:cad>
          </ns3:TrackPointExtension>
        </extensions>
      </trkpt>
      <trkpt lat="43.19497517310082912445068359375" lon="-109.6429185010492801666259765625">
        <ele>3620.39990234375</ele>
        <time>2017-09-02T22:46:42.000Z</time>
        <extensions>
          <ns3:TrackPointExtension>
            <ns3:atemp>27.0</ns3:atemp>
            <ns3:cad>47</ns3:cad>
          </ns3:TrackPointExtension>
        </extensions>
      </trkpt>
      <trkpt lat="43.195012472569942474365234375" lon="-109.6429391205310821533203125">
        <ele>3619.60009765625</ele>
        <time>2017-09-02T22:46:47.000Z</time>
        <extensions>
          <ns3:TrackPointExtension>
            <ns3:atemp>27.0</ns3:atemp>
            <ns3:cad>47</ns3:cad>
          </ns3:TrackPointExtension>
        </extensions>
      </trkpt>
      <trkpt lat="43.19503116421401500701904296875" lon="-109.64295211248099803924560546875">
        <ele>3619.199951171875</ele>
        <time>2017-09-02T22:46:49.000Z</time>
        <extensions>
          <ns3:TrackPointExtension>
            <ns3:atemp>27.0</ns3:atemp>
            <ns3:cad>47</ns3:cad>
          </ns3:TrackPointExtension>
        </extensions>
      </trkpt>
      <trkpt lat="43.1950384564697742462158203125" lon="-109.64295529760420322418212890625">
        <ele>3619</ele>
        <time>2017-09-02T22:46:50.000Z</time>
        <extensions>
          <ns3:TrackPointExtension>
            <ns3:atemp>27.0</ns3:atemp>
            <ns3:cad>47</ns3:cad>
          </ns3:TrackPointExtension>
        </extensions>
      </trkpt>
      <trkpt lat="43.195054717361927032470703125" lon="-109.6429617516696453094482421875">
        <ele>3618.39990234375</ele>
        <time>2017-09-02T22:46:52.000Z</time>
        <extensions>
          <ns3:TrackPointExtension>
            <ns3:atemp>27.0</ns3:atemp>
            <ns3:cad>47</ns3:cad>
          </ns3:TrackPointExtension>
        </extensions>
      </trkpt>
      <trkpt lat="43.19506309926509857177734375" lon="-109.64296233840286731719970703125">
        <ele>3618.199951171875</ele>
        <time>2017-09-02T22:46:53.000Z</time>
        <extensions>
          <ns3:TrackPointExtension>
            <ns3:atemp>27.0</ns3:atemp>
            <ns3:cad>47</ns3:cad>
          </ns3:TrackPointExtension>
        </extensions>
      </trkpt>
      <trkpt lat="43.19508363492786884307861328125" lon="-109.64296954683959484100341796875">
        <ele>3617.800048828125</ele>
        <time>2017-09-02T22:46:55.000Z</time>
        <extensions>
          <ns3:TrackPointExtension>
            <ns3:atemp>27.0</ns3:atemp>
            <ns3:cad>47</ns3:cad>
          </ns3:TrackPointExtension>
        </extensions>
      </trkpt>
      <trkpt lat="43.19511984474956989288330078125" lon="-109.64299201034009456634521484375">
        <ele>3617</ele>
        <time>2017-09-02T22:46:59.000Z</time>
        <extensions>
          <ns3:TrackPointExtension>
            <ns3:atemp>27.0</ns3:atemp>
            <ns3:cad>47</ns3:cad>
          </ns3:TrackPointExtension>
        </extensions>
      </trkpt>
      <trkpt lat="43.19517172873020172119140625" lon="-109.64301346801221370697021484375">
        <ele>3615.800048828125</ele>
        <time>2017-09-02T22:47:05.000Z</time>
        <extensions>
          <ns3:TrackPointExtension>
            <ns3:atemp>27.0</ns3:atemp>
            <ns3:cad>56</ns3:cad>
          </ns3:TrackPointExtension>
        </extensions>
      </trkpt>
      <trkpt lat="43.19521506316959857940673828125" lon="-109.64303643442690372467041015625">
        <ele>3614.800048828125</ele>
        <time>2017-09-02T22:47:10.000Z</time>
        <extensions>
          <ns3:TrackPointExtension>
            <ns3:atemp>27.0</ns3:atemp>
            <ns3:cad>56</ns3:cad>
          </ns3:TrackPointExtension>
        </extensions>
      </trkpt>
      <trkpt lat="43.1952617503702640533447265625" lon="-109.643068201839923858642578125">
        <ele>3613.60009765625</ele>
        <time>2017-09-02T22:47:16.000Z</time>
        <extensions>
          <ns3:TrackPointExtension>
            <ns3:atemp>27.0</ns3:atemp>
            <ns3:cad>56</ns3:cad>
          </ns3:TrackPointExtension>
        </extensions>
      </trkpt>
      <trkpt lat="43.1953043304383754730224609375" lon="-109.64308856986463069915771484375">
        <ele>3612.60009765625</ele>
        <time>2017-09-02T22:47:21.000Z</time>
        <extensions>
          <ns3:TrackPointExtension>
            <ns3:atemp>27.0</ns3:atemp>
            <ns3:cad>56</ns3:cad>
          </ns3:TrackPointExtension>
        </extensions>
      </trkpt>
      <trkpt lat="43.1953485868871212005615234375" lon="-109.64309644885361194610595703125">
        <ele>3611.60009765625</ele>
        <time>2017-09-02T22:47:25.000Z</time>
        <extensions>
          <ns3:TrackPointExtension>
            <ns3:atemp>28.0</ns3:atemp>
            <ns3:cad>43</ns3:cad>
          </ns3:TrackPointExtension>
        </extensions>
      </trkpt>
      <trkpt lat="43.1953908316791057586669921875" lon="-109.6431257016956806182861328125">
        <ele>3610.39990234375</ele>
        <time>2017-09-02T22:47:30.000Z</time>
        <extensions>
          <ns3:TrackPointExtension>
            <ns3:atemp>28.0</ns3:atemp>
            <ns3:cad>47</ns3:cad>
          </ns3:TrackPointExtension>
        </extensions>
      </trkpt>
      <trkpt lat="43.195450007915496826171875" lon="-109.6431429684162139892578125">
        <ele>3609.60009765625</ele>
        <time>2017-09-02T22:47:35.000Z</time>
        <extensions>
          <ns3:TrackPointExtension>
            <ns3:atemp>28.0</ns3:atemp>
            <ns3:cad>54</ns3:cad>
          </ns3:TrackPointExtension>
        </extensions>
      </trkpt>
      <trkpt lat="43.19546140730381011962890625" lon="-109.64314632117748260498046875">
        <ele>3609.39990234375</ele>
        <time>2017-09-02T22:47:36.000Z</time>
        <extensions>
          <ns3:TrackPointExtension>
            <ns3:atemp>28.0</ns3:atemp>
            <ns3:cad>54</ns3:cad>
          </ns3:TrackPointExtension>
        </extensions>
      </trkpt>
      <trkpt lat="43.19549233652651309967041015625" lon="-109.64315294288098812103271484375">
        <ele>3608.39990234375</ele>
        <time>2017-09-02T22:47:39.000Z</time>
        <extensions>
          <ns3:TrackPointExtension>
            <ns3:atemp>28.0</ns3:atemp>
            <ns3:cad>54</ns3:cad>
          </ns3:TrackPointExtension>
        </extensions>
      </trkpt>
      <trkpt lat="43.19549920968711376190185546875" lon="-109.6431612409651279449462890625">
        <ele>3608.199951171875</ele>
        <time>2017-09-02T22:47:40.000Z</time>
        <extensions>
          <ns3:TrackPointExtension>
            <ns3:atemp>28.0</ns3:atemp>
            <ns3:cad>54</ns3:cad>
          </ns3:TrackPointExtension>
        </extensions>
      </trkpt>
      <trkpt lat="43.19551563821732997894287109375" lon="-109.64318923652172088623046875">
        <ele>3608</ele>
        <time>2017-09-02T22:47:43.000Z</time>
        <extensions>
          <ns3:TrackPointExtension>
            <ns3:atemp>28.0</ns3:atemp>
            <ns3:cad>61</ns3:cad>
          </ns3:TrackPointExtension>
        </extensions>
      </trkpt>
      <trkpt lat="43.19553324021399021148681640625" lon="-109.643209688365459442138671875">
        <ele>3607.39990234375</ele>
        <time>2017-09-02T22:47:46.000Z</time>
        <extensions>
          <ns3:TrackPointExtension>
            <ns3:atemp>28.0</ns3:atemp>
            <ns3:cad>61</ns3:cad>
          </ns3:TrackPointExtension>
        </extensions>
      </trkpt>
      <trkpt lat="43.195550255477428436279296875" lon="-109.64321144856512546539306640625">
        <ele>3607.39990234375</ele>
        <time>2017-09-02T22:47:49.000Z</time>
        <extensions>
          <ns3:TrackPointExtension>
            <ns3:atemp>28.0</ns3:atemp>
            <ns3:cad>0</ns3:cad>
          </ns3:TrackPointExtension>
        </extensions>
      </trkpt>
      <trkpt lat="43.1955554522573947906494140625" lon="-109.643221758306026458740234375">
        <ele>3607.199951171875</ele>
        <time>2017-09-02T22:47:51.000Z</time>
        <extensions>
          <ns3:TrackPointExtension>
            <ns3:atemp>28.0</ns3:atemp>
            <ns3:cad>0</ns3:cad>
          </ns3:TrackPointExtension>
        </extensions>
      </trkpt>
      <trkpt lat="43.1956463120877742767333984375" lon="-109.64322469197213649749755859375">
        <ele>3606.199951171875</ele>
        <time>2017-09-02T22:48:00.000Z</time>
        <extensions>
          <ns3:TrackPointExtension>
            <ns3:atemp>28.0</ns3:atemp>
            <ns3:cad>46</ns3:cad>
          </ns3:TrackPointExtension>
        </extensions>
      </trkpt>
      <trkpt lat="43.19568797014653682708740234375" lon="-109.6432111971080303192138671875">
        <ele>3606</ele>
        <time>2017-09-02T22:48:05.000Z</time>
        <extensions>
          <ns3:TrackPointExtension>
            <ns3:atemp>28.0</ns3:atemp>
            <ns3:cad>43</ns3:cad>
          </ns3:TrackPointExtension>
        </extensions>
      </trkpt>
      <trkpt lat="43.19569819606840610504150390625" lon="-109.64321111328899860382080078125">
        <ele>3605.800048828125</ele>
        <time>2017-09-02T22:48:07.000Z</time>
        <extensions>
          <ns3:TrackPointExtension>
            <ns3:atemp>28.0</ns3:atemp>
            <ns3:cad>61</ns3:cad>
          </ns3:TrackPointExtension>
        </extensions>
      </trkpt>
      <trkpt lat="43.19573306478559970855712890625" lon="-109.6432152204215526580810546875">
        <ele>3605.39990234375</ele>
        <time>2017-09-02T22:48:28.000Z</time>
        <extensions>
          <ns3:TrackPointExtension>
            <ns3:atemp>29.0</ns3:atemp>
            <ns3:cad>0</ns3:cad>
          </ns3:TrackPointExtension>
        </extensions>
      </trkpt>
      <trkpt lat="43.1957973539829254150390625" lon="-109.64324019849300384521484375">
        <ele>3605.199951171875</ele>
        <time>2017-09-02T22:48:38.000Z</time>
        <extensions>
          <ns3:TrackPointExtension>
            <ns3:atemp>29.0</ns3:atemp>
            <ns3:cad>0</ns3:cad>
          </ns3:TrackPointExtension>
        </extensions>
      </trkpt>
      <trkpt lat="43.19583700038492679595947265625" lon="-109.64324690401554107666015625">
        <ele>3605</ele>
        <time>2017-09-02T22:48:42.000Z</time>
        <extensions>
          <ns3:TrackPointExtension>
            <ns3:atemp>29.0</ns3:atemp>
            <ns3:cad>0</ns3:cad>
          </ns3:TrackPointExtension>
        </extensions>
      </trkpt>
      <trkpt lat="43.19593305699527263641357421875" lon="-109.6432215906679630279541015625">
        <ele>3604.199951171875</ele>
        <time>2017-09-02T22:48:50.000Z</time>
        <extensions>
          <ns3:TrackPointExtension>
            <ns3:atemp>29.0</ns3:atemp>
            <ns3:cad>0</ns3:cad>
          </ns3:TrackPointExtension>
        </extensions>
      </trkpt>
      <trkpt lat="43.19594797678291797637939453125" lon="-109.64322871528565883636474609375">
        <ele>3604</ele>
        <time>2017-09-02T22:48:52.000Z</time>
        <extensions>
          <ns3:TrackPointExtension>
            <ns3:atemp>29.0</ns3:atemp>
            <ns3:cad>78</ns3:cad>
          </ns3:TrackPointExtension>
        </extensions>
      </trkpt>
      <trkpt lat="43.19596624933183193206787109375" lon="-109.64327112771570682525634765625">
        <ele>3603.800048828125</ele>
        <time>2017-09-02T22:48:57.000Z</time>
        <extensions>
          <ns3:TrackPointExtension>
            <ns3:atemp>29.0</ns3:atemp>
            <ns3:cad>71</ns3:cad>
          </ns3:TrackPointExtension>
        </extensions>
      </trkpt>
      <trkpt lat="43.19612835533916950225830078125" lon="-109.6433902345597743988037109375">
        <ele>3603.60009765625</ele>
        <time>2017-09-02T22:49:21.000Z</time>
        <extensions>
          <ns3:TrackPointExtension>
            <ns3:atemp>30.0</ns3:atemp>
            <ns3:cad>58</ns3:cad>
          </ns3:TrackPointExtension>
        </extensions>
      </trkpt>
      <trkpt lat="43.19618023931980133056640625" lon="-109.643396772444248199462890625">
        <ele>3603.60009765625</ele>
        <time>2017-09-02T22:49:25.000Z</time>
        <extensions>
          <ns3:TrackPointExtension>
            <ns3:atemp>30.0</ns3:atemp>
            <ns3:cad>58</ns3:cad>
          </ns3:TrackPointExtension>
        </extensions>
      </trkpt>
      <trkpt lat="43.1963002681732177734375" lon="-109.6435957588255405426025390625">
        <ele>3603.39990234375</ele>
        <time>2017-09-02T22:49:40.000Z</time>
        <extensions>
          <ns3:TrackPointExtension>
            <ns3:atemp>30.0</ns3:atemp>
            <ns3:cad>57</ns3:cad>
          </ns3:TrackPointExtension>
        </extensions>
      </trkpt>
      <trkpt lat="43.19639791734516620635986328125" lon="-109.64367664419114589691162109375">
        <ele>3603.39990234375</ele>
        <time>2017-09-02T22:49:52.000Z</time>
        <extensions>
          <ns3:TrackPointExtension>
            <ns3:atemp>30.0</ns3:atemp>
            <ns3:cad>57</ns3:cad>
          </ns3:TrackPointExtension>
        </extensions>
      </trkpt>
      <trkpt lat="43.1964249908924102783203125" lon="-109.643686115741729736328125">
        <ele>3603.39990234375</ele>
        <time>2017-09-02T22:49:55.000Z</time>
        <extensions>
          <ns3:TrackPointExtension>
            <ns3:atemp>30.0</ns3:atemp>
            <ns3:cad>61</ns3:cad>
          </ns3:TrackPointExtension>
        </extensions>
      </trkpt>
      <trkpt lat="43.1965322792530059814453125" lon="-109.64378393255174160003662109375">
        <ele>3603.800048828125</ele>
        <time>2017-09-02T22:50:10.000Z</time>
        <extensions>
          <ns3:TrackPointExtension>
            <ns3:atemp>30.0</ns3:atemp>
            <ns3:cad>63</ns3:cad>
          </ns3:TrackPointExtension>
        </extensions>
      </trkpt>
      <trkpt lat="43.1965187005698680877685546875" lon="-109.64379499666392803192138671875">
        <ele>3603</ele>
        <time>2017-09-02T22:50:20.000Z</time>
        <extensions>
          <ns3:TrackPointExtension>
            <ns3:atemp>30.0</ns3:atemp>
            <ns3:cad>0</ns3:cad>
          </ns3:TrackPointExtension>
        </extensions>
      </trkpt>
      <trkpt lat="43.19656991399824619293212890625" lon="-109.64382818900048732757568359375">
        <ele>3603</ele>
        <time>2017-09-02T22:50:42.000Z</time>
        <extensions>
          <ns3:TrackPointExtension>
            <ns3:atemp>30.0</ns3:atemp>
            <ns3:cad>61</ns3:cad>
          </ns3:TrackPointExtension>
        </extensions>
      </trkpt>
      <trkpt lat="43.1967114843428134918212890625" lon="-109.643955342471599578857421875">
        <ele>3602.60009765625</ele>
        <time>2017-09-02T22:50:56.000Z</time>
        <extensions>
          <ns3:TrackPointExtension>
            <ns3:atemp>31.0</ns3:atemp>
            <ns3:cad>61</ns3:cad>
          </ns3:TrackPointExtension>
        </extensions>
      </trkpt>
      <trkpt lat="43.19672497920691967010498046875" lon="-109.64397051371634006500244140625">
        <ele>3602.800048828125</ele>
        <time>2017-09-02T22:50:58.000Z</time>
        <extensions>
          <ns3:TrackPointExtension>
            <ns3:atemp>31.0</ns3:atemp>
            <ns3:cad>61</ns3:cad>
          </ns3:TrackPointExtension>
        </extensions>
      </trkpt>
      <trkpt lat="43.19680787622928619384765625" lon="-109.64398107491433620452880859375">
        <ele>3602.39990234375</ele>
        <time>2017-09-02T22:51:06.000Z</time>
        <extensions>
          <ns3:TrackPointExtension>
            <ns3:atemp>31.0</ns3:atemp>
            <ns3:cad>61</ns3:cad>
          </ns3:TrackPointExtension>
        </extensions>
      </trkpt>
      <trkpt lat="43.1968331895768642425537109375" lon="-109.643980823457241058349609375">
        <ele>3602</ele>
        <time>2017-09-02T22:51:09.000Z</time>
        <extensions>
          <ns3:TrackPointExtension>
            <ns3:atemp>31.0</ns3:atemp>
            <ns3:cad>0</ns3:cad>
          </ns3:TrackPointExtension>
        </extensions>
      </trkpt>
      <trkpt lat="43.19685674272477626800537109375" lon="-109.64396900497376918792724609375">
        <ele>3601.800048828125</ele>
        <time>2017-09-02T22:51:11.000Z</time>
        <extensions>
          <ns3:TrackPointExtension>
            <ns3:atemp>31.0</ns3:atemp>
            <ns3:cad>0</ns3:cad>
          </ns3:TrackPointExtension>
        </extensions>
      </trkpt>
      <trkpt lat="43.196782730519771575927734375" lon="-109.64393245987594127655029296875">
        <ele>3603</ele>
        <time>2017-09-02T22:51:42.000Z</time>
        <extensions>
          <ns3:TrackPointExtension>
            <ns3:atemp>31.0</ns3:atemp>
            <ns3:cad>0</ns3:cad>
          </ns3:TrackPointExtension>
        </extensions>
      </trkpt>
      <trkpt lat="43.19682170636951923370361328125" lon="-109.64401359669864177703857421875">
        <ele>3602.39990234375</ele>
        <time>2017-09-02T22:52:14.000Z</time>
        <extensions>
          <ns3:TrackPointExtension>
            <ns3:atemp>31.0</ns3:atemp>
            <ns3:cad>61</ns3:cad>
          </ns3:TrackPointExtension>
        </extensions>
      </trkpt>
      <trkpt lat="43.19683679379522800445556640625" lon="-109.6440249122679233551025390625">
        <ele>3602.60009765625</ele>
        <time>2017-09-02T22:52:16.000Z</time>
        <extensions>
          <ns3:TrackPointExtension>
            <ns3:atemp>31.0</ns3:atemp>
            <ns3:cad>61</ns3:cad>
          </ns3:TrackPointExtension>
        </extensions>
      </trkpt>
      <trkpt lat="43.19701147265732288360595703125" lon="-109.64411635883152484893798828125">
        <ele>3602.199951171875</ele>
        <time>2017-09-02T22:52:35.000Z</time>
        <extensions>
          <ns3:TrackPointExtension>
            <ns3:atemp>30.0</ns3:atemp>
            <ns3:cad>0</ns3:cad>
          </ns3:TrackPointExtension>
        </extensions>
      </trkpt>
      <trkpt lat="43.1970175914466381072998046875" lon="-109.64412038214504718780517578125">
        <ele>3601.800048828125</ele>
        <time>2017-09-02T22:52:37.000Z</time>
        <extensions>
          <ns3:TrackPointExtension>
            <ns3:atemp>30.0</ns3:atemp>
            <ns3:cad>0</ns3:cad>
          </ns3:TrackPointExtension>
        </extensions>
      </trkpt>
      <trkpt lat="43.197039552032947540283203125" lon="-109.6441536583006381988525390625">
        <ele>3601.60009765625</ele>
        <time>2017-09-02T22:52:40.000Z</time>
        <extensions>
          <ns3:TrackPointExtension>
            <ns3:atemp>30.0</ns3:atemp>
            <ns3:cad>0</ns3:cad>
          </ns3:TrackPointExtension>
        </extensions>
      </trkpt>
      <trkpt lat="43.19710769690573215484619140625" lon="-109.644198752939701080322265625">
        <ele>3600.800048828125</ele>
        <time>2017-09-02T22:52:47.000Z</time>
        <extensions>
          <ns3:TrackPointExtension>
            <ns3:atemp>30.0</ns3:atemp>
            <ns3:cad>0</ns3:cad>
          </ns3:TrackPointExtension>
        </extensions>
      </trkpt>
      <trkpt lat="43.1972271390259265899658203125" lon="-109.644290618598461151123046875">
        <ele>3599.800048828125</ele>
        <time>2017-09-02T22:52:59.000Z</time>
        <extensions>
          <ns3:TrackPointExtension>
            <ns3:atemp>30.0</ns3:atemp>
            <ns3:cad>56</ns3:cad>
          </ns3:TrackPointExtension>
        </extensions>
      </trkpt>
      <trkpt lat="43.19733819924294948577880859375" lon="-109.6443176083266735076904296875">
        <ele>3598.60009765625</ele>
        <time>2017-09-02T22:53:07.000Z</time>
        <extensions>
          <ns3:TrackPointExtension>
            <ns3:atemp>30.0</ns3:atemp>
            <ns3:cad>60</ns3:cad>
          </ns3:TrackPointExtension>
        </extensions>
      </trkpt>
      <trkpt lat="43.19734775461256504058837890625" lon="-109.64431710541248321533203125">
        <ele>3598.60009765625</ele>
        <time>2017-09-02T22:53:08.000Z</time>
        <extensions>
          <ns3:TrackPointExtension>
            <ns3:atemp>30.0</ns3:atemp>
            <ns3:cad>60</ns3:cad>
          </ns3:TrackPointExtension>
        </extensions>
      </trkpt>
      <trkpt lat="43.197398968040943145751953125" lon="-109.6443048678338527679443359375">
        <ele>3597.800048828125</ele>
        <time>2017-09-02T22:53:13.000Z</time>
        <extensions>
          <ns3:TrackPointExtension>
            <ns3:atemp>30.0</ns3:atemp>
            <ns3:cad>58</ns3:cad>
          </ns3:TrackPointExtension>
        </extensions>
      </trkpt>
      <trkpt lat="43.197415731847286224365234375" lon="-109.64432171545922756195068359375">
        <ele>3597.60009765625</ele>
        <time>2017-09-02T22:53:15.000Z</time>
        <extensions>
          <ns3:TrackPointExtension>
            <ns3:atemp>30.0</ns3:atemp>
            <ns3:cad>58</ns3:cad>
          </ns3:TrackPointExtension>
        </extensions>
      </trkpt>
      <trkpt lat="43.19750382564961910247802734375" lon="-109.6443417482078075408935546875">
        <ele>3596.39990234375</ele>
        <time>2017-09-02T22:53:24.000Z</time>
        <extensions>
          <ns3:TrackPointExtension>
            <ns3:atemp>30.0</ns3:atemp>
            <ns3:cad>58</ns3:cad>
          </ns3:TrackPointExtension>
        </extensions>
      </trkpt>
      <trkpt lat="43.19755294360220432281494140625" lon="-109.64437879621982574462890625">
        <ele>3596.199951171875</ele>
        <time>2017-09-02T22:53:29.000Z</time>
        <extensions>
          <ns3:TrackPointExtension>
            <ns3:atemp>30.0</ns3:atemp>
            <ns3:cad>58</ns3:cad>
          </ns3:TrackPointExtension>
        </extensions>
      </trkpt>
      <trkpt lat="43.1975919194519519805908203125" lon="-109.6443860046565532684326171875">
        <ele>3595.39990234375</ele>
        <time>2017-09-02T22:54:04.000Z</time>
        <extensions>
          <ns3:TrackPointExtension>
            <ns3:atemp>31.0</ns3:atemp>
            <ns3:cad>61</ns3:cad>
          </ns3:TrackPointExtension>
        </extensions>
      </trkpt>
      <trkpt lat="43.19761480204761028289794921875" lon="-109.6444560773670673370361328125">
        <ele>3595.39990234375</ele>
        <time>2017-09-02T22:54:18.000Z</time>
        <extensions>
          <ns3:TrackPointExtension>
            <ns3:atemp>31.0</ns3:atemp>
            <ns3:cad>61</ns3:cad>
          </ns3:TrackPointExtension>
        </extensions>
      </trkpt>
      <trkpt lat="43.19763458333909511566162109375" lon="-109.64446596801280975341796875">
        <ele>3595.39990234375</ele>
        <time>2017-09-02T22:54:20.000Z</time>
        <extensions>
          <ns3:TrackPointExtension>
            <ns3:atemp>31.0</ns3:atemp>
            <ns3:cad>61</ns3:cad>
          </ns3:TrackPointExtension>
        </extensions>
      </trkpt>
      <trkpt lat="43.197656460106372833251953125" lon="-109.64449773542582988739013671875">
        <ele>3595.199951171875</ele>
        <time>2017-09-02T22:54:24.000Z</time>
        <extensions>
          <ns3:TrackPointExtension>
            <ns3:atemp>31.0</ns3:atemp>
            <ns3:cad>61</ns3:cad>
          </ns3:TrackPointExtension>
        </extensions>
      </trkpt>
      <trkpt lat="43.19767666049301624298095703125" lon="-109.6445194445550441741943359375">
        <ele>3595.199951171875</ele>
        <time>2017-09-02T22:54:27.000Z</time>
        <extensions>
          <ns3:TrackPointExtension>
            <ns3:atemp>31.0</ns3:atemp>
            <ns3:cad>61</ns3:cad>
          </ns3:TrackPointExtension>
        </extensions>
      </trkpt>
      <trkpt lat="43.19771136157214641571044921875" lon="-109.64455758221447467803955078125">
        <ele>3595</ele>
        <time>2017-09-02T22:54:32.000Z</time>
        <extensions>
          <ns3:TrackPointExtension>
            <ns3:atemp>31.0</ns3:atemp>
            <ns3:cad>0</ns3:cad>
          </ns3:TrackPointExtension>
        </extensions>
      </trkpt>
      <trkpt lat="43.19782166741788387298583984375" lon="-109.6446342766284942626953125">
        <ele>3594.199951171875</ele>
        <time>2017-09-02T22:54:44.000Z</time>
        <extensions>
          <ns3:TrackPointExtension>
            <ns3:atemp>31.0</ns3:atemp>
            <ns3:cad>0</ns3:cad>
          </ns3:TrackPointExtension>
        </extensions>
      </trkpt>
      <trkpt lat="43.19795678369700908660888671875" lon="-109.644794203341007232666015625">
        <ele>3593.60009765625</ele>
        <time>2017-09-02T22:55:02.000Z</time>
        <extensions>
          <ns3:TrackPointExtension>
            <ns3:atemp>31.0</ns3:atemp>
            <ns3:cad>0</ns3:cad>
          </ns3:TrackPointExtension>
        </extensions>
      </trkpt>
      <trkpt lat="43.19797019474208354949951171875" lon="-109.64479780755937099456787109375">
        <ele>3593.60009765625</ele>
        <time>2017-09-02T22:55:04.000Z</time>
        <extensions>
          <ns3:TrackPointExtension>
            <ns3:atemp>31.0</ns3:atemp>
            <ns3:cad>0</ns3:cad>
          </ns3:TrackPointExtension>
        </extensions>
      </trkpt>
      <trkpt lat="43.19800908677279949188232421875" lon="-109.64481624774634838104248046875">
        <ele>3593.60009765625</ele>
        <time>2017-09-02T22:55:08.000Z</time>
        <extensions>
          <ns3:TrackPointExtension>
            <ns3:atemp>31.0</ns3:atemp>
            <ns3:cad>0</ns3:cad>
          </ns3:TrackPointExtension>
        </extensions>
      </trkpt>
      <trkpt lat="43.1980810873210430145263671875" lon="-109.6448406390845775604248046875">
        <ele>3593</ele>
        <time>2017-09-02T22:55:15.000Z</time>
        <extensions>
          <ns3:TrackPointExtension>
            <ns3:atemp>31.0</ns3:atemp>
            <ns3:cad>58</ns3:cad>
          </ns3:TrackPointExtension>
        </extensions>
      </trkpt>
      <trkpt lat="43.19814370013773441314697265625" lon="-109.64493040926754474639892578125">
        <ele>3593.199951171875</ele>
        <time>2017-09-02T22:55:25.000Z</time>
        <extensions>
          <ns3:TrackPointExtension>
            <ns3:atemp>31.0</ns3:atemp>
            <ns3:cad>0</ns3:cad>
          </ns3:TrackPointExtension>
        </extensions>
      </trkpt>
      <trkpt lat="43.19816851057112216949462890625" lon="-109.64496175758540630340576171875">
        <ele>3593.199951171875</ele>
        <time>2017-09-02T22:55:28.000Z</time>
        <extensions>
          <ns3:TrackPointExtension>
            <ns3:atemp>31.0</ns3:atemp>
            <ns3:cad>0</ns3:cad>
          </ns3:TrackPointExtension>
        </extensions>
      </trkpt>
      <trkpt lat="43.198181502521038055419921875" lon="-109.64497022330760955810546875">
        <ele>3593.199951171875</ele>
        <time>2017-09-02T22:55:30.000Z</time>
        <extensions>
          <ns3:TrackPointExtension>
            <ns3:atemp>31.0</ns3:atemp>
            <ns3:cad>0</ns3:cad>
          </ns3:TrackPointExtension>
        </extensions>
      </trkpt>
      <trkpt lat="43.1982064805924892425537109375" lon="-109.64499595575034618377685546875">
        <ele>3593.199951171875</ele>
        <time>2017-09-02T22:55:34.000Z</time>
        <extensions>
          <ns3:TrackPointExtension>
            <ns3:atemp>31.0</ns3:atemp>
            <ns3:cad>0</ns3:cad>
          </ns3:TrackPointExtension>
        </extensions>
      </trkpt>
      <trkpt lat="43.19822533987462520599365234375" lon="-109.6450293995440006256103515625">
        <ele>3593.39990234375</ele>
        <time>2017-09-02T22:55:37.000Z</time>
        <extensions>
          <ns3:TrackPointExtension>
            <ns3:atemp>31.0</ns3:atemp>
            <ns3:cad>0</ns3:cad>
          </ns3:TrackPointExtension>
        </extensions>
      </trkpt>
      <trkpt lat="43.19824378006160259246826171875" lon="-109.64506275951862335205078125">
        <ele>3593.60009765625</ele>
        <time>2017-09-02T22:55:40.000Z</time>
        <extensions>
          <ns3:TrackPointExtension>
            <ns3:atemp>31.0</ns3:atemp>
            <ns3:cad>0</ns3:cad>
          </ns3:TrackPointExtension>
        </extensions>
      </trkpt>
      <trkpt lat="43.1982730329036712646484375" lon="-109.64507843367755413055419921875">
        <ele>3593.60009765625</ele>
        <time>2017-09-02T22:55:44.000Z</time>
        <extensions>
          <ns3:TrackPointExtension>
            <ns3:atemp>31.0</ns3:atemp>
            <ns3:cad>0</ns3:cad>
          </ns3:TrackPointExtension>
        </extensions>
      </trkpt>
      <trkpt lat="43.19828082807362079620361328125" lon="-109.64507776312530040740966796875">
        <ele>3593.60009765625</ele>
        <time>2017-09-02T22:55:46.000Z</time>
        <extensions>
          <ns3:TrackPointExtension>
            <ns3:atemp>31.0</ns3:atemp>
            <ns3:cad>0</ns3:cad>
          </ns3:TrackPointExtension>
        </extensions>
      </trkpt>
      <trkpt lat="43.19829457439482212066650390625" lon="-109.64508228935301303863525390625">
        <ele>3593.800048828125</ele>
        <time>2017-09-02T22:55:49.000Z</time>
        <extensions>
          <ns3:TrackPointExtension>
            <ns3:atemp>31.0</ns3:atemp>
            <ns3:cad>0</ns3:cad>
          </ns3:TrackPointExtension>
        </extensions>
      </trkpt>
      <trkpt lat="43.1983660720288753509521484375" lon="-109.6451061777770519256591796875">
        <ele>3593.39990234375</ele>
        <time>2017-09-02T22:56:09.000Z</time>
        <extensions>
          <ns3:TrackPointExtension>
            <ns3:atemp>31.0</ns3:atemp>
            <ns3:cad>60</ns3:cad>
          </ns3:TrackPointExtension>
        </extensions>
      </trkpt>
      <trkpt lat="43.19842214696109294891357421875" lon="-109.645126126706600189208984375">
        <ele>3593.39990234375</ele>
        <time>2017-09-02T22:56:16.000Z</time>
        <extensions>
          <ns3:TrackPointExtension>
            <ns3:atemp>31.0</ns3:atemp>
            <ns3:cad>63</ns3:cad>
          </ns3:TrackPointExtension>
        </extensions>
      </trkpt>
      <trkpt lat="43.19843840785324573516845703125" lon="-109.64514113031327724456787109375">
        <ele>3593.39990234375</ele>
        <time>2017-09-02T22:56:19.000Z</time>
        <extensions>
          <ns3:TrackPointExtension>
            <ns3:atemp>31.0</ns3:atemp>
            <ns3:cad>0</ns3:cad>
          </ns3:TrackPointExtension>
        </extensions>
      </trkpt>
      <trkpt lat="43.1986118294298648834228515625" lon="-109.645225368440151214599609375">
        <ele>3592.800048828125</ele>
        <time>2017-09-02T22:56:39.000Z</time>
        <extensions>
          <ns3:TrackPointExtension>
            <ns3:atemp>30.0</ns3:atemp>
            <ns3:cad>0</ns3:cad>
          </ns3:TrackPointExtension>
        </extensions>
      </trkpt>
      <trkpt lat="43.19866505451500415802001953125" lon="-109.64525026269257068634033203125">
        <ele>3592.39990234375</ele>
        <time>2017-09-02T22:56:46.000Z</time>
        <extensions>
          <ns3:TrackPointExtension>
            <ns3:atemp>30.0</ns3:atemp>
            <ns3:cad>0</ns3:cad>
          </ns3:TrackPointExtension>
        </extensions>
      </trkpt>
      <trkpt lat="43.1987075507640838623046875" lon="-109.64526954106986522674560546875">
        <ele>3592.60009765625</ele>
        <time>2017-09-02T22:56:50.000Z</time>
        <extensions>
          <ns3:TrackPointExtension>
            <ns3:atemp>30.0</ns3:atemp>
            <ns3:cad>0</ns3:cad>
          </ns3:TrackPointExtension>
        </extensions>
      </trkpt>
      <trkpt lat="43.19880235008895397186279296875" lon="-109.64531547389924526214599609375">
        <ele>3592</ele>
        <time>2017-09-02T22:57:00.000Z</time>
        <extensions>
          <ns3:TrackPointExtension>
            <ns3:atemp>30.0</ns3:atemp>
            <ns3:cad>0</ns3:cad>
          </ns3:TrackPointExtension>
        </extensions>
      </trkpt>
      <trkpt lat="43.1989209540188312530517578125" lon="-109.6453861333429813385009765625">
        <ele>3591.60009765625</ele>
        <time>2017-09-02T22:57:13.000Z</time>
        <extensions>
          <ns3:TrackPointExtension>
            <ns3:atemp>30.0</ns3:atemp>
            <ns3:cad>0</ns3:cad>
          </ns3:TrackPointExtension>
        </extensions>
      </trkpt>
      <trkpt lat="43.198973424732685089111328125" lon="-109.6454126201570034027099609375">
        <ele>3591.199951171875</ele>
        <time>2017-09-02T22:57:18.000Z</time>
        <extensions>
          <ns3:TrackPointExtension>
            <ns3:atemp>30.0</ns3:atemp>
            <ns3:cad>58</ns3:cad>
          </ns3:TrackPointExtension>
        </extensions>
      </trkpt>
      <trkpt lat="43.1990025937557220458984375" lon="-109.6454106085002422332763671875">
        <ele>3591</ele>
        <time>2017-09-02T22:57:20.000Z</time>
        <extensions>
          <ns3:TrackPointExtension>
            <ns3:atemp>30.0</ns3:atemp>
            <ns3:cad>58</ns3:cad>
          </ns3:TrackPointExtension>
        </extensions>
      </trkpt>
      <trkpt lat="43.19911683909595012664794921875" lon="-109.64543030597269535064697265625">
        <ele>3590</ele>
        <time>2017-09-02T22:57:31.000Z</time>
        <extensions>
          <ns3:TrackPointExtension>
            <ns3:atemp>30.0</ns3:atemp>
            <ns3:cad>58</ns3:cad>
          </ns3:TrackPointExtension>
        </extensions>
      </trkpt>
      <trkpt lat="43.19925631396472454071044921875" lon="-109.64547255076467990875244140625">
        <ele>3589</ele>
        <time>2017-09-02T22:57:45.000Z</time>
        <extensions>
          <ns3:TrackPointExtension>
            <ns3:atemp>30.0</ns3:atemp>
            <ns3:cad>56</ns3:cad>
          </ns3:TrackPointExtension>
        </extensions>
      </trkpt>
      <trkpt lat="43.1993504427373409271240234375" lon="-109.64551244862377643585205078125">
        <ele>3587.800048828125</ele>
        <time>2017-09-02T22:57:56.000Z</time>
        <extensions>
          <ns3:TrackPointExtension>
            <ns3:atemp>30.0</ns3:atemp>
            <ns3:cad>0</ns3:cad>
          </ns3:TrackPointExtension>
        </extensions>
      </trkpt>
      <trkpt lat="43.19937550462782382965087890625" lon="-109.645505659282207489013671875">
        <ele>3587.800048828125</ele>
        <time>2017-09-02T22:57:59.000Z</time>
        <extensions>
          <ns3:TrackPointExtension>
            <ns3:atemp>30.0</ns3:atemp>
            <ns3:cad>0</ns3:cad>
          </ns3:TrackPointExtension>
        </extensions>
      </trkpt>
      <trkpt lat="43.19940148852765560150146484375" lon="-109.6455051563680171966552734375">
        <ele>3587.60009765625</ele>
        <time>2017-09-02T22:58:02.000Z</time>
        <extensions>
          <ns3:TrackPointExtension>
            <ns3:atemp>30.0</ns3:atemp>
            <ns3:cad>61</ns3:cad>
          </ns3:TrackPointExtension>
        </extensions>
      </trkpt>
      <trkpt lat="43.19944675080478191375732421875" lon="-109.6455033123493194580078125">
        <ele>3587</ele>
        <time>2017-09-02T22:58:08.000Z</time>
        <extensions>
          <ns3:TrackPointExtension>
            <ns3:atemp>30.0</ns3:atemp>
            <ns3:cad>0</ns3:cad>
          </ns3:TrackPointExtension>
        </extensions>
      </trkpt>
      <trkpt lat="43.19947323761880397796630859375" lon="-109.64548529125750064849853515625">
        <ele>3586.800048828125</ele>
        <time>2017-09-02T22:58:11.000Z</time>
        <extensions>
          <ns3:TrackPointExtension>
            <ns3:atemp>30.0</ns3:atemp>
            <ns3:cad>0</ns3:cad>
          </ns3:TrackPointExtension>
        </extensions>
      </trkpt>
      <trkpt lat="43.19958387874066829681396484375" lon="-109.6453988738358020782470703125">
        <ele>3585.800048828125</ele>
        <time>2017-09-02T22:58:25.000Z</time>
        <extensions>
          <ns3:TrackPointExtension>
            <ns3:atemp>30.0</ns3:atemp>
            <ns3:cad>0</ns3:cad>
          </ns3:TrackPointExtension>
        </extensions>
      </trkpt>
      <trkpt lat="43.1995925121009349822998046875" lon="-109.64539359323680400848388671875">
        <ele>3585.60009765625</ele>
        <time>2017-09-02T22:58:26.000Z</time>
        <extensions>
          <ns3:TrackPointExtension>
            <ns3:atemp>30.0</ns3:atemp>
            <ns3:cad>0</ns3:cad>
          </ns3:TrackPointExtension>
        </extensions>
      </trkpt>
      <trkpt lat="43.19961522705852985382080078125" lon="-109.64537850581109523773193359375">
        <ele>3585.199951171875</ele>
        <time>2017-09-02T22:58:29.000Z</time>
        <extensions>
          <ns3:TrackPointExtension>
            <ns3:atemp>30.0</ns3:atemp>
            <ns3:cad>0</ns3:cad>
          </ns3:TrackPointExtension>
        </extensions>
      </trkpt>
      <trkpt lat="43.199634589254856109619140625" lon="-109.645366854965686798095703125">
        <ele>3585</ele>
        <time>2017-09-02T22:58:32.000Z</time>
        <extensions>
          <ns3:TrackPointExtension>
            <ns3:atemp>30.0</ns3:atemp>
            <ns3:cad>65</ns3:cad>
          </ns3:TrackPointExtension>
        </extensions>
      </trkpt>
      <trkpt lat="43.19965361617505550384521484375" lon="-109.64536626823246479034423828125">
        <ele>3584.60009765625</ele>
        <time>2017-09-02T22:58:35.000Z</time>
        <extensions>
          <ns3:TrackPointExtension>
            <ns3:atemp>30.0</ns3:atemp>
            <ns3:cad>65</ns3:cad>
          </ns3:TrackPointExtension>
        </extensions>
      </trkpt>
      <trkpt lat="43.199668787419795989990234375" lon="-109.64540633372962474822998046875">
        <ele>3584.39990234375</ele>
        <time>2017-09-02T22:58:40.000Z</time>
        <extensions>
          <ns3:TrackPointExtension>
            <ns3:atemp>30.0</ns3:atemp>
            <ns3:cad>61</ns3:cad>
          </ns3:TrackPointExtension>
        </extensions>
      </trkpt>
      <trkpt lat="43.19968563504517078399658203125" lon="-109.64547313749790191650390625">
        <ele>3584.199951171875</ele>
        <time>2017-09-02T22:58:46.000Z</time>
        <extensions>
          <ns3:TrackPointExtension>
            <ns3:atemp>30.0</ns3:atemp>
            <ns3:cad>0</ns3:cad>
          </ns3:TrackPointExtension>
        </extensions>
      </trkpt>
      <trkpt lat="43.19980080239474773406982421875" lon="-109.64561395347118377685546875">
        <ele>3584.60009765625</ele>
        <time>2017-09-02T22:59:32.000Z</time>
        <extensions>
          <ns3:TrackPointExtension>
            <ns3:atemp>29.0</ns3:atemp>
            <ns3:cad>0</ns3:cad>
          </ns3:TrackPointExtension>
        </extensions>
      </trkpt>
      <trkpt lat="43.19987573660910129547119140625" lon="-109.6457535959780216217041015625">
        <ele>3585.199951171875</ele>
        <time>2017-09-02T23:00:16.000Z</time>
        <extensions>
          <ns3:TrackPointExtension>
            <ns3:atemp>29.0</ns3:atemp>
            <ns3:cad>0</ns3:cad>
          </ns3:TrackPointExtension>
        </extensions>
      </trkpt>
      <trkpt lat="43.19982276298105716705322265625" lon="-109.64571629650890827178955078125">
        <ele>3584.39990234375</ele>
        <time>2017-09-02T23:00:49.000Z</time>
        <extensions>
          <ns3:TrackPointExtension>
            <ns3:atemp>29.0</ns3:atemp>
            <ns3:cad>0</ns3:cad>
          </ns3:TrackPointExtension>
        </extensions>
      </trkpt>
      <trkpt lat="43.1999361701309680938720703125" lon="-109.64560448192059993743896484375">
        <ele>3584</ele>
        <time>2017-09-02T23:02:10.000Z</time>
        <extensions>
          <ns3:TrackPointExtension>
            <ns3:atemp>28.0</ns3:atemp>
            <ns3:cad>0</ns3:cad>
          </ns3:TrackPointExtension>
        </extensions>
      </trkpt>
      <trkpt lat="43.199982605874538421630859375" lon="-109.645558632910251617431640625">
        <ele>3584</ele>
        <time>2017-09-02T23:02:14.000Z</time>
        <extensions>
          <ns3:TrackPointExtension>
            <ns3:atemp>28.0</ns3:atemp>
            <ns3:cad>0</ns3:cad>
          </ns3:TrackPointExtension>
        </extensions>
      </trkpt>
      <trkpt lat="43.20002996362745761871337890625" lon="-109.6455287933349609375">
        <ele>3581.60009765625</ele>
        <time>2017-09-02T23:02:17.000Z</time>
        <extensions>
          <ns3:TrackPointExtension>
            <ns3:atemp>28.0</ns3:atemp>
            <ns3:cad>0</ns3:cad>
          </ns3:TrackPointExtension>
        </extensions>
      </trkpt>
      <trkpt lat="43.200045637786388397216796875" lon="-109.645523093640804290771484375">
        <ele>3580.199951171875</ele>
        <time>2017-09-02T23:02:18.000Z</time>
        <extensions>
          <ns3:TrackPointExtension>
            <ns3:atemp>28.0</ns3:atemp>
            <ns3:cad>66</ns3:cad>
          </ns3:TrackPointExtension>
        </extensions>
      </trkpt>
      <trkpt lat="43.2000541873276233673095703125" lon="-109.6455202437937259674072265625">
        <ele>3579.199951171875</ele>
        <time>2017-09-02T23:02:19.000Z</time>
        <extensions>
          <ns3:TrackPointExtension>
            <ns3:atemp>28.0</ns3:atemp>
            <ns3:cad>66</ns3:cad>
          </ns3:TrackPointExtension>
        </extensions>
      </trkpt>
      <trkpt lat="43.2000565342605113983154296875" lon="-109.64551948942244052886962890625">
        <ele>3578.800048828125</ele>
        <time>2017-09-02T23:02:20.000Z</time>
        <extensions>
          <ns3:TrackPointExtension>
            <ns3:atemp>28.0</ns3:atemp>
            <ns3:cad>66</ns3:cad>
          </ns3:TrackPointExtension>
        </extensions>
      </trkpt>
      <trkpt lat="43.20007069967687129974365234375" lon="-109.64555150829255580902099609375">
        <ele>3579.199951171875</ele>
        <time>2017-09-02T23:02:32.000Z</time>
        <extensions>
          <ns3:TrackPointExtension>
            <ns3:atemp>28.0</ns3:atemp>
            <ns3:cad>0</ns3:cad>
          </ns3:TrackPointExtension>
        </extensions>
      </trkpt>
      <trkpt lat="43.20002250373363494873046875" lon="-109.645543210208415985107421875">
        <ele>3577.800048828125</ele>
        <time>2017-09-02T23:02:46.000Z</time>
        <extensions>
          <ns3:TrackPointExtension>
            <ns3:atemp>28.0</ns3:atemp>
            <ns3:cad>61</ns3:cad>
          </ns3:TrackPointExtension>
        </extensions>
      </trkpt>
      <trkpt lat="43.20003591477870941162109375" lon="-109.64552887715399265289306640625">
        <ele>3576.60009765625</ele>
        <time>2017-09-02T23:02:51.000Z</time>
        <extensions>
          <ns3:TrackPointExtension>
            <ns3:atemp>28.0</ns3:atemp>
            <ns3:cad>61</ns3:cad>
          </ns3:TrackPointExtension>
        </extensions>
      </trkpt>
      <trkpt lat="43.20006583817303180694580078125" lon="-109.64550624601542949676513671875">
        <ele>3575.39990234375</ele>
        <time>2017-09-02T23:02:58.000Z</time>
        <extensions>
          <ns3:TrackPointExtension>
            <ns3:atemp>27.0</ns3:atemp>
            <ns3:cad>0</ns3:cad>
          </ns3:TrackPointExtension>
        </extensions>
      </trkpt>
      <trkpt lat="43.20011110045015811920166015625" lon="-109.64551395736634731292724609375">
        <ele>3574.39990234375</ele>
        <time>2017-09-02T23:03:06.000Z</time>
        <extensions>
          <ns3:TrackPointExtension>
            <ns3:atemp>27.0</ns3:atemp>
            <ns3:cad>65</ns3:cad>
          </ns3:TrackPointExtension>
        </extensions>
      </trkpt>
      <trkpt lat="43.2002778165042400360107421875" lon="-109.64560766704380512237548828125">
        <ele>3574</ele>
        <time>2017-09-02T23:03:31.000Z</time>
        <extensions>
          <ns3:TrackPointExtension>
            <ns3:atemp>27.0</ns3:atemp>
            <ns3:cad>71</ns3:cad>
          </ns3:TrackPointExtension>
        </extensions>
      </trkpt>
      <trkpt lat="43.2003150321543216705322265625" lon="-109.64563080109655857086181640625">
        <ele>3575.199951171875</ele>
        <time>2017-09-02T23:03:57.000Z</time>
        <extensions>
          <ns3:TrackPointExtension>
            <ns3:atemp>27.0</ns3:atemp>
            <ns3:cad>0</ns3:cad>
          </ns3:TrackPointExtension>
        </extensions>
      </trkpt>
      <trkpt lat="43.20035853423178195953369140625" lon="-109.64570607058703899383544921875">
        <ele>3575.39990234375</ele>
        <time>2017-09-02T23:04:17.000Z</time>
        <extensions>
          <ns3:TrackPointExtension>
            <ns3:atemp>26.0</ns3:atemp>
            <ns3:cad>0</ns3:cad>
          </ns3:TrackPointExtension>
        </extensions>
      </trkpt>
      <trkpt lat="43.2003881223499774932861328125" lon="-109.6457884646952152252197265625">
        <ele>3576.60009765625</ele>
        <time>2017-09-02T23:04:27.000Z</time>
        <extensions>
          <ns3:TrackPointExtension>
            <ns3:atemp>26.0</ns3:atemp>
            <ns3:cad>0</ns3:cad>
          </ns3:TrackPointExtension>
        </extensions>
      </trkpt>
      <trkpt lat="43.20042349398136138916015625" lon="-109.645808078348636627197265625">
        <ele>3577.60009765625</ele>
        <time>2017-09-02T23:04:33.000Z</time>
        <extensions>
          <ns3:TrackPointExtension>
            <ns3:atemp>26.0</ns3:atemp>
            <ns3:cad>0</ns3:cad>
          </ns3:TrackPointExtension>
        </extensions>
      </trkpt>
      <trkpt lat="43.2004260085523128509521484375" lon="-109.64584956876933574676513671875">
        <ele>3578.800048828125</ele>
        <time>2017-09-02T23:04:39.000Z</time>
        <extensions>
          <ns3:TrackPointExtension>
            <ns3:atemp>26.0</ns3:atemp>
            <ns3:cad>0</ns3:cad>
          </ns3:TrackPointExtension>
        </extensions>
      </trkpt>
      <trkpt lat="43.20042558945715427398681640625" lon="-109.64591444469988346099853515625">
        <ele>3580</ele>
        <time>2017-09-02T23:04:49.000Z</time>
        <extensions>
          <ns3:TrackPointExtension>
            <ns3:atemp>26.0</ns3:atemp>
            <ns3:cad>0</ns3:cad>
          </ns3:TrackPointExtension>
        </extensions>
      </trkpt>
      <trkpt lat="43.200456686317920684814453125" lon="-109.6459225751459598541259765625">
        <ele>3581</ele>
        <time>2017-09-02T23:04:58.000Z</time>
        <extensions>
          <ns3:TrackPointExtension>
            <ns3:atemp>26.0</ns3:atemp>
            <ns3:cad>0</ns3:cad>
          </ns3:TrackPointExtension>
        </extensions>
      </trkpt>
      <trkpt lat="43.200497590005397796630859375" lon="-109.64594788849353790283203125">
        <ele>3581.800048828125</ele>
        <time>2017-09-02T23:05:14.000Z</time>
        <extensions>
          <ns3:TrackPointExtension>
            <ns3:atemp>26.0</ns3:atemp>
            <ns3:cad>61</ns3:cad>
          </ns3:TrackPointExtension>
        </extensions>
      </trkpt>
      <trkpt lat="43.20050052367150783538818359375" lon="-109.64596104808151721954345703125">
        <ele>3582</ele>
        <time>2017-09-02T23:05:17.000Z</time>
        <extensions>
          <ns3:TrackPointExtension>
            <ns3:atemp>26.0</ns3:atemp>
            <ns3:cad>61</ns3:cad>
          </ns3:TrackPointExtension>
        </extensions>
      </trkpt>
      <trkpt lat="43.2004965841770172119140625" lon="-109.64599482715129852294921875">
        <ele>3583.199951171875</ele>
        <time>2017-09-02T23:05:24.000Z</time>
        <extensions>
          <ns3:TrackPointExtension>
            <ns3:atemp>26.0</ns3:atemp>
            <ns3:cad>0</ns3:cad>
          </ns3:TrackPointExtension>
        </extensions>
      </trkpt>
      <trkpt lat="43.2005416788160800933837890625" lon="-109.646019302308559417724609375">
        <ele>3584.199951171875</ele>
        <time>2017-09-02T23:05:39.000Z</time>
        <extensions>
          <ns3:TrackPointExtension>
            <ns3:atemp>25.0</ns3:atemp>
            <ns3:cad>0</ns3:cad>
          </ns3:TrackPointExtension>
        </extensions>
      </trkpt>
      <trkpt lat="43.2005758769810199737548828125" lon="-109.64603916741907596588134765625">
        <ele>3585.199951171875</ele>
        <time>2017-09-02T23:05:47.000Z</time>
        <extensions>
          <ns3:TrackPointExtension>
            <ns3:atemp>25.0</ns3:atemp>
            <ns3:cad>0</ns3:cad>
          </ns3:TrackPointExtension>
        </extensions>
      </trkpt>
      <trkpt lat="43.20061937905848026275634765625" lon="-109.64602072723209857940673828125">
        <ele>3586.39990234375</ele>
        <time>2017-09-02T23:05:59.000Z</time>
        <extensions>
          <ns3:TrackPointExtension>
            <ns3:atemp>25.0</ns3:atemp>
            <ns3:cad>0</ns3:cad>
          </ns3:TrackPointExtension>
        </extensions>
      </trkpt>
      <trkpt lat="43.20061904378235340118408203125" lon="-109.64605643413960933685302734375">
        <ele>3587.39990234375</ele>
        <time>2017-09-02T23:06:18.000Z</time>
        <extensions>
          <ns3:TrackPointExtension>
            <ns3:atemp>25.0</ns3:atemp>
            <ns3:cad>58</ns3:cad>
          </ns3:TrackPointExtension>
        </extensions>
      </trkpt>
      <trkpt lat="43.2006415911018848419189453125" lon="-109.64607529342174530029296875">
        <ele>3588.39990234375</ele>
        <time>2017-09-02T23:07:00.000Z</time>
        <extensions>
          <ns3:TrackPointExtension>
            <ns3:atemp>25.0</ns3:atemp>
            <ns3:cad>0</ns3:cad>
          </ns3:TrackPointExtension>
        </extensions>
      </trkpt>
      <trkpt lat="43.200612924993038177490234375" lon="-109.6461958251893520355224609375">
        <ele>3589.60009765625</ele>
        <time>2017-09-02T23:07:15.000Z</time>
        <extensions>
          <ns3:TrackPointExtension>
            <ns3:atemp>25.0</ns3:atemp>
            <ns3:cad>0</ns3:cad>
          </ns3:TrackPointExtension>
        </extensions>
      </trkpt>
      <trkpt lat="43.20062357001006603240966796875" lon="-109.64618568308651447296142578125">
        <ele>3589.800048828125</ele>
        <time>2017-09-02T23:07:16.000Z</time>
        <extensions>
          <ns3:TrackPointExtension>
            <ns3:atemp>25.0</ns3:atemp>
            <ns3:cad>0</ns3:cad>
          </ns3:TrackPointExtension>
        </extensions>
      </trkpt>
      <trkpt lat="43.20065391249954700469970703125" lon="-109.64618786238133907318115234375">
        <ele>3590.60009765625</ele>
        <time>2017-09-02T23:07:25.000Z</time>
        <extensions>
          <ns3:TrackPointExtension>
            <ns3:atemp>25.0</ns3:atemp>
            <ns3:cad>0</ns3:cad>
          </ns3:TrackPointExtension>
        </extensions>
      </trkpt>
      <trkpt lat="43.20066355168819427490234375" lon="-109.6462382376194000244140625">
        <ele>3591.800048828125</ele>
        <time>2017-09-02T23:07:32.000Z</time>
        <extensions>
          <ns3:TrackPointExtension>
            <ns3:atemp>25.0</ns3:atemp>
            <ns3:cad>61</ns3:cad>
          </ns3:TrackPointExtension>
        </extensions>
      </trkpt>
      <trkpt lat="43.200669586658477783203125" lon="-109.6462860144674777984619140625">
        <ele>3592.800048828125</ele>
        <time>2017-09-02T23:07:43.000Z</time>
        <extensions>
          <ns3:TrackPointExtension>
            <ns3:atemp>24.0</ns3:atemp>
            <ns3:cad>0</ns3:cad>
          </ns3:TrackPointExtension>
        </extensions>
      </trkpt>
      <trkpt lat="43.20069028995931148529052734375" lon="-109.6462917141616344451904296875">
        <ele>3593.800048828125</ele>
        <time>2017-09-02T23:07:49.000Z</time>
        <extensions>
          <ns3:TrackPointExtension>
            <ns3:atemp>24.0</ns3:atemp>
            <ns3:cad>0</ns3:cad>
          </ns3:TrackPointExtension>
        </extensions>
      </trkpt>
      <trkpt lat="43.200709819793701171875" lon="-109.64632809162139892578125">
        <ele>3594.800048828125</ele>
        <time>2017-09-02T23:07:58.000Z</time>
        <extensions>
          <ns3:TrackPointExtension>
            <ns3:atemp>24.0</ns3:atemp>
            <ns3:cad>0</ns3:cad>
          </ns3:TrackPointExtension>
        </extensions>
      </trkpt>
      <trkpt lat="43.20075231604278087615966796875" lon="-109.6462997607886791229248046875">
        <ele>3596</ele>
        <time>2017-09-02T23:08:18.000Z</time>
        <extensions>
          <ns3:TrackPointExtension>
            <ns3:atemp>24.0</ns3:atemp>
            <ns3:cad>0</ns3:cad>
          </ns3:TrackPointExtension>
        </extensions>
      </trkpt>
      <trkpt lat="43.20076438598334789276123046875" lon="-109.64630554430186748504638671875">
        <ele>3597</ele>
        <time>2017-09-02T23:08:26.000Z</time>
        <extensions>
          <ns3:TrackPointExtension>
            <ns3:atemp>24.0</ns3:atemp>
            <ns3:cad>0</ns3:cad>
          </ns3:TrackPointExtension>
        </extensions>
      </trkpt>
      <trkpt lat="43.20072398521006107330322265625" lon="-109.64644812047481536865234375">
        <ele>3597.800048828125</ele>
        <time>2017-09-02T23:08:34.000Z</time>
        <extensions>
          <ns3:TrackPointExtension>
            <ns3:atemp>24.0</ns3:atemp>
            <ns3:cad>0</ns3:cad>
          </ns3:TrackPointExtension>
        </extensions>
      </trkpt>
      <trkpt lat="43.20071996189653873443603515625" lon="-109.6464608609676361083984375">
        <ele>3598</ele>
        <time>2017-09-02T23:08:37.000Z</time>
        <extensions>
          <ns3:TrackPointExtension>
            <ns3:atemp>24.0</ns3:atemp>
            <ns3:cad>0</ns3:cad>
          </ns3:TrackPointExtension>
        </extensions>
      </trkpt>
      <trkpt lat="43.200742341578006744384765625" lon="-109.64649078436195850372314453125">
        <ele>3599.199951171875</ele>
        <time>2017-09-02T23:08:53.000Z</time>
        <extensions>
          <ns3:TrackPointExtension>
            <ns3:atemp>24.0</ns3:atemp>
            <ns3:cad>61</ns3:cad>
          </ns3:TrackPointExtension>
        </extensions>
      </trkpt>
      <trkpt lat="43.20076153613626956939697265625" lon="-109.64648340828716754913330078125">
        <ele>3600.199951171875</ele>
        <time>2017-09-02T23:09:02.000Z</time>
        <extensions>
          <ns3:TrackPointExtension>
            <ns3:atemp>24.0</ns3:atemp>
            <ns3:cad>0</ns3:cad>
          </ns3:TrackPointExtension>
        </extensions>
      </trkpt>
      <trkpt lat="43.2008058764040470123291015625" lon="-109.6464452706277370452880859375">
        <ele>3601.199951171875</ele>
        <time>2017-09-02T23:09:19.000Z</time>
        <extensions>
          <ns3:TrackPointExtension>
            <ns3:atemp>24.0</ns3:atemp>
            <ns3:cad>0</ns3:cad>
          </ns3:TrackPointExtension>
        </extensions>
      </trkpt>
      <trkpt lat="43.200838901102542877197265625" lon="-109.64642859064042568206787109375">
        <ele>3602.39990234375</ele>
        <time>2017-09-02T23:09:39.000Z</time>
        <extensions>
          <ns3:TrackPointExtension>
            <ns3:atemp>24.0</ns3:atemp>
            <ns3:cad>0</ns3:cad>
          </ns3:TrackPointExtension>
        </extensions>
      </trkpt>
      <trkpt lat="43.20084300823509693145751953125" lon="-109.64645239524543285369873046875">
        <ele>3603.39990234375</ele>
        <time>2017-09-02T23:09:46.000Z</time>
        <extensions>
          <ns3:TrackPointExtension>
            <ns3:atemp>24.0</ns3:atemp>
            <ns3:cad>0</ns3:cad>
          </ns3:TrackPointExtension>
        </extensions>
      </trkpt>
      <trkpt lat="43.20086630992591381072998046875" lon="-109.6464482881128787994384765625">
        <ele>3604.60009765625</ele>
        <time>2017-09-02T23:09:58.000Z</time>
        <extensions>
          <ns3:TrackPointExtension>
            <ns3:atemp>24.0</ns3:atemp>
            <ns3:cad>0</ns3:cad>
          </ns3:TrackPointExtension>
        </extensions>
      </trkpt>
      <trkpt lat="43.20082121528685092926025390625" lon="-109.64653101749718189239501953125">
        <ele>3605.60009765625</ele>
        <time>2017-09-02T23:10:11.000Z</time>
        <extensions>
          <ns3:TrackPointExtension>
            <ns3:atemp>24.0</ns3:atemp>
            <ns3:cad>63</ns3:cad>
          </ns3:TrackPointExtension>
        </extensions>
      </trkpt>
      <trkpt lat="43.20084032602608203887939453125" lon="-109.64660041965544223785400390625">
        <ele>3606.800048828125</ele>
        <time>2017-09-02T23:10:33.000Z</time>
        <extensions>
          <ns3:TrackPointExtension>
            <ns3:atemp>24.0</ns3:atemp>
            <ns3:cad>61</ns3:cad>
          </ns3:TrackPointExtension>
        </extensions>
      </trkpt>
      <trkpt lat="43.2008337043225765228271484375" lon="-109.6466048620641231536865234375">
        <ele>3607</ele>
        <time>2017-09-02T23:10:37.000Z</time>
        <extensions>
          <ns3:TrackPointExtension>
            <ns3:atemp>24.0</ns3:atemp>
            <ns3:cad>0</ns3:cad>
          </ns3:TrackPointExtension>
        </extensions>
      </trkpt>
      <trkpt lat="43.20087268017232418060302734375" lon="-109.6465991623699665069580078125">
        <ele>3607.800048828125</ele>
        <time>2017-09-02T23:10:56.000Z</time>
        <extensions>
          <ns3:TrackPointExtension>
            <ns3:atemp>24.0</ns3:atemp>
            <ns3:cad>63</ns3:cad>
          </ns3:TrackPointExtension>
        </extensions>
      </trkpt>
      <trkpt lat="43.200893215835094451904296875" lon="-109.646578542888164520263671875">
        <ele>3608.800048828125</ele>
        <time>2017-09-02T23:11:04.000Z</time>
        <extensions>
          <ns3:TrackPointExtension>
            <ns3:atemp>24.0</ns3:atemp>
            <ns3:cad>0</ns3:cad>
          </ns3:TrackPointExtension>
        </extensions>
      </trkpt>
      <trkpt lat="43.2008947245776653289794921875" lon="-109.6466115675866603851318359375">
        <ele>3609.800048828125</ele>
        <time>2017-09-02T23:11:25.000Z</time>
        <extensions>
          <ns3:TrackPointExtension>
            <ns3:atemp>24.0</ns3:atemp>
            <ns3:cad>0</ns3:cad>
          </ns3:TrackPointExtension>
        </extensions>
      </trkpt>
      <trkpt lat="43.20093101821839809417724609375" lon="-109.64659631252288818359375">
        <ele>3610.800048828125</ele>
        <time>2017-09-02T23:11:35.000Z</time>
        <extensions>
          <ns3:TrackPointExtension>
            <ns3:atemp>23.0</ns3:atemp>
            <ns3:cad>0</ns3:cad>
          </ns3:TrackPointExtension>
        </extensions>
      </trkpt>
      <trkpt lat="43.20095582865178585052490234375" lon="-109.64660662226378917694091796875">
        <ele>3611.800048828125</ele>
        <time>2017-09-02T23:11:55.000Z</time>
        <extensions>
          <ns3:TrackPointExtension>
            <ns3:atemp>23.0</ns3:atemp>
            <ns3:cad>63</ns3:cad>
          </ns3:TrackPointExtension>
        </extensions>
      </trkpt>
      <trkpt lat="43.20096370764076709747314453125" lon="-109.64666764251887798309326171875">
        <ele>3613</ele>
        <time>2017-09-02T23:12:14.000Z</time>
        <extensions>
          <ns3:TrackPointExtension>
            <ns3:atemp>23.0</ns3:atemp>
            <ns3:cad>0</ns3:cad>
          </ns3:TrackPointExtension>
        </extensions>
      </trkpt>
      <trkpt lat="43.20097091607749462127685546875" lon="-109.64673385955393314361572265625">
        <ele>3614</ele>
        <time>2017-09-02T23:12:27.000Z</time>
        <extensions>
          <ns3:TrackPointExtension>
            <ns3:atemp>23.0</ns3:atemp>
            <ns3:cad>0</ns3:cad>
          </ns3:TrackPointExtension>
        </extensions>
      </trkpt>
      <trkpt lat="43.20099589414894580841064453125" lon="-109.64673721231520175933837890625">
        <ele>3615.199951171875</ele>
        <time>2017-09-02T23:12:58.000Z</time>
        <extensions>
          <ns3:TrackPointExtension>
            <ns3:atemp>23.0</ns3:atemp>
            <ns3:cad>0</ns3:cad>
          </ns3:TrackPointExtension>
        </extensions>
      </trkpt>
      <trkpt lat="43.201032690703868865966796875" lon="-109.6467081271111965179443359375">
        <ele>3616.199951171875</ele>
        <time>2017-09-02T23:13:21.000Z</time>
        <extensions>
          <ns3:TrackPointExtension>
            <ns3:atemp>23.0</ns3:atemp>
            <ns3:cad>0</ns3:cad>
          </ns3:TrackPointExtension>
        </extensions>
      </trkpt>
      <trkpt lat="43.20105892606079578399658203125" lon="-109.6467349492013454437255859375">
        <ele>3617.39990234375</ele>
        <time>2017-09-02T23:13:33.000Z</time>
        <extensions>
          <ns3:TrackPointExtension>
            <ns3:atemp>23.0</ns3:atemp>
            <ns3:cad>0</ns3:cad>
          </ns3:TrackPointExtension>
        </extensions>
      </trkpt>
      <trkpt lat="43.20106077007949352264404296875" lon="-109.64675297029316425323486328125">
        <ele>3618.39990234375</ele>
        <time>2017-09-02T23:13:52.000Z</time>
        <extensions>
          <ns3:TrackPointExtension>
            <ns3:atemp>23.0</ns3:atemp>
            <ns3:cad>0</ns3:cad>
          </ns3:TrackPointExtension>
        </extensions>
      </trkpt>
      <trkpt lat="43.20107719860970973968505859375" lon="-109.646789096295833587646484375">
        <ele>3619.39990234375</ele>
        <time>2017-09-02T23:14:11.000Z</time>
        <extensions>
          <ns3:TrackPointExtension>
            <ns3:atemp>23.0</ns3:atemp>
            <ns3:cad>0</ns3:cad>
          </ns3:TrackPointExtension>
        </extensions>
      </trkpt>
      <trkpt lat="43.201085664331912994384765625" lon="-109.64678951539099216461181640625">
        <ele>3620.39990234375</ele>
        <time>2017-09-02T23:14:25.000Z</time>
        <extensions>
          <ns3:TrackPointExtension>
            <ns3:atemp>23.0</ns3:atemp>
            <ns3:cad>0</ns3:cad>
          </ns3:TrackPointExtension>
        </extensions>
      </trkpt>
      <trkpt lat="43.20107837207615375518798828125" lon="-109.64679487980902194976806640625">
        <ele>3620.39990234375</ele>
        <time>2017-09-02T23:14:32.000Z</time>
        <extensions>
          <ns3:TrackPointExtension>
            <ns3:atemp>23.0</ns3:atemp>
            <ns3:cad>0</ns3:cad>
          </ns3:TrackPointExtension>
        </extensions>
      </trkpt>
      <trkpt lat="43.20110821165144443511962890625" lon="-109.6467738412320613861083984375">
        <ele>3621.39990234375</ele>
        <time>2017-09-02T23:15:34.000Z</time>
        <extensions>
          <ns3:TrackPointExtension>
            <ns3:atemp>23.0</ns3:atemp>
            <ns3:cad>0</ns3:cad>
          </ns3:TrackPointExtension>
        </extensions>
      </trkpt>
      <trkpt lat="43.20109614171087741851806640625" lon="-109.64686126448214054107666015625">
        <ele>3622.39990234375</ele>
        <time>2017-09-02T23:16:08.000Z</time>
        <extensions>
          <ns3:TrackPointExtension>
            <ns3:atemp>22.0</ns3:atemp>
            <ns3:cad>0</ns3:cad>
          </ns3:TrackPointExtension>
        </extensions>
      </trkpt>
      <trkpt lat="43.2010901905596256256103515625" lon="-109.64687526226043701171875">
        <ele>3623.60009765625</ele>
        <time>2017-09-02T23:16:21.000Z</time>
        <extensions>
          <ns3:TrackPointExtension>
            <ns3:atemp>22.0</ns3:atemp>
            <ns3:cad>0</ns3:cad>
          </ns3:TrackPointExtension>
        </extensions>
      </trkpt>
      <trkpt lat="43.2011267356574535369873046875" lon="-109.64685489423573017120361328125">
        <ele>3624.60009765625</ele>
        <time>2017-09-02T23:16:44.000Z</time>
        <extensions>
          <ns3:TrackPointExtension>
            <ns3:atemp>22.0</ns3:atemp>
            <ns3:cad>0</ns3:cad>
          </ns3:TrackPointExtension>
        </extensions>
      </trkpt>
      <trkpt lat="43.201115168631076812744140625" lon="-109.6468700654804706573486328125">
        <ele>3625.60009765625</ele>
        <time>2017-09-02T23:17:10.000Z</time>
        <extensions>
          <ns3:TrackPointExtension>
            <ns3:atemp>22.0</ns3:atemp>
            <ns3:cad>0</ns3:cad>
          </ns3:TrackPointExtension>
        </extensions>
      </trkpt>
      <trkpt lat="43.201105780899524688720703125" lon="-109.64687819592654705047607421875">
        <ele>3626.60009765625</ele>
        <time>2017-09-02T23:17:30.000Z</time>
        <extensions>
          <ns3:TrackPointExtension>
            <ns3:atemp>22.0</ns3:atemp>
            <ns3:cad>0</ns3:cad>
          </ns3:TrackPointExtension>
        </extensions>
      </trkpt>
      <trkpt lat="43.20113704539835453033447265625" lon="-109.6469052694737911224365234375">
        <ele>3627.800048828125</ele>
        <time>2017-09-02T23:17:58.000Z</time>
        <extensions>
          <ns3:TrackPointExtension>
            <ns3:atemp>22.0</ns3:atemp>
            <ns3:cad>0</ns3:cad>
          </ns3:TrackPointExtension>
        </extensions>
      </trkpt>
      <trkpt lat="43.2011542282998561859130859375" lon="-109.6469528786838054656982421875">
        <ele>3628.800048828125</ele>
        <time>2017-09-02T23:18:48.000Z</time>
        <extensions>
          <ns3:TrackPointExtension>
            <ns3:atemp>23.0</ns3:atemp>
            <ns3:cad>0</ns3:cad>
          </ns3:TrackPointExtension>
        </extensions>
      </trkpt>
      <trkpt lat="43.20115414448082447052001953125" lon="-109.646962769329547882080078125">
        <ele>3629.800048828125</ele>
        <time>2017-09-02T23:19:30.000Z</time>
        <extensions>
          <ns3:TrackPointExtension>
            <ns3:atemp>23.0</ns3:atemp>
            <ns3:cad>0</ns3:cad>
          </ns3:TrackPointExtension>
        </extensions>
      </trkpt>
      <trkpt lat="43.2011766918003559112548828125" lon="-109.6470279805362224578857421875">
        <ele>3630.800048828125</ele>
        <time>2017-09-02T23:19:53.000Z</time>
        <extensions>
          <ns3:TrackPointExtension>
            <ns3:atemp>23.0</ns3:atemp>
            <ns3:cad>0</ns3:cad>
          </ns3:TrackPointExtension>
        </extensions>
      </trkpt>
      <trkpt lat="43.20117509923875331878662109375" lon="-109.64703242294490337371826171875">
        <ele>3631.800048828125</ele>
        <time>2017-09-02T23:20:16.000Z</time>
        <extensions>
          <ns3:TrackPointExtension>
            <ns3:atemp>23.0</ns3:atemp>
            <ns3:cad>0</ns3:cad>
          </ns3:TrackPointExtension>
        </extensions>
      </trkpt>
      <trkpt lat="43.20118314586579799652099609375" lon="-109.64702622033655643463134765625">
        <ele>3632.800048828125</ele>
        <time>2017-09-02T23:20:33.000Z</time>
        <extensions>
          <ns3:TrackPointExtension>
            <ns3:atemp>23.0</ns3:atemp>
            <ns3:cad>0</ns3:cad>
          </ns3:TrackPointExtension>
        </extensions>
      </trkpt>
      <trkpt lat="43.20120133459568023681640625" lon="-109.6470457501709461212158203125">
        <ele>3633.800048828125</ele>
        <time>2017-09-02T23:21:13.000Z</time>
        <extensions>
          <ns3:TrackPointExtension>
            <ns3:atemp>23.0</ns3:atemp>
            <ns3:cad>0</ns3:cad>
          </ns3:TrackPointExtension>
        </extensions>
      </trkpt>
      <trkpt lat="43.20120074786245822906494140625" lon="-109.6470434032380580902099609375">
        <ele>3634.800048828125</ele>
        <time>2017-09-02T23:21:26.000Z</time>
        <extensions>
          <ns3:TrackPointExtension>
            <ns3:atemp>23.0</ns3:atemp>
            <ns3:cad>0</ns3:cad>
          </ns3:TrackPointExtension>
        </extensions>
      </trkpt>
      <trkpt lat="43.2012222893536090850830078125" lon="-109.64710316620767116546630859375">
        <ele>3636</ele>
        <time>2017-09-02T23:21:47.000Z</time>
        <extensions>
          <ns3:TrackPointExtension>
            <ns3:atemp>23.0</ns3:atemp>
            <ns3:cad>61</ns3:cad>
          </ns3:TrackPointExtension>
        </extensions>
      </trkpt>
      <trkpt lat="43.20125590078532695770263671875" lon="-109.64709796942770481109619140625">
        <ele>3637</ele>
        <time>2017-09-02T23:22:11.000Z</time>
        <extensions>
          <ns3:TrackPointExtension>
            <ns3:atemp>23.0</ns3:atemp>
            <ns3:cad>0</ns3:cad>
          </ns3:TrackPointExtension>
        </extensions>
      </trkpt>
      <trkpt lat="43.20127643644809722900390625" lon="-109.64711255393922328948974609375">
        <ele>3638</ele>
        <time>2017-09-02T23:22:47.000Z</time>
        <extensions>
          <ns3:TrackPointExtension>
            <ns3:atemp>22.0</ns3:atemp>
            <ns3:cad>0</ns3:cad>
          </ns3:TrackPointExtension>
        </extensions>
      </trkpt>
      <trkpt lat="43.2013077847659587860107421875" lon="-109.64715010486543178558349609375">
        <ele>3639.199951171875</ele>
        <time>2017-09-02T23:23:07.000Z</time>
        <extensions>
          <ns3:TrackPointExtension>
            <ns3:atemp>22.0</ns3:atemp>
            <ns3:cad>0</ns3:cad>
          </ns3:TrackPointExtension>
        </extensions>
      </trkpt>
      <trkpt lat="43.20129177533090114593505859375" lon="-109.647154547274112701416015625">
        <ele>3640.199951171875</ele>
        <time>2017-09-02T23:23:35.000Z</time>
        <extensions>
          <ns3:TrackPointExtension>
            <ns3:atemp>22.0</ns3:atemp>
            <ns3:cad>0</ns3:cad>
          </ns3:TrackPointExtension>
        </extensions>
      </trkpt>
      <trkpt lat="43.20131574757397174835205078125" lon="-109.64718212373554706573486328125">
        <ele>3641.199951171875</ele>
        <time>2017-09-02T23:24:12.000Z</time>
        <extensions>
          <ns3:TrackPointExtension>
            <ns3:atemp>22.0</ns3:atemp>
            <ns3:cad>0</ns3:cad>
          </ns3:TrackPointExtension>
        </extensions>
      </trkpt>
      <trkpt lat="43.201403506100177764892578125" lon="-109.64722923003137111663818359375">
        <ele>3642.199951171875</ele>
        <time>2017-09-02T23:25:00.000Z</time>
        <extensions>
          <ns3:TrackPointExtension>
            <ns3:atemp>22.0</ns3:atemp>
            <ns3:cad>61</ns3:cad>
          </ns3:TrackPointExtension>
        </extensions>
      </trkpt>
      <trkpt lat="43.20138833485543727874755859375" lon="-109.6472251228988170623779296875">
        <ele>3643.199951171875</ele>
        <time>2017-09-02T23:25:13.000Z</time>
        <extensions>
          <ns3:TrackPointExtension>
            <ns3:atemp>22.0</ns3:atemp>
            <ns3:cad>0</ns3:cad>
          </ns3:TrackPointExtension>
        </extensions>
      </trkpt>
      <trkpt lat="43.201455138623714447021484375" lon="-109.64723132550716400146484375">
        <ele>3644.39990234375</ele>
        <time>2017-09-02T23:25:49.000Z</time>
        <extensions>
          <ns3:TrackPointExtension>
            <ns3:atemp>22.0</ns3:atemp>
            <ns3:cad>0</ns3:cad>
          </ns3:TrackPointExtension>
        </extensions>
      </trkpt>
      <trkpt lat="43.20147181861102581024169921875" lon="-109.64726326055824756622314453125">
        <ele>3645.60009765625</ele>
        <time>2017-09-02T23:26:13.000Z</time>
        <extensions>
          <ns3:TrackPointExtension>
            <ns3:atemp>22.0</ns3:atemp>
            <ns3:cad>0</ns3:cad>
          </ns3:TrackPointExtension>
        </extensions>
      </trkpt>
      <trkpt lat="43.2014707289636135101318359375" lon="-109.64726678095757961273193359375">
        <ele>3646.60009765625</ele>
        <time>2017-09-02T23:26:29.000Z</time>
        <extensions>
          <ns3:TrackPointExtension>
            <ns3:atemp>22.0</ns3:atemp>
            <ns3:cad>0</ns3:cad>
          </ns3:TrackPointExtension>
        </extensions>
      </trkpt>
      <trkpt lat="43.2015317492187023162841796875" lon="-109.6472794376313686370849609375">
        <ele>3647.60009765625</ele>
        <time>2017-09-02T23:26:53.000Z</time>
        <extensions>
          <ns3:TrackPointExtension>
            <ns3:atemp>22.0</ns3:atemp>
            <ns3:cad>0</ns3:cad>
          </ns3:TrackPointExtension>
        </extensions>
      </trkpt>
      <trkpt lat="43.20154725573956966400146484375" lon="-109.64726644568145275115966796875">
        <ele>3648.60009765625</ele>
        <time>2017-09-02T23:27:20.000Z</time>
        <extensions>
          <ns3:TrackPointExtension>
            <ns3:atemp>22.0</ns3:atemp>
            <ns3:cad>91</ns3:cad>
          </ns3:TrackPointExtension>
        </extensions>
      </trkpt>
      <trkpt lat="43.2015399634838104248046875" lon="-109.64726141653954982757568359375">
        <ele>3648.800048828125</ele>
        <time>2017-09-02T23:27:22.000Z</time>
        <extensions>
          <ns3:TrackPointExtension>
            <ns3:atemp>22.0</ns3:atemp>
            <ns3:cad>91</ns3:cad>
          </ns3:TrackPointExtension>
        </extensions>
      </trkpt>
      <trkpt lat="43.20151942782104015350341796875" lon="-109.6472388692200183868408203125">
        <ele>3649.199951171875</ele>
        <time>2017-09-02T23:28:06.000Z</time>
        <extensions>
          <ns3:TrackPointExtension>
            <ns3:atemp>22.0</ns3:atemp>
            <ns3:cad>0</ns3:cad>
          </ns3:TrackPointExtension>
        </extensions>
      </trkpt>
      <trkpt lat="43.20153669454157352447509765625" lon="-109.647263176739215850830078125">
        <ele>3649</ele>
        <time>2017-09-02T23:29:07.000Z</time>
        <extensions>
          <ns3:TrackPointExtension>
            <ns3:atemp>22.0</ns3:atemp>
            <ns3:cad>0</ns3:cad>
          </ns3:TrackPointExtension>
        </extensions>
      </trkpt>
      <trkpt lat="43.20166761986911296844482421875" lon="-109.64725521393120288848876953125">
        <ele>3648.800048828125</ele>
        <time>2017-09-02T23:30:06.000Z</time>
        <extensions>
          <ns3:TrackPointExtension>
            <ns3:atemp>22.0</ns3:atemp>
            <ns3:cad>0</ns3:cad>
          </ns3:TrackPointExtension>
        </extensions>
      </trkpt>
      <trkpt lat="43.20150786079466342926025390625" lon="-109.64727222919464111328125">
        <ele>3649.199951171875</ele>
        <time>2017-09-02T23:30:33.000Z</time>
        <extensions>
          <ns3:TrackPointExtension>
            <ns3:atemp>22.0</ns3:atemp>
            <ns3:cad>61</ns3:cad>
          </ns3:TrackPointExtension>
        </extensions>
      </trkpt>
      <trkpt lat="43.201484642922878265380859375" lon="-109.64727717451751232147216796875">
        <ele>3650</ele>
        <time>2017-09-02T23:30:35.000Z</time>
        <extensions>
          <ns3:TrackPointExtension>
            <ns3:atemp>22.0</ns3:atemp>
            <ns3:cad>0</ns3:cad>
          </ns3:TrackPointExtension>
        </extensions>
      </trkpt>
      <trkpt lat="43.201508782804012298583984375" lon="-109.64726611040532588958740234375">
        <ele>3651</ele>
        <time>2017-09-02T23:30:49.000Z</time>
        <extensions>
          <ns3:TrackPointExtension>
            <ns3:atemp>22.0</ns3:atemp>
            <ns3:cad>0</ns3:cad>
          </ns3:TrackPointExtension>
        </extensions>
      </trkpt>
      <trkpt lat="43.20155597291886806488037109375" lon="-109.6472636796534061431884765625">
        <ele>3650.39990234375</ele>
        <time>2017-09-02T23:30:59.000Z</time>
        <extensions>
          <ns3:TrackPointExtension>
            <ns3:atemp>22.0</ns3:atemp>
            <ns3:cad>0</ns3:cad>
          </ns3:TrackPointExtension>
        </extensions>
      </trkpt>
      <trkpt lat="43.2015991397202014923095703125" lon="-109.6472764201462268829345703125">
        <ele>3650.60009765625</ele>
        <time>2017-09-02T23:31:19.000Z</time>
        <extensions>
          <ns3:TrackPointExtension>
            <ns3:atemp>21.0</ns3:atemp>
            <ns3:cad>0</ns3:cad>
          </ns3:TrackPointExtension>
        </extensions>
      </trkpt>
      <trkpt lat="43.20156720466911792755126953125" lon="-109.64724549092352390289306640625">
        <ele>3650</ele>
        <time>2017-09-02T23:31:26.000Z</time>
        <extensions>
          <ns3:TrackPointExtension>
            <ns3:atemp>20.0</ns3:atemp>
            <ns3:cad>0</ns3:cad>
          </ns3:TrackPointExtension>
        </extensions>
      </trkpt>
      <trkpt lat="43.20156133733689785003662109375" lon="-109.64724649675190448760986328125">
        <ele>3650.39990234375</ele>
        <time>2017-09-02T23:31:49.000Z</time>
        <extensions>
          <ns3:TrackPointExtension>
            <ns3:atemp>20.0</ns3:atemp>
            <ns3:cad>0</ns3:cad>
          </ns3:TrackPointExtension>
        </extensions>
      </trkpt>
      <trkpt lat="43.20163141004741191864013671875" lon="-109.64723492972552776336669921875">
        <ele>3649</ele>
        <time>2017-09-02T23:32:44.000Z</time>
        <extensions>
          <ns3:TrackPointExtension>
            <ns3:atemp>19.0</ns3:atemp>
            <ns3:cad>61</ns3:cad>
          </ns3:TrackPointExtension>
        </extensions>
      </trkpt>
      <trkpt lat="43.20165932178497314453125" lon="-109.647207520902156829833984375">
        <ele>3648.60009765625</ele>
        <time>2017-09-02T23:32:50.000Z</time>
        <extensions>
          <ns3:TrackPointExtension>
            <ns3:atemp>19.0</ns3:atemp>
            <ns3:cad>61</ns3:cad>
          </ns3:TrackPointExtension>
        </extensions>
      </trkpt>
      <trkpt lat="43.2016618363559246063232421875" lon="-109.64718036353588104248046875">
        <ele>3648.199951171875</ele>
        <time>2017-09-02T23:33:01.000Z</time>
        <extensions>
          <ns3:TrackPointExtension>
            <ns3:atemp>19.0</ns3:atemp>
            <ns3:cad>61</ns3:cad>
          </ns3:TrackPointExtension>
        </extensions>
      </trkpt>
      <trkpt lat="43.20167206227779388427734375" lon="-109.6471771784126758575439453125">
        <ele>3648</ele>
        <time>2017-09-02T23:33:02.000Z</time>
        <extensions>
          <ns3:TrackPointExtension>
            <ns3:atemp>19.0</ns3:atemp>
            <ns3:cad>61</ns3:cad>
          </ns3:TrackPointExtension>
        </extensions>
      </trkpt>
      <trkpt lat="43.2016993872821331024169921875" lon="-109.6471654437482357025146484375">
        <ele>3646.800048828125</ele>
        <time>2017-09-02T23:33:06.000Z</time>
        <extensions>
          <ns3:TrackPointExtension>
            <ns3:atemp>19.0</ns3:atemp>
            <ns3:cad>61</ns3:cad>
          </ns3:TrackPointExtension>
        </extensions>
      </trkpt>
      <trkpt lat="43.201809860765933990478515625" lon="-109.64713920839130878448486328125">
        <ele>3645.60009765625</ele>
        <time>2017-09-02T23:33:14.000Z</time>
        <extensions>
          <ns3:TrackPointExtension>
            <ns3:atemp>18.0</ns3:atemp>
            <ns3:cad>0</ns3:cad>
          </ns3:TrackPointExtension>
        </extensions>
      </trkpt>
      <trkpt lat="43.20183978416025638580322265625" lon="-109.64711439795792102813720703125">
        <ele>3644.60009765625</ele>
        <time>2017-09-02T23:33:19.000Z</time>
        <extensions>
          <ns3:TrackPointExtension>
            <ns3:atemp>18.0</ns3:atemp>
            <ns3:cad>0</ns3:cad>
          </ns3:TrackPointExtension>
        </extensions>
      </trkpt>
      <trkpt lat="43.2018519379198551177978515625" lon="-109.647110961377620697021484375">
        <ele>3644</ele>
        <time>2017-09-02T23:33:22.000Z</time>
        <extensions>
          <ns3:TrackPointExtension>
            <ns3:atemp>18.0</ns3:atemp>
            <ns3:cad>61</ns3:cad>
          </ns3:TrackPointExtension>
        </extensions>
      </trkpt>
      <trkpt lat="43.20186291821300983428955078125" lon="-109.6471030823886394500732421875">
        <ele>3643.800048828125</ele>
        <time>2017-09-02T23:33:24.000Z</time>
        <extensions>
          <ns3:TrackPointExtension>
            <ns3:atemp>18.0</ns3:atemp>
            <ns3:cad>61</ns3:cad>
          </ns3:TrackPointExtension>
        </extensions>
      </trkpt>
      <trkpt lat="43.201858140528202056884765625" lon="-109.64710635133087635040283203125">
        <ele>3643.199951171875</ele>
        <time>2017-09-02T23:33:26.000Z</time>
        <extensions>
          <ns3:TrackPointExtension>
            <ns3:atemp>18.0</ns3:atemp>
            <ns3:cad>63</ns3:cad>
          </ns3:TrackPointExtension>
        </extensions>
      </trkpt>
      <trkpt lat="43.2018589787185192108154296875" lon="-109.64710526168346405029296875">
        <ele>3643</ele>
        <time>2017-09-02T23:33:27.000Z</time>
        <extensions>
          <ns3:TrackPointExtension>
            <ns3:atemp>18.0</ns3:atemp>
            <ns3:cad>61</ns3:cad>
          </ns3:TrackPointExtension>
        </extensions>
      </trkpt>
      <trkpt lat="43.2018904946744441986083984375" lon="-109.6471148170530796051025390625">
        <ele>3642.199951171875</ele>
        <time>2017-09-02T23:33:30.000Z</time>
        <extensions>
          <ns3:TrackPointExtension>
            <ns3:atemp>18.0</ns3:atemp>
            <ns3:cad>0</ns3:cad>
          </ns3:TrackPointExtension>
        </extensions>
      </trkpt>
      <trkpt lat="43.20189896039664745330810546875" lon="-109.64711037464439868927001953125">
        <ele>3642.199951171875</ele>
        <time>2017-09-02T23:33:31.000Z</time>
        <extensions>
          <ns3:TrackPointExtension>
            <ns3:atemp>18.0</ns3:atemp>
            <ns3:cad>0</ns3:cad>
          </ns3:TrackPointExtension>
        </extensions>
      </trkpt>
      <trkpt lat="43.20193902589380741119384765625" lon="-109.64706259779632091522216796875">
        <ele>3643.199951171875</ele>
        <time>2017-09-02T23:33:37.000Z</time>
        <extensions>
          <ns3:TrackPointExtension>
            <ns3:atemp>18.0</ns3:atemp>
            <ns3:cad>0</ns3:cad>
          </ns3:TrackPointExtension>
        </extensions>
      </trkpt>
      <trkpt lat="43.20194028317928314208984375" lon="-109.64704851619899272918701171875">
        <ele>3643.39990234375</ele>
        <time>2017-09-02T23:33:38.000Z</time>
        <extensions>
          <ns3:TrackPointExtension>
            <ns3:atemp>18.0</ns3:atemp>
            <ns3:cad>0</ns3:cad>
          </ns3:TrackPointExtension>
        </extensions>
      </trkpt>
      <trkpt lat="43.20193751715123653411865234375" lon="-109.6470323391258716583251953125">
        <ele>3643.60009765625</ele>
        <time>2017-09-02T23:33:39.000Z</time>
        <extensions>
          <ns3:TrackPointExtension>
            <ns3:atemp>18.0</ns3:atemp>
            <ns3:cad>0</ns3:cad>
          </ns3:TrackPointExtension>
        </extensions>
      </trkpt>
      <trkpt lat="43.201945982873439788818359375" lon="-109.6469237096607685089111328125">
        <ele>3644</ele>
        <time>2017-09-02T23:33:47.000Z</time>
        <extensions>
          <ns3:TrackPointExtension>
            <ns3:atemp>18.0</ns3:atemp>
            <ns3:cad>63</ns3:cad>
          </ns3:TrackPointExtension>
        </extensions>
      </trkpt>
      <trkpt lat="43.20193952880799770355224609375" lon="-109.64689294807612895965576171875">
        <ele>3644.39990234375</ele>
        <time>2017-09-02T23:33:50.000Z</time>
        <extensions>
          <ns3:TrackPointExtension>
            <ns3:atemp>18.0</ns3:atemp>
            <ns3:cad>63</ns3:cad>
          </ns3:TrackPointExtension>
        </extensions>
      </trkpt>
      <trkpt lat="43.201939277350902557373046875" lon="-109.64687920175492763519287109375">
        <ele>3644.60009765625</ele>
        <time>2017-09-02T23:33:51.000Z</time>
        <extensions>
          <ns3:TrackPointExtension>
            <ns3:atemp>18.0</ns3:atemp>
            <ns3:cad>63</ns3:cad>
          </ns3:TrackPointExtension>
        </extensions>
      </trkpt>
      <trkpt lat="43.20191103033721446990966796875" lon="-109.6468640305101871490478515625">
        <ele>3645</ele>
        <time>2017-09-02T23:33:53.000Z</time>
        <extensions>
          <ns3:TrackPointExtension>
            <ns3:atemp>18.0</ns3:atemp>
            <ns3:cad>56</ns3:cad>
          </ns3:TrackPointExtension>
        </extensions>
      </trkpt>
      <trkpt lat="43.2018988765776157379150390625" lon="-109.64685774408280849456787109375">
        <ele>3645.39990234375</ele>
        <time>2017-09-02T23:33:54.000Z</time>
        <extensions>
          <ns3:TrackPointExtension>
            <ns3:atemp>18.0</ns3:atemp>
            <ns3:cad>56</ns3:cad>
          </ns3:TrackPointExtension>
        </extensions>
      </trkpt>
      <trkpt lat="43.2018955238163471221923828125" lon="-109.64685170911252498626708984375">
        <ele>3645.60009765625</ele>
        <time>2017-09-02T23:33:55.000Z</time>
        <extensions>
          <ns3:TrackPointExtension>
            <ns3:atemp>18.0</ns3:atemp>
            <ns3:cad>56</ns3:cad>
          </ns3:TrackPointExtension>
        </extensions>
      </trkpt>
      <trkpt lat="43.20189191959798336029052734375" lon="-109.6468261443078517913818359375">
        <ele>3646</ele>
        <time>2017-09-02T23:33:59.000Z</time>
        <extensions>
          <ns3:TrackPointExtension>
            <ns3:atemp>18.0</ns3:atemp>
            <ns3:cad>56</ns3:cad>
          </ns3:TrackPointExtension>
        </extensions>
      </trkpt>
      <trkpt lat="43.2019022293388843536376953125" lon="-109.64680879376828670501708984375">
        <ele>3646.60009765625</ele>
        <time>2017-09-02T23:34:02.000Z</time>
        <extensions>
          <ns3:TrackPointExtension>
            <ns3:atemp>18.0</ns3:atemp>
            <ns3:cad>50</ns3:cad>
          </ns3:TrackPointExtension>
        </extensions>
      </trkpt>
      <trkpt lat="43.201903402805328369140625" lon="-109.64680342935025691986083984375">
        <ele>3646.800048828125</ele>
        <time>2017-09-02T23:34:03.000Z</time>
        <extensions>
          <ns3:TrackPointExtension>
            <ns3:atemp>18.0</ns3:atemp>
            <ns3:cad>55</ns3:cad>
          </ns3:TrackPointExtension>
        </extensions>
      </trkpt>
      <trkpt lat="43.20191924460232257843017578125" lon="-109.64676235802471637725830078125">
        <ele>3647.60009765625</ele>
        <time>2017-09-02T23:34:10.000Z</time>
        <extensions>
          <ns3:TrackPointExtension>
            <ns3:atemp>17.0</ns3:atemp>
            <ns3:cad>0</ns3:cad>
          </ns3:TrackPointExtension>
        </extensions>
      </trkpt>
      <trkpt lat="43.201919831335544586181640625" lon="-109.646754227578639984130859375">
        <ele>3647.800048828125</ele>
        <time>2017-09-02T23:34:12.000Z</time>
        <extensions>
          <ns3:TrackPointExtension>
            <ns3:atemp>17.0</ns3:atemp>
            <ns3:cad>0</ns3:cad>
          </ns3:TrackPointExtension>
        </extensions>
      </trkpt>
      <trkpt lat="43.201905749738216400146484375" lon="-109.6467272378504276275634765625">
        <ele>3649</ele>
        <time>2017-09-02T23:34:18.000Z</time>
        <extensions>
          <ns3:TrackPointExtension>
            <ns3:atemp>17.0</ns3:atemp>
            <ns3:cad>0</ns3:cad>
          </ns3:TrackPointExtension>
        </extensions>
      </trkpt>
      <trkpt lat="43.20191907696425914764404296875" lon="-109.64671273715794086456298828125">
        <ele>3650</ele>
        <time>2017-09-02T23:34:29.000Z</time>
        <extensions>
          <ns3:TrackPointExtension>
            <ns3:atemp>17.0</ns3:atemp>
            <ns3:cad>45</ns3:cad>
          </ns3:TrackPointExtension>
        </extensions>
      </trkpt>
      <trkpt lat="43.20192879997193813323974609375" lon="-109.64668415486812591552734375">
        <ele>3651.199951171875</ele>
        <time>2017-09-02T23:34:33.000Z</time>
        <extensions>
          <ns3:TrackPointExtension>
            <ns3:atemp>17.0</ns3:atemp>
            <ns3:cad>0</ns3:cad>
          </ns3:TrackPointExtension>
        </extensions>
      </trkpt>
      <trkpt lat="43.20194154046475887298583984375" lon="-109.6466772817075252532958984375">
        <ele>3652.199951171875</ele>
        <time>2017-09-02T23:34:38.000Z</time>
        <extensions>
          <ns3:TrackPointExtension>
            <ns3:atemp>17.0</ns3:atemp>
            <ns3:cad>0</ns3:cad>
          </ns3:TrackPointExtension>
        </extensions>
      </trkpt>
      <trkpt lat="43.201937936246395111083984375" lon="-109.6466588415205478668212890625">
        <ele>3653.199951171875</ele>
        <time>2017-09-02T23:34:43.000Z</time>
        <extensions>
          <ns3:TrackPointExtension>
            <ns3:atemp>17.0</ns3:atemp>
            <ns3:cad>0</ns3:cad>
          </ns3:TrackPointExtension>
        </extensions>
      </trkpt>
      <trkpt lat="43.201941959559917449951171875" lon="-109.64666143991053104400634765625">
        <ele>3654.39990234375</ele>
        <time>2017-09-02T23:34:47.000Z</time>
        <extensions>
          <ns3:TrackPointExtension>
            <ns3:atemp>17.0</ns3:atemp>
            <ns3:cad>0</ns3:cad>
          </ns3:TrackPointExtension>
        </extensions>
      </trkpt>
      <trkpt lat="43.20196576416492462158203125" lon="-109.646615423262119293212890625">
        <ele>3655.60009765625</ele>
        <time>2017-09-02T23:34:52.000Z</time>
        <extensions>
          <ns3:TrackPointExtension>
            <ns3:atemp>17.0</ns3:atemp>
            <ns3:cad>61</ns3:cad>
          </ns3:TrackPointExtension>
        </extensions>
      </trkpt>
      <trkpt lat="43.20209811441600322723388671875" lon="-109.64672346599400043487548828125">
        <ele>3655.800048828125</ele>
        <time>2017-09-02T23:35:25.000Z</time>
        <extensions>
          <ns3:TrackPointExtension>
            <ns3:atemp>18.0</ns3:atemp>
            <ns3:cad>0</ns3:cad>
          </ns3:TrackPointExtension>
        </extensions>
      </trkpt>
      <trkpt lat="43.2021158002316951751708984375" lon="-109.6466782875359058380126953125">
        <ele>3656.60009765625</ele>
        <time>2017-09-02T23:35:42.000Z</time>
        <extensions>
          <ns3:TrackPointExtension>
            <ns3:atemp>18.0</ns3:atemp>
            <ns3:cad>0</ns3:cad>
          </ns3:TrackPointExtension>
        </extensions>
      </trkpt>
      <trkpt lat="43.20201580412685871124267578125" lon="-109.64667803607881069183349609375">
        <ele>3656.60009765625</ele>
        <time>2017-09-02T23:36:04.000Z</time>
        <extensions>
          <ns3:TrackPointExtension>
            <ns3:atemp>19.0</ns3:atemp>
            <ns3:cad>0</ns3:cad>
          </ns3:TrackPointExtension>
        </extensions>
      </trkpt>
      <trkpt lat="43.20199149660766124725341796875" lon="-109.6467000804841518402099609375">
        <ele>3656.199951171875</ele>
        <time>2017-09-02T23:36:08.000Z</time>
        <extensions>
          <ns3:TrackPointExtension>
            <ns3:atemp>19.0</ns3:atemp>
            <ns3:cad>0</ns3:cad>
          </ns3:TrackPointExtension>
        </extensions>
      </trkpt>
      <trkpt lat="43.20200599730014801025390625" lon="-109.64672346599400043487548828125">
        <ele>3655.39990234375</ele>
        <time>2017-09-02T23:36:15.000Z</time>
        <extensions>
          <ns3:TrackPointExtension>
            <ns3:atemp>19.0</ns3:atemp>
            <ns3:cad>0</ns3:cad>
          </ns3:TrackPointExtension>
        </extensions>
      </trkpt>
      <trkpt lat="43.20203072391450405120849609375" lon="-109.64669220149517059326171875">
        <ele>3654.800048828125</ele>
        <time>2017-09-02T23:36:18.000Z</time>
        <extensions>
          <ns3:TrackPointExtension>
            <ns3:atemp>19.0</ns3:atemp>
            <ns3:cad>0</ns3:cad>
          </ns3:TrackPointExtension>
        </extensions>
      </trkpt>
      <trkpt lat="43.20203483104705810546875" lon="-109.646644927561283111572265625">
        <ele>3655.39990234375</ele>
        <time>2017-09-02T23:36:23.000Z</time>
        <extensions>
          <ns3:TrackPointExtension>
            <ns3:atemp>19.0</ns3:atemp>
            <ns3:cad>61</ns3:cad>
          </ns3:TrackPointExtension>
        </extensions>
      </trkpt>
      <trkpt lat="43.2020175643265247344970703125" lon="-109.64660075493156909942626953125">
        <ele>3656.800048828125</ele>
        <time>2017-09-02T23:36:26.000Z</time>
        <extensions>
          <ns3:TrackPointExtension>
            <ns3:atemp>19.0</ns3:atemp>
            <ns3:cad>0</ns3:cad>
          </ns3:TrackPointExtension>
        </extensions>
      </trkpt>
      <trkpt lat="43.20201396010816097259521484375" lon="-109.64660578407347202301025390625">
        <ele>3657</ele>
        <time>2017-09-02T23:36:27.000Z</time>
        <extensions>
          <ns3:TrackPointExtension>
            <ns3:atemp>19.0</ns3:atemp>
            <ns3:cad>0</ns3:cad>
          </ns3:TrackPointExtension>
        </extensions>
      </trkpt>
      <trkpt lat="43.202017731964588165283203125" lon="-109.64661148376762866973876953125">
        <ele>3657.800048828125</ele>
        <time>2017-09-02T23:36:52.000Z</time>
        <extensions>
          <ns3:TrackPointExtension>
            <ns3:atemp>19.0</ns3:atemp>
            <ns3:cad>0</ns3:cad>
          </ns3:TrackPointExtension>
        </extensions>
      </trkpt>
      <trkpt lat="43.2019508443772792816162109375" lon="-109.6465693227946758270263671875">
        <ele>3656.800048828125</ele>
        <time>2017-09-02T23:37:11.000Z</time>
        <extensions>
          <ns3:TrackPointExtension>
            <ns3:atemp>20.0</ns3:atemp>
            <ns3:cad>61</ns3:cad>
          </ns3:TrackPointExtension>
        </extensions>
      </trkpt>
      <trkpt lat="43.20198596455156803131103515625" lon="-109.64667904190719127655029296875">
        <ele>3656.39990234375</ele>
        <time>2017-09-02T23:37:18.000Z</time>
        <extensions>
          <ns3:TrackPointExtension>
            <ns3:atemp>20.0</ns3:atemp>
            <ns3:cad>0</ns3:cad>
          </ns3:TrackPointExtension>
        </extensions>
      </trkpt>
      <trkpt lat="43.20188638754189014434814453125" lon="-109.6467440016567707061767578125">
        <ele>3657.199951171875</ele>
        <time>2017-09-02T23:37:37.000Z</time>
        <extensions>
          <ns3:TrackPointExtension>
            <ns3:atemp>20.0</ns3:atemp>
            <ns3:cad>0</ns3:cad>
          </ns3:TrackPointExtension>
        </extensions>
      </trkpt>
      <trkpt lat="43.202007003128528594970703125" lon="-109.6466883458197116851806640625">
        <ele>3657.199951171875</ele>
        <time>2017-09-02T23:38:10.000Z</time>
        <extensions>
          <ns3:TrackPointExtension>
            <ns3:atemp>20.0</ns3:atemp>
            <ns3:cad>57</ns3:cad>
          </ns3:TrackPointExtension>
        </extensions>
      </trkpt>
      <trkpt lat="43.202013708651065826416015625" lon="-109.6466943807899951934814453125">
        <ele>3655.39990234375</ele>
        <time>2017-09-02T23:38:12.000Z</time>
        <extensions>
          <ns3:TrackPointExtension>
            <ns3:atemp>20.0</ns3:atemp>
            <ns3:cad>57</ns3:cad>
          </ns3:TrackPointExtension>
        </extensions>
      </trkpt>
      <trkpt lat="43.20204086601734161376953125" lon="-109.646708965301513671875">
        <ele>3654.60009765625</ele>
        <time>2017-09-02T23:38:18.000Z</time>
        <extensions>
          <ns3:TrackPointExtension>
            <ns3:atemp>20.0</ns3:atemp>
            <ns3:cad>57</ns3:cad>
          </ns3:TrackPointExtension>
        </extensions>
      </trkpt>
      <trkpt lat="43.20204220712184906005859375" lon="-109.64670921675860881805419921875">
        <ele>3654.39990234375</ele>
        <time>2017-09-02T23:38:20.000Z</time>
        <extensions>
          <ns3:TrackPointExtension>
            <ns3:atemp>20.0</ns3:atemp>
            <ns3:cad>57</ns3:cad>
          </ns3:TrackPointExtension>
        </extensions>
      </trkpt>
      <trkpt lat="43.202035836875438690185546875" lon="-109.64672304689884185791015625">
        <ele>3653.39990234375</ele>
        <time>2017-09-02T23:38:24.000Z</time>
        <extensions>
          <ns3:TrackPointExtension>
            <ns3:atemp>20.0</ns3:atemp>
            <ns3:cad>0</ns3:cad>
          </ns3:TrackPointExtension>
        </extensions>
      </trkpt>
      <trkpt lat="43.20202636532485485076904296875" lon="-109.646724723279476165771484375">
        <ele>3653.199951171875</ele>
        <time>2017-09-02T23:38:25.000Z</time>
        <extensions>
          <ns3:TrackPointExtension>
            <ns3:atemp>20.0</ns3:atemp>
            <ns3:cad>0</ns3:cad>
          </ns3:TrackPointExtension>
        </extensions>
      </trkpt>
      <trkpt lat="43.202003650367259979248046875" lon="-109.6467235498130321502685546875">
        <ele>3653.199951171875</ele>
        <time>2017-09-02T23:38:42.000Z</time>
        <extensions>
          <ns3:TrackPointExtension>
            <ns3:atemp>21.0</ns3:atemp>
            <ns3:cad>0</ns3:cad>
          </ns3:TrackPointExtension>
        </extensions>
      </trkpt>
      <trkpt lat="43.20204145275056362152099609375" lon="-109.64671173132956027984619140625">
        <ele>3652</ele>
        <time>2017-09-02T23:38:53.000Z</time>
        <extensions>
          <ns3:TrackPointExtension>
            <ns3:atemp>21.0</ns3:atemp>
            <ns3:cad>0</ns3:cad>
          </ns3:TrackPointExtension>
        </extensions>
      </trkpt>
      <trkpt lat="43.2020648382604122161865234375" lon="-109.6467265672981739044189453125">
        <ele>3650.800048828125</ele>
        <time>2017-09-02T23:38:56.000Z</time>
        <extensions>
          <ns3:TrackPointExtension>
            <ns3:atemp>21.0</ns3:atemp>
            <ns3:cad>0</ns3:cad>
          </ns3:TrackPointExtension>
        </extensions>
      </trkpt>
      <trkpt lat="43.2020842842757701873779296875" lon="-109.6467282436788082122802734375">
        <ele>3650.39990234375</ele>
        <time>2017-09-02T23:38:58.000Z</time>
        <extensions>
          <ns3:TrackPointExtension>
            <ns3:atemp>21.0</ns3:atemp>
            <ns3:cad>61</ns3:cad>
          </ns3:TrackPointExtension>
        </extensions>
      </trkpt>
      <trkpt lat="43.202093504369258880615234375" lon="-109.6467372961342334747314453125">
        <ele>3649.800048828125</ele>
        <time>2017-09-02T23:39:01.000Z</time>
        <extensions>
          <ns3:TrackPointExtension>
            <ns3:atemp>21.0</ns3:atemp>
            <ns3:cad>61</ns3:cad>
          </ns3:TrackPointExtension>
        </extensions>
      </trkpt>
      <trkpt lat="43.202090151607990264892578125" lon="-109.64676797389984130859375">
        <ele>3650.199951171875</ele>
        <time>2017-09-02T23:39:08.000Z</time>
        <extensions>
          <ns3:TrackPointExtension>
            <ns3:atemp>21.0</ns3:atemp>
            <ns3:cad>61</ns3:cad>
          </ns3:TrackPointExtension>
        </extensions>
      </trkpt>
      <trkpt lat="43.20212041027843952178955078125" lon="-109.64679990895092487335205078125">
        <ele>3649.800048828125</ele>
        <time>2017-09-02T23:39:15.000Z</time>
        <extensions>
          <ns3:TrackPointExtension>
            <ns3:atemp>21.0</ns3:atemp>
            <ns3:cad>0</ns3:cad>
          </ns3:TrackPointExtension>
        </extensions>
      </trkpt>
      <trkpt lat="43.2021459750831127166748046875" lon="-109.64677711017429828643798828125">
        <ele>3648.60009765625</ele>
        <time>2017-09-02T23:39:19.000Z</time>
        <extensions>
          <ns3:TrackPointExtension>
            <ns3:atemp>21.0</ns3:atemp>
            <ns3:cad>0</ns3:cad>
          </ns3:TrackPointExtension>
        </extensions>
      </trkpt>
      <trkpt lat="43.20215628482401371002197265625" lon="-109.64677241630852222442626953125">
        <ele>3648.199951171875</ele>
        <time>2017-09-02T23:39:20.000Z</time>
        <extensions>
          <ns3:TrackPointExtension>
            <ns3:atemp>21.0</ns3:atemp>
            <ns3:cad>61</ns3:cad>
          </ns3:TrackPointExtension>
        </extensions>
      </trkpt>
      <trkpt lat="43.20216382853686809539794921875" lon="-109.64677006937563419342041015625">
        <ele>3647.800048828125</ele>
        <time>2017-09-02T23:39:22.000Z</time>
        <extensions>
          <ns3:TrackPointExtension>
            <ns3:atemp>21.0</ns3:atemp>
            <ns3:cad>61</ns3:cad>
          </ns3:TrackPointExtension>
        </extensions>
      </trkpt>
      <trkpt lat="43.2022143714129924774169921875" lon="-109.64679353870451450347900390625">
        <ele>3647.60009765625</ele>
        <time>2017-09-02T23:39:38.000Z</time>
        <extensions>
          <ns3:TrackPointExtension>
            <ns3:atemp>21.0</ns3:atemp>
            <ns3:cad>0</ns3:cad>
          </ns3:TrackPointExtension>
        </extensions>
      </trkpt>
      <trkpt lat="43.20223641581833362579345703125" lon="-109.64679622091352939605712890625">
        <ele>3646.39990234375</ele>
        <time>2017-09-02T23:39:46.000Z</time>
        <extensions>
          <ns3:TrackPointExtension>
            <ns3:atemp>21.0</ns3:atemp>
            <ns3:cad>61</ns3:cad>
          </ns3:TrackPointExtension>
        </extensions>
      </trkpt>
      <trkpt lat="43.202110268175601959228515625" lon="-109.64685187675058841705322265625">
        <ele>3645.39990234375</ele>
        <time>2017-09-02T23:40:00.000Z</time>
        <extensions>
          <ns3:TrackPointExtension>
            <ns3:atemp>21.0</ns3:atemp>
            <ns3:cad>61</ns3:cad>
          </ns3:TrackPointExtension>
        </extensions>
      </trkpt>
      <trkpt lat="43.20219685323536396026611328125" lon="-109.64684902690351009368896484375">
        <ele>3645.199951171875</ele>
        <time>2017-09-02T23:40:04.000Z</time>
        <extensions>
          <ns3:TrackPointExtension>
            <ns3:atemp>21.0</ns3:atemp>
            <ns3:cad>0</ns3:cad>
          </ns3:TrackPointExtension>
        </extensions>
      </trkpt>
      <trkpt lat="43.20221143774688243865966796875" lon="-109.64685690589249134063720703125">
        <ele>3645</ele>
        <time>2017-09-02T23:40:06.000Z</time>
        <extensions>
          <ns3:TrackPointExtension>
            <ns3:atemp>21.0</ns3:atemp>
            <ns3:cad>0</ns3:cad>
          </ns3:TrackPointExtension>
        </extensions>
      </trkpt>
      <trkpt lat="43.2022266089916229248046875" lon="-109.6467996574938297271728515625">
        <ele>3644.39990234375</ele>
        <time>2017-09-02T23:40:14.000Z</time>
        <extensions>
          <ns3:TrackPointExtension>
            <ns3:atemp>21.0</ns3:atemp>
            <ns3:cad>0</ns3:cad>
          </ns3:TrackPointExtension>
        </extensions>
      </trkpt>
      <trkpt lat="43.20221328176558017730712890625" lon="-109.6467765234410762786865234375">
        <ele>3644.199951171875</ele>
        <time>2017-09-02T23:40:16.000Z</time>
        <extensions>
          <ns3:TrackPointExtension>
            <ns3:atemp>21.0</ns3:atemp>
            <ns3:cad>61</ns3:cad>
          </ns3:TrackPointExtension>
        </extensions>
      </trkpt>
      <trkpt lat="43.202228955924510955810546875" lon="-109.64678934775292873382568359375">
        <ele>3644.39990234375</ele>
        <time>2017-09-02T23:40:18.000Z</time>
        <extensions>
          <ns3:TrackPointExtension>
            <ns3:atemp>21.0</ns3:atemp>
            <ns3:cad>0</ns3:cad>
          </ns3:TrackPointExtension>
        </extensions>
      </trkpt>
      <trkpt lat="43.20226910524070262908935546875" lon="-109.646849445998668670654296875">
        <ele>3644.39990234375</ele>
        <time>2017-09-02T23:40:26.000Z</time>
        <extensions>
          <ns3:TrackPointExtension>
            <ns3:atemp>21.0</ns3:atemp>
            <ns3:cad>0</ns3:cad>
          </ns3:TrackPointExtension>
        </extensions>
      </trkpt>
      <trkpt lat="43.202267847955226898193359375" lon="-109.6468551456928253173828125">
        <ele>3644.39990234375</ele>
        <time>2017-09-02T23:40:28.000Z</time>
        <extensions>
          <ns3:TrackPointExtension>
            <ns3:atemp>21.0</ns3:atemp>
            <ns3:cad>0</ns3:cad>
          </ns3:TrackPointExtension>
        </extensions>
      </trkpt>
      <trkpt lat="43.2022720389068126678466796875" lon="-109.64685807935893535614013671875">
        <ele>3643.39990234375</ele>
        <time>2017-09-02T23:40:32.000Z</time>
        <extensions>
          <ns3:TrackPointExtension>
            <ns3:atemp>21.0</ns3:atemp>
            <ns3:cad>0</ns3:cad>
          </ns3:TrackPointExtension>
        </extensions>
      </trkpt>
      <trkpt lat="43.20223876275122165679931640625" lon="-109.64686310850083827972412109375">
        <ele>3642.199951171875</ele>
        <time>2017-09-02T23:40:41.000Z</time>
        <extensions>
          <ns3:TrackPointExtension>
            <ns3:atemp>21.0</ns3:atemp>
            <ns3:cad>61</ns3:cad>
          </ns3:TrackPointExtension>
        </extensions>
      </trkpt>
      <trkpt lat="43.20226156152784824371337890625" lon="-109.6468576602637767791748046875">
        <ele>3641</ele>
        <time>2017-09-02T23:40:51.000Z</time>
        <extensions>
          <ns3:TrackPointExtension>
            <ns3:atemp>21.0</ns3:atemp>
            <ns3:cad>0</ns3:cad>
          </ns3:TrackPointExtension>
        </extensions>
      </trkpt>
      <trkpt lat="43.2023330591619014739990234375" lon="-109.6468881703913211822509765625">
        <ele>3640</ele>
        <time>2017-09-02T23:41:07.000Z</time>
        <extensions>
          <ns3:TrackPointExtension>
            <ns3:atemp>21.0</ns3:atemp>
            <ns3:cad>0</ns3:cad>
          </ns3:TrackPointExtension>
        </extensions>
      </trkpt>
      <trkpt lat="43.2022251002490520477294921875" lon="-109.6468633599579334259033203125">
        <ele>3639</ele>
        <time>2017-09-02T23:41:37.000Z</time>
        <extensions>
          <ns3:TrackPointExtension>
            <ns3:atemp>21.0</ns3:atemp>
            <ns3:cad>0</ns3:cad>
          </ns3:TrackPointExtension>
        </extensions>
      </trkpt>
      <trkpt lat="43.202250413596630096435546875" lon="-109.64690585620701313018798828125">
        <ele>3637.800048828125</ele>
        <time>2017-09-02T23:41:54.000Z</time>
        <extensions>
          <ns3:TrackPointExtension>
            <ns3:atemp>21.0</ns3:atemp>
            <ns3:cad>0</ns3:cad>
          </ns3:TrackPointExtension>
        </extensions>
      </trkpt>
      <trkpt lat="43.20225753821432590484619140625" lon="-109.64688607491552829742431640625">
        <ele>3636.800048828125</ele>
        <time>2017-09-02T23:42:00.000Z</time>
        <extensions>
          <ns3:TrackPointExtension>
            <ns3:atemp>21.0</ns3:atemp>
            <ns3:cad>61</ns3:cad>
          </ns3:TrackPointExtension>
        </extensions>
      </trkpt>
      <trkpt lat="43.202307410538196563720703125" lon="-109.6468600071966648101806640625">
        <ele>3635.800048828125</ele>
        <time>2017-09-02T23:42:21.000Z</time>
        <extensions>
          <ns3:TrackPointExtension>
            <ns3:atemp>21.0</ns3:atemp>
            <ns3:cad>0</ns3:cad>
          </ns3:TrackPointExtension>
        </extensions>
      </trkpt>
      <trkpt lat="43.20237957872450351715087890625" lon="-109.646877944469451904296875">
        <ele>3634.60009765625</ele>
        <time>2017-09-02T23:42:42.000Z</time>
        <extensions>
          <ns3:TrackPointExtension>
            <ns3:atemp>21.0</ns3:atemp>
            <ns3:cad>0</ns3:cad>
          </ns3:TrackPointExtension>
        </extensions>
      </trkpt>
      <trkpt lat="43.20240698754787445068359375" lon="-109.64692094363272190093994140625">
        <ele>3633.60009765625</ele>
        <time>2017-09-02T23:42:59.000Z</time>
        <extensions>
          <ns3:TrackPointExtension>
            <ns3:atemp>21.0</ns3:atemp>
            <ns3:cad>0</ns3:cad>
          </ns3:TrackPointExtension>
        </extensions>
      </trkpt>
      <trkpt lat="43.20238142274320125579833984375" lon="-109.64694391004741191864013671875">
        <ele>3632.39990234375</ele>
        <time>2017-09-02T23:43:11.000Z</time>
        <extensions>
          <ns3:TrackPointExtension>
            <ns3:atemp>21.0</ns3:atemp>
            <ns3:cad>0</ns3:cad>
          </ns3:TrackPointExtension>
        </extensions>
      </trkpt>
      <trkpt lat="43.2023900561034679412841796875" lon="-109.647051952779293060302734375">
        <ele>3632.39990234375</ele>
        <time>2017-09-02T23:43:21.000Z</time>
        <extensions>
          <ns3:TrackPointExtension>
            <ns3:atemp>21.0</ns3:atemp>
            <ns3:cad>0</ns3:cad>
          </ns3:TrackPointExtension>
        </extensions>
      </trkpt>
      <trkpt lat="43.20235895924270153045654296875" lon="-109.6470527909696102142333984375">
        <ele>3631.800048828125</ele>
        <time>2017-09-02T23:43:26.000Z</time>
        <extensions>
          <ns3:TrackPointExtension>
            <ns3:atemp>21.0</ns3:atemp>
            <ns3:cad>0</ns3:cad>
          </ns3:TrackPointExtension>
        </extensions>
      </trkpt>
      <trkpt lat="43.2023612223565578460693359375" lon="-109.647017419338226318359375">
        <ele>3631.39990234375</ele>
        <time>2017-09-02T23:43:30.000Z</time>
        <extensions>
          <ns3:TrackPointExtension>
            <ns3:atemp>21.0</ns3:atemp>
            <ns3:cad>0</ns3:cad>
          </ns3:TrackPointExtension>
        </extensions>
      </trkpt>
      <trkpt lat="43.202363736927509307861328125" lon="-109.647027142345905303955078125">
        <ele>3630.39990234375</ele>
        <time>2017-09-02T23:43:41.000Z</time>
        <extensions>
          <ns3:TrackPointExtension>
            <ns3:atemp>21.0</ns3:atemp>
            <ns3:cad>0</ns3:cad>
          </ns3:TrackPointExtension>
        </extensions>
      </trkpt>
      <trkpt lat="43.202315457165241241455078125" lon="-109.647077433764934539794921875">
        <ele>3629.199951171875</ele>
        <time>2017-09-02T23:43:59.000Z</time>
        <extensions>
          <ns3:TrackPointExtension>
            <ns3:atemp>21.0</ns3:atemp>
            <ns3:cad>0</ns3:cad>
          </ns3:TrackPointExtension>
        </extensions>
      </trkpt>
      <trkpt lat="43.20238444022834300994873046875" lon="-109.6470685489475727081298828125">
        <ele>3628.39990234375</ele>
        <time>2017-09-02T23:44:07.000Z</time>
        <extensions>
          <ns3:TrackPointExtension>
            <ns3:atemp>21.0</ns3:atemp>
            <ns3:cad>0</ns3:cad>
          </ns3:TrackPointExtension>
        </extensions>
      </trkpt>
      <trkpt lat="43.20239961147308349609375" lon="-109.64704818092286586761474609375">
        <ele>3628.39990234375</ele>
        <time>2017-09-02T23:44:09.000Z</time>
        <extensions>
          <ns3:TrackPointExtension>
            <ns3:atemp>21.0</ns3:atemp>
            <ns3:cad>0</ns3:cad>
          </ns3:TrackPointExtension>
        </extensions>
      </trkpt>
      <trkpt lat="43.2024009525775909423828125" lon="-109.647049270570278167724609375">
        <ele>3628.199951171875</ele>
        <time>2017-09-02T23:44:11.000Z</time>
        <extensions>
          <ns3:TrackPointExtension>
            <ns3:atemp>21.0</ns3:atemp>
            <ns3:cad>0</ns3:cad>
          </ns3:TrackPointExtension>
        </extensions>
      </trkpt>
      <trkpt lat="43.20246733725070953369140625" lon="-109.64706502854824066162109375">
        <ele>3627.199951171875</ele>
        <time>2017-09-02T23:44:19.000Z</time>
        <extensions>
          <ns3:TrackPointExtension>
            <ns3:atemp>21.0</ns3:atemp>
            <ns3:cad>0</ns3:cad>
          </ns3:TrackPointExtension>
        </extensions>
      </trkpt>
      <trkpt lat="43.20248200558125972747802734375" lon="-109.64707852341234683990478515625">
        <ele>3625.800048828125</ele>
        <time>2017-09-02T23:44:40.000Z</time>
        <extensions>
          <ns3:TrackPointExtension>
            <ns3:atemp>21.0</ns3:atemp>
            <ns3:cad>61</ns3:cad>
          </ns3:TrackPointExtension>
        </extensions>
      </trkpt>
      <trkpt lat="43.2024846039712429046630859375" lon="-109.6470903418958187103271484375">
        <ele>3624.60009765625</ele>
        <time>2017-09-02T23:44:43.000Z</time>
        <extensions>
          <ns3:TrackPointExtension>
            <ns3:atemp>21.0</ns3:atemp>
            <ns3:cad>0</ns3:cad>
          </ns3:TrackPointExtension>
        </extensions>
      </trkpt>
      <trkpt lat="43.2025379128754138946533203125" lon="-109.64712135493755340576171875">
        <ele>3624</ele>
        <time>2017-09-02T23:44:50.000Z</time>
        <extensions>
          <ns3:TrackPointExtension>
            <ns3:atemp>21.0</ns3:atemp>
            <ns3:cad>0</ns3:cad>
          </ns3:TrackPointExtension>
        </extensions>
      </trkpt>
      <trkpt lat="43.20257219485938549041748046875" lon="-109.64712671935558319091796875">
        <ele>3623.39990234375</ele>
        <time>2017-09-02T23:44:58.000Z</time>
        <extensions>
          <ns3:TrackPointExtension>
            <ns3:atemp>21.0</ns3:atemp>
            <ns3:cad>61</ns3:cad>
          </ns3:TrackPointExtension>
        </extensions>
      </trkpt>
      <trkpt lat="43.20257730782032012939453125" lon="-109.64713686145842075347900390625">
        <ele>3622.199951171875</ele>
        <time>2017-09-02T23:45:04.000Z</time>
        <extensions>
          <ns3:TrackPointExtension>
            <ns3:atemp>21.0</ns3:atemp>
            <ns3:cad>0</ns3:cad>
          </ns3:TrackPointExtension>
        </extensions>
      </trkpt>
      <trkpt lat="43.20259608328342437744140625" lon="-109.6471433155238628387451171875">
        <ele>3621.199951171875</ele>
        <time>2017-09-02T23:45:13.000Z</time>
        <extensions>
          <ns3:TrackPointExtension>
            <ns3:atemp>21.0</ns3:atemp>
            <ns3:cad>0</ns3:cad>
          </ns3:TrackPointExtension>
        </extensions>
      </trkpt>
      <trkpt lat="43.20262650959193706512451171875" lon="-109.64714976958930492401123046875">
        <ele>3620</ele>
        <time>2017-09-02T23:45:20.000Z</time>
        <extensions>
          <ns3:TrackPointExtension>
            <ns3:atemp>21.0</ns3:atemp>
            <ns3:cad>0</ns3:cad>
          </ns3:TrackPointExtension>
        </extensions>
      </trkpt>
      <trkpt lat="43.20267914794385433197021484375" lon="-109.64717491529881954193115234375">
        <ele>3619</ele>
        <time>2017-09-02T23:45:30.000Z</time>
        <extensions>
          <ns3:TrackPointExtension>
            <ns3:atemp>21.0</ns3:atemp>
            <ns3:cad>0</ns3:cad>
          </ns3:TrackPointExtension>
        </extensions>
      </trkpt>
      <trkpt lat="43.2024929858744144439697265625" lon="-109.64719201438128948211669921875">
        <ele>3619.199951171875</ele>
        <time>2017-09-02T23:45:54.000Z</time>
        <extensions>
          <ns3:TrackPointExtension>
            <ns3:atemp>21.0</ns3:atemp>
            <ns3:cad>0</ns3:cad>
          </ns3:TrackPointExtension>
        </extensions>
      </trkpt>
      <trkpt lat="43.20251754485070705413818359375" lon="-109.64718572795391082763671875">
        <ele>3617.800048828125</ele>
        <time>2017-09-02T23:46:01.000Z</time>
        <extensions>
          <ns3:TrackPointExtension>
            <ns3:atemp>21.0</ns3:atemp>
            <ns3:cad>0</ns3:cad>
          </ns3:TrackPointExtension>
        </extensions>
      </trkpt>
      <trkpt lat="43.2025191374123096466064453125" lon="-109.64716016314923763275146484375">
        <ele>3616.800048828125</ele>
        <time>2017-09-02T23:46:09.000Z</time>
        <extensions>
          <ns3:TrackPointExtension>
            <ns3:atemp>21.0</ns3:atemp>
            <ns3:cad>0</ns3:cad>
          </ns3:TrackPointExtension>
        </extensions>
      </trkpt>
      <trkpt lat="43.20251553319394588470458984375" lon="-109.6471600793302059173583984375">
        <ele>3615.800048828125</ele>
        <time>2017-09-02T23:46:27.000Z</time>
        <extensions>
          <ns3:TrackPointExtension>
            <ns3:atemp>21.0</ns3:atemp>
            <ns3:cad>61</ns3:cad>
          </ns3:TrackPointExtension>
        </extensions>
      </trkpt>
      <trkpt lat="43.20256498642265796661376953125" lon="-109.64718128554522991180419921875">
        <ele>3614.39990234375</ele>
        <time>2017-09-02T23:46:35.000Z</time>
        <extensions>
          <ns3:TrackPointExtension>
            <ns3:atemp>21.0</ns3:atemp>
            <ns3:cad>0</ns3:cad>
          </ns3:TrackPointExtension>
        </extensions>
      </trkpt>
      <trkpt lat="43.2026462070643901824951171875" lon="-109.6472076885402202606201171875">
        <ele>3613.39990234375</ele>
        <time>2017-09-02T23:46:41.000Z</time>
        <extensions>
          <ns3:TrackPointExtension>
            <ns3:atemp>21.0</ns3:atemp>
            <ns3:cad>0</ns3:cad>
          </ns3:TrackPointExtension>
        </extensions>
      </trkpt>
      <trkpt lat="43.20271049626171588897705078125" lon="-109.647183716297149658203125">
        <ele>3613</ele>
        <time>2017-09-02T23:47:19.000Z</time>
        <extensions>
          <ns3:TrackPointExtension>
            <ns3:atemp>21.0</ns3:atemp>
            <ns3:cad>0</ns3:cad>
          </ns3:TrackPointExtension>
        </extensions>
      </trkpt>
      <trkpt lat="43.20270060561597347259521484375" lon="-109.6471198461949825286865234375">
        <ele>3613</ele>
        <time>2017-09-02T23:47:28.000Z</time>
        <extensions>
          <ns3:TrackPointExtension>
            <ns3:atemp>21.0</ns3:atemp>
            <ns3:cad>61</ns3:cad>
          </ns3:TrackPointExtension>
        </extensions>
      </trkpt>
      <trkpt lat="43.20268870331346988677978515625" lon="-109.64710735715925693511962890625">
        <ele>3612.800048828125</ele>
        <time>2017-09-02T23:47:30.000Z</time>
        <extensions>
          <ns3:TrackPointExtension>
            <ns3:atemp>21.0</ns3:atemp>
            <ns3:cad>0</ns3:cad>
          </ns3:TrackPointExtension>
        </extensions>
      </trkpt>
      <trkpt lat="43.2026552595198154449462890625" lon="-109.6470578201115131378173828125">
        <ele>3612.199951171875</ele>
        <time>2017-09-02T23:47:43.000Z</time>
        <extensions>
          <ns3:TrackPointExtension>
            <ns3:atemp>21.0</ns3:atemp>
            <ns3:cad>0</ns3:cad>
          </ns3:TrackPointExtension>
        </extensions>
      </trkpt>
      <trkpt lat="43.202603794634342193603515625" lon="-109.647190757095813751220703125">
        <ele>3611.199951171875</ele>
        <time>2017-09-02T23:48:21.000Z</time>
        <extensions>
          <ns3:TrackPointExtension>
            <ns3:atemp>21.0</ns3:atemp>
            <ns3:cad>0</ns3:cad>
          </ns3:TrackPointExtension>
        </extensions>
      </trkpt>
      <trkpt lat="43.20280236192047595977783203125" lon="-109.64723727665841579437255859375">
        <ele>3610.60009765625</ele>
        <time>2017-09-02T23:48:46.000Z</time>
        <extensions>
          <ns3:TrackPointExtension>
            <ns3:atemp>21.0</ns3:atemp>
            <ns3:cad>0</ns3:cad>
          </ns3:TrackPointExtension>
        </extensions>
      </trkpt>
      <trkpt lat="43.202855587005615234375" lon="-109.64723392389714717864990234375">
        <ele>3610.60009765625</ele>
        <time>2017-09-02T23:48:47.000Z</time>
        <extensions>
          <ns3:TrackPointExtension>
            <ns3:atemp>21.0</ns3:atemp>
            <ns3:cad>0</ns3:cad>
          </ns3:TrackPointExtension>
        </extensions>
      </trkpt>
      <trkpt lat="43.2027089037001132965087890625" lon="-109.6475657634437084197998046875">
        <ele>3610.800048828125</ele>
        <time>2017-09-02T23:48:56.000Z</time>
        <extensions>
          <ns3:TrackPointExtension>
            <ns3:atemp>21.0</ns3:atemp>
            <ns3:cad>0</ns3:cad>
          </ns3:TrackPointExtension>
        </extensions>
      </trkpt>
      <trkpt lat="43.20261326618492603302001953125" lon="-109.64763089083135128021240234375">
        <ele>3610.800048828125</ele>
        <time>2017-09-02T23:48:58.000Z</time>
        <extensions>
          <ns3:TrackPointExtension>
            <ns3:atemp>21.0</ns3:atemp>
            <ns3:cad>0</ns3:cad>
          </ns3:TrackPointExtension>
        </extensions>
      </trkpt>
      <trkpt lat="43.2024631462991237640380859375" lon="-109.64757640846073627471923828125">
        <ele>3611</ele>
        <time>2017-09-02T23:49:16.000Z</time>
        <extensions>
          <ns3:TrackPointExtension>
            <ns3:atemp>22.0</ns3:atemp>
            <ns3:cad>0</ns3:cad>
          </ns3:TrackPointExtension>
        </extensions>
      </trkpt>
      <trkpt lat="43.20263472385704517364501953125" lon="-109.64739024639129638671875">
        <ele>3611.199951171875</ele>
        <time>2017-09-02T23:49:21.000Z</time>
        <extensions>
          <ns3:TrackPointExtension>
            <ns3:atemp>22.0</ns3:atemp>
            <ns3:cad>0</ns3:cad>
          </ns3:TrackPointExtension>
        </extensions>
      </trkpt>
      <trkpt lat="43.2026931457221508026123046875" lon="-109.64732059277594089508056640625">
        <ele>3611.199951171875</ele>
        <time>2017-09-02T23:49:25.000Z</time>
        <extensions>
          <ns3:TrackPointExtension>
            <ns3:atemp>22.0</ns3:atemp>
            <ns3:cad>0</ns3:cad>
          </ns3:TrackPointExtension>
        </extensions>
      </trkpt>
      <trkpt lat="43.20271284319460391998291015625" lon="-109.64726896025240421295166015625">
        <ele>3611</ele>
        <time>2017-09-02T23:49:30.000Z</time>
        <extensions>
          <ns3:TrackPointExtension>
            <ns3:atemp>22.0</ns3:atemp>
            <ns3:cad>0</ns3:cad>
          </ns3:TrackPointExtension>
        </extensions>
      </trkpt>
      <trkpt lat="43.20270814932882785797119140625" lon="-109.64726611040532588958740234375">
        <ele>3610.800048828125</ele>
        <time>2017-09-02T23:49:32.000Z</time>
        <extensions>
          <ns3:TrackPointExtension>
            <ns3:atemp>22.0</ns3:atemp>
            <ns3:cad>0</ns3:cad>
          </ns3:TrackPointExtension>
        </extensions>
      </trkpt>
      <trkpt lat="43.20269708521664142608642578125" lon="-109.6471909247338771820068359375">
        <ele>3610.39990234375</ele>
        <time>2017-09-02T23:49:36.000Z</time>
        <extensions>
          <ns3:TrackPointExtension>
            <ns3:atemp>22.0</ns3:atemp>
            <ns3:cad>0</ns3:cad>
          </ns3:TrackPointExtension>
        </extensions>
      </trkpt>
      <trkpt lat="43.2027152739465236663818359375" lon="-109.6471845544874668121337890625">
        <ele>3610.199951171875</ele>
        <time>2017-09-02T23:49:39.000Z</time>
        <extensions>
          <ns3:TrackPointExtension>
            <ns3:atemp>22.0</ns3:atemp>
            <ns3:cad>0</ns3:cad>
          </ns3:TrackPointExtension>
        </extensions>
      </trkpt>
      <trkpt lat="43.20271535776555538177490234375" lon="-109.6471838839352130889892578125">
        <ele>3610.199951171875</ele>
        <time>2017-09-02T23:49:40.000Z</time>
        <extensions>
          <ns3:TrackPointExtension>
            <ns3:atemp>22.0</ns3:atemp>
            <ns3:cad>0</ns3:cad>
          </ns3:TrackPointExtension>
        </extensions>
      </trkpt>
      <trkpt lat="43.202711753547191619873046875" lon="-109.64719771407544612884521484375">
        <ele>3610</ele>
        <time>2017-09-02T23:49:43.000Z</time>
        <extensions>
          <ns3:TrackPointExtension>
            <ns3:atemp>22.0</ns3:atemp>
            <ns3:cad>0</ns3:cad>
          </ns3:TrackPointExtension>
        </extensions>
      </trkpt>
      <trkpt lat="43.2027186267077922821044921875" lon="-109.6472118794918060302734375">
        <ele>3609.800048828125</ele>
        <time>2017-09-02T23:49:47.000Z</time>
        <extensions>
          <ns3:TrackPointExtension>
            <ns3:atemp>22.0</ns3:atemp>
            <ns3:cad>0</ns3:cad>
          </ns3:TrackPointExtension>
        </extensions>
      </trkpt>
      <trkpt lat="43.202680237591266632080078125" lon="-109.64720073156058788299560546875">
        <ele>3609.800048828125</ele>
        <time>2017-09-02T23:49:49.000Z</time>
        <extensions>
          <ns3:TrackPointExtension>
            <ns3:atemp>22.0</ns3:atemp>
            <ns3:cad>0</ns3:cad>
          </ns3:TrackPointExtension>
        </extensions>
      </trkpt>
      <trkpt lat="43.2026321254670619964599609375" lon="-109.64719268493354320526123046875">
        <ele>3609.60009765625</ele>
        <time>2017-09-02T23:49:55.000Z</time>
        <extensions>
          <ns3:TrackPointExtension>
            <ns3:atemp>22.0</ns3:atemp>
            <ns3:cad>0</ns3:cad>
          </ns3:TrackPointExtension>
        </extensions>
      </trkpt>
      <trkpt lat="43.20264897309243679046630859375" lon="-109.64721196331083774566650390625">
        <ele>3609.60009765625</ele>
        <time>2017-09-02T23:49:57.000Z</time>
        <extensions>
          <ns3:TrackPointExtension>
            <ns3:atemp>22.0</ns3:atemp>
            <ns3:cad>0</ns3:cad>
          </ns3:TrackPointExtension>
        </extensions>
      </trkpt>
      <trkpt lat="43.2026182115077972412109375" lon="-109.6471932716667652130126953125">
        <ele>3609.39990234375</ele>
        <time>2017-09-02T23:50:00.000Z</time>
        <extensions>
          <ns3:TrackPointExtension>
            <ns3:atemp>22.0</ns3:atemp>
            <ns3:cad>0</ns3:cad>
          </ns3:TrackPointExtension>
        </extensions>
      </trkpt>
      <trkpt lat="43.2026210613548755645751953125" lon="-109.64716100133955478668212890625">
        <ele>3609.39990234375</ele>
        <time>2017-09-02T23:50:02.000Z</time>
        <extensions>
          <ns3:TrackPointExtension>
            <ns3:atemp>22.0</ns3:atemp>
            <ns3:cad>0</ns3:cad>
          </ns3:TrackPointExtension>
        </extensions>
      </trkpt>
      <trkpt lat="43.2021265290677547454833984375" lon="-109.64810966514050960540771484375">
        <ele>3609.39990234375</ele>
        <time>2017-09-02T23:50:06.000Z</time>
        <extensions>
          <ns3:TrackPointExtension>
            <ns3:atemp>22.0</ns3:atemp>
            <ns3:cad>0</ns3:cad>
          </ns3:TrackPointExtension>
        </extensions>
      </trkpt>
      <trkpt lat="43.201943300664424896240234375" lon="-109.64800958521664142608642578125">
        <ele>3609.199951171875</ele>
        <time>2017-09-02T23:50:09.000Z</time>
        <extensions>
          <ns3:TrackPointExtension>
            <ns3:atemp>22.0</ns3:atemp>
            <ns3:cad>0</ns3:cad>
          </ns3:TrackPointExtension>
        </extensions>
      </trkpt>
      <trkpt lat="43.20192360319197177886962890625" lon="-109.64795644395053386688232421875">
        <ele>3609.199951171875</ele>
        <time>2017-09-02T23:50:11.000Z</time>
        <extensions>
          <ns3:TrackPointExtension>
            <ns3:atemp>22.0</ns3:atemp>
            <ns3:cad>0</ns3:cad>
          </ns3:TrackPointExtension>
        </extensions>
      </trkpt>
      <trkpt lat="43.201997280120849609375" lon="-109.6479687653481960296630859375">
        <ele>3609.199951171875</ele>
        <time>2017-09-02T23:50:12.000Z</time>
        <extensions>
          <ns3:TrackPointExtension>
            <ns3:atemp>22.0</ns3:atemp>
            <ns3:cad>0</ns3:cad>
          </ns3:TrackPointExtension>
        </extensions>
      </trkpt>
      <trkpt lat="43.20213382132351398468017578125" lon="-109.6479744650423526763916015625">
        <ele>3609.199951171875</ele>
        <time>2017-09-02T23:50:13.000Z</time>
        <extensions>
          <ns3:TrackPointExtension>
            <ns3:atemp>22.0</ns3:atemp>
            <ns3:cad>0</ns3:cad>
          </ns3:TrackPointExtension>
        </extensions>
      </trkpt>
      <trkpt lat="43.2022619806230068206787109375" lon="-109.64799667708575725555419921875">
        <ele>3609</ele>
        <time>2017-09-02T23:50:15.000Z</time>
        <extensions>
          <ns3:TrackPointExtension>
            <ns3:atemp>22.0</ns3:atemp>
            <ns3:cad>60</ns3:cad>
          </ns3:TrackPointExtension>
        </extensions>
      </trkpt>
      <trkpt lat="43.2024420239031314849853515625" lon="-109.6480079926550388336181640625">
        <ele>3609</ele>
        <time>2017-09-02T23:50:17.000Z</time>
        <extensions>
          <ns3:TrackPointExtension>
            <ns3:atemp>22.0</ns3:atemp>
            <ns3:cad>0</ns3:cad>
          </ns3:TrackPointExtension>
        </extensions>
      </trkpt>
      <trkpt lat="43.2021702826023101806640625" lon="-109.64787631295621395111083984375">
        <ele>3608.800048828125</ele>
        <time>2017-09-02T23:50:21.000Z</time>
        <extensions>
          <ns3:TrackPointExtension>
            <ns3:atemp>22.0</ns3:atemp>
            <ns3:cad>0</ns3:cad>
          </ns3:TrackPointExtension>
        </extensions>
      </trkpt>
      <trkpt lat="43.20199853740632534027099609375" lon="-109.6477340720593929290771484375">
        <ele>3608.800048828125</ele>
        <time>2017-09-02T23:50:23.000Z</time>
        <extensions>
          <ns3:TrackPointExtension>
            <ns3:atemp>22.0</ns3:atemp>
            <ns3:cad>0</ns3:cad>
          </ns3:TrackPointExtension>
        </extensions>
      </trkpt>
      <trkpt lat="43.20197925902903079986572265625" lon="-109.64770741760730743408203125">
        <ele>3608.800048828125</ele>
        <time>2017-09-02T23:50:24.000Z</time>
        <extensions>
          <ns3:TrackPointExtension>
            <ns3:atemp>22.0</ns3:atemp>
            <ns3:cad>0</ns3:cad>
          </ns3:TrackPointExtension>
        </extensions>
      </trkpt>
      <trkpt lat="43.2020400278270244598388671875" lon="-109.64767254889011383056640625">
        <ele>3608.199951171875</ele>
        <time>2017-09-02T23:50:27.000Z</time>
        <extensions>
          <ns3:TrackPointExtension>
            <ns3:atemp>22.0</ns3:atemp>
            <ns3:cad>0</ns3:cad>
          </ns3:TrackPointExtension>
        </extensions>
      </trkpt>
      <trkpt lat="43.20215913467109203338623046875" lon="-109.64764983393251895904541015625">
        <ele>3608</ele>
        <time>2017-09-02T23:50:28.000Z</time>
        <extensions>
          <ns3:TrackPointExtension>
            <ns3:atemp>22.0</ns3:atemp>
            <ns3:cad>0</ns3:cad>
          </ns3:TrackPointExtension>
        </extensions>
      </trkpt>
      <trkpt lat="43.2023749686777591705322265625" lon="-109.6475610695779323577880859375">
        <ele>3608</ele>
        <time>2017-09-02T23:50:31.000Z</time>
        <extensions>
          <ns3:TrackPointExtension>
            <ns3:atemp>22.0</ns3:atemp>
            <ns3:cad>0</ns3:cad>
          </ns3:TrackPointExtension>
        </extensions>
      </trkpt>
      <trkpt lat="43.20254989899694919586181640625" lon="-109.64745453558862209320068359375">
        <ele>3608.199951171875</ele>
        <time>2017-09-02T23:50:34.000Z</time>
        <extensions>
          <ns3:TrackPointExtension>
            <ns3:atemp>22.0</ns3:atemp>
            <ns3:cad>0</ns3:cad>
          </ns3:TrackPointExtension>
        </extensions>
      </trkpt>
      <trkpt lat="43.20262290537357330322265625" lon="-109.64760524220764636993408203125">
        <ele>3608.199951171875</ele>
        <time>2017-09-02T23:50:37.000Z</time>
        <extensions>
          <ns3:TrackPointExtension>
            <ns3:atemp>22.0</ns3:atemp>
            <ns3:cad>0</ns3:cad>
          </ns3:TrackPointExtension>
        </extensions>
      </trkpt>
      <trkpt lat="43.2027179561555385589599609375" lon="-109.64776567183434963226318359375">
        <ele>3608.199951171875</ele>
        <time>2017-09-02T23:50:39.000Z</time>
        <extensions>
          <ns3:TrackPointExtension>
            <ns3:atemp>22.0</ns3:atemp>
            <ns3:cad>0</ns3:cad>
          </ns3:TrackPointExtension>
        </extensions>
      </trkpt>
      <trkpt lat="43.20278442464768886566162109375" lon="-109.647894166409969329833984375">
        <ele>3608.199951171875</ele>
        <time>2017-09-02T23:50:42.000Z</time>
        <extensions>
          <ns3:TrackPointExtension>
            <ns3:atemp>22.0</ns3:atemp>
            <ns3:cad>0</ns3:cad>
          </ns3:TrackPointExtension>
        </extensions>
      </trkpt>
      <trkpt lat="43.2029588520526885986328125" lon="-109.64784848503768444061279296875">
        <ele>3608.199951171875</ele>
        <time>2017-09-02T23:50:45.000Z</time>
        <extensions>
          <ns3:TrackPointExtension>
            <ns3:atemp>22.0</ns3:atemp>
            <ns3:cad>61</ns3:cad>
          </ns3:TrackPointExtension>
        </extensions>
      </trkpt>
      <trkpt lat="43.2028725184500217437744140625" lon="-109.6476844511926174163818359375">
        <ele>3608.800048828125</ele>
        <time>2017-09-02T23:50:53.000Z</time>
        <extensions>
          <ns3:TrackPointExtension>
            <ns3:atemp>22.0</ns3:atemp>
            <ns3:cad>0</ns3:cad>
          </ns3:TrackPointExtension>
        </extensions>
      </trkpt>
      <trkpt lat="43.2027964107692241668701171875" lon="-109.64752393774688243865966796875">
        <ele>3609.199951171875</ele>
        <time>2017-09-02T23:50:57.000Z</time>
        <extensions>
          <ns3:TrackPointExtension>
            <ns3:atemp>22.0</ns3:atemp>
            <ns3:cad>0</ns3:cad>
          </ns3:TrackPointExtension>
        </extensions>
      </trkpt>
      <trkpt lat="43.202795572578907012939453125" lon="-109.64743383228778839111328125">
        <ele>3609.39990234375</ele>
        <time>2017-09-02T23:50:59.000Z</time>
        <extensions>
          <ns3:TrackPointExtension>
            <ns3:atemp>22.0</ns3:atemp>
            <ns3:cad>0</ns3:cad>
          </ns3:TrackPointExtension>
        </extensions>
      </trkpt>
      <trkpt lat="43.2028074748814105987548828125" lon="-109.64739452116191387176513671875">
        <ele>3609.199951171875</ele>
        <time>2017-09-02T23:51:01.000Z</time>
        <extensions>
          <ns3:TrackPointExtension>
            <ns3:atemp>22.0</ns3:atemp>
            <ns3:cad>0</ns3:cad>
          </ns3:TrackPointExtension>
        </extensions>
      </trkpt>
      <trkpt lat="43.2026879489421844482421875" lon="-109.64734640903770923614501953125">
        <ele>3609</ele>
        <time>2017-09-02T23:51:06.000Z</time>
        <extensions>
          <ns3:TrackPointExtension>
            <ns3:atemp>22.0</ns3:atemp>
            <ns3:cad>0</ns3:cad>
          </ns3:TrackPointExtension>
        </extensions>
      </trkpt>
      <trkpt lat="43.20276011712849140167236328125" lon="-109.647132419049739837646484375">
        <ele>3608.800048828125</ele>
        <time>2017-09-02T23:51:13.000Z</time>
        <extensions>
          <ns3:TrackPointExtension>
            <ns3:atemp>22.0</ns3:atemp>
            <ns3:cad>61</ns3:cad>
          </ns3:TrackPointExtension>
        </extensions>
      </trkpt>
      <trkpt lat="43.202755339443683624267578125" lon="-109.6471369452774524688720703125">
        <ele>3608.800048828125</ele>
        <time>2017-09-02T23:51:15.000Z</time>
        <extensions>
          <ns3:TrackPointExtension>
            <ns3:atemp>22.0</ns3:atemp>
            <ns3:cad>61</ns3:cad>
          </ns3:TrackPointExtension>
        </extensions>
      </trkpt>
      <trkpt lat="43.20279993116855621337890625" lon="-109.64697073213756084442138671875">
        <ele>3610.199951171875</ele>
        <time>2017-09-02T23:51:37.000Z</time>
        <extensions>
          <ns3:TrackPointExtension>
            <ns3:atemp>22.0</ns3:atemp>
            <ns3:cad>0</ns3:cad>
          </ns3:TrackPointExtension>
        </extensions>
      </trkpt>
      <trkpt lat="43.20275944657623767852783203125" lon="-109.6469865739345550537109375">
        <ele>3611.39990234375</ele>
        <time>2017-09-02T23:51:46.000Z</time>
        <extensions>
          <ns3:TrackPointExtension>
            <ns3:atemp>23.0</ns3:atemp>
            <ns3:cad>0</ns3:cad>
          </ns3:TrackPointExtension>
        </extensions>
      </trkpt>
      <trkpt lat="43.20274033583700656890869140625" lon="-109.6470321714878082275390625">
        <ele>3612.39990234375</ele>
        <time>2017-09-02T23:51:57.000Z</time>
        <extensions>
          <ns3:TrackPointExtension>
            <ns3:atemp>23.0</ns3:atemp>
            <ns3:cad>0</ns3:cad>
          </ns3:TrackPointExtension>
        </extensions>
      </trkpt>
      <trkpt lat="43.20276372134685516357421875" lon="-109.646985232830047607421875">
        <ele>3613.39990234375</ele>
        <time>2017-09-02T23:52:07.000Z</time>
        <extensions>
          <ns3:TrackPointExtension>
            <ns3:atemp>23.0</ns3:atemp>
            <ns3:cad>61</ns3:cad>
          </ns3:TrackPointExtension>
        </extensions>
      </trkpt>
      <trkpt lat="43.202778138220310211181640625" lon="-109.64696981012821197509765625">
        <ele>3614</ele>
        <time>2017-09-02T23:52:12.000Z</time>
        <extensions>
          <ns3:TrackPointExtension>
            <ns3:atemp>23.0</ns3:atemp>
            <ns3:cad>0</ns3:cad>
          </ns3:TrackPointExtension>
        </extensions>
      </trkpt>
      <trkpt lat="43.20279657840728759765625" lon="-109.64694256894290447235107421875">
        <ele>3614.60009765625</ele>
        <time>2017-09-02T23:52:17.000Z</time>
        <extensions>
          <ns3:TrackPointExtension>
            <ns3:atemp>23.0</ns3:atemp>
            <ns3:cad>0</ns3:cad>
          </ns3:TrackPointExtension>
        </extensions>
      </trkpt>
      <trkpt lat="43.20265802554786205291748046875" lon="-109.64706142432987689971923828125">
        <ele>3615.39990234375</ele>
        <time>2017-09-02T23:52:27.000Z</time>
        <extensions>
          <ns3:TrackPointExtension>
            <ns3:atemp>23.0</ns3:atemp>
            <ns3:cad>0</ns3:cad>
          </ns3:TrackPointExtension>
        </extensions>
      </trkpt>
      <trkpt lat="43.2025664113461971282958984375" lon="-109.64712864719331264495849609375">
        <ele>3615.60009765625</ele>
        <time>2017-09-02T23:52:38.000Z</time>
        <extensions>
          <ns3:TrackPointExtension>
            <ns3:atemp>23.0</ns3:atemp>
            <ns3:cad>0</ns3:cad>
          </ns3:TrackPointExtension>
        </extensions>
      </trkpt>
      <trkpt lat="43.20261661894619464874267578125" lon="-109.64712328277528285980224609375">
        <ele>3616.199951171875</ele>
        <time>2017-09-02T23:53:04.000Z</time>
        <extensions>
          <ns3:TrackPointExtension>
            <ns3:atemp>23.0</ns3:atemp>
            <ns3:cad>0</ns3:cad>
          </ns3:TrackPointExtension>
        </extensions>
      </trkpt>
      <trkpt lat="43.2024329714477062225341796875" lon="-109.647242724895477294921875">
        <ele>3616</ele>
        <time>2017-09-02T23:53:07.000Z</time>
        <extensions>
          <ns3:TrackPointExtension>
            <ns3:atemp>23.0</ns3:atemp>
            <ns3:cad>0</ns3:cad>
          </ns3:TrackPointExtension>
        </extensions>
      </trkpt>
      <trkpt lat="43.20232677273452281951904296875" lon="-109.64725336991250514984130859375">
        <ele>3616.199951171875</ele>
        <time>2017-09-02T23:53:08.000Z</time>
        <extensions>
          <ns3:TrackPointExtension>
            <ns3:atemp>23.0</ns3:atemp>
            <ns3:cad>0</ns3:cad>
          </ns3:TrackPointExtension>
        </extensions>
      </trkpt>
      <trkpt lat="43.2024041377007961273193359375" lon="-109.64731070213019847869873046875">
        <ele>3616.199951171875</ele>
        <time>2017-09-02T23:53:10.000Z</time>
        <extensions>
          <ns3:TrackPointExtension>
            <ns3:atemp>23.0</ns3:atemp>
            <ns3:cad>0</ns3:cad>
          </ns3:TrackPointExtension>
        </extensions>
      </trkpt>
      <trkpt lat="43.20255392231047153472900390625" lon="-109.64719821698963642120361328125">
        <ele>3616</ele>
        <time>2017-09-02T23:53:28.000Z</time>
        <extensions>
          <ns3:TrackPointExtension>
            <ns3:atemp>23.0</ns3:atemp>
            <ns3:cad>0</ns3:cad>
          </ns3:TrackPointExtension>
        </extensions>
      </trkpt>
      <trkpt lat="43.20258175022900104522705078125" lon="-109.6471260488033294677734375">
        <ele>3615.60009765625</ele>
        <time>2017-09-02T23:53:56.000Z</time>
        <extensions>
          <ns3:TrackPointExtension>
            <ns3:atemp>23.0</ns3:atemp>
            <ns3:cad>0</ns3:cad>
          </ns3:TrackPointExtension>
        </extensions>
      </trkpt>
      <trkpt lat="43.20262365974485874176025390625" lon="-109.647230990231037139892578125">
        <ele>3614.39990234375</ele>
        <time>2017-09-02T23:54:28.000Z</time>
        <extensions>
          <ns3:TrackPointExtension>
            <ns3:atemp>23.0</ns3:atemp>
            <ns3:cad>0</ns3:cad>
          </ns3:TrackPointExtension>
        </extensions>
      </trkpt>
      <trkpt lat="43.2026036269962787628173828125" lon="-109.64721447788178920745849609375">
        <ele>3613.39990234375</ele>
        <time>2017-09-02T23:54:45.000Z</time>
        <extensions>
          <ns3:TrackPointExtension>
            <ns3:atemp>23.0</ns3:atemp>
            <ns3:cad>0</ns3:cad>
          </ns3:TrackPointExtension>
        </extensions>
      </trkpt>
      <trkpt lat="43.20261754095554351806640625" lon="-109.64720492251217365264892578125">
        <ele>3612.39990234375</ele>
        <time>2017-09-02T23:55:04.000Z</time>
        <extensions>
          <ns3:TrackPointExtension>
            <ns3:atemp>23.0</ns3:atemp>
            <ns3:cad>0</ns3:cad>
          </ns3:TrackPointExtension>
        </extensions>
      </trkpt>
      <trkpt lat="43.2026126794517040252685546875" lon="-109.64723191224038600921630859375">
        <ele>3611.39990234375</ele>
        <time>2017-09-02T23:55:22.000Z</time>
        <extensions>
          <ns3:TrackPointExtension>
            <ns3:atemp>23.0</ns3:atemp>
            <ns3:cad>0</ns3:cad>
          </ns3:TrackPointExtension>
        </extensions>
      </trkpt>
      <trkpt lat="43.2026153616607189178466796875" lon="-109.6472110413014888763427734375">
        <ele>3610.39990234375</ele>
        <time>2017-09-02T23:55:45.000Z</time>
        <extensions>
          <ns3:TrackPointExtension>
            <ns3:atemp>23.0</ns3:atemp>
            <ns3:cad>0</ns3:cad>
          </ns3:TrackPointExtension>
        </extensions>
      </trkpt>
      <trkpt lat="43.20262550376355648040771484375" lon="-109.64723803102970123291015625">
        <ele>3609.39990234375</ele>
        <time>2017-09-02T23:56:01.000Z</time>
        <extensions>
          <ns3:TrackPointExtension>
            <ns3:atemp>23.0</ns3:atemp>
            <ns3:cad>0</ns3:cad>
          </ns3:TrackPointExtension>
        </extensions>
      </trkpt>
      <trkpt lat="43.2026163674890995025634765625" lon="-109.6472710557281970977783203125">
        <ele>3608.39990234375</ele>
        <time>2017-09-02T23:56:44.000Z</time>
        <extensions>
          <ns3:TrackPointExtension>
            <ns3:atemp>23.0</ns3:atemp>
            <ns3:cad>0</ns3:cad>
          </ns3:TrackPointExtension>
        </extensions>
      </trkpt>
      <trkpt lat="43.20269457064568996429443359375" lon="-109.6473005600273609161376953125">
        <ele>3608</ele>
        <time>2017-09-02T23:58:12.000Z</time>
        <extensions>
          <ns3:TrackPointExtension>
            <ns3:atemp>23.0</ns3:atemp>
            <ns3:cad>60</ns3:cad>
          </ns3:TrackPointExtension>
        </extensions>
      </trkpt>
      <trkpt lat="43.2026827521622180938720703125" lon="-109.64727901853621006011962890625">
        <ele>3607.39990234375</ele>
        <time>2017-09-02T23:58:32.000Z</time>
        <extensions>
          <ns3:TrackPointExtension>
            <ns3:atemp>23.0</ns3:atemp>
            <ns3:cad>0</ns3:cad>
          </ns3:TrackPointExtension>
        </extensions>
      </trkpt>
      <trkpt lat="43.2026998512446880340576171875" lon="-109.64718011207878589630126953125">
        <ele>3606.39990234375</ele>
        <time>2017-09-02T23:59:20.000Z</time>
        <extensions>
          <ns3:TrackPointExtension>
            <ns3:atemp>23.0</ns3:atemp>
            <ns3:cad>61</ns3:cad>
          </ns3:TrackPointExtension>
        </extensions>
      </trkpt>
      <trkpt lat="43.2027045451104640960693359375" lon="-109.64721925556659698486328125">
        <ele>3605.199951171875</ele>
        <time>2017-09-02T23:59:57.000Z</time>
        <extensions>
          <ns3:TrackPointExtension>
            <ns3:atemp>23.0</ns3:atemp>
            <ns3:cad>0</ns3:cad>
          </ns3:TrackPointExtension>
        </extensions>
      </trkpt>
      <trkpt lat="43.2026691734790802001953125" lon="-109.64726158417761325836181640625">
        <ele>3604.199951171875</ele>
        <time>2017-09-03T00:00:22.000Z</time>
        <extensions>
          <ns3:TrackPointExtension>
            <ns3:atemp>23.0</ns3:atemp>
            <ns3:cad>0</ns3:cad>
          </ns3:TrackPointExtension>
        </extensions>
      </trkpt>
      <trkpt lat="43.20277302525937557220458984375" lon="-109.64726510457694530487060546875">
        <ele>3603.199951171875</ele>
        <time>2017-09-03T00:00:45.000Z</time>
        <extensions>
          <ns3:TrackPointExtension>
            <ns3:atemp>23.0</ns3:atemp>
            <ns3:cad>0</ns3:cad>
          </ns3:TrackPointExtension>
        </extensions>
      </trkpt>
      <trkpt lat="43.2027367316186428070068359375" lon="-109.64729293249547481536865234375">
        <ele>3602.199951171875</ele>
        <time>2017-09-03T00:01:12.000Z</time>
        <extensions>
          <ns3:TrackPointExtension>
            <ns3:atemp>24.0</ns3:atemp>
            <ns3:cad>0</ns3:cad>
          </ns3:TrackPointExtension>
        </extensions>
      </trkpt>
      <trkpt lat="43.20275072939693927764892578125" lon="-109.6473029069602489471435546875">
        <ele>3602.199951171875</ele>
        <time>2017-09-03T00:01:19.000Z</time>
        <extensions>
          <ns3:TrackPointExtension>
            <ns3:atemp>24.0</ns3:atemp>
            <ns3:cad>0</ns3:cad>
          </ns3:TrackPointExtension>
        </extensions>
      </trkpt>
      <trkpt lat="43.2027705945074558258056640625" lon="-109.64734154753386974334716796875">
        <ele>3601.199951171875</ele>
        <time>2017-09-03T00:01:49.000Z</time>
        <extensions>
          <ns3:TrackPointExtension>
            <ns3:atemp>24.0</ns3:atemp>
            <ns3:cad>0</ns3:cad>
          </ns3:TrackPointExtension>
        </extensions>
      </trkpt>
      <trkpt lat="43.2029499672353267669677734375" lon="-109.64740122668445110321044921875">
        <ele>3600.199951171875</ele>
        <time>2017-09-03T00:02:09.000Z</time>
        <extensions>
          <ns3:TrackPointExtension>
            <ns3:atemp>24.0</ns3:atemp>
            <ns3:cad>61</ns3:cad>
          </ns3:TrackPointExtension>
        </extensions>
      </trkpt>
      <trkpt lat="43.20296077989041805267333984375" lon="-109.64740139432251453399658203125">
        <ele>3600.199951171875</ele>
        <time>2017-09-03T00:02:11.000Z</time>
        <extensions>
          <ns3:TrackPointExtension>
            <ns3:atemp>24.0</ns3:atemp>
            <ns3:cad>0</ns3:cad>
          </ns3:TrackPointExtension>
        </extensions>
      </trkpt>
      <trkpt lat="43.20301643572747707366943359375" lon="-109.64743039570748805999755859375">
        <ele>3599.800048828125</ele>
        <time>2017-09-03T00:02:14.000Z</time>
        <extensions>
          <ns3:TrackPointExtension>
            <ns3:atemp>24.0</ns3:atemp>
            <ns3:cad>0</ns3:cad>
          </ns3:TrackPointExtension>
        </extensions>
      </trkpt>
      <trkpt lat="43.2030545733869075775146484375" lon="-109.64746040292084217071533203125">
        <ele>3599.60009765625</ele>
        <time>2017-09-03T00:02:17.000Z</time>
        <extensions>
          <ns3:TrackPointExtension>
            <ns3:atemp>24.0</ns3:atemp>
            <ns3:cad>0</ns3:cad>
          </ns3:TrackPointExtension>
        </extensions>
      </trkpt>
      <trkpt lat="43.20304535329341888427734375" lon="-109.64743559248745441436767578125">
        <ele>3599.60009765625</ele>
        <time>2017-09-03T00:02:21.000Z</time>
        <extensions>
          <ns3:TrackPointExtension>
            <ns3:atemp>24.0</ns3:atemp>
            <ns3:cad>0</ns3:cad>
          </ns3:TrackPointExtension>
        </extensions>
      </trkpt>
      <trkpt lat="43.202976286411285400390625" lon="-109.647469036281108856201171875">
        <ele>3599.39990234375</ele>
        <time>2017-09-03T00:02:25.000Z</time>
        <extensions>
          <ns3:TrackPointExtension>
            <ns3:atemp>24.0</ns3:atemp>
            <ns3:cad>0</ns3:cad>
          </ns3:TrackPointExtension>
        </extensions>
      </trkpt>
      <trkpt lat="43.20300403051078319549560546875" lon="-109.6474819444119930267333984375">
        <ele>3599.39990234375</ele>
        <time>2017-09-03T00:02:27.000Z</time>
        <extensions>
          <ns3:TrackPointExtension>
            <ns3:atemp>24.0</ns3:atemp>
            <ns3:cad>0</ns3:cad>
          </ns3:TrackPointExtension>
        </extensions>
      </trkpt>
      <trkpt lat="43.20307242684066295623779296875" lon="-109.64749728329479694366455078125">
        <ele>3599.199951171875</ele>
        <time>2017-09-03T00:02:30.000Z</time>
        <extensions>
          <ns3:TrackPointExtension>
            <ns3:atemp>24.0</ns3:atemp>
            <ns3:cad>0</ns3:cad>
          </ns3:TrackPointExtension>
        </extensions>
      </trkpt>
      <trkpt lat="43.2031196169555187225341796875" lon="-109.64750767685472965240478515625">
        <ele>3599.199951171875</ele>
        <time>2017-09-03T00:02:32.000Z</time>
        <extensions>
          <ns3:TrackPointExtension>
            <ns3:atemp>24.0</ns3:atemp>
            <ns3:cad>0</ns3:cad>
          </ns3:TrackPointExtension>
        </extensions>
      </trkpt>
      <trkpt lat="43.20311685092747211456298828125" lon="-109.6475365944206714630126953125">
        <ele>3599.199951171875</ele>
        <time>2017-09-03T00:02:34.000Z</time>
        <extensions>
          <ns3:TrackPointExtension>
            <ns3:atemp>24.0</ns3:atemp>
            <ns3:cad>0</ns3:cad>
          </ns3:TrackPointExtension>
        </extensions>
      </trkpt>
      <trkpt lat="43.20308634079992771148681640625" lon="-109.64755528606474399566650390625">
        <ele>3599.199951171875</ele>
        <time>2017-09-03T00:02:37.000Z</time>
        <extensions>
          <ns3:TrackPointExtension>
            <ns3:atemp>24.0</ns3:atemp>
            <ns3:cad>0</ns3:cad>
          </ns3:TrackPointExtension>
        </extensions>
      </trkpt>
      <trkpt lat="43.202914260327816009521484375" lon="-109.647603817284107208251953125">
        <ele>3599.199951171875</ele>
        <time>2017-09-03T00:02:40.000Z</time>
        <extensions>
          <ns3:TrackPointExtension>
            <ns3:atemp>24.0</ns3:atemp>
            <ns3:cad>0</ns3:cad>
          </ns3:TrackPointExtension>
        </extensions>
      </trkpt>
      <trkpt lat="43.20295223034918308258056640625" lon="-109.64782870374619960784912109375">
        <ele>3599</ele>
        <time>2017-09-03T00:02:50.000Z</time>
        <extensions>
          <ns3:TrackPointExtension>
            <ns3:atemp>24.0</ns3:atemp>
            <ns3:cad>61</ns3:cad>
          </ns3:TrackPointExtension>
        </extensions>
      </trkpt>
      <trkpt lat="43.2029767893254756927490234375" lon="-109.647878073155879974365234375">
        <ele>3599</ele>
        <time>2017-09-03T00:02:52.000Z</time>
        <extensions>
          <ns3:TrackPointExtension>
            <ns3:atemp>24.0</ns3:atemp>
            <ns3:cad>61</ns3:cad>
          </ns3:TrackPointExtension>
        </extensions>
      </trkpt>
      <trkpt lat="43.20297150872647762298583984375" lon="-109.6479466371238231658935546875">
        <ele>3598.800048828125</ele>
        <time>2017-09-03T00:02:56.000Z</time>
        <extensions>
          <ns3:TrackPointExtension>
            <ns3:atemp>24.0</ns3:atemp>
            <ns3:cad>0</ns3:cad>
          </ns3:TrackPointExtension>
        </extensions>
      </trkpt>
      <trkpt lat="43.20296145044267177581787109375" lon="-109.64796700514853000640869140625">
        <ele>3598.60009765625</ele>
        <time>2017-09-03T00:03:00.000Z</time>
        <extensions>
          <ns3:TrackPointExtension>
            <ns3:atemp>24.0</ns3:atemp>
            <ns3:cad>0</ns3:cad>
          </ns3:TrackPointExtension>
        </extensions>
      </trkpt>
      <trkpt lat="43.20294787175953388214111328125" lon="-109.64796834625303745269775390625">
        <ele>3598.60009765625</ele>
        <time>2017-09-03T00:03:01.000Z</time>
        <extensions>
          <ns3:TrackPointExtension>
            <ns3:atemp>24.0</ns3:atemp>
            <ns3:cad>0</ns3:cad>
          </ns3:TrackPointExtension>
        </extensions>
      </trkpt>
      <trkpt lat="43.202770091593265533447265625" lon="-109.64799583889544010162353515625">
        <ele>3598.39990234375</ele>
        <time>2017-09-03T00:03:10.000Z</time>
        <extensions>
          <ns3:TrackPointExtension>
            <ns3:atemp>24.0</ns3:atemp>
            <ns3:cad>0</ns3:cad>
          </ns3:TrackPointExtension>
        </extensions>
      </trkpt>
      <trkpt lat="43.202669508755207061767578125" lon="-109.64811955578625202178955078125">
        <ele>3598.199951171875</ele>
        <time>2017-09-03T00:03:13.000Z</time>
        <extensions>
          <ns3:TrackPointExtension>
            <ns3:atemp>24.0</ns3:atemp>
            <ns3:cad>0</ns3:cad>
          </ns3:TrackPointExtension>
        </extensions>
      </trkpt>
      <trkpt lat="43.202725164592266082763671875" lon="-109.6481441147625446319580078125">
        <ele>3598.199951171875</ele>
        <time>2017-09-03T00:03:16.000Z</time>
        <extensions>
          <ns3:TrackPointExtension>
            <ns3:atemp>24.0</ns3:atemp>
            <ns3:cad>0</ns3:cad>
          </ns3:TrackPointExtension>
        </extensions>
      </trkpt>
      <trkpt lat="43.20283052511513233184814453125" lon="-109.64815861545503139495849609375">
        <ele>3598.199951171875</ele>
        <time>2017-09-03T00:03:18.000Z</time>
        <extensions>
          <ns3:TrackPointExtension>
            <ns3:atemp>24.0</ns3:atemp>
            <ns3:cad>0</ns3:cad>
          </ns3:TrackPointExtension>
        </extensions>
      </trkpt>
      <trkpt lat="43.20307695306837558746337890625" lon="-109.64823178946971893310546875">
        <ele>3598.199951171875</ele>
        <time>2017-09-03T00:03:21.000Z</time>
        <extensions>
          <ns3:TrackPointExtension>
            <ns3:atemp>24.0</ns3:atemp>
            <ns3:cad>0</ns3:cad>
          </ns3:TrackPointExtension>
        </extensions>
      </trkpt>
      <trkpt lat="43.2032225467264652252197265625" lon="-109.648251235485076904296875">
        <ele>3598.199951171875</ele>
        <time>2017-09-03T00:03:23.000Z</time>
        <extensions>
          <ns3:TrackPointExtension>
            <ns3:atemp>24.0</ns3:atemp>
            <ns3:cad>0</ns3:cad>
          </ns3:TrackPointExtension>
        </extensions>
      </trkpt>
      <trkpt lat="43.203411810100078582763671875" lon="-109.6482393331825733184814453125">
        <ele>3598.199951171875</ele>
        <time>2017-09-03T00:03:30.000Z</time>
        <extensions>
          <ns3:TrackPointExtension>
            <ns3:atemp>24.0</ns3:atemp>
            <ns3:cad>0</ns3:cad>
          </ns3:TrackPointExtension>
        </extensions>
      </trkpt>
      <trkpt lat="43.20345363579690456390380859375" lon="-109.64819733984768390655517578125">
        <ele>3598.199951171875</ele>
        <time>2017-09-03T00:03:34.000Z</time>
        <extensions>
          <ns3:TrackPointExtension>
            <ns3:atemp>24.0</ns3:atemp>
            <ns3:cad>0</ns3:cad>
          </ns3:TrackPointExtension>
        </extensions>
      </trkpt>
      <trkpt lat="43.203478194773197174072265625" lon="-109.64815710671246051788330078125">
        <ele>3598.199951171875</ele>
        <time>2017-09-03T00:03:38.000Z</time>
        <extensions>
          <ns3:TrackPointExtension>
            <ns3:atemp>24.0</ns3:atemp>
            <ns3:cad>0</ns3:cad>
          </ns3:TrackPointExtension>
        </extensions>
      </trkpt>
      <trkpt lat="43.2034810446202754974365234375" lon="-109.64820362627506256103515625">
        <ele>3598</ele>
        <time>2017-09-03T00:03:43.000Z</time>
        <extensions>
          <ns3:TrackPointExtension>
            <ns3:atemp>24.0</ns3:atemp>
            <ns3:cad>0</ns3:cad>
          </ns3:TrackPointExtension>
        </extensions>
      </trkpt>
      <trkpt lat="43.20362605154514312744140625" lon="-109.6482755430042743682861328125">
        <ele>3597.800048828125</ele>
        <time>2017-09-03T00:03:56.000Z</time>
        <extensions>
          <ns3:TrackPointExtension>
            <ns3:atemp>24.0</ns3:atemp>
            <ns3:cad>0</ns3:cad>
          </ns3:TrackPointExtension>
        </extensions>
      </trkpt>
      <trkpt lat="43.20346235297620296478271484375" lon="-109.6481779776513576507568359375">
        <ele>3597.199951171875</ele>
        <time>2017-09-03T00:04:08.000Z</time>
        <extensions>
          <ns3:TrackPointExtension>
            <ns3:atemp>25.0</ns3:atemp>
            <ns3:cad>0</ns3:cad>
          </ns3:TrackPointExtension>
        </extensions>
      </trkpt>
      <trkpt lat="43.20342010818421840667724609375" lon="-109.648155011236667633056640625">
        <ele>3597</ele>
        <time>2017-09-03T00:04:14.000Z</time>
        <extensions>
          <ns3:TrackPointExtension>
            <ns3:atemp>25.0</ns3:atemp>
            <ns3:cad>0</ns3:cad>
          </ns3:TrackPointExtension>
        </extensions>
      </trkpt>
      <trkpt lat="43.20346671156585216522216796875" lon="-109.64817839674651622772216796875">
        <ele>3597</ele>
        <time>2017-09-03T00:04:16.000Z</time>
        <extensions>
          <ns3:TrackPointExtension>
            <ns3:atemp>25.0</ns3:atemp>
            <ns3:cad>0</ns3:cad>
          </ns3:TrackPointExtension>
        </extensions>
      </trkpt>
      <trkpt lat="43.2035755924880504608154296875" lon="-109.64825299568474292755126953125">
        <ele>3597</ele>
        <time>2017-09-03T00:04:19.000Z</time>
        <extensions>
          <ns3:TrackPointExtension>
            <ns3:atemp>25.0</ns3:atemp>
            <ns3:cad>61</ns3:cad>
          </ns3:TrackPointExtension>
        </extensions>
      </trkpt>
      <trkpt lat="43.20361071266233921051025390625" lon="-109.64829607866704463958740234375">
        <ele>3596.800048828125</ele>
        <time>2017-09-03T00:04:21.000Z</time>
        <extensions>
          <ns3:TrackPointExtension>
            <ns3:atemp>25.0</ns3:atemp>
            <ns3:cad>0</ns3:cad>
          </ns3:TrackPointExtension>
        </extensions>
      </trkpt>
      <trkpt lat="43.203633762896060943603515625" lon="-109.6483757905662059783935546875">
        <ele>3596.800048828125</ele>
        <time>2017-09-03T00:04:25.000Z</time>
        <extensions>
          <ns3:TrackPointExtension>
            <ns3:atemp>25.0</ns3:atemp>
            <ns3:cad>0</ns3:cad>
          </ns3:TrackPointExtension>
        </extensions>
      </trkpt>
      <trkpt lat="43.203707523643970489501953125" lon="-109.64837000705301761627197265625">
        <ele>3596.39990234375</ele>
        <time>2017-09-03T00:04:37.000Z</time>
        <extensions>
          <ns3:TrackPointExtension>
            <ns3:atemp>25.0</ns3:atemp>
            <ns3:cad>0</ns3:cad>
          </ns3:TrackPointExtension>
        </extensions>
      </trkpt>
      <trkpt lat="43.2036845572292804718017578125" lon="-109.64835776947438716888427734375">
        <ele>3596</ele>
        <time>2017-09-03T00:04:43.000Z</time>
        <extensions>
          <ns3:TrackPointExtension>
            <ns3:atemp>25.0</ns3:atemp>
            <ns3:cad>0</ns3:cad>
          </ns3:TrackPointExtension>
        </extensions>
      </trkpt>
      <trkpt lat="43.20354701019823551177978515625" lon="-109.64822265319526195526123046875">
        <ele>3596.39990234375</ele>
        <time>2017-09-03T00:05:02.000Z</time>
        <extensions>
          <ns3:TrackPointExtension>
            <ns3:atemp>25.0</ns3:atemp>
            <ns3:cad>0</ns3:cad>
          </ns3:TrackPointExtension>
        </extensions>
      </trkpt>
      <trkpt lat="43.2035377062857151031494140625" lon="-109.64818543754518032073974609375">
        <ele>3595.800048828125</ele>
        <time>2017-09-03T00:05:12.000Z</time>
        <extensions>
          <ns3:TrackPointExtension>
            <ns3:atemp>25.0</ns3:atemp>
            <ns3:cad>0</ns3:cad>
          </ns3:TrackPointExtension>
        </extensions>
      </trkpt>
      <trkpt lat="43.2034066133201122283935546875" lon="-109.64810497127473354339599609375">
        <ele>3595.39990234375</ele>
        <time>2017-09-03T00:05:25.000Z</time>
        <extensions>
          <ns3:TrackPointExtension>
            <ns3:atemp>25.0</ns3:atemp>
            <ns3:cad>0</ns3:cad>
          </ns3:TrackPointExtension>
        </extensions>
      </trkpt>
      <trkpt lat="43.20338406600058078765869140625" lon="-109.64808418415486812591552734375">
        <ele>3595.199951171875</ele>
        <time>2017-09-03T00:05:31.000Z</time>
        <extensions>
          <ns3:TrackPointExtension>
            <ns3:atemp>25.0</ns3:atemp>
            <ns3:cad>0</ns3:cad>
          </ns3:TrackPointExtension>
        </extensions>
      </trkpt>
      <trkpt lat="43.20339026860892772674560546875" lon="-109.64805702678859233856201171875">
        <ele>3595.199951171875</ele>
        <time>2017-09-03T00:05:34.000Z</time>
        <extensions>
          <ns3:TrackPointExtension>
            <ns3:atemp>25.0</ns3:atemp>
            <ns3:cad>0</ns3:cad>
          </ns3:TrackPointExtension>
        </extensions>
      </trkpt>
      <trkpt lat="43.2034773565828800201416015625" lon="-109.64811905287206172943115234375">
        <ele>3595.199951171875</ele>
        <time>2017-09-03T00:05:39.000Z</time>
        <extensions>
          <ns3:TrackPointExtension>
            <ns3:atemp>25.0</ns3:atemp>
            <ns3:cad>0</ns3:cad>
          </ns3:TrackPointExtension>
        </extensions>
      </trkpt>
      <trkpt lat="43.20348330773413181304931640625" lon="-109.648125171661376953125">
        <ele>3595</ele>
        <time>2017-09-03T00:05:41.000Z</time>
        <extensions>
          <ns3:TrackPointExtension>
            <ns3:atemp>25.0</ns3:atemp>
            <ns3:cad>0</ns3:cad>
          </ns3:TrackPointExtension>
        </extensions>
      </trkpt>
      <trkpt lat="43.2034847326576709747314453125" lon="-109.64812559075653553009033203125">
        <ele>3595</ele>
        <time>2017-09-03T00:05:42.000Z</time>
        <extensions>
          <ns3:TrackPointExtension>
            <ns3:atemp>25.0</ns3:atemp>
            <ns3:cad>0</ns3:cad>
          </ns3:TrackPointExtension>
        </extensions>
      </trkpt>
      <trkpt lat="43.203283064067363739013671875" lon="-109.64796868152916431427001953125">
        <ele>3595</ele>
        <time>2017-09-03T00:05:58.000Z</time>
        <extensions>
          <ns3:TrackPointExtension>
            <ns3:atemp>25.0</ns3:atemp>
            <ns3:cad>0</ns3:cad>
          </ns3:TrackPointExtension>
        </extensions>
      </trkpt>
      <trkpt lat="43.202938735485076904296875" lon="-109.6475684456527233123779296875">
        <ele>3595.199951171875</ele>
        <time>2017-09-03T00:06:00.000Z</time>
        <extensions>
          <ns3:TrackPointExtension>
            <ns3:atemp>25.0</ns3:atemp>
            <ns3:cad>61</ns3:cad>
          </ns3:TrackPointExtension>
        </extensions>
      </trkpt>
      <trkpt lat="43.20285919122397899627685546875" lon="-109.6474779210984706878662109375">
        <ele>3595</ele>
        <time>2017-09-03T00:06:02.000Z</time>
        <extensions>
          <ns3:TrackPointExtension>
            <ns3:atemp>25.0</ns3:atemp>
            <ns3:cad>0</ns3:cad>
          </ns3:TrackPointExtension>
        </extensions>
      </trkpt>
      <trkpt lat="43.20287981070578098297119140625" lon="-109.64740575291216373443603515625">
        <ele>3594.800048828125</ele>
        <time>2017-09-03T00:06:06.000Z</time>
        <extensions>
          <ns3:TrackPointExtension>
            <ns3:atemp>25.0</ns3:atemp>
            <ns3:cad>0</ns3:cad>
          </ns3:TrackPointExtension>
        </extensions>
      </trkpt>
      <trkpt lat="43.20287528447806835174560546875" lon="-109.6473977901041507720947265625">
        <ele>3594.800048828125</ele>
        <time>2017-09-03T00:06:08.000Z</time>
        <extensions>
          <ns3:TrackPointExtension>
            <ns3:atemp>25.0</ns3:atemp>
            <ns3:cad>0</ns3:cad>
          </ns3:TrackPointExtension>
        </extensions>
      </trkpt>
      <trkpt lat="43.2028461992740631103515625" lon="-109.64737691916525363922119140625">
        <ele>3595.199951171875</ele>
        <time>2017-09-03T00:06:12.000Z</time>
        <extensions>
          <ns3:TrackPointExtension>
            <ns3:atemp>25.0</ns3:atemp>
            <ns3:cad>0</ns3:cad>
          </ns3:TrackPointExtension>
        </extensions>
      </trkpt>
      <trkpt lat="43.20289707742631435394287109375" lon="-109.64735546149313449859619140625">
        <ele>3595.199951171875</ele>
        <time>2017-09-03T00:06:43.000Z</time>
        <extensions>
          <ns3:TrackPointExtension>
            <ns3:atemp>25.0</ns3:atemp>
            <ns3:cad>0</ns3:cad>
          </ns3:TrackPointExtension>
        </extensions>
      </trkpt>
      <trkpt lat="43.2027954049408435821533203125" lon="-109.64753684587776660919189453125">
        <ele>3594.199951171875</ele>
        <time>2017-09-03T00:07:09.000Z</time>
        <extensions>
          <ns3:TrackPointExtension>
            <ns3:atemp>25.0</ns3:atemp>
            <ns3:cad>61</ns3:cad>
          </ns3:TrackPointExtension>
        </extensions>
      </trkpt>
      <trkpt lat="43.20279012434184551239013671875" lon="-109.64754288084805011749267578125">
        <ele>3594</ele>
        <time>2017-09-03T00:07:10.000Z</time>
        <extensions>
          <ns3:TrackPointExtension>
            <ns3:atemp>25.0</ns3:atemp>
            <ns3:cad>61</ns3:cad>
          </ns3:TrackPointExtension>
        </extensions>
      </trkpt>
      <trkpt lat="43.20274586789309978485107421875" lon="-109.647558219730854034423828125">
        <ele>3593.60009765625</ele>
        <time>2017-09-03T00:07:13.000Z</time>
        <extensions>
          <ns3:TrackPointExtension>
            <ns3:atemp>25.0</ns3:atemp>
            <ns3:cad>61</ns3:cad>
          </ns3:TrackPointExtension>
        </extensions>
      </trkpt>
      <trkpt lat="43.20271544158458709716796875" lon="-109.64759551919996738433837890625">
        <ele>3593.199951171875</ele>
        <time>2017-09-03T00:07:17.000Z</time>
        <extensions>
          <ns3:TrackPointExtension>
            <ns3:atemp>25.0</ns3:atemp>
            <ns3:cad>0</ns3:cad>
          </ns3:TrackPointExtension>
        </extensions>
      </trkpt>
      <trkpt lat="43.20268585346639156341552734375" lon="-109.64758093468844890594482421875">
        <ele>3593</ele>
        <time>2017-09-03T00:07:21.000Z</time>
        <extensions>
          <ns3:TrackPointExtension>
            <ns3:atemp>25.0</ns3:atemp>
            <ns3:cad>0</ns3:cad>
          </ns3:TrackPointExtension>
        </extensions>
      </trkpt>
      <trkpt lat="43.20272273384034633636474609375" lon="-109.6474993787705898284912109375">
        <ele>3592.800048828125</ele>
        <time>2017-09-03T00:07:25.000Z</time>
        <extensions>
          <ns3:TrackPointExtension>
            <ns3:atemp>25.0</ns3:atemp>
            <ns3:cad>0</ns3:cad>
          </ns3:TrackPointExtension>
        </extensions>
      </trkpt>
      <trkpt lat="43.2027588598430156707763671875" lon="-109.64752494357526302337646484375">
        <ele>3591.800048828125</ele>
        <time>2017-09-03T00:07:31.000Z</time>
        <extensions>
          <ns3:TrackPointExtension>
            <ns3:atemp>25.0</ns3:atemp>
            <ns3:cad>61</ns3:cad>
          </ns3:TrackPointExtension>
        </extensions>
      </trkpt>
      <trkpt lat="43.202757351100444793701171875" lon="-109.64754388667643070220947265625">
        <ele>3591.39990234375</ele>
        <time>2017-09-03T00:07:33.000Z</time>
        <extensions>
          <ns3:TrackPointExtension>
            <ns3:atemp>25.0</ns3:atemp>
            <ns3:cad>0</ns3:cad>
          </ns3:TrackPointExtension>
        </extensions>
      </trkpt>
      <trkpt lat="43.20272793062031269073486328125" lon="-109.64759417809545993804931640625">
        <ele>3590.800048828125</ele>
        <time>2017-09-03T00:07:40.000Z</time>
        <extensions>
          <ns3:TrackPointExtension>
            <ns3:atemp>25.0</ns3:atemp>
            <ns3:cad>0</ns3:cad>
          </ns3:TrackPointExtension>
        </extensions>
      </trkpt>
      <trkpt lat="43.2027293555438518524169921875" lon="-109.64759744703769683837890625">
        <ele>3590.800048828125</ele>
        <time>2017-09-03T00:07:41.000Z</time>
        <extensions>
          <ns3:TrackPointExtension>
            <ns3:atemp>25.0</ns3:atemp>
            <ns3:cad>0</ns3:cad>
          </ns3:TrackPointExtension>
        </extensions>
      </trkpt>
      <trkpt lat="43.20271284319460391998291015625" lon="-109.6476254425942897796630859375">
        <ele>3590.60009765625</ele>
        <time>2017-09-03T00:07:45.000Z</time>
        <extensions>
          <ns3:TrackPointExtension>
            <ns3:atemp>25.0</ns3:atemp>
            <ns3:cad>0</ns3:cad>
          </ns3:TrackPointExtension>
        </extensions>
      </trkpt>
      <trkpt lat="43.2027089037001132965087890625" lon="-109.64763424359261989593505859375">
        <ele>3590.39990234375</ele>
        <time>2017-09-03T00:07:47.000Z</time>
        <extensions>
          <ns3:TrackPointExtension>
            <ns3:atemp>25.0</ns3:atemp>
            <ns3:cad>0</ns3:cad>
          </ns3:TrackPointExtension>
        </extensions>
      </trkpt>
      <trkpt lat="43.2027099095284938812255859375" lon="-109.64763390831649303436279296875">
        <ele>3590</ele>
        <time>2017-09-03T00:07:51.000Z</time>
        <extensions>
          <ns3:TrackPointExtension>
            <ns3:atemp>25.0</ns3:atemp>
            <ns3:cad>0</ns3:cad>
          </ns3:TrackPointExtension>
        </extensions>
      </trkpt>
      <trkpt lat="43.20266691036522388458251953125" lon="-109.64757657609879970550537109375">
        <ele>3589.800048828125</ele>
        <time>2017-09-03T00:08:06.000Z</time>
        <extensions>
          <ns3:TrackPointExtension>
            <ns3:atemp>25.0</ns3:atemp>
            <ns3:cad>0</ns3:cad>
          </ns3:TrackPointExtension>
        </extensions>
      </trkpt>
      <trkpt lat="43.20267797447741031646728515625" lon="-109.6475597284734249114990234375">
        <ele>3588.800048828125</ele>
        <time>2017-09-03T00:08:21.000Z</time>
        <extensions>
          <ns3:TrackPointExtension>
            <ns3:atemp>25.0</ns3:atemp>
            <ns3:cad>0</ns3:cad>
          </ns3:TrackPointExtension>
        </extensions>
      </trkpt>
      <trkpt lat="43.202808983623981475830078125" lon="-109.64762628078460693359375">
        <ele>3587.800048828125</ele>
        <time>2017-09-03T00:08:34.000Z</time>
        <extensions>
          <ns3:TrackPointExtension>
            <ns3:atemp>25.0</ns3:atemp>
            <ns3:cad>0</ns3:cad>
          </ns3:TrackPointExtension>
        </extensions>
      </trkpt>
      <trkpt lat="43.2028098218142986297607421875" lon="-109.64762954972684383392333984375">
        <ele>3587.60009765625</ele>
        <time>2017-09-03T00:08:35.000Z</time>
        <extensions>
          <ns3:TrackPointExtension>
            <ns3:atemp>25.0</ns3:atemp>
            <ns3:cad>0</ns3:cad>
          </ns3:TrackPointExtension>
        </extensions>
      </trkpt>
      <trkpt lat="43.20281594060361385345458984375" lon="-109.64766257442533969879150390625">
        <ele>3587</ele>
        <time>2017-09-03T00:08:39.000Z</time>
        <extensions>
          <ns3:TrackPointExtension>
            <ns3:atemp>25.0</ns3:atemp>
            <ns3:cad>61</ns3:cad>
          </ns3:TrackPointExtension>
        </extensions>
      </trkpt>
      <trkpt lat="43.20281309075653553009033203125" lon="-109.6476589702069759368896484375">
        <ele>3586.39990234375</ele>
        <time>2017-09-03T00:08:43.000Z</time>
        <extensions>
          <ns3:TrackPointExtension>
            <ns3:atemp>25.0</ns3:atemp>
            <ns3:cad>0</ns3:cad>
          </ns3:TrackPointExtension>
        </extensions>
      </trkpt>
      <trkpt lat="43.202815689146518707275390625" lon="-109.647666178643703460693359375">
        <ele>3585.199951171875</ele>
        <time>2017-09-03T00:08:47.000Z</time>
        <extensions>
          <ns3:TrackPointExtension>
            <ns3:atemp>25.0</ns3:atemp>
            <ns3:cad>61</ns3:cad>
          </ns3:TrackPointExtension>
        </extensions>
      </trkpt>
      <trkpt lat="43.2028202153742313385009765625" lon="-109.64766207151114940643310546875">
        <ele>3584.199951171875</ele>
        <time>2017-09-03T00:08:51.000Z</time>
        <extensions>
          <ns3:TrackPointExtension>
            <ns3:atemp>25.0</ns3:atemp>
            <ns3:cad>0</ns3:cad>
          </ns3:TrackPointExtension>
        </extensions>
      </trkpt>
      <trkpt lat="43.20283949375152587890625" lon="-109.64771538041532039642333984375">
        <ele>3583</ele>
        <time>2017-09-03T00:08:57.000Z</time>
        <extensions>
          <ns3:TrackPointExtension>
            <ns3:atemp>25.0</ns3:atemp>
            <ns3:cad>0</ns3:cad>
          </ns3:TrackPointExtension>
        </extensions>
      </trkpt>
      <trkpt lat="43.20292389951646327972412109375" lon="-109.6479007042944431304931640625">
        <ele>3582.60009765625</ele>
        <time>2017-09-03T00:09:13.000Z</time>
        <extensions>
          <ns3:TrackPointExtension>
            <ns3:atemp>25.0</ns3:atemp>
            <ns3:cad>0</ns3:cad>
          </ns3:TrackPointExtension>
        </extensions>
      </trkpt>
      <trkpt lat="43.20310310460627079010009765625" lon="-109.64793213643133640289306640625">
        <ele>3582.199951171875</ele>
        <time>2017-09-03T00:09:26.000Z</time>
        <extensions>
          <ns3:TrackPointExtension>
            <ns3:atemp>25.0</ns3:atemp>
            <ns3:cad>76</ns3:cad>
          </ns3:TrackPointExtension>
        </extensions>
      </trkpt>
      <trkpt lat="43.20313663221895694732666015625" lon="-109.64796650223433971405029296875">
        <ele>3582</ele>
        <time>2017-09-03T00:09:27.000Z</time>
        <extensions>
          <ns3:TrackPointExtension>
            <ns3:atemp>25.0</ns3:atemp>
            <ns3:cad>63</ns3:cad>
          </ns3:TrackPointExtension>
        </extensions>
      </trkpt>
      <trkpt lat="43.20312640629708766937255859375" lon="-109.647912941873073577880859375">
        <ele>3581.800048828125</ele>
        <time>2017-09-03T00:09:28.000Z</time>
        <extensions>
          <ns3:TrackPointExtension>
            <ns3:atemp>25.0</ns3:atemp>
            <ns3:cad>0</ns3:cad>
          </ns3:TrackPointExtension>
        </extensions>
      </trkpt>
      <trkpt lat="43.203106708824634552001953125" lon="-109.64785452000796794891357421875">
        <ele>3581.60009765625</ele>
        <time>2017-09-03T00:09:30.000Z</time>
        <extensions>
          <ns3:TrackPointExtension>
            <ns3:atemp>25.0</ns3:atemp>
            <ns3:cad>0</ns3:cad>
          </ns3:TrackPointExtension>
        </extensions>
      </trkpt>
      <trkpt lat="43.203073851764202117919921875" lon="-109.6478058211505413055419921875">
        <ele>3581.199951171875</ele>
        <time>2017-09-03T00:09:33.000Z</time>
        <extensions>
          <ns3:TrackPointExtension>
            <ns3:atemp>25.0</ns3:atemp>
            <ns3:cad>0</ns3:cad>
          </ns3:TrackPointExtension>
        </extensions>
      </trkpt>
      <trkpt lat="43.20303261280059814453125" lon="-109.64777271263301372528076171875">
        <ele>3580.800048828125</ele>
        <time>2017-09-03T00:09:35.000Z</time>
        <extensions>
          <ns3:TrackPointExtension>
            <ns3:atemp>25.0</ns3:atemp>
            <ns3:cad>0</ns3:cad>
          </ns3:TrackPointExtension>
        </extensions>
      </trkpt>
      <trkpt lat="43.20295709185302257537841796875" lon="-109.64773851446807384490966796875">
        <ele>3580.39990234375</ele>
        <time>2017-09-03T00:09:38.000Z</time>
        <extensions>
          <ns3:TrackPointExtension>
            <ns3:atemp>25.0</ns3:atemp>
            <ns3:cad>45</ns3:cad>
          </ns3:TrackPointExtension>
        </extensions>
      </trkpt>
      <trkpt lat="43.20294451899826526641845703125" lon="-109.64772962965071201324462890625">
        <ele>3579.800048828125</ele>
        <time>2017-09-03T00:09:40.000Z</time>
        <extensions>
          <ns3:TrackPointExtension>
            <ns3:atemp>25.0</ns3:atemp>
            <ns3:cad>0</ns3:cad>
          </ns3:TrackPointExtension>
        </extensions>
      </trkpt>
      <trkpt lat="43.20292339660227298736572265625" lon="-109.6477592177689075469970703125">
        <ele>3578.60009765625</ele>
        <time>2017-09-03T00:09:46.000Z</time>
        <extensions>
          <ns3:TrackPointExtension>
            <ns3:atemp>25.0</ns3:atemp>
            <ns3:cad>0</ns3:cad>
          </ns3:TrackPointExtension>
        </extensions>
      </trkpt>
      <trkpt lat="43.20290545932948589324951171875" lon="-109.647798947989940643310546875">
        <ele>3577.60009765625</ele>
        <time>2017-09-03T00:09:55.000Z</time>
        <extensions>
          <ns3:TrackPointExtension>
            <ns3:atemp>25.0</ns3:atemp>
            <ns3:cad>0</ns3:cad>
          </ns3:TrackPointExtension>
        </extensions>
      </trkpt>
      <trkpt lat="43.20296086370944976806640625" lon="-109.64783004485070705413818359375">
        <ele>3576.60009765625</ele>
        <time>2017-09-03T00:10:04.000Z</time>
        <extensions>
          <ns3:TrackPointExtension>
            <ns3:atemp>25.0</ns3:atemp>
            <ns3:cad>0</ns3:cad>
          </ns3:TrackPointExtension>
        </extensions>
      </trkpt>
      <trkpt lat="43.20298810489475727081298828125" lon="-109.64786960743367671966552734375">
        <ele>3575.60009765625</ele>
        <time>2017-09-03T00:10:14.000Z</time>
        <extensions>
          <ns3:TrackPointExtension>
            <ns3:atemp>25.0</ns3:atemp>
            <ns3:cad>0</ns3:cad>
          </ns3:TrackPointExtension>
        </extensions>
      </trkpt>
      <trkpt lat="43.2030143402516841888427734375" lon="-109.64784680865705013275146484375">
        <ele>3575.39990234375</ele>
        <time>2017-09-03T00:10:16.000Z</time>
        <extensions>
          <ns3:TrackPointExtension>
            <ns3:atemp>25.0</ns3:atemp>
            <ns3:cad>0</ns3:cad>
          </ns3:TrackPointExtension>
        </extensions>
      </trkpt>
      <trkpt lat="43.20303873158991336822509765625" lon="-109.6478370018303394317626953125">
        <ele>3574.39990234375</ele>
        <time>2017-09-03T00:10:21.000Z</time>
        <extensions>
          <ns3:TrackPointExtension>
            <ns3:atemp>25.0</ns3:atemp>
            <ns3:cad>0</ns3:cad>
          </ns3:TrackPointExtension>
        </extensions>
      </trkpt>
      <trkpt lat="43.20309807546436786651611328125" lon="-109.6477816812694072723388671875">
        <ele>3573.199951171875</ele>
        <time>2017-09-03T00:10:49.000Z</time>
        <extensions>
          <ns3:TrackPointExtension>
            <ns3:atemp>24.0</ns3:atemp>
            <ns3:cad>0</ns3:cad>
          </ns3:TrackPointExtension>
        </extensions>
      </trkpt>
      <trkpt lat="43.203095979988574981689453125" lon="-109.64781738817691802978515625">
        <ele>3572.60009765625</ele>
        <time>2017-09-03T00:10:52.000Z</time>
        <extensions>
          <ns3:TrackPointExtension>
            <ns3:atemp>24.0</ns3:atemp>
            <ns3:cad>61</ns3:cad>
          </ns3:TrackPointExtension>
        </extensions>
      </trkpt>
    </trkseg>
  </trk>
</gpx>
