<?xml version="1.0" encoding="UTF-8"?>
<gpx creator="Garmin Connect" version="1.1"
  xsi:schemaLocation="http://www.topografix.com/GPX/1/1 http://www.topografix.com/GPX/11.xsd"
  xmlns:ns3="http://www.garmin.com/xmlschemas/TrackPointExtension/v1"
  xmlns="http://www.topografix.com/GPX/1/1"
  xmlns:xsi="http://www.w3.org/2001/XMLSchema-instance" xmlns:ns2="http://www.garmin.com/xmlschemas/GpxExtensions/v3">
  <metadata>
    <link href="connect.garmin.com">
      <text>Garmin Connect</text>
    </link>
    <time>2017-09-02T15:44:10.000Z</time>
  </metadata>
  <trk>
    <name>Cora Hiking</name>
    <type>hiking</type>
    <trkseg>
      <trkpt lat="43.15132574178278446197509765625" lon="-109.64295948855578899383544921875">
        <ele>3361.60009765625</ele>
        <time>2017-09-02T15:44:10.000Z</time>
        <extensions>
          <ns3:TrackPointExtension>
            <ns3:atemp>20.0</ns3:atemp>
            <ns3:cad>0</ns3:cad>
          </ns3:TrackPointExtension>
        </extensions>
      </trkpt>
      <trkpt lat="43.151440657675266265869140625" lon="-109.64279151521623134613037109375">
        <ele>3361.199951171875</ele>
        <time>2017-09-02T15:44:46.000Z</time>
        <extensions>
          <ns3:TrackPointExtension>
            <ns3:atemp>20.0</ns3:atemp>
            <ns3:cad>0</ns3:cad>
          </ns3:TrackPointExtension>
        </extensions>
      </trkpt>
      <trkpt lat="43.151446022093296051025390625" lon="-109.6427461691200733184814453125">
        <ele>3362.800048828125</ele>
        <time>2017-09-02T15:44:53.000Z</time>
        <extensions>
          <ns3:TrackPointExtension>
            <ns3:atemp>20.0</ns3:atemp>
            <ns3:cad>0</ns3:cad>
          </ns3:TrackPointExtension>
        </extensions>
      </trkpt>
      <trkpt lat="43.151452057063579559326171875" lon="-109.6427247114479541778564453125">
        <ele>3363.800048828125</ele>
        <time>2017-09-02T15:44:58.000Z</time>
        <extensions>
          <ns3:TrackPointExtension>
            <ns3:atemp>20.0</ns3:atemp>
            <ns3:cad>0</ns3:cad>
          </ns3:TrackPointExtension>
        </extensions>
      </trkpt>
      <trkpt lat="43.151464797556400299072265625" lon="-109.64271054603159427642822265625">
        <ele>3365</ele>
        <time>2017-09-02T15:45:02.000Z</time>
        <extensions>
          <ns3:TrackPointExtension>
            <ns3:atemp>20.0</ns3:atemp>
            <ns3:cad>0</ns3:cad>
          </ns3:TrackPointExtension>
        </extensions>
      </trkpt>
      <trkpt lat="43.1514803878962993621826171875" lon="-109.6427084505558013916015625">
        <ele>3366.199951171875</ele>
        <time>2017-09-02T15:45:07.000Z</time>
        <extensions>
          <ns3:TrackPointExtension>
            <ns3:atemp>20.0</ns3:atemp>
            <ns3:cad>0</ns3:cad>
          </ns3:TrackPointExtension>
        </extensions>
      </trkpt>
      <trkpt lat="43.1514994986355304718017578125" lon="-109.6427111327648162841796875">
        <ele>3367.199951171875</ele>
        <time>2017-09-02T15:45:13.000Z</time>
        <extensions>
          <ns3:TrackPointExtension>
            <ns3:atemp>20.0</ns3:atemp>
            <ns3:cad>0</ns3:cad>
          </ns3:TrackPointExtension>
        </extensions>
      </trkpt>
      <trkpt lat="43.151499666273593902587890625" lon="-109.64271658100187778472900390625">
        <ele>3368.39990234375</ele>
        <time>2017-09-02T15:45:22.000Z</time>
        <extensions>
          <ns3:TrackPointExtension>
            <ns3:atemp>20.0</ns3:atemp>
            <ns3:cad>61</ns3:cad>
          </ns3:TrackPointExtension>
        </extensions>
      </trkpt>
      <trkpt lat="43.1515196152031421661376953125" lon="-109.64273602701723575592041015625">
        <ele>3369.39990234375</ele>
        <time>2017-09-02T15:45:29.000Z</time>
        <extensions>
          <ns3:TrackPointExtension>
            <ns3:atemp>19.0</ns3:atemp>
            <ns3:cad>0</ns3:cad>
          </ns3:TrackPointExtension>
        </extensions>
      </trkpt>
      <trkpt lat="43.15154249779880046844482421875" lon="-109.6427200175821781158447265625">
        <ele>3370.60009765625</ele>
        <time>2017-09-02T15:45:35.000Z</time>
        <extensions>
          <ns3:TrackPointExtension>
            <ns3:atemp>19.0</ns3:atemp>
            <ns3:cad>0</ns3:cad>
          </ns3:TrackPointExtension>
        </extensions>
      </trkpt>
      <trkpt lat="43.15156864933669567108154296875" lon="-109.642715156078338623046875">
        <ele>3371.60009765625</ele>
        <time>2017-09-02T15:45:41.000Z</time>
        <extensions>
          <ns3:TrackPointExtension>
            <ns3:atemp>19.0</ns3:atemp>
            <ns3:cad>0</ns3:cad>
          </ns3:TrackPointExtension>
        </extensions>
      </trkpt>
      <trkpt lat="43.1516292504966259002685546875" lon="-109.6427240408957004547119140625">
        <ele>3372.800048828125</ele>
        <time>2017-09-02T15:45:54.000Z</time>
        <extensions>
          <ns3:TrackPointExtension>
            <ns3:atemp>19.0</ns3:atemp>
            <ns3:cad>0</ns3:cad>
          </ns3:TrackPointExtension>
        </extensions>
      </trkpt>
      <trkpt lat="43.1516584195196628570556640625" lon="-109.642719514667987823486328125">
        <ele>3374</ele>
        <time>2017-09-02T15:46:00.000Z</time>
        <extensions>
          <ns3:TrackPointExtension>
            <ns3:atemp>19.0</ns3:atemp>
            <ns3:cad>0</ns3:cad>
          </ns3:TrackPointExtension>
        </extensions>
      </trkpt>
      <trkpt lat="43.15169588662683963775634765625" lon="-109.64264701120555400848388671875">
        <ele>3375</ele>
        <time>2017-09-02T15:46:12.000Z</time>
        <extensions>
          <ns3:TrackPointExtension>
            <ns3:atemp>19.0</ns3:atemp>
            <ns3:cad>61</ns3:cad>
          </ns3:TrackPointExtension>
        </extensions>
      </trkpt>
      <trkpt lat="43.151800073683261871337890625" lon="-109.64257140643894672393798828125">
        <ele>3376</ele>
        <time>2017-09-02T15:46:27.000Z</time>
        <extensions>
          <ns3:TrackPointExtension>
            <ns3:atemp>19.0</ns3:atemp>
            <ns3:cad>61</ns3:cad>
          </ns3:TrackPointExtension>
        </extensions>
      </trkpt>
      <trkpt lat="43.15180820412933826446533203125" lon="-109.64257299900054931640625">
        <ele>3376</ele>
        <time>2017-09-02T15:46:28.000Z</time>
        <extensions>
          <ns3:TrackPointExtension>
            <ns3:atemp>19.0</ns3:atemp>
            <ns3:cad>61</ns3:cad>
          </ns3:TrackPointExtension>
        </extensions>
      </trkpt>
      <trkpt lat="43.15181558020412921905517578125" lon="-109.6425708197057247161865234375">
        <ele>3376</ele>
        <time>2017-09-02T15:46:29.000Z</time>
        <extensions>
          <ns3:TrackPointExtension>
            <ns3:atemp>19.0</ns3:atemp>
            <ns3:cad>63</ns3:cad>
          </ns3:TrackPointExtension>
        </extensions>
      </trkpt>
      <trkpt lat="43.15182362683117389678955078125" lon="-109.64255891740322113037109375">
        <ele>3376</ele>
        <time>2017-09-02T15:46:31.000Z</time>
        <extensions>
          <ns3:TrackPointExtension>
            <ns3:atemp>19.0</ns3:atemp>
            <ns3:cad>63</ns3:cad>
          </ns3:TrackPointExtension>
        </extensions>
      </trkpt>
      <trkpt lat="43.15182429738342761993408203125" lon="-109.64255430735647678375244140625">
        <ele>3376</ele>
        <time>2017-09-02T15:46:32.000Z</time>
        <extensions>
          <ns3:TrackPointExtension>
            <ns3:atemp>19.0</ns3:atemp>
            <ns3:cad>63</ns3:cad>
          </ns3:TrackPointExtension>
        </extensions>
      </trkpt>
      <trkpt lat="43.1518227048218250274658203125" lon="-109.64255514554679393768310546875">
        <ele>3376.199951171875</ele>
        <time>2017-09-02T15:46:33.000Z</time>
        <extensions>
          <ns3:TrackPointExtension>
            <ns3:atemp>19.0</ns3:atemp>
            <ns3:cad>0</ns3:cad>
          </ns3:TrackPointExtension>
        </extensions>
      </trkpt>
      <trkpt lat="43.1518708169460296630859375" lon="-109.6424903534352779388427734375">
        <ele>3377</ele>
        <time>2017-09-02T15:46:46.000Z</time>
        <extensions>
          <ns3:TrackPointExtension>
            <ns3:atemp>19.0</ns3:atemp>
            <ns3:cad>61</ns3:cad>
          </ns3:TrackPointExtension>
        </extensions>
      </trkpt>
      <trkpt lat="43.15187727101147174835205078125" lon="-109.64246395044028759002685546875">
        <ele>3378</ele>
        <time>2017-09-02T15:46:52.000Z</time>
        <extensions>
          <ns3:TrackPointExtension>
            <ns3:atemp>19.0</ns3:atemp>
            <ns3:cad>0</ns3:cad>
          </ns3:TrackPointExtension>
        </extensions>
      </trkpt>
      <trkpt lat="43.151934184134006500244140625" lon="-109.6424429118633270263671875">
        <ele>3379.199951171875</ele>
        <time>2017-09-02T15:47:03.000Z</time>
        <extensions>
          <ns3:TrackPointExtension>
            <ns3:atemp>19.0</ns3:atemp>
            <ns3:cad>0</ns3:cad>
          </ns3:TrackPointExtension>
        </extensions>
      </trkpt>
      <trkpt lat="43.15194332040846347808837890625" lon="-109.6424474380910396575927734375">
        <ele>3380.199951171875</ele>
        <time>2017-09-02T15:47:12.000Z</time>
        <extensions>
          <ns3:TrackPointExtension>
            <ns3:atemp>19.0</ns3:atemp>
            <ns3:cad>0</ns3:cad>
          </ns3:TrackPointExtension>
        </extensions>
      </trkpt>
      <trkpt lat="43.15195404924452304840087890625" lon="-109.6424025110900402069091796875">
        <ele>3381.39990234375</ele>
        <time>2017-09-02T15:47:19.000Z</time>
        <extensions>
          <ns3:TrackPointExtension>
            <ns3:atemp>19.0</ns3:atemp>
            <ns3:cad>0</ns3:cad>
          </ns3:TrackPointExtension>
        </extensions>
      </trkpt>
      <trkpt lat="43.1519668735563755035400390625" lon="-109.642413742840290069580078125">
        <ele>3383.39990234375</ele>
        <time>2017-09-02T15:47:30.000Z</time>
        <extensions>
          <ns3:TrackPointExtension>
            <ns3:atemp>19.0</ns3:atemp>
            <ns3:cad>0</ns3:cad>
          </ns3:TrackPointExtension>
        </extensions>
      </trkpt>
      <trkpt lat="43.1519742496311664581298828125" lon="-109.64240695349872112274169921875">
        <ele>3384.60009765625</ele>
        <time>2017-09-02T15:47:31.000Z</time>
        <extensions>
          <ns3:TrackPointExtension>
            <ns3:atemp>19.0</ns3:atemp>
            <ns3:cad>61</ns3:cad>
          </ns3:TrackPointExtension>
        </extensions>
      </trkpt>
      <trkpt lat="43.15198791213333606719970703125" lon="-109.64240075089037418365478515625">
        <ele>3386</ele>
        <time>2017-09-02T15:47:33.000Z</time>
        <extensions>
          <ns3:TrackPointExtension>
            <ns3:atemp>19.0</ns3:atemp>
            <ns3:cad>61</ns3:cad>
          </ns3:TrackPointExtension>
        </extensions>
      </trkpt>
      <trkpt lat="43.15204138867557048797607421875" lon="-109.64239806868135929107666015625">
        <ele>3386.39990234375</ele>
        <time>2017-09-02T15:47:38.000Z</time>
        <extensions>
          <ns3:TrackPointExtension>
            <ns3:atemp>19.0</ns3:atemp>
            <ns3:cad>61</ns3:cad>
          </ns3:TrackPointExtension>
        </extensions>
      </trkpt>
      <trkpt lat="43.15209704451262950897216796875" lon="-109.6424118988215923309326171875">
        <ele>3387</ele>
        <time>2017-09-02T15:47:45.000Z</time>
        <extensions>
          <ns3:TrackPointExtension>
            <ns3:atemp>19.0</ns3:atemp>
            <ns3:cad>0</ns3:cad>
          </ns3:TrackPointExtension>
        </extensions>
      </trkpt>
      <trkpt lat="43.152114562690258026123046875" lon="-109.64238650165498256683349609375">
        <ele>3387.39990234375</ele>
        <time>2017-09-02T15:47:48.000Z</time>
        <extensions>
          <ns3:TrackPointExtension>
            <ns3:atemp>19.0</ns3:atemp>
            <ns3:cad>61</ns3:cad>
          </ns3:TrackPointExtension>
        </extensions>
      </trkpt>
      <trkpt lat="43.15212336368858814239501953125" lon="-109.6423726715147495269775390625">
        <ele>3387.199951171875</ele>
        <time>2017-09-02T15:47:50.000Z</time>
        <extensions>
          <ns3:TrackPointExtension>
            <ns3:atemp>19.0</ns3:atemp>
            <ns3:cad>61</ns3:cad>
          </ns3:TrackPointExtension>
        </extensions>
      </trkpt>
      <trkpt lat="43.152136690914630889892578125" lon="-109.64235934428870677947998046875">
        <ele>3387.39990234375</ele>
        <time>2017-09-02T15:47:52.000Z</time>
        <extensions>
          <ns3:TrackPointExtension>
            <ns3:atemp>19.0</ns3:atemp>
            <ns3:cad>0</ns3:cad>
          </ns3:TrackPointExtension>
        </extensions>
      </trkpt>
      <trkpt lat="43.152170889079570770263671875" lon="-109.64231793768703937530517578125">
        <ele>3388</ele>
        <time>2017-09-02T15:47:59.000Z</time>
        <extensions>
          <ns3:TrackPointExtension>
            <ns3:atemp>19.0</ns3:atemp>
            <ns3:cad>61</ns3:cad>
          </ns3:TrackPointExtension>
        </extensions>
      </trkpt>
      <trkpt lat="43.152174241840839385986328125" lon="-109.64230947196483612060546875">
        <ele>3388.39990234375</ele>
        <time>2017-09-02T15:48:00.000Z</time>
        <extensions>
          <ns3:TrackPointExtension>
            <ns3:atemp>19.0</ns3:atemp>
            <ns3:cad>61</ns3:cad>
          </ns3:TrackPointExtension>
        </extensions>
      </trkpt>
      <trkpt lat="43.1522153131663799285888671875" lon="-109.64222431182861328125">
        <ele>3388.800048828125</ele>
        <time>2017-09-02T15:48:09.000Z</time>
        <extensions>
          <ns3:TrackPointExtension>
            <ns3:atemp>19.0</ns3:atemp>
            <ns3:cad>0</ns3:cad>
          </ns3:TrackPointExtension>
        </extensions>
      </trkpt>
      <trkpt lat="43.1522302329540252685546875" lon="-109.642201848328113555908203125">
        <ele>3389.199951171875</ele>
        <time>2017-09-02T15:48:12.000Z</time>
        <extensions>
          <ns3:TrackPointExtension>
            <ns3:atemp>19.0</ns3:atemp>
            <ns3:cad>42</ns3:cad>
          </ns3:TrackPointExtension>
        </extensions>
      </trkpt>
      <trkpt lat="43.15223936922848224639892578125" lon="-109.6421765349805355072021484375">
        <ele>3389.39990234375</ele>
        <time>2017-09-02T15:48:15.000Z</time>
        <extensions>
          <ns3:TrackPointExtension>
            <ns3:atemp>18.0</ns3:atemp>
            <ns3:cad>0</ns3:cad>
          </ns3:TrackPointExtension>
        </extensions>
      </trkpt>
      <trkpt lat="43.15227708779275417327880859375" lon="-109.642098583281040191650390625">
        <ele>3390</ele>
        <time>2017-09-02T15:48:22.000Z</time>
        <extensions>
          <ns3:TrackPointExtension>
            <ns3:atemp>18.0</ns3:atemp>
            <ns3:cad>0</ns3:cad>
          </ns3:TrackPointExtension>
        </extensions>
      </trkpt>
      <trkpt lat="43.15229385159909725189208984375" lon="-109.6420444361865520477294921875">
        <ele>3390.39990234375</ele>
        <time>2017-09-02T15:48:26.000Z</time>
        <extensions>
          <ns3:TrackPointExtension>
            <ns3:atemp>18.0</ns3:atemp>
            <ns3:cad>61</ns3:cad>
          </ns3:TrackPointExtension>
        </extensions>
      </trkpt>
      <trkpt lat="43.1523026525974273681640625" lon="-109.6418778039515018463134765625">
        <ele>3391.199951171875</ele>
        <time>2017-09-02T15:48:41.000Z</time>
        <extensions>
          <ns3:TrackPointExtension>
            <ns3:atemp>18.0</ns3:atemp>
            <ns3:cad>0</ns3:cad>
          </ns3:TrackPointExtension>
        </extensions>
      </trkpt>
      <trkpt lat="43.15229955129325389862060546875" lon="-109.64186330325901508331298828125">
        <ele>3391.60009765625</ele>
        <time>2017-09-02T15:48:43.000Z</time>
        <extensions>
          <ns3:TrackPointExtension>
            <ns3:atemp>18.0</ns3:atemp>
            <ns3:cad>61</ns3:cad>
          </ns3:TrackPointExtension>
        </extensions>
      </trkpt>
      <trkpt lat="43.15230608917772769927978515625" lon="-109.64183782227337360382080078125">
        <ele>3392</ele>
        <time>2017-09-02T15:48:46.000Z</time>
        <extensions>
          <ns3:TrackPointExtension>
            <ns3:atemp>18.0</ns3:atemp>
            <ns3:cad>61</ns3:cad>
          </ns3:TrackPointExtension>
        </extensions>
      </trkpt>
      <trkpt lat="43.1523294746875762939453125" lon="-109.641781412065029144287109375">
        <ele>3392</ele>
        <time>2017-09-02T15:48:53.000Z</time>
        <extensions>
          <ns3:TrackPointExtension>
            <ns3:atemp>18.0</ns3:atemp>
            <ns3:cad>61</ns3:cad>
          </ns3:TrackPointExtension>
        </extensions>
      </trkpt>
      <trkpt lat="43.1523504294455051422119140625" lon="-109.6417616307735443115234375">
        <ele>3392.800048828125</ele>
        <time>2017-09-02T15:48:59.000Z</time>
        <extensions>
          <ns3:TrackPointExtension>
            <ns3:atemp>18.0</ns3:atemp>
            <ns3:cad>61</ns3:cad>
          </ns3:TrackPointExtension>
        </extensions>
      </trkpt>
      <trkpt lat="43.15236903727054595947265625" lon="-109.641755931079387664794921875">
        <ele>3393.800048828125</ele>
        <time>2017-09-02T15:49:02.000Z</time>
        <extensions>
          <ns3:TrackPointExtension>
            <ns3:atemp>18.0</ns3:atemp>
            <ns3:cad>0</ns3:cad>
          </ns3:TrackPointExtension>
        </extensions>
      </trkpt>
      <trkpt lat="43.15237532369792461395263671875" lon="-109.6415738761425018310546875">
        <ele>3394.39990234375</ele>
        <time>2017-09-02T15:49:21.000Z</time>
        <extensions>
          <ns3:TrackPointExtension>
            <ns3:atemp>18.0</ns3:atemp>
            <ns3:cad>0</ns3:cad>
          </ns3:TrackPointExtension>
        </extensions>
      </trkpt>
      <trkpt lat="43.15243835560977458953857421875" lon="-109.641548730432987213134765625">
        <ele>3395</ele>
        <time>2017-09-02T15:49:33.000Z</time>
        <extensions>
          <ns3:TrackPointExtension>
            <ns3:atemp>18.0</ns3:atemp>
            <ns3:cad>61</ns3:cad>
          </ns3:TrackPointExtension>
        </extensions>
      </trkpt>
      <trkpt lat="43.1524932570755481719970703125" lon="-109.64154881425201892852783203125">
        <ele>3396</ele>
        <time>2017-09-02T15:49:40.000Z</time>
        <extensions>
          <ns3:TrackPointExtension>
            <ns3:atemp>18.0</ns3:atemp>
            <ns3:cad>0</ns3:cad>
          </ns3:TrackPointExtension>
        </extensions>
      </trkpt>
      <trkpt lat="43.1525898166000843048095703125" lon="-109.64152132160961627960205078125">
        <ele>3397.199951171875</ele>
        <time>2017-09-02T15:49:50.000Z</time>
        <extensions>
          <ns3:TrackPointExtension>
            <ns3:atemp>18.0</ns3:atemp>
            <ns3:cad>0</ns3:cad>
          </ns3:TrackPointExtension>
        </extensions>
      </trkpt>
      <trkpt lat="43.15264823846518993377685546875" lon="-109.6414585411548614501953125">
        <ele>3398.199951171875</ele>
        <time>2017-09-02T15:50:00.000Z</time>
        <extensions>
          <ns3:TrackPointExtension>
            <ns3:atemp>17.0</ns3:atemp>
            <ns3:cad>61</ns3:cad>
          </ns3:TrackPointExtension>
        </extensions>
      </trkpt>
      <trkpt lat="43.152652680873870849609375" lon="-109.641461558640003204345703125">
        <ele>3398.39990234375</ele>
        <time>2017-09-02T15:50:02.000Z</time>
        <extensions>
          <ns3:TrackPointExtension>
            <ns3:atemp>17.0</ns3:atemp>
            <ns3:cad>61</ns3:cad>
          </ns3:TrackPointExtension>
        </extensions>
      </trkpt>
      <trkpt lat="43.152695931494235992431640625" lon="-109.64150422252714633941650390625">
        <ele>3399.199951171875</ele>
        <time>2017-09-02T15:50:08.000Z</time>
        <extensions>
          <ns3:TrackPointExtension>
            <ns3:atemp>17.0</ns3:atemp>
            <ns3:cad>0</ns3:cad>
          </ns3:TrackPointExtension>
        </extensions>
      </trkpt>
      <trkpt lat="43.15271529369056224822998046875" lon="-109.6415014564990997314453125">
        <ele>3399.60009765625</ele>
        <time>2017-09-02T15:50:10.000Z</time>
        <extensions>
          <ns3:TrackPointExtension>
            <ns3:atemp>17.0</ns3:atemp>
            <ns3:cad>0</ns3:cad>
          </ns3:TrackPointExtension>
        </extensions>
      </trkpt>
      <trkpt lat="43.1527411937713623046875" lon="-109.64149081148207187652587890625">
        <ele>3400.199951171875</ele>
        <time>2017-09-02T15:50:17.000Z</time>
        <extensions>
          <ns3:TrackPointExtension>
            <ns3:atemp>17.0</ns3:atemp>
            <ns3:cad>62</ns3:cad>
          </ns3:TrackPointExtension>
        </extensions>
      </trkpt>
      <trkpt lat="43.15273138694465160369873046875" lon="-109.64145443402230739593505859375">
        <ele>3401.199951171875</ele>
        <time>2017-09-02T15:50:24.000Z</time>
        <extensions>
          <ns3:TrackPointExtension>
            <ns3:atemp>17.0</ns3:atemp>
            <ns3:cad>61</ns3:cad>
          </ns3:TrackPointExtension>
        </extensions>
      </trkpt>
      <trkpt lat="43.15276575274765491485595703125" lon="-109.6414070762693881988525390625">
        <ele>3402.39990234375</ele>
        <time>2017-09-02T15:50:30.000Z</time>
        <extensions>
          <ns3:TrackPointExtension>
            <ns3:atemp>17.0</ns3:atemp>
            <ns3:cad>63</ns3:cad>
          </ns3:TrackPointExtension>
        </extensions>
      </trkpt>
      <trkpt lat="43.1527950055897235870361328125" lon="-109.64136424474418163299560546875">
        <ele>3402.60009765625</ele>
        <time>2017-09-02T15:50:35.000Z</time>
        <extensions>
          <ns3:TrackPointExtension>
            <ns3:atemp>17.0</ns3:atemp>
            <ns3:cad>0</ns3:cad>
          </ns3:TrackPointExtension>
        </extensions>
      </trkpt>
      <trkpt lat="43.15283431671559810638427734375" lon="-109.64136374182999134063720703125">
        <ele>3403.39990234375</ele>
        <time>2017-09-02T15:50:45.000Z</time>
        <extensions>
          <ns3:TrackPointExtension>
            <ns3:atemp>17.0</ns3:atemp>
            <ns3:cad>61</ns3:cad>
          </ns3:TrackPointExtension>
        </extensions>
      </trkpt>
      <trkpt lat="43.15287186764180660247802734375" lon="-109.6413497440516948699951171875">
        <ele>3404.39990234375</ele>
        <time>2017-09-02T15:50:55.000Z</time>
        <extensions>
          <ns3:TrackPointExtension>
            <ns3:atemp>17.0</ns3:atemp>
            <ns3:cad>0</ns3:cad>
          </ns3:TrackPointExtension>
        </extensions>
      </trkpt>
      <trkpt lat="43.15295987762510776519775390625" lon="-109.64124941267073154449462890625">
        <ele>3405.60009765625</ele>
        <time>2017-09-02T15:51:15.000Z</time>
        <extensions>
          <ns3:TrackPointExtension>
            <ns3:atemp>17.0</ns3:atemp>
            <ns3:cad>0</ns3:cad>
          </ns3:TrackPointExtension>
        </extensions>
      </trkpt>
      <trkpt lat="43.152986280620098114013671875" lon="-109.64121420867741107940673828125">
        <ele>3406.60009765625</ele>
        <time>2017-09-02T15:51:22.000Z</time>
        <extensions>
          <ns3:TrackPointExtension>
            <ns3:atemp>17.0</ns3:atemp>
            <ns3:cad>61</ns3:cad>
          </ns3:TrackPointExtension>
        </extensions>
      </trkpt>
      <trkpt lat="43.15300128422677516937255859375" lon="-109.64121353812515735626220703125">
        <ele>3407.800048828125</ele>
        <time>2017-09-02T15:51:29.000Z</time>
        <extensions>
          <ns3:TrackPointExtension>
            <ns3:atemp>17.0</ns3:atemp>
            <ns3:cad>0</ns3:cad>
          </ns3:TrackPointExtension>
        </extensions>
      </trkpt>
      <trkpt lat="43.15307873301208019256591796875" lon="-109.641223512589931488037109375">
        <ele>3408.800048828125</ele>
        <time>2017-09-02T15:51:41.000Z</time>
        <extensions>
          <ns3:TrackPointExtension>
            <ns3:atemp>17.0</ns3:atemp>
            <ns3:cad>61</ns3:cad>
          </ns3:TrackPointExtension>
        </extensions>
      </trkpt>
      <trkpt lat="43.1531778909265995025634765625" lon="-109.6412585489451885223388671875">
        <ele>3410</ele>
        <time>2017-09-02T15:51:57.000Z</time>
        <extensions>
          <ns3:TrackPointExtension>
            <ns3:atemp>17.0</ns3:atemp>
            <ns3:cad>0</ns3:cad>
          </ns3:TrackPointExtension>
        </extensions>
      </trkpt>
      <trkpt lat="43.15321301110088825225830078125" lon="-109.6412515081465244293212890625">
        <ele>3411</ele>
        <time>2017-09-02T15:52:06.000Z</time>
        <extensions>
          <ns3:TrackPointExtension>
            <ns3:atemp>17.0</ns3:atemp>
            <ns3:cad>61</ns3:cad>
          </ns3:TrackPointExtension>
        </extensions>
      </trkpt>
      <trkpt lat="43.153319545090198516845703125" lon="-109.6412478201091289520263671875">
        <ele>3412</ele>
        <time>2017-09-02T15:52:20.000Z</time>
        <extensions>
          <ns3:TrackPointExtension>
            <ns3:atemp>17.0</ns3:atemp>
            <ns3:cad>61</ns3:cad>
          </ns3:TrackPointExtension>
        </extensions>
      </trkpt>
      <trkpt lat="43.15344728529453277587890625" lon="-109.64124371297657489776611328125">
        <ele>3413</ele>
        <time>2017-09-02T15:52:31.000Z</time>
        <extensions>
          <ns3:TrackPointExtension>
            <ns3:atemp>17.0</ns3:atemp>
            <ns3:cad>61</ns3:cad>
          </ns3:TrackPointExtension>
        </extensions>
      </trkpt>
      <trkpt lat="43.1534881889820098876953125" lon="-109.6412022225558757781982421875">
        <ele>3414.199951171875</ele>
        <time>2017-09-02T15:52:48.000Z</time>
        <extensions>
          <ns3:TrackPointExtension>
            <ns3:atemp>17.0</ns3:atemp>
            <ns3:cad>0</ns3:cad>
          </ns3:TrackPointExtension>
        </extensions>
      </trkpt>
      <trkpt lat="43.153527416288852691650390625" lon="-109.641088731586933135986328125">
        <ele>3413.39990234375</ele>
        <time>2017-09-02T15:52:59.000Z</time>
        <extensions>
          <ns3:TrackPointExtension>
            <ns3:atemp>17.0</ns3:atemp>
            <ns3:cad>61</ns3:cad>
          </ns3:TrackPointExtension>
        </extensions>
      </trkpt>
      <trkpt lat="43.15352247096598148345947265625" lon="-109.64107071049511432647705078125">
        <ele>3413.39990234375</ele>
        <time>2017-09-02T15:53:01.000Z</time>
        <extensions>
          <ns3:TrackPointExtension>
            <ns3:atemp>17.0</ns3:atemp>
            <ns3:cad>0</ns3:cad>
          </ns3:TrackPointExtension>
        </extensions>
      </trkpt>
      <trkpt lat="43.15353370271623134613037109375" lon="-109.641047827899456024169921875">
        <ele>3413.199951171875</ele>
        <time>2017-09-02T15:53:04.000Z</time>
        <extensions>
          <ns3:TrackPointExtension>
            <ns3:atemp>17.0</ns3:atemp>
            <ns3:cad>0</ns3:cad>
          </ns3:TrackPointExtension>
        </extensions>
      </trkpt>
      <trkpt lat="43.15353739075362682342529296875" lon="-109.64103751815855503082275390625">
        <ele>3413</ele>
        <time>2017-09-02T15:53:06.000Z</time>
        <extensions>
          <ns3:TrackPointExtension>
            <ns3:atemp>17.0</ns3:atemp>
            <ns3:cad>0</ns3:cad>
          </ns3:TrackPointExtension>
        </extensions>
      </trkpt>
      <trkpt lat="43.15366094000637531280517578125" lon="-109.64102159254252910614013671875">
        <ele>3413.60009765625</ele>
        <time>2017-09-02T15:53:33.000Z</time>
        <extensions>
          <ns3:TrackPointExtension>
            <ns3:atemp>16.0</ns3:atemp>
            <ns3:cad>0</ns3:cad>
          </ns3:TrackPointExtension>
        </extensions>
      </trkpt>
      <trkpt lat="43.153711818158626556396484375" lon="-109.6410119533538818359375">
        <ele>3413.800048828125</ele>
        <time>2017-09-02T15:53:38.000Z</time>
        <extensions>
          <ns3:TrackPointExtension>
            <ns3:atemp>16.0</ns3:atemp>
            <ns3:cad>0</ns3:cad>
          </ns3:TrackPointExtension>
        </extensions>
      </trkpt>
      <trkpt lat="43.15373428165912628173828125" lon="-109.64101153425872325897216796875">
        <ele>3413.800048828125</ele>
        <time>2017-09-02T15:53:41.000Z</time>
        <extensions>
          <ns3:TrackPointExtension>
            <ns3:atemp>16.0</ns3:atemp>
            <ns3:cad>61</ns3:cad>
          </ns3:TrackPointExtension>
        </extensions>
      </trkpt>
      <trkpt lat="43.153776191174983978271484375" lon="-109.64101128280162811279296875">
        <ele>3414.199951171875</ele>
        <time>2017-09-02T15:53:49.000Z</time>
        <extensions>
          <ns3:TrackPointExtension>
            <ns3:atemp>16.0</ns3:atemp>
            <ns3:cad>0</ns3:cad>
          </ns3:TrackPointExtension>
        </extensions>
      </trkpt>
      <trkpt lat="43.1538957171142101287841796875" lon="-109.6409784257411956787109375">
        <ele>3415.39990234375</ele>
        <time>2017-09-02T15:54:04.000Z</time>
        <extensions>
          <ns3:TrackPointExtension>
            <ns3:atemp>16.0</ns3:atemp>
            <ns3:cad>0</ns3:cad>
          </ns3:TrackPointExtension>
        </extensions>
      </trkpt>
      <trkpt lat="43.1539376266300678253173828125" lon="-109.6409557946026325225830078125">
        <ele>3416.39990234375</ele>
        <time>2017-09-02T15:54:13.000Z</time>
        <extensions>
          <ns3:TrackPointExtension>
            <ns3:atemp>16.0</ns3:atemp>
            <ns3:cad>61</ns3:cad>
          </ns3:TrackPointExtension>
        </extensions>
      </trkpt>
      <trkpt lat="43.15404365770518779754638671875" lon="-109.641087390482425689697265625">
        <ele>3417.60009765625</ele>
        <time>2017-09-02T15:54:43.000Z</time>
        <extensions>
          <ns3:TrackPointExtension>
            <ns3:atemp>16.0</ns3:atemp>
            <ns3:cad>0</ns3:cad>
          </ns3:TrackPointExtension>
        </extensions>
      </trkpt>
      <trkpt lat="43.154137618839740753173828125" lon="-109.64110826142132282257080078125">
        <ele>3418.60009765625</ele>
        <time>2017-09-02T15:54:55.000Z</time>
        <extensions>
          <ns3:TrackPointExtension>
            <ns3:atemp>16.0</ns3:atemp>
            <ns3:cad>0</ns3:cad>
          </ns3:TrackPointExtension>
        </extensions>
      </trkpt>
      <trkpt lat="43.15417173318564891815185546875" lon="-109.641122929751873016357421875">
        <ele>3419.800048828125</ele>
        <time>2017-09-02T15:55:02.000Z</time>
        <extensions>
          <ns3:TrackPointExtension>
            <ns3:atemp>16.0</ns3:atemp>
            <ns3:cad>0</ns3:cad>
          </ns3:TrackPointExtension>
        </extensions>
      </trkpt>
      <trkpt lat="43.15421112813055515289306640625" lon="-109.6411371789872646331787109375">
        <ele>3420.800048828125</ele>
        <time>2017-09-02T15:55:12.000Z</time>
        <extensions>
          <ns3:TrackPointExtension>
            <ns3:atemp>16.0</ns3:atemp>
            <ns3:cad>0</ns3:cad>
          </ns3:TrackPointExtension>
        </extensions>
      </trkpt>
      <trkpt lat="43.15431288443505764007568359375" lon="-109.64113072492182254791259765625">
        <ele>3422</ele>
        <time>2017-09-02T15:55:32.000Z</time>
        <extensions>
          <ns3:TrackPointExtension>
            <ns3:atemp>16.0</ns3:atemp>
            <ns3:cad>0</ns3:cad>
          </ns3:TrackPointExtension>
        </extensions>
      </trkpt>
      <trkpt lat="43.15437507815659046173095703125" lon="-109.64114061556756496429443359375">
        <ele>3423.199951171875</ele>
        <time>2017-09-02T15:55:48.000Z</time>
        <extensions>
          <ns3:TrackPointExtension>
            <ns3:atemp>16.0</ns3:atemp>
            <ns3:cad>61</ns3:cad>
          </ns3:TrackPointExtension>
        </extensions>
      </trkpt>
      <trkpt lat="43.15441564656794071197509765625" lon="-109.6411482430994510650634765625">
        <ele>3424.39990234375</ele>
        <time>2017-09-02T15:55:56.000Z</time>
        <extensions>
          <ns3:TrackPointExtension>
            <ns3:atemp>16.0</ns3:atemp>
            <ns3:cad>61</ns3:cad>
          </ns3:TrackPointExtension>
        </extensions>
      </trkpt>
      <trkpt lat="43.1544556282460689544677734375" lon="-109.6411804296076297760009765625">
        <ele>3425.39990234375</ele>
        <time>2017-09-02T15:56:17.000Z</time>
        <extensions>
          <ns3:TrackPointExtension>
            <ns3:atemp>16.0</ns3:atemp>
            <ns3:cad>0</ns3:cad>
          </ns3:TrackPointExtension>
        </extensions>
      </trkpt>
      <trkpt lat="43.154537267982959747314453125" lon="-109.64119006879627704620361328125">
        <ele>3426.39990234375</ele>
        <time>2017-09-02T15:56:42.000Z</time>
        <extensions>
          <ns3:TrackPointExtension>
            <ns3:atemp>16.0</ns3:atemp>
            <ns3:cad>0</ns3:cad>
          </ns3:TrackPointExtension>
        </extensions>
      </trkpt>
      <trkpt lat="43.1545793451368808746337890625" lon="-109.641212783753871917724609375">
        <ele>3427.39990234375</ele>
        <time>2017-09-02T15:56:56.000Z</time>
        <extensions>
          <ns3:TrackPointExtension>
            <ns3:atemp>16.0</ns3:atemp>
            <ns3:cad>0</ns3:cad>
          </ns3:TrackPointExtension>
        </extensions>
      </trkpt>
      <trkpt lat="43.15461941063404083251953125" lon="-109.64122594334185123443603515625">
        <ele>3428.60009765625</ele>
        <time>2017-09-02T15:57:06.000Z</time>
        <extensions>
          <ns3:TrackPointExtension>
            <ns3:atemp>16.0</ns3:atemp>
            <ns3:cad>0</ns3:cad>
          </ns3:TrackPointExtension>
        </extensions>
      </trkpt>
      <trkpt lat="43.1546504236757755279541015625" lon="-109.6412320621311664581298828125">
        <ele>3429.60009765625</ele>
        <time>2017-09-02T15:57:13.000Z</time>
        <extensions>
          <ns3:TrackPointExtension>
            <ns3:atemp>16.0</ns3:atemp>
            <ns3:cad>61</ns3:cad>
          </ns3:TrackPointExtension>
        </extensions>
      </trkpt>
      <trkpt lat="43.15471303649246692657470703125" lon="-109.6412692777812480926513671875">
        <ele>3430.60009765625</ele>
        <time>2017-09-02T15:57:27.000Z</time>
        <extensions>
          <ns3:TrackPointExtension>
            <ns3:atemp>16.0</ns3:atemp>
            <ns3:cad>0</ns3:cad>
          </ns3:TrackPointExtension>
        </extensions>
      </trkpt>
      <trkpt lat="43.15481311641633510589599609375" lon="-109.64121856726706027984619140625">
        <ele>3431.60009765625</ele>
        <time>2017-09-02T15:57:57.000Z</time>
        <extensions>
          <ns3:TrackPointExtension>
            <ns3:atemp>16.0</ns3:atemp>
            <ns3:cad>0</ns3:cad>
          </ns3:TrackPointExtension>
        </extensions>
      </trkpt>
      <trkpt lat="43.15483532845973968505859375" lon="-109.6412163041532039642333984375">
        <ele>3432.800048828125</ele>
        <time>2017-09-02T15:58:02.000Z</time>
        <extensions>
          <ns3:TrackPointExtension>
            <ns3:atemp>16.0</ns3:atemp>
            <ns3:cad>0</ns3:cad>
          </ns3:TrackPointExtension>
        </extensions>
      </trkpt>
      <trkpt lat="43.15487690269947052001953125" lon="-109.6412518434226512908935546875">
        <ele>3433.800048828125</ele>
        <time>2017-09-02T15:58:10.000Z</time>
        <extensions>
          <ns3:TrackPointExtension>
            <ns3:atemp>16.0</ns3:atemp>
            <ns3:cad>0</ns3:cad>
          </ns3:TrackPointExtension>
        </extensions>
      </trkpt>
      <trkpt lat="43.154900372028350830078125" lon="-109.64129249565303325653076171875">
        <ele>3434.800048828125</ele>
        <time>2017-09-02T15:58:19.000Z</time>
        <extensions>
          <ns3:TrackPointExtension>
            <ns3:atemp>16.0</ns3:atemp>
            <ns3:cad>61</ns3:cad>
          </ns3:TrackPointExtension>
        </extensions>
      </trkpt>
      <trkpt lat="43.1549043953418731689453125" lon="-109.6413282863795757293701171875">
        <ele>3435.800048828125</ele>
        <time>2017-09-02T15:58:25.000Z</time>
        <extensions>
          <ns3:TrackPointExtension>
            <ns3:atemp>16.0</ns3:atemp>
            <ns3:cad>61</ns3:cad>
          </ns3:TrackPointExtension>
        </extensions>
      </trkpt>
      <trkpt lat="43.154934234917163848876953125" lon="-109.6413524262607097625732421875">
        <ele>3437</ele>
        <time>2017-09-02T15:58:32.000Z</time>
        <extensions>
          <ns3:TrackPointExtension>
            <ns3:atemp>16.0</ns3:atemp>
            <ns3:cad>0</ns3:cad>
          </ns3:TrackPointExtension>
        </extensions>
      </trkpt>
      <trkpt lat="43.15498176030814647674560546875" lon="-109.64136659167706966400146484375">
        <ele>3438</ele>
        <time>2017-09-02T15:58:45.000Z</time>
        <extensions>
          <ns3:TrackPointExtension>
            <ns3:atemp>16.0</ns3:atemp>
            <ns3:cad>0</ns3:cad>
          </ns3:TrackPointExtension>
        </extensions>
      </trkpt>
      <trkpt lat="43.1550088338553905487060546875" lon="-109.64134387671947479248046875">
        <ele>3439.199951171875</ele>
        <time>2017-09-02T15:58:56.000Z</time>
        <extensions>
          <ns3:TrackPointExtension>
            <ns3:atemp>16.0</ns3:atemp>
            <ns3:cad>0</ns3:cad>
          </ns3:TrackPointExtension>
        </extensions>
      </trkpt>
      <trkpt lat="43.15505124628543853759765625" lon="-109.64131982065737247467041015625">
        <ele>3440.39990234375</ele>
        <time>2017-09-02T15:59:04.000Z</time>
        <extensions>
          <ns3:TrackPointExtension>
            <ns3:atemp>16.0</ns3:atemp>
            <ns3:cad>0</ns3:cad>
          </ns3:TrackPointExtension>
        </extensions>
      </trkpt>
      <trkpt lat="43.15507748164236545562744140625" lon="-109.6413302980363368988037109375">
        <ele>3441.39990234375</ele>
        <time>2017-09-02T15:59:09.000Z</time>
        <extensions>
          <ns3:TrackPointExtension>
            <ns3:atemp>16.0</ns3:atemp>
            <ns3:cad>0</ns3:cad>
          </ns3:TrackPointExtension>
        </extensions>
      </trkpt>
      <trkpt lat="43.15511687658727169036865234375" lon="-109.64136265218257904052734375">
        <ele>3442.60009765625</ele>
        <time>2017-09-02T15:59:21.000Z</time>
        <extensions>
          <ns3:TrackPointExtension>
            <ns3:atemp>16.0</ns3:atemp>
            <ns3:cad>0</ns3:cad>
          </ns3:TrackPointExtension>
        </extensions>
      </trkpt>
      <trkpt lat="43.15517554990947246551513671875" lon="-109.64132887311279773712158203125">
        <ele>3443.60009765625</ele>
        <time>2017-09-02T15:59:33.000Z</time>
        <extensions>
          <ns3:TrackPointExtension>
            <ns3:atemp>16.0</ns3:atemp>
            <ns3:cad>0</ns3:cad>
          </ns3:TrackPointExtension>
        </extensions>
      </trkpt>
      <trkpt lat="43.15522081218659877777099609375" lon="-109.64126399718225002288818359375">
        <ele>3443.39990234375</ele>
        <time>2017-09-02T16:00:58.000Z</time>
        <extensions>
          <ns3:TrackPointExtension>
            <ns3:atemp>16.0</ns3:atemp>
            <ns3:cad>0</ns3:cad>
          </ns3:TrackPointExtension>
        </extensions>
      </trkpt>
      <trkpt lat="43.15515090711414813995361328125" lon="-109.6412323974072933197021484375">
        <ele>3443.199951171875</ele>
        <time>2017-09-02T16:01:47.000Z</time>
        <extensions>
          <ns3:TrackPointExtension>
            <ns3:atemp>17.0</ns3:atemp>
            <ns3:cad>0</ns3:cad>
          </ns3:TrackPointExtension>
        </extensions>
      </trkpt>
      <trkpt lat="43.15527680329978466033935546875" lon="-109.64111496694386005401611328125">
        <ele>3443.199951171875</ele>
        <time>2017-09-02T16:02:12.000Z</time>
        <extensions>
          <ns3:TrackPointExtension>
            <ns3:atemp>16.0</ns3:atemp>
            <ns3:cad>0</ns3:cad>
          </ns3:TrackPointExtension>
        </extensions>
      </trkpt>
      <trkpt lat="43.155310414731502532958984375" lon="-109.64120079763233661651611328125">
        <ele>3443.60009765625</ele>
        <time>2017-09-02T16:02:45.000Z</time>
        <extensions>
          <ns3:TrackPointExtension>
            <ns3:atemp>17.0</ns3:atemp>
            <ns3:cad>0</ns3:cad>
          </ns3:TrackPointExtension>
        </extensions>
      </trkpt>
      <trkpt lat="43.1552918069064617156982421875" lon="-109.64116341434419155120849609375">
        <ele>3443.800048828125</ele>
        <time>2017-09-02T16:02:49.000Z</time>
        <extensions>
          <ns3:TrackPointExtension>
            <ns3:atemp>17.0</ns3:atemp>
            <ns3:cad>61</ns3:cad>
          </ns3:TrackPointExtension>
        </extensions>
      </trkpt>
      <trkpt lat="43.15530429594218730926513671875" lon="-109.64112670160830020904541015625">
        <ele>3444.60009765625</ele>
        <time>2017-09-02T16:02:57.000Z</time>
        <extensions>
          <ns3:TrackPointExtension>
            <ns3:atemp>17.0</ns3:atemp>
            <ns3:cad>61</ns3:cad>
          </ns3:TrackPointExtension>
        </extensions>
      </trkpt>
      <trkpt lat="43.15531410276889801025390625" lon="-109.641116224229335784912109375">
        <ele>3444.800048828125</ele>
        <time>2017-09-02T16:02:59.000Z</time>
        <extensions>
          <ns3:TrackPointExtension>
            <ns3:atemp>17.0</ns3:atemp>
            <ns3:cad>0</ns3:cad>
          </ns3:TrackPointExtension>
        </extensions>
      </trkpt>
      <trkpt lat="43.15534628927707672119140625" lon="-109.64107439853250980377197265625">
        <ele>3445.800048828125</ele>
        <time>2017-09-02T16:03:07.000Z</time>
        <extensions>
          <ns3:TrackPointExtension>
            <ns3:atemp>17.0</ns3:atemp>
            <ns3:cad>0</ns3:cad>
          </ns3:TrackPointExtension>
        </extensions>
      </trkpt>
      <trkpt lat="43.15537302754819393157958984375" lon="-109.6410560421645641326904296875">
        <ele>3447</ele>
        <time>2017-09-02T16:03:11.000Z</time>
        <extensions>
          <ns3:TrackPointExtension>
            <ns3:atemp>17.0</ns3:atemp>
            <ns3:cad>61</ns3:cad>
          </ns3:TrackPointExtension>
        </extensions>
      </trkpt>
      <trkpt lat="43.1553576886653900146484375" lon="-109.64100348763167858123779296875">
        <ele>3447</ele>
        <time>2017-09-02T16:03:35.000Z</time>
        <extensions>
          <ns3:TrackPointExtension>
            <ns3:atemp>17.0</ns3:atemp>
            <ns3:cad>61</ns3:cad>
          </ns3:TrackPointExtension>
        </extensions>
      </trkpt>
      <trkpt lat="43.15537847578525543212890625" lon="-109.6409906633198261260986328125">
        <ele>3447.39990234375</ele>
        <time>2017-09-02T16:03:37.000Z</time>
        <extensions>
          <ns3:TrackPointExtension>
            <ns3:atemp>17.0</ns3:atemp>
            <ns3:cad>0</ns3:cad>
          </ns3:TrackPointExtension>
        </extensions>
      </trkpt>
      <trkpt lat="43.1554339639842510223388671875" lon="-109.6409410424530506134033203125">
        <ele>3448</ele>
        <time>2017-09-02T16:03:51.000Z</time>
        <extensions>
          <ns3:TrackPointExtension>
            <ns3:atemp>17.0</ns3:atemp>
            <ns3:cad>61</ns3:cad>
          </ns3:TrackPointExtension>
        </extensions>
      </trkpt>
      <trkpt lat="43.1554503925144672393798828125" lon="-109.64091581292450428009033203125">
        <ele>3447.60009765625</ele>
        <time>2017-09-02T16:03:55.000Z</time>
        <extensions>
          <ns3:TrackPointExtension>
            <ns3:atemp>17.0</ns3:atemp>
            <ns3:cad>61</ns3:cad>
          </ns3:TrackPointExtension>
        </extensions>
      </trkpt>
      <trkpt lat="43.15548241138458251953125" lon="-109.64088521897792816162109375">
        <ele>3447.800048828125</ele>
        <time>2017-09-02T16:04:01.000Z</time>
        <extensions>
          <ns3:TrackPointExtension>
            <ns3:atemp>17.0</ns3:atemp>
            <ns3:cad>61</ns3:cad>
          </ns3:TrackPointExtension>
        </extensions>
      </trkpt>
      <trkpt lat="43.15549314022064208984375" lon="-109.64089049957692623138427734375">
        <ele>3448.199951171875</ele>
        <time>2017-09-02T16:04:05.000Z</time>
        <extensions>
          <ns3:TrackPointExtension>
            <ns3:atemp>17.0</ns3:atemp>
            <ns3:cad>0</ns3:cad>
          </ns3:TrackPointExtension>
        </extensions>
      </trkpt>
      <trkpt lat="43.15551652573049068450927734375" lon="-109.64097398333251476287841796875">
        <ele>3449</ele>
        <time>2017-09-02T16:04:12.000Z</time>
        <extensions>
          <ns3:TrackPointExtension>
            <ns3:atemp>17.0</ns3:atemp>
            <ns3:cad>0</ns3:cad>
          </ns3:TrackPointExtension>
        </extensions>
      </trkpt>
      <trkpt lat="43.1555338762700557708740234375" lon="-109.6409722231328487396240234375">
        <ele>3450.199951171875</ele>
        <time>2017-09-02T16:04:28.000Z</time>
        <extensions>
          <ns3:TrackPointExtension>
            <ns3:atemp>17.0</ns3:atemp>
            <ns3:cad>61</ns3:cad>
          </ns3:TrackPointExtension>
        </extensions>
      </trkpt>
      <trkpt lat="43.15555508248507976531982421875" lon="-109.64095386676490306854248046875">
        <ele>3450.800048828125</ele>
        <time>2017-09-02T16:04:31.000Z</time>
        <extensions>
          <ns3:TrackPointExtension>
            <ns3:atemp>17.0</ns3:atemp>
            <ns3:cad>0</ns3:cad>
          </ns3:TrackPointExtension>
        </extensions>
      </trkpt>
      <trkpt lat="43.15557151101529598236083984375" lon="-109.640931822359561920166015625">
        <ele>3451.199951171875</ele>
        <time>2017-09-02T16:04:33.000Z</time>
        <extensions>
          <ns3:TrackPointExtension>
            <ns3:atemp>17.0</ns3:atemp>
            <ns3:cad>0</ns3:cad>
          </ns3:TrackPointExtension>
        </extensions>
      </trkpt>
      <trkpt lat="43.1556029431521892547607421875" lon="-109.6408937685191631317138671875">
        <ele>3452.199951171875</ele>
        <time>2017-09-02T16:04:39.000Z</time>
        <extensions>
          <ns3:TrackPointExtension>
            <ns3:atemp>17.0</ns3:atemp>
            <ns3:cad>61</ns3:cad>
          </ns3:TrackPointExtension>
        </extensions>
      </trkpt>
      <trkpt lat="43.15563001669943332672119140625" lon="-109.64086166583001613616943359375">
        <ele>3452.800048828125</ele>
        <time>2017-09-02T16:04:43.000Z</time>
        <extensions>
          <ns3:TrackPointExtension>
            <ns3:atemp>17.0</ns3:atemp>
            <ns3:cad>61</ns3:cad>
          </ns3:TrackPointExtension>
        </extensions>
      </trkpt>
      <trkpt lat="43.1556240655481815338134765625" lon="-109.640848673880100250244140625">
        <ele>3453.39990234375</ele>
        <time>2017-09-02T16:04:46.000Z</time>
        <extensions>
          <ns3:TrackPointExtension>
            <ns3:atemp>17.0</ns3:atemp>
            <ns3:cad>0</ns3:cad>
          </ns3:TrackPointExtension>
        </extensions>
      </trkpt>
      <trkpt lat="43.15562582574784755706787109375" lon="-109.64085194282233715057373046875">
        <ele>3453.39990234375</ele>
        <time>2017-09-02T16:04:47.000Z</time>
        <extensions>
          <ns3:TrackPointExtension>
            <ns3:atemp>17.0</ns3:atemp>
            <ns3:cad>0</ns3:cad>
          </ns3:TrackPointExtension>
        </extensions>
      </trkpt>
      <trkpt lat="43.15569589845836162567138671875" lon="-109.6408337540924549102783203125">
        <ele>3454.39990234375</ele>
        <time>2017-09-02T16:05:07.000Z</time>
        <extensions>
          <ns3:TrackPointExtension>
            <ns3:atemp>17.0</ns3:atemp>
            <ns3:cad>0</ns3:cad>
          </ns3:TrackPointExtension>
        </extensions>
      </trkpt>
      <trkpt lat="43.15582573413848876953125" lon="-109.640741050243377685546875">
        <ele>3454.39990234375</ele>
        <time>2017-09-02T16:05:32.000Z</time>
        <extensions>
          <ns3:TrackPointExtension>
            <ns3:atemp>17.0</ns3:atemp>
            <ns3:cad>0</ns3:cad>
          </ns3:TrackPointExtension>
        </extensions>
      </trkpt>
      <trkpt lat="43.1559083797037601470947265625" lon="-109.64067332446575164794921875">
        <ele>3455.39990234375</ele>
        <time>2017-09-02T16:05:49.000Z</time>
        <extensions>
          <ns3:TrackPointExtension>
            <ns3:atemp>17.0</ns3:atemp>
            <ns3:cad>61</ns3:cad>
          </ns3:TrackPointExtension>
        </extensions>
      </trkpt>
      <trkpt lat="43.1559771113097667694091796875" lon="-109.64044458232820034027099609375">
        <ele>3454.60009765625</ele>
        <time>2017-09-02T16:06:14.000Z</time>
        <extensions>
          <ns3:TrackPointExtension>
            <ns3:atemp>18.0</ns3:atemp>
            <ns3:cad>61</ns3:cad>
          </ns3:TrackPointExtension>
        </extensions>
      </trkpt>
      <trkpt lat="43.155974932014942169189453125" lon="-109.640385992825031280517578125">
        <ele>3454.39990234375</ele>
        <time>2017-09-02T16:06:18.000Z</time>
        <extensions>
          <ns3:TrackPointExtension>
            <ns3:atemp>18.0</ns3:atemp>
            <ns3:cad>61</ns3:cad>
          </ns3:TrackPointExtension>
        </extensions>
      </trkpt>
      <trkpt lat="43.156008459627628326416015625" lon="-109.6403268165886402130126953125">
        <ele>3454.39990234375</ele>
        <time>2017-09-02T16:06:23.000Z</time>
        <extensions>
          <ns3:TrackPointExtension>
            <ns3:atemp>18.0</ns3:atemp>
            <ns3:cad>0</ns3:cad>
          </ns3:TrackPointExtension>
        </extensions>
      </trkpt>
      <trkpt lat="43.15601642243564128875732421875" lon="-109.64030879549682140350341796875">
        <ele>3454.39990234375</ele>
        <time>2017-09-02T16:06:25.000Z</time>
        <extensions>
          <ns3:TrackPointExtension>
            <ns3:atemp>18.0</ns3:atemp>
            <ns3:cad>0</ns3:cad>
          </ns3:TrackPointExtension>
        </extensions>
      </trkpt>
      <trkpt lat="43.15602396614849567413330078125" lon="-109.6402889303863048553466796875">
        <ele>3454.39990234375</ele>
        <time>2017-09-02T16:06:27.000Z</time>
        <extensions>
          <ns3:TrackPointExtension>
            <ns3:atemp>18.0</ns3:atemp>
            <ns3:cad>0</ns3:cad>
          </ns3:TrackPointExtension>
        </extensions>
      </trkpt>
      <trkpt lat="43.15603821538388729095458984375" lon="-109.64023612439632415771484375">
        <ele>3454</ele>
        <time>2017-09-02T16:06:32.000Z</time>
        <extensions>
          <ns3:TrackPointExtension>
            <ns3:atemp>18.0</ns3:atemp>
            <ns3:cad>61</ns3:cad>
          </ns3:TrackPointExtension>
        </extensions>
      </trkpt>
      <trkpt lat="43.15604609437286853790283203125" lon="-109.6402134932577610015869140625">
        <ele>3453.800048828125</ele>
        <time>2017-09-02T16:06:34.000Z</time>
        <extensions>
          <ns3:TrackPointExtension>
            <ns3:atemp>18.0</ns3:atemp>
            <ns3:cad>0</ns3:cad>
          </ns3:TrackPointExtension>
        </extensions>
      </trkpt>
      <trkpt lat="43.15606201998889446258544921875" lon="-109.64019245468080043792724609375">
        <ele>3454</ele>
        <time>2017-09-02T16:06:36.000Z</time>
        <extensions>
          <ns3:TrackPointExtension>
            <ns3:atemp>18.0</ns3:atemp>
            <ns3:cad>0</ns3:cad>
          </ns3:TrackPointExtension>
        </extensions>
      </trkpt>
      <trkpt lat="43.15604056231677532196044921875" lon="-109.64019329287111759185791015625">
        <ele>3454.39990234375</ele>
        <time>2017-09-02T16:06:40.000Z</time>
        <extensions>
          <ns3:TrackPointExtension>
            <ns3:atemp>18.0</ns3:atemp>
            <ns3:cad>0</ns3:cad>
          </ns3:TrackPointExtension>
        </extensions>
      </trkpt>
      <trkpt lat="43.1560113094747066497802734375" lon="-109.64017066173255443572998046875">
        <ele>3454.39990234375</ele>
        <time>2017-09-02T16:06:47.000Z</time>
        <extensions>
          <ns3:TrackPointExtension>
            <ns3:atemp>18.0</ns3:atemp>
            <ns3:cad>0</ns3:cad>
          </ns3:TrackPointExtension>
        </extensions>
      </trkpt>
      <trkpt lat="43.15600066445767879486083984375" lon="-109.64019052684307098388671875">
        <ele>3454.39990234375</ele>
        <time>2017-09-02T16:06:51.000Z</time>
        <extensions>
          <ns3:TrackPointExtension>
            <ns3:atemp>18.0</ns3:atemp>
            <ns3:cad>0</ns3:cad>
          </ns3:TrackPointExtension>
        </extensions>
      </trkpt>
      <trkpt lat="43.15601826645433902740478515625" lon="-109.64018541388213634490966796875">
        <ele>3454.199951171875</ele>
        <time>2017-09-02T16:06:53.000Z</time>
        <extensions>
          <ns3:TrackPointExtension>
            <ns3:atemp>18.0</ns3:atemp>
            <ns3:cad>61</ns3:cad>
          </ns3:TrackPointExtension>
        </extensions>
      </trkpt>
      <trkpt lat="43.1560817174613475799560546875" lon="-109.64010058902204036712646484375">
        <ele>3454.39990234375</ele>
        <time>2017-09-02T16:07:17.000Z</time>
        <extensions>
          <ns3:TrackPointExtension>
            <ns3:atemp>18.0</ns3:atemp>
            <ns3:cad>0</ns3:cad>
          </ns3:TrackPointExtension>
        </extensions>
      </trkpt>
      <trkpt lat="43.15611968748271465301513671875" lon="-109.6400673128664493560791015625">
        <ele>3454.199951171875</ele>
        <time>2017-09-02T16:07:21.000Z</time>
        <extensions>
          <ns3:TrackPointExtension>
            <ns3:atemp>18.0</ns3:atemp>
            <ns3:cad>0</ns3:cad>
          </ns3:TrackPointExtension>
        </extensions>
      </trkpt>
      <trkpt lat="43.156125806272029876708984375" lon="-109.64006069116294384002685546875">
        <ele>3454.199951171875</ele>
        <time>2017-09-02T16:07:22.000Z</time>
        <extensions>
          <ns3:TrackPointExtension>
            <ns3:atemp>18.0</ns3:atemp>
            <ns3:cad>0</ns3:cad>
          </ns3:TrackPointExtension>
        </extensions>
      </trkpt>
      <trkpt lat="43.15612907521426677703857421875" lon="-109.64005767367780208587646484375">
        <ele>3454</ele>
        <time>2017-09-02T16:07:23.000Z</time>
        <extensions>
          <ns3:TrackPointExtension>
            <ns3:atemp>18.0</ns3:atemp>
            <ns3:cad>0</ns3:cad>
          </ns3:TrackPointExtension>
        </extensions>
      </trkpt>
      <trkpt lat="43.15623183734714984893798828125" lon="-109.63992926292121410369873046875">
        <ele>3454.60009765625</ele>
        <time>2017-09-02T16:07:45.000Z</time>
        <extensions>
          <ns3:TrackPointExtension>
            <ns3:atemp>18.0</ns3:atemp>
            <ns3:cad>61</ns3:cad>
          </ns3:TrackPointExtension>
        </extensions>
      </trkpt>
      <trkpt lat="43.156249187886714935302734375" lon="-109.6398896165192127227783203125">
        <ele>3454.39990234375</ele>
        <time>2017-09-02T16:07:49.000Z</time>
        <extensions>
          <ns3:TrackPointExtension>
            <ns3:atemp>18.0</ns3:atemp>
            <ns3:cad>61</ns3:cad>
          </ns3:TrackPointExtension>
        </extensions>
      </trkpt>
      <trkpt lat="43.1562681309878826141357421875" lon="-109.6398812346160411834716796875">
        <ele>3454.60009765625</ele>
        <time>2017-09-02T16:07:52.000Z</time>
        <extensions>
          <ns3:TrackPointExtension>
            <ns3:atemp>18.0</ns3:atemp>
            <ns3:cad>61</ns3:cad>
          </ns3:TrackPointExtension>
        </extensions>
      </trkpt>
      <trkpt lat="43.156330324709415435791015625" lon="-109.6397538296878337860107421875">
        <ele>3455.60009765625</ele>
        <time>2017-09-02T16:08:07.000Z</time>
        <extensions>
          <ns3:TrackPointExtension>
            <ns3:atemp>18.0</ns3:atemp>
            <ns3:cad>0</ns3:cad>
          </ns3:TrackPointExtension>
        </extensions>
      </trkpt>
      <trkpt lat="43.15638455562293529510498046875" lon="-109.63966925628483295440673828125">
        <ele>3456.60009765625</ele>
        <time>2017-09-02T16:08:19.000Z</time>
        <extensions>
          <ns3:TrackPointExtension>
            <ns3:atemp>18.0</ns3:atemp>
            <ns3:cad>0</ns3:cad>
          </ns3:TrackPointExtension>
        </extensions>
      </trkpt>
      <trkpt lat="43.15643266774713993072509765625" lon="-109.6396059729158878326416015625">
        <ele>3457.60009765625</ele>
        <time>2017-09-02T16:08:36.000Z</time>
        <extensions>
          <ns3:TrackPointExtension>
            <ns3:atemp>18.0</ns3:atemp>
            <ns3:cad>0</ns3:cad>
          </ns3:TrackPointExtension>
        </extensions>
      </trkpt>
      <trkpt lat="43.15650927834212779998779296875" lon="-109.63958694599568843841552734375">
        <ele>3458.800048828125</ele>
        <time>2017-09-02T16:08:51.000Z</time>
        <extensions>
          <ns3:TrackPointExtension>
            <ns3:atemp>18.0</ns3:atemp>
            <ns3:cad>0</ns3:cad>
          </ns3:TrackPointExtension>
        </extensions>
      </trkpt>
      <trkpt lat="43.15665227361023426055908203125" lon="-109.63956247083842754364013671875">
        <ele>3459.800048828125</ele>
        <time>2017-09-02T16:09:14.000Z</time>
        <extensions>
          <ns3:TrackPointExtension>
            <ns3:atemp>18.0</ns3:atemp>
            <ns3:cad>61</ns3:cad>
          </ns3:TrackPointExtension>
        </extensions>
      </trkpt>
      <trkpt lat="43.156697116792201995849609375" lon="-109.63956146501004695892333984375">
        <ele>3460.800048828125</ele>
        <time>2017-09-02T16:09:22.000Z</time>
        <extensions>
          <ns3:TrackPointExtension>
            <ns3:atemp>18.0</ns3:atemp>
            <ns3:cad>66</ns3:cad>
          </ns3:TrackPointExtension>
        </extensions>
      </trkpt>
      <trkpt lat="43.1567914970219135284423828125" lon="-109.63955258019268512725830078125">
        <ele>3462</ele>
        <time>2017-09-02T16:09:40.000Z</time>
        <extensions>
          <ns3:TrackPointExtension>
            <ns3:atemp>18.0</ns3:atemp>
            <ns3:cad>0</ns3:cad>
          </ns3:TrackPointExtension>
        </extensions>
      </trkpt>
      <trkpt lat="43.15686307847499847412109375" lon="-109.6395541727542877197265625">
        <ele>3463</ele>
        <time>2017-09-02T16:09:54.000Z</time>
        <extensions>
          <ns3:TrackPointExtension>
            <ns3:atemp>18.0</ns3:atemp>
            <ns3:cad>0</ns3:cad>
          </ns3:TrackPointExtension>
        </extensions>
      </trkpt>
      <trkpt lat="43.15692736767232418060302734375" lon="-109.639528356492519378662109375">
        <ele>3464</ele>
        <time>2017-09-02T16:10:08.000Z</time>
        <extensions>
          <ns3:TrackPointExtension>
            <ns3:atemp>18.0</ns3:atemp>
            <ns3:cad>61</ns3:cad>
          </ns3:TrackPointExtension>
        </extensions>
      </trkpt>
      <trkpt lat="43.1569423712790012359619140625" lon="-109.6395020373165607452392578125">
        <ele>3465</ele>
        <time>2017-09-02T16:10:34.000Z</time>
        <extensions>
          <ns3:TrackPointExtension>
            <ns3:atemp>18.0</ns3:atemp>
            <ns3:cad>0</ns3:cad>
          </ns3:TrackPointExtension>
        </extensions>
      </trkpt>
      <trkpt lat="43.1568785011768341064453125" lon="-109.6394993551075458526611328125">
        <ele>3465</ele>
        <time>2017-09-02T16:10:37.000Z</time>
        <extensions>
          <ns3:TrackPointExtension>
            <ns3:atemp>18.0</ns3:atemp>
            <ns3:cad>0</ns3:cad>
          </ns3:TrackPointExtension>
        </extensions>
      </trkpt>
      <trkpt lat="43.15698386169970035552978515625" lon="-109.639468677341938018798828125">
        <ele>3465.199951171875</ele>
        <time>2017-09-02T16:10:46.000Z</time>
        <extensions>
          <ns3:TrackPointExtension>
            <ns3:atemp>18.0</ns3:atemp>
            <ns3:cad>0</ns3:cad>
          </ns3:TrackPointExtension>
        </extensions>
      </trkpt>
      <trkpt lat="43.15708846785128116607666015625" lon="-109.63934336788952350616455078125">
        <ele>3466</ele>
        <time>2017-09-02T16:11:13.000Z</time>
        <extensions>
          <ns3:TrackPointExtension>
            <ns3:atemp>18.0</ns3:atemp>
            <ns3:cad>0</ns3:cad>
          </ns3:TrackPointExtension>
        </extensions>
      </trkpt>
      <trkpt lat="43.1571220792829990386962890625" lon="-109.63930313475430011749267578125">
        <ele>3467.199951171875</ele>
        <time>2017-09-02T16:11:24.000Z</time>
        <extensions>
          <ns3:TrackPointExtension>
            <ns3:atemp>18.0</ns3:atemp>
            <ns3:cad>0</ns3:cad>
          </ns3:TrackPointExtension>
        </extensions>
      </trkpt>
      <trkpt lat="43.15717220306396484375" lon="-109.639248065650463104248046875">
        <ele>3468.199951171875</ele>
        <time>2017-09-02T16:11:36.000Z</time>
        <extensions>
          <ns3:TrackPointExtension>
            <ns3:atemp>18.0</ns3:atemp>
            <ns3:cad>61</ns3:cad>
          </ns3:TrackPointExtension>
        </extensions>
      </trkpt>
      <trkpt lat="43.15725510008633136749267578125" lon="-109.63915578089654445648193359375">
        <ele>3469.199951171875</ele>
        <time>2017-09-02T16:11:56.000Z</time>
        <extensions>
          <ns3:TrackPointExtension>
            <ns3:atemp>18.0</ns3:atemp>
            <ns3:cad>0</ns3:cad>
          </ns3:TrackPointExtension>
        </extensions>
      </trkpt>
      <trkpt lat="43.15727211534976959228515625" lon="-109.63910481892526149749755859375">
        <ele>3470.199951171875</ele>
        <time>2017-09-02T16:12:03.000Z</time>
        <extensions>
          <ns3:TrackPointExtension>
            <ns3:atemp>18.0</ns3:atemp>
            <ns3:cad>61</ns3:cad>
          </ns3:TrackPointExtension>
        </extensions>
      </trkpt>
      <trkpt lat="43.15730840899050235748291015625" lon="-109.63899468071758747100830078125">
        <ele>3471.199951171875</ele>
        <time>2017-09-02T16:12:31.000Z</time>
        <extensions>
          <ns3:TrackPointExtension>
            <ns3:atemp>18.0</ns3:atemp>
            <ns3:cad>0</ns3:cad>
          </ns3:TrackPointExtension>
        </extensions>
      </trkpt>
      <trkpt lat="43.15735568292438983917236328125" lon="-109.63893936015665531158447265625">
        <ele>3472.39990234375</ele>
        <time>2017-09-02T16:12:41.000Z</time>
        <extensions>
          <ns3:TrackPointExtension>
            <ns3:atemp>19.0</ns3:atemp>
            <ns3:cad>0</ns3:cad>
          </ns3:TrackPointExtension>
        </extensions>
      </trkpt>
      <trkpt lat="43.15737848170101642608642578125" lon="-109.63890432380139827728271484375">
        <ele>3473.39990234375</ele>
        <time>2017-09-02T16:12:55.000Z</time>
        <extensions>
          <ns3:TrackPointExtension>
            <ns3:atemp>19.0</ns3:atemp>
            <ns3:cad>0</ns3:cad>
          </ns3:TrackPointExtension>
        </extensions>
      </trkpt>
      <trkpt lat="43.15741720609366893768310546875" lon="-109.6388723887503147125244140625">
        <ele>3474.39990234375</ele>
        <time>2017-09-02T16:13:08.000Z</time>
        <extensions>
          <ns3:TrackPointExtension>
            <ns3:atemp>19.0</ns3:atemp>
            <ns3:cad>0</ns3:cad>
          </ns3:TrackPointExtension>
        </extensions>
      </trkpt>
      <trkpt lat="43.1574446149170398712158203125" lon="-109.6388294734060764312744140625">
        <ele>3475.60009765625</ele>
        <time>2017-09-02T16:13:20.000Z</time>
        <extensions>
          <ns3:TrackPointExtension>
            <ns3:atemp>19.0</ns3:atemp>
            <ns3:cad>0</ns3:cad>
          </ns3:TrackPointExtension>
        </extensions>
      </trkpt>
      <trkpt lat="43.15748375840485095977783203125" lon="-109.6387838758528232574462890625">
        <ele>3476.60009765625</ele>
        <time>2017-09-02T16:13:29.000Z</time>
        <extensions>
          <ns3:TrackPointExtension>
            <ns3:atemp>19.0</ns3:atemp>
            <ns3:cad>0</ns3:cad>
          </ns3:TrackPointExtension>
        </extensions>
      </trkpt>
      <trkpt lat="43.15750119276344776153564453125" lon="-109.638772644102573394775390625">
        <ele>3477.60009765625</ele>
        <time>2017-09-02T16:13:36.000Z</time>
        <extensions>
          <ns3:TrackPointExtension>
            <ns3:atemp>19.0</ns3:atemp>
            <ns3:cad>0</ns3:cad>
          </ns3:TrackPointExtension>
        </extensions>
      </trkpt>
      <trkpt lat="43.15753270871937274932861328125" lon="-109.63866728357970714569091796875">
        <ele>3478.800048828125</ele>
        <time>2017-09-02T16:14:02.000Z</time>
        <extensions>
          <ns3:TrackPointExtension>
            <ns3:atemp>19.0</ns3:atemp>
            <ns3:cad>0</ns3:cad>
          </ns3:TrackPointExtension>
        </extensions>
      </trkpt>
      <trkpt lat="43.1575391627848148345947265625" lon="-109.638627134263515472412109375">
        <ele>3479.800048828125</ele>
        <time>2017-09-02T16:14:16.000Z</time>
        <extensions>
          <ns3:TrackPointExtension>
            <ns3:atemp>19.0</ns3:atemp>
            <ns3:cad>0</ns3:cad>
          </ns3:TrackPointExtension>
        </extensions>
      </trkpt>
      <trkpt lat="43.1575465388596057891845703125" lon="-109.63861397467553615570068359375">
        <ele>3480.800048828125</ele>
        <time>2017-09-02T16:14:19.000Z</time>
        <extensions>
          <ns3:TrackPointExtension>
            <ns3:atemp>19.0</ns3:atemp>
            <ns3:cad>48</ns3:cad>
          </ns3:TrackPointExtension>
        </extensions>
      </trkpt>
      <trkpt lat="43.15756984055042266845703125" lon="-109.63856837712228298187255859375">
        <ele>3481.800048828125</ele>
        <time>2017-09-02T16:14:38.000Z</time>
        <extensions>
          <ns3:TrackPointExtension>
            <ns3:atemp>19.0</ns3:atemp>
            <ns3:cad>0</ns3:cad>
          </ns3:TrackPointExtension>
        </extensions>
      </trkpt>
      <trkpt lat="43.1575733609497547149658203125" lon="-109.63852998800575733184814453125">
        <ele>3482.800048828125</ele>
        <time>2017-09-02T16:15:53.000Z</time>
        <extensions>
          <ns3:TrackPointExtension>
            <ns3:atemp>19.0</ns3:atemp>
            <ns3:cad>0</ns3:cad>
          </ns3:TrackPointExtension>
        </extensions>
      </trkpt>
      <trkpt lat="43.1575946509838104248046875" lon="-109.63850475847721099853515625">
        <ele>3484</ele>
        <time>2017-09-02T16:16:00.000Z</time>
        <extensions>
          <ns3:TrackPointExtension>
            <ns3:atemp>19.0</ns3:atemp>
            <ns3:cad>0</ns3:cad>
          </ns3:TrackPointExtension>
        </extensions>
      </trkpt>
      <trkpt lat="43.1576166115701198577880859375" lon="-109.6384935267269611358642578125">
        <ele>3485</ele>
        <time>2017-09-02T16:16:23.000Z</time>
        <extensions>
          <ns3:TrackPointExtension>
            <ns3:atemp>19.0</ns3:atemp>
            <ns3:cad>0</ns3:cad>
          </ns3:TrackPointExtension>
        </extensions>
      </trkpt>
      <trkpt lat="43.15761736594140529632568359375" lon="-109.638490341603755950927734375">
        <ele>3484.199951171875</ele>
        <time>2017-09-02T16:17:20.000Z</time>
        <extensions>
          <ns3:TrackPointExtension>
            <ns3:atemp>20.0</ns3:atemp>
            <ns3:cad>0</ns3:cad>
          </ns3:TrackPointExtension>
        </extensions>
      </trkpt>
      <trkpt lat="43.15761334262788295745849609375" lon="-109.6384915150701999664306640625">
        <ele>3484</ele>
        <time>2017-09-02T16:17:24.000Z</time>
        <extensions>
          <ns3:TrackPointExtension>
            <ns3:atemp>20.0</ns3:atemp>
            <ns3:cad>0</ns3:cad>
          </ns3:TrackPointExtension>
        </extensions>
      </trkpt>
      <trkpt lat="43.1575562618672847747802734375" lon="-109.638475589454174041748046875">
        <ele>3485.39990234375</ele>
        <time>2017-09-02T16:17:37.000Z</time>
        <extensions>
          <ns3:TrackPointExtension>
            <ns3:atemp>20.0</ns3:atemp>
            <ns3:cad>61</ns3:cad>
          </ns3:TrackPointExtension>
        </extensions>
      </trkpt>
      <trkpt lat="43.1575934775173664093017578125" lon="-109.63844885118305683135986328125">
        <ele>3484.800048828125</ele>
        <time>2017-09-02T16:17:42.000Z</time>
        <extensions>
          <ns3:TrackPointExtension>
            <ns3:atemp>20.0</ns3:atemp>
            <ns3:cad>61</ns3:cad>
          </ns3:TrackPointExtension>
        </extensions>
      </trkpt>
      <trkpt lat="43.15761015750467777252197265625" lon="-109.6384398825466632843017578125">
        <ele>3485</ele>
        <time>2017-09-02T16:17:44.000Z</time>
        <extensions>
          <ns3:TrackPointExtension>
            <ns3:atemp>20.0</ns3:atemp>
            <ns3:cad>0</ns3:cad>
          </ns3:TrackPointExtension>
        </extensions>
      </trkpt>
      <trkpt lat="43.157645277678966522216796875" lon="-109.63839747011661529541015625">
        <ele>3486.39990234375</ele>
        <time>2017-09-02T16:17:58.000Z</time>
        <extensions>
          <ns3:TrackPointExtension>
            <ns3:atemp>20.0</ns3:atemp>
            <ns3:cad>0</ns3:cad>
          </ns3:TrackPointExtension>
        </extensions>
      </trkpt>
      <trkpt lat="43.15765776671469211578369140625" lon="-109.6383389644324779510498046875">
        <ele>3487.39990234375</ele>
        <time>2017-09-02T16:18:11.000Z</time>
        <extensions>
          <ns3:TrackPointExtension>
            <ns3:atemp>20.0</ns3:atemp>
            <ns3:cad>0</ns3:cad>
          </ns3:TrackPointExtension>
        </extensions>
      </trkpt>
      <trkpt lat="43.15771426074206829071044921875" lon="-109.63833041489124298095703125">
        <ele>3488.60009765625</ele>
        <time>2017-09-02T16:19:02.000Z</time>
        <extensions>
          <ns3:TrackPointExtension>
            <ns3:atemp>20.0</ns3:atemp>
            <ns3:cad>0</ns3:cad>
          </ns3:TrackPointExtension>
        </extensions>
      </trkpt>
      <trkpt lat="43.157656006515026092529296875" lon="-109.6383644454181194305419921875">
        <ele>3487</ele>
        <time>2017-09-02T16:19:24.000Z</time>
        <extensions>
          <ns3:TrackPointExtension>
            <ns3:atemp>20.0</ns3:atemp>
            <ns3:cad>0</ns3:cad>
          </ns3:TrackPointExtension>
        </extensions>
      </trkpt>
      <trkpt lat="43.15771459601819515228271484375" lon="-109.63834390975534915924072265625">
        <ele>3488.60009765625</ele>
        <time>2017-09-02T16:19:35.000Z</time>
        <extensions>
          <ns3:TrackPointExtension>
            <ns3:atemp>20.0</ns3:atemp>
            <ns3:cad>0</ns3:cad>
          </ns3:TrackPointExtension>
        </extensions>
      </trkpt>
      <trkpt lat="43.15774242393672466278076171875" lon="-109.6382962167263031005859375">
        <ele>3488.60009765625</ele>
        <time>2017-09-02T16:19:42.000Z</time>
        <extensions>
          <ns3:TrackPointExtension>
            <ns3:atemp>20.0</ns3:atemp>
            <ns3:cad>61</ns3:cad>
          </ns3:TrackPointExtension>
        </extensions>
      </trkpt>
      <trkpt lat="43.15770135261118412017822265625" lon="-109.63832697831094264984130859375">
        <ele>3488.60009765625</ele>
        <time>2017-09-02T16:20:42.000Z</time>
        <extensions>
          <ns3:TrackPointExtension>
            <ns3:atemp>20.0</ns3:atemp>
            <ns3:cad>61</ns3:cad>
          </ns3:TrackPointExtension>
        </extensions>
      </trkpt>
      <trkpt lat="43.15767520107328891754150390625" lon="-109.63834516704082489013671875">
        <ele>3487</ele>
        <time>2017-09-02T16:21:07.000Z</time>
        <extensions>
          <ns3:TrackPointExtension>
            <ns3:atemp>20.0</ns3:atemp>
            <ns3:cad>0</ns3:cad>
          </ns3:TrackPointExtension>
        </extensions>
      </trkpt>
      <trkpt lat="43.1577178649604320526123046875" lon="-109.63831373490393161773681640625">
        <ele>3488.60009765625</ele>
        <time>2017-09-02T16:21:19.000Z</time>
        <extensions>
          <ns3:TrackPointExtension>
            <ns3:atemp>20.0</ns3:atemp>
            <ns3:cad>0</ns3:cad>
          </ns3:TrackPointExtension>
        </extensions>
      </trkpt>
      <trkpt lat="43.1577423401176929473876953125" lon="-109.63828205130994319915771484375">
        <ele>3489.39990234375</ele>
        <time>2017-09-02T16:21:21.000Z</time>
        <extensions>
          <ns3:TrackPointExtension>
            <ns3:atemp>20.0</ns3:atemp>
            <ns3:cad>0</ns3:cad>
          </ns3:TrackPointExtension>
        </extensions>
      </trkpt>
      <trkpt lat="43.15765877254307270050048828125" lon="-109.63836050592362880706787109375">
        <ele>3487</ele>
        <time>2017-09-02T16:22:12.000Z</time>
        <extensions>
          <ns3:TrackPointExtension>
            <ns3:atemp>20.0</ns3:atemp>
            <ns3:cad>0</ns3:cad>
          </ns3:TrackPointExtension>
        </extensions>
      </trkpt>
      <trkpt lat="43.157735802233219146728515625" lon="-109.63834340684115886688232421875">
        <ele>3487.199951171875</ele>
        <time>2017-09-02T16:23:09.000Z</time>
        <extensions>
          <ns3:TrackPointExtension>
            <ns3:atemp>20.0</ns3:atemp>
            <ns3:cad>0</ns3:cad>
          </ns3:TrackPointExtension>
        </extensions>
      </trkpt>
      <trkpt lat="43.1576729379594326019287109375" lon="-109.63835447095334529876708984375">
        <ele>3487</ele>
        <time>2017-09-02T16:23:23.000Z</time>
        <extensions>
          <ns3:TrackPointExtension>
            <ns3:atemp>20.0</ns3:atemp>
            <ns3:cad>0</ns3:cad>
          </ns3:TrackPointExtension>
        </extensions>
      </trkpt>
      <trkpt lat="43.1576997600495815277099609375" lon="-109.6383329294621944427490234375">
        <ele>3488.60009765625</ele>
        <time>2017-09-02T16:23:26.000Z</time>
        <extensions>
          <ns3:TrackPointExtension>
            <ns3:atemp>20.0</ns3:atemp>
            <ns3:cad>0</ns3:cad>
          </ns3:TrackPointExtension>
        </extensions>
      </trkpt>
      <trkpt lat="43.1577047891914844512939453125" lon="-109.63833636604249477386474609375">
        <ele>3489</ele>
        <time>2017-09-02T16:23:28.000Z</time>
        <extensions>
          <ns3:TrackPointExtension>
            <ns3:atemp>20.0</ns3:atemp>
            <ns3:cad>0</ns3:cad>
          </ns3:TrackPointExtension>
        </extensions>
      </trkpt>
      <trkpt lat="43.157710991799831390380859375" lon="-109.63830359280109405517578125">
        <ele>3488.199951171875</ele>
        <time>2017-09-02T16:23:38.000Z</time>
        <extensions>
          <ns3:TrackPointExtension>
            <ns3:atemp>20.0</ns3:atemp>
            <ns3:cad>62</ns3:cad>
          </ns3:TrackPointExtension>
        </extensions>
      </trkpt>
      <trkpt lat="43.15769330598413944244384765625" lon="-109.638309963047504425048828125">
        <ele>3488</ele>
        <time>2017-09-02T16:23:41.000Z</time>
        <extensions>
          <ns3:TrackPointExtension>
            <ns3:atemp>20.0</ns3:atemp>
            <ns3:cad>62</ns3:cad>
          </ns3:TrackPointExtension>
        </extensions>
      </trkpt>
      <trkpt lat="43.15769447945058345794677734375" lon="-109.63831298053264617919921875">
        <ele>3488</ele>
        <time>2017-09-02T16:23:43.000Z</time>
        <extensions>
          <ns3:TrackPointExtension>
            <ns3:atemp>20.0</ns3:atemp>
            <ns3:cad>62</ns3:cad>
          </ns3:TrackPointExtension>
        </extensions>
      </trkpt>
      <trkpt lat="43.1576980836689472198486328125" lon="-109.63830987922847270965576171875">
        <ele>3488.199951171875</ele>
        <time>2017-09-02T16:23:45.000Z</time>
        <extensions>
          <ns3:TrackPointExtension>
            <ns3:atemp>20.0</ns3:atemp>
            <ns3:cad>0</ns3:cad>
          </ns3:TrackPointExtension>
        </extensions>
      </trkpt>
      <trkpt lat="43.15775080583989620208740234375" lon="-109.63834650814533233642578125">
        <ele>3488.60009765625</ele>
        <time>2017-09-02T16:24:02.000Z</time>
        <extensions>
          <ns3:TrackPointExtension>
            <ns3:atemp>20.0</ns3:atemp>
            <ns3:cad>0</ns3:cad>
          </ns3:TrackPointExtension>
        </extensions>
      </trkpt>
      <trkpt lat="43.1577477045357227325439453125" lon="-109.63834743015468120574951171875">
        <ele>3488.60009765625</ele>
        <time>2017-09-02T16:24:04.000Z</time>
        <extensions>
          <ns3:TrackPointExtension>
            <ns3:atemp>20.0</ns3:atemp>
            <ns3:cad>61</ns3:cad>
          </ns3:TrackPointExtension>
        </extensions>
      </trkpt>
      <trkpt lat="43.157749213278293609619140625" lon="-109.6383123099803924560546875">
        <ele>3488.60009765625</ele>
        <time>2017-09-02T16:24:09.000Z</time>
        <extensions>
          <ns3:TrackPointExtension>
            <ns3:atemp>21.0</ns3:atemp>
            <ns3:cad>61</ns3:cad>
          </ns3:TrackPointExtension>
        </extensions>
      </trkpt>
      <trkpt lat="43.15774510614573955535888671875" lon="-109.63829395361244678497314453125">
        <ele>3488.800048828125</ele>
        <time>2017-09-02T16:24:11.000Z</time>
        <extensions>
          <ns3:TrackPointExtension>
            <ns3:atemp>21.0</ns3:atemp>
            <ns3:cad>0</ns3:cad>
          </ns3:TrackPointExtension>
        </extensions>
      </trkpt>
      <trkpt lat="43.15774125047028064727783203125" lon="-109.63826092891395092010498046875">
        <ele>3490</ele>
        <time>2017-09-02T16:24:15.000Z</time>
        <extensions>
          <ns3:TrackPointExtension>
            <ns3:atemp>21.0</ns3:atemp>
            <ns3:cad>0</ns3:cad>
          </ns3:TrackPointExtension>
        </extensions>
      </trkpt>
      <trkpt lat="43.15774284303188323974609375" lon="-109.63825724087655544281005859375">
        <ele>3490</ele>
        <time>2017-09-02T16:24:16.000Z</time>
        <extensions>
          <ns3:TrackPointExtension>
            <ns3:atemp>21.0</ns3:atemp>
            <ns3:cad>0</ns3:cad>
          </ns3:TrackPointExtension>
        </extensions>
      </trkpt>
      <trkpt lat="43.1577470339834690093994140625" lon="-109.6382484398782253265380859375">
        <ele>3490</ele>
        <time>2017-09-02T16:24:18.000Z</time>
        <extensions>
          <ns3:TrackPointExtension>
            <ns3:atemp>21.0</ns3:atemp>
            <ns3:cad>0</ns3:cad>
          </ns3:TrackPointExtension>
        </extensions>
      </trkpt>
      <trkpt lat="43.15775399096310138702392578125" lon="-109.63823427446186542510986328125">
        <ele>3490.39990234375</ele>
        <time>2017-09-02T16:24:22.000Z</time>
        <extensions>
          <ns3:TrackPointExtension>
            <ns3:atemp>21.0</ns3:atemp>
            <ns3:cad>0</ns3:cad>
          </ns3:TrackPointExtension>
        </extensions>
      </trkpt>
      <trkpt lat="43.1577627919614315032958984375" lon="-109.63822572492063045501708984375">
        <ele>3491.199951171875</ele>
        <time>2017-09-02T16:24:28.000Z</time>
        <extensions>
          <ns3:TrackPointExtension>
            <ns3:atemp>21.0</ns3:atemp>
            <ns3:cad>0</ns3:cad>
          </ns3:TrackPointExtension>
        </extensions>
      </trkpt>
      <trkpt lat="43.15780327655375003814697265625" lon="-109.63817459531128406524658203125">
        <ele>3492.199951171875</ele>
        <time>2017-09-02T16:24:39.000Z</time>
        <extensions>
          <ns3:TrackPointExtension>
            <ns3:atemp>21.0</ns3:atemp>
            <ns3:cad>61</ns3:cad>
          </ns3:TrackPointExtension>
        </extensions>
      </trkpt>
      <trkpt lat="43.1578248180449008941650390625" lon="-109.63816252537071704864501953125">
        <ele>3493.199951171875</ele>
        <time>2017-09-02T16:24:45.000Z</time>
        <extensions>
          <ns3:TrackPointExtension>
            <ns3:atemp>21.0</ns3:atemp>
            <ns3:cad>0</ns3:cad>
          </ns3:TrackPointExtension>
        </extensions>
      </trkpt>
      <trkpt lat="43.15788575448095798492431640625" lon="-109.63815615512430667877197265625">
        <ele>3494.199951171875</ele>
        <time>2017-09-02T16:24:56.000Z</time>
        <extensions>
          <ns3:TrackPointExtension>
            <ns3:atemp>21.0</ns3:atemp>
            <ns3:cad>0</ns3:cad>
          </ns3:TrackPointExtension>
        </extensions>
      </trkpt>
      <trkpt lat="43.1579012610018253326416015625" lon="-109.6381626091897487640380859375">
        <ele>3495.199951171875</ele>
        <time>2017-09-02T16:25:03.000Z</time>
        <extensions>
          <ns3:TrackPointExtension>
            <ns3:atemp>21.0</ns3:atemp>
            <ns3:cad>0</ns3:cad>
          </ns3:TrackPointExtension>
        </extensions>
      </trkpt>
      <trkpt lat="43.1579414941370487213134765625" lon="-109.638142324984073638916015625">
        <ele>3496.39990234375</ele>
        <time>2017-09-02T16:25:18.000Z</time>
        <extensions>
          <ns3:TrackPointExtension>
            <ns3:atemp>21.0</ns3:atemp>
            <ns3:cad>0</ns3:cad>
          </ns3:TrackPointExtension>
        </extensions>
      </trkpt>
      <trkpt lat="43.15795339643955230712890625" lon="-109.63811877183616161346435546875">
        <ele>3497.39990234375</ele>
        <time>2017-09-02T16:25:24.000Z</time>
        <extensions>
          <ns3:TrackPointExtension>
            <ns3:atemp>21.0</ns3:atemp>
            <ns3:cad>62</ns3:cad>
          </ns3:TrackPointExtension>
        </extensions>
      </trkpt>
      <trkpt lat="43.15798549912869930267333984375" lon="-109.638104774057865142822265625">
        <ele>3498.39990234375</ele>
        <time>2017-09-02T16:25:52.000Z</time>
        <extensions>
          <ns3:TrackPointExtension>
            <ns3:atemp>21.0</ns3:atemp>
            <ns3:cad>0</ns3:cad>
          </ns3:TrackPointExtension>
        </extensions>
      </trkpt>
      <trkpt lat="43.1580276601016521453857421875" lon="-109.6381062828004360198974609375">
        <ele>3499.60009765625</ele>
        <time>2017-09-02T16:26:23.000Z</time>
        <extensions>
          <ns3:TrackPointExtension>
            <ns3:atemp>21.0</ns3:atemp>
            <ns3:cad>61</ns3:cad>
          </ns3:TrackPointExtension>
        </extensions>
      </trkpt>
      <trkpt lat="43.1580450944602489471435546875" lon="-109.6381025947630405426025390625">
        <ele>3500.60009765625</ele>
        <time>2017-09-02T16:26:32.000Z</time>
        <extensions>
          <ns3:TrackPointExtension>
            <ns3:atemp>21.0</ns3:atemp>
            <ns3:cad>61</ns3:cad>
          </ns3:TrackPointExtension>
        </extensions>
      </trkpt>
      <trkpt lat="43.15805641002953052520751953125" lon="-109.63812782429158687591552734375">
        <ele>3501.800048828125</ele>
        <time>2017-09-02T16:26:48.000Z</time>
        <extensions>
          <ns3:TrackPointExtension>
            <ns3:atemp>21.0</ns3:atemp>
            <ns3:cad>0</ns3:cad>
          </ns3:TrackPointExtension>
        </extensions>
      </trkpt>
      <trkpt lat="43.1580997444689273834228515625" lon="-109.6381488628685474395751953125">
        <ele>3503</ele>
        <time>2017-09-02T16:27:10.000Z</time>
        <extensions>
          <ns3:TrackPointExtension>
            <ns3:atemp>21.0</ns3:atemp>
            <ns3:cad>0</ns3:cad>
          </ns3:TrackPointExtension>
        </extensions>
      </trkpt>
      <trkpt lat="43.15812480635941028594970703125" lon="-109.63812790811061859130859375">
        <ele>3504</ele>
        <time>2017-09-02T16:27:20.000Z</time>
        <extensions>
          <ns3:TrackPointExtension>
            <ns3:atemp>21.0</ns3:atemp>
            <ns3:cad>0</ns3:cad>
          </ns3:TrackPointExtension>
        </extensions>
      </trkpt>
      <trkpt lat="43.1581450067460536956787109375" lon="-109.63813905604183673858642578125">
        <ele>3505</ele>
        <time>2017-09-02T16:27:29.000Z</time>
        <extensions>
          <ns3:TrackPointExtension>
            <ns3:atemp>21.0</ns3:atemp>
            <ns3:cad>0</ns3:cad>
          </ns3:TrackPointExtension>
        </extensions>
      </trkpt>
      <trkpt lat="43.15816973336040973663330078125" lon="-109.638149701058864593505859375">
        <ele>3506</ele>
        <time>2017-09-02T16:27:36.000Z</time>
        <extensions>
          <ns3:TrackPointExtension>
            <ns3:atemp>21.0</ns3:atemp>
            <ns3:cad>0</ns3:cad>
          </ns3:TrackPointExtension>
        </extensions>
      </trkpt>
      <trkpt lat="43.15820007584989070892333984375" lon="-109.6381341107189655303955078125">
        <ele>3507</ele>
        <time>2017-09-02T16:28:09.000Z</time>
        <extensions>
          <ns3:TrackPointExtension>
            <ns3:atemp>21.0</ns3:atemp>
            <ns3:cad>0</ns3:cad>
          </ns3:TrackPointExtension>
        </extensions>
      </trkpt>
      <trkpt lat="43.15822161734104156494140625" lon="-109.6381592564284801483154296875">
        <ele>3508.199951171875</ele>
        <time>2017-09-02T16:28:16.000Z</time>
        <extensions>
          <ns3:TrackPointExtension>
            <ns3:atemp>21.0</ns3:atemp>
            <ns3:cad>0</ns3:cad>
          </ns3:TrackPointExtension>
        </extensions>
      </trkpt>
      <trkpt lat="43.1582465954124927520751953125" lon="-109.6381877548992633819580078125">
        <ele>3509.199951171875</ele>
        <time>2017-09-02T16:28:24.000Z</time>
        <extensions>
          <ns3:TrackPointExtension>
            <ns3:atemp>21.0</ns3:atemp>
            <ns3:cad>0</ns3:cad>
          </ns3:TrackPointExtension>
        </extensions>
      </trkpt>
      <trkpt lat="43.15827283076941967010498046875" lon="-109.63820778764784336090087890625">
        <ele>3510.39990234375</ele>
        <time>2017-09-02T16:28:31.000Z</time>
        <extensions>
          <ns3:TrackPointExtension>
            <ns3:atemp>21.0</ns3:atemp>
            <ns3:cad>0</ns3:cad>
          </ns3:TrackPointExtension>
        </extensions>
      </trkpt>
      <trkpt lat="43.1582740880548954010009765625" lon="-109.63822203688323497772216796875">
        <ele>3511.39990234375</ele>
        <time>2017-09-02T16:28:45.000Z</time>
        <extensions>
          <ns3:TrackPointExtension>
            <ns3:atemp>21.0</ns3:atemp>
            <ns3:cad>0</ns3:cad>
          </ns3:TrackPointExtension>
        </extensions>
      </trkpt>
      <trkpt lat="43.1583347730338573455810546875" lon="-109.6381911076605319976806640625">
        <ele>3512.60009765625</ele>
        <time>2017-09-02T16:29:03.000Z</time>
        <extensions>
          <ns3:TrackPointExtension>
            <ns3:atemp>21.0</ns3:atemp>
            <ns3:cad>0</ns3:cad>
          </ns3:TrackPointExtension>
        </extensions>
      </trkpt>
      <trkpt lat="43.15836645662784576416015625" lon="-109.638199321925640106201171875">
        <ele>3513.800048828125</ele>
        <time>2017-09-02T16:29:13.000Z</time>
        <extensions>
          <ns3:TrackPointExtension>
            <ns3:atemp>21.0</ns3:atemp>
            <ns3:cad>0</ns3:cad>
          </ns3:TrackPointExtension>
        </extensions>
      </trkpt>
      <trkpt lat="43.15839185379445552825927734375" lon="-109.6381917782127857208251953125">
        <ele>3514.800048828125</ele>
        <time>2017-09-02T16:29:22.000Z</time>
        <extensions>
          <ns3:TrackPointExtension>
            <ns3:atemp>21.0</ns3:atemp>
            <ns3:cad>61</ns3:cad>
          </ns3:TrackPointExtension>
        </extensions>
      </trkpt>
      <trkpt lat="43.15841817297041416168212890625" lon="-109.63817392475903034210205078125">
        <ele>3515.800048828125</ele>
        <time>2017-09-02T16:29:32.000Z</time>
        <extensions>
          <ns3:TrackPointExtension>
            <ns3:atemp>21.0</ns3:atemp>
            <ns3:cad>0</ns3:cad>
          </ns3:TrackPointExtension>
        </extensions>
      </trkpt>
      <trkpt lat="43.158443905413150787353515625" lon="-109.63806831277906894683837890625">
        <ele>3516.800048828125</ele>
        <time>2017-09-02T16:29:45.000Z</time>
        <extensions>
          <ns3:TrackPointExtension>
            <ns3:atemp>21.0</ns3:atemp>
            <ns3:cad>0</ns3:cad>
          </ns3:TrackPointExtension>
        </extensions>
      </trkpt>
      <trkpt lat="43.158466704189777374267578125" lon="-109.6381217055022716522216796875">
        <ele>3517.800048828125</ele>
        <time>2017-09-02T16:30:00.000Z</time>
        <extensions>
          <ns3:TrackPointExtension>
            <ns3:atemp>21.0</ns3:atemp>
            <ns3:cad>0</ns3:cad>
          </ns3:TrackPointExtension>
        </extensions>
      </trkpt>
      <trkpt lat="43.15848321653902530670166015625" lon="-109.63812279514968395233154296875">
        <ele>3519</ele>
        <time>2017-09-02T16:30:29.000Z</time>
        <extensions>
          <ns3:TrackPointExtension>
            <ns3:atemp>21.0</ns3:atemp>
            <ns3:cad>0</ns3:cad>
          </ns3:TrackPointExtension>
        </extensions>
      </trkpt>
      <trkpt lat="43.15849411301314830780029296875" lon="-109.63813352398574352264404296875">
        <ele>3520</ele>
        <time>2017-09-02T16:30:33.000Z</time>
        <extensions>
          <ns3:TrackPointExtension>
            <ns3:atemp>21.0</ns3:atemp>
            <ns3:cad>0</ns3:cad>
          </ns3:TrackPointExtension>
        </extensions>
      </trkpt>
      <trkpt lat="43.1585288979113101959228515625" lon="-109.638132266700267791748046875">
        <ele>3521</ele>
        <time>2017-09-02T16:30:42.000Z</time>
        <extensions>
          <ns3:TrackPointExtension>
            <ns3:atemp>21.0</ns3:atemp>
            <ns3:cad>0</ns3:cad>
          </ns3:TrackPointExtension>
        </extensions>
      </trkpt>
      <trkpt lat="43.15856301225721836090087890625" lon="-109.63813335634768009185791015625">
        <ele>3522</ele>
        <time>2017-09-02T16:30:50.000Z</time>
        <extensions>
          <ns3:TrackPointExtension>
            <ns3:atemp>21.0</ns3:atemp>
            <ns3:cad>0</ns3:cad>
          </ns3:TrackPointExtension>
        </extensions>
      </trkpt>
      <trkpt lat="43.15860358066856861114501953125" lon="-109.63813788257539272308349609375">
        <ele>3523</ele>
        <time>2017-09-02T16:30:58.000Z</time>
        <extensions>
          <ns3:TrackPointExtension>
            <ns3:atemp>21.0</ns3:atemp>
            <ns3:cad>0</ns3:cad>
          </ns3:TrackPointExtension>
        </extensions>
      </trkpt>
      <trkpt lat="43.15863207913935184478759765625" lon="-109.6381250582635402679443359375">
        <ele>3524</ele>
        <time>2017-09-02T16:31:06.000Z</time>
        <extensions>
          <ns3:TrackPointExtension>
            <ns3:atemp>21.0</ns3:atemp>
            <ns3:cad>61</ns3:cad>
          </ns3:TrackPointExtension>
        </extensions>
      </trkpt>
      <trkpt lat="43.15867046825587749481201171875" lon="-109.63814022950828075408935546875">
        <ele>3525</ele>
        <time>2017-09-02T16:31:22.000Z</time>
        <extensions>
          <ns3:TrackPointExtension>
            <ns3:atemp>21.0</ns3:atemp>
            <ns3:cad>0</ns3:cad>
          </ns3:TrackPointExtension>
        </extensions>
      </trkpt>
      <trkpt lat="43.158687986433506011962890625" lon="-109.638131596148014068603515625">
        <ele>3526.199951171875</ele>
        <time>2017-09-02T16:31:30.000Z</time>
        <extensions>
          <ns3:TrackPointExtension>
            <ns3:atemp>21.0</ns3:atemp>
            <ns3:cad>0</ns3:cad>
          </ns3:TrackPointExtension>
        </extensions>
      </trkpt>
      <trkpt lat="43.15872629173099994659423828125" lon="-109.63812748901546001434326171875">
        <ele>3527.199951171875</ele>
        <time>2017-09-02T16:31:39.000Z</time>
        <extensions>
          <ns3:TrackPointExtension>
            <ns3:atemp>21.0</ns3:atemp>
            <ns3:cad>0</ns3:cad>
          </ns3:TrackPointExtension>
        </extensions>
      </trkpt>
      <trkpt lat="43.158816397190093994140625" lon="-109.6380650438368320465087890625">
        <ele>3528</ele>
        <time>2017-09-02T16:31:50.000Z</time>
        <extensions>
          <ns3:TrackPointExtension>
            <ns3:atemp>22.0</ns3:atemp>
            <ns3:cad>0</ns3:cad>
          </ns3:TrackPointExtension>
        </extensions>
      </trkpt>
      <trkpt lat="43.15886207856237888336181640625" lon="-109.6380700729787349700927734375">
        <ele>3528</ele>
        <time>2017-09-02T16:31:52.000Z</time>
        <extensions>
          <ns3:TrackPointExtension>
            <ns3:atemp>22.0</ns3:atemp>
            <ns3:cad>61</ns3:cad>
          </ns3:TrackPointExtension>
        </extensions>
      </trkpt>
      <trkpt lat="43.15880005247890949249267578125" lon="-109.6380747668445110321044921875">
        <ele>3528.199951171875</ele>
        <time>2017-09-02T16:31:59.000Z</time>
        <extensions>
          <ns3:TrackPointExtension>
            <ns3:atemp>22.0</ns3:atemp>
            <ns3:cad>0</ns3:cad>
          </ns3:TrackPointExtension>
        </extensions>
      </trkpt>
      <trkpt lat="43.1587726436555385589599609375" lon="-109.638103432953357696533203125">
        <ele>3529.39990234375</ele>
        <time>2017-09-02T16:32:11.000Z</time>
        <extensions>
          <ns3:TrackPointExtension>
            <ns3:atemp>22.0</ns3:atemp>
            <ns3:cad>61</ns3:cad>
          </ns3:TrackPointExtension>
        </extensions>
      </trkpt>
      <trkpt lat="43.15879636444151401519775390625" lon="-109.638119526207447052001953125">
        <ele>3530.39990234375</ele>
        <time>2017-09-02T16:32:20.000Z</time>
        <extensions>
          <ns3:TrackPointExtension>
            <ns3:atemp>22.0</ns3:atemp>
            <ns3:cad>0</ns3:cad>
          </ns3:TrackPointExtension>
        </extensions>
      </trkpt>
      <trkpt lat="43.15880374051630496978759765625" lon="-109.63813151232898235321044921875">
        <ele>3531.39990234375</ele>
        <time>2017-09-02T16:32:28.000Z</time>
        <extensions>
          <ns3:TrackPointExtension>
            <ns3:atemp>22.0</ns3:atemp>
            <ns3:cad>0</ns3:cad>
          </ns3:TrackPointExtension>
        </extensions>
      </trkpt>
      <trkpt lat="43.1588299758732318878173828125" lon="-109.63811692781746387481689453125">
        <ele>3532.39990234375</ele>
        <time>2017-09-02T16:32:46.000Z</time>
        <extensions>
          <ns3:TrackPointExtension>
            <ns3:atemp>22.0</ns3:atemp>
            <ns3:cad>0</ns3:cad>
          </ns3:TrackPointExtension>
        </extensions>
      </trkpt>
      <trkpt lat="43.15884917043149471282958984375" lon="-109.6381488628685474395751953125">
        <ele>3533.39990234375</ele>
        <time>2017-09-02T16:33:01.000Z</time>
        <extensions>
          <ns3:TrackPointExtension>
            <ns3:atemp>22.0</ns3:atemp>
            <ns3:cad>0</ns3:cad>
          </ns3:TrackPointExtension>
        </extensions>
      </trkpt>
      <trkpt lat="43.1588376872241497039794921875" lon="-109.63822404853999614715576171875">
        <ele>3533.199951171875</ele>
        <time>2017-09-02T16:33:13.000Z</time>
        <extensions>
          <ns3:TrackPointExtension>
            <ns3:atemp>22.0</ns3:atemp>
            <ns3:cad>0</ns3:cad>
          </ns3:TrackPointExtension>
        </extensions>
      </trkpt>
      <trkpt lat="43.15887431614100933074951171875" lon="-109.63808407075703144073486328125">
        <ele>3534.199951171875</ele>
        <time>2017-09-02T16:34:11.000Z</time>
        <extensions>
          <ns3:TrackPointExtension>
            <ns3:atemp>22.0</ns3:atemp>
            <ns3:cad>61</ns3:cad>
          </ns3:TrackPointExtension>
        </extensions>
      </trkpt>
      <trkpt lat="43.1588713824748992919921875" lon="-109.63805322535336017608642578125">
        <ele>3534.39990234375</ele>
        <time>2017-09-02T16:34:15.000Z</time>
        <extensions>
          <ns3:TrackPointExtension>
            <ns3:atemp>22.0</ns3:atemp>
            <ns3:cad>63</ns3:cad>
          </ns3:TrackPointExtension>
        </extensions>
      </trkpt>
      <trkpt lat="43.1588987074792385101318359375" lon="-109.6380727551877498626708984375">
        <ele>3535.39990234375</ele>
        <time>2017-09-02T16:34:25.000Z</time>
        <extensions>
          <ns3:TrackPointExtension>
            <ns3:atemp>22.0</ns3:atemp>
            <ns3:cad>0</ns3:cad>
          </ns3:TrackPointExtension>
        </extensions>
      </trkpt>
      <trkpt lat="43.15892578102648258209228515625" lon="-109.63807300664484500885009765625">
        <ele>3536.60009765625</ele>
        <time>2017-09-02T16:34:32.000Z</time>
        <extensions>
          <ns3:TrackPointExtension>
            <ns3:atemp>23.0</ns3:atemp>
            <ns3:cad>0</ns3:cad>
          </ns3:TrackPointExtension>
        </extensions>
      </trkpt>
      <trkpt lat="43.15893667750060558319091796875" lon="-109.6380211226642131805419921875">
        <ele>3537.60009765625</ele>
        <time>2017-09-02T16:34:44.000Z</time>
        <extensions>
          <ns3:TrackPointExtension>
            <ns3:atemp>23.0</ns3:atemp>
            <ns3:cad>0</ns3:cad>
          </ns3:TrackPointExtension>
        </extensions>
      </trkpt>
      <trkpt lat="43.15897707827389240264892578125" lon="-109.6380065381526947021484375">
        <ele>3538.60009765625</ele>
        <time>2017-09-02T16:35:00.000Z</time>
        <extensions>
          <ns3:TrackPointExtension>
            <ns3:atemp>23.0</ns3:atemp>
            <ns3:cad>0</ns3:cad>
          </ns3:TrackPointExtension>
        </extensions>
      </trkpt>
      <trkpt lat="43.15898445434868335723876953125" lon="-109.63798868469893932342529296875">
        <ele>3539</ele>
        <time>2017-09-02T16:35:04.000Z</time>
        <extensions>
          <ns3:TrackPointExtension>
            <ns3:atemp>23.0</ns3:atemp>
            <ns3:cad>0</ns3:cad>
          </ns3:TrackPointExtension>
        </extensions>
      </trkpt>
      <trkpt lat="43.15898076631128787994384765625" lon="-109.6379882656037807464599609375">
        <ele>3539.800048828125</ele>
        <time>2017-09-02T16:35:10.000Z</time>
        <extensions>
          <ns3:TrackPointExtension>
            <ns3:atemp>23.0</ns3:atemp>
            <ns3:cad>0</ns3:cad>
          </ns3:TrackPointExtension>
        </extensions>
      </trkpt>
      <trkpt lat="43.159004487097263336181640625" lon="-109.63791408576071262359619140625">
        <ele>3540.800048828125</ele>
        <time>2017-09-02T16:35:37.000Z</time>
        <extensions>
          <ns3:TrackPointExtension>
            <ns3:atemp>23.0</ns3:atemp>
            <ns3:cad>0</ns3:cad>
          </ns3:TrackPointExtension>
        </extensions>
      </trkpt>
      <trkpt lat="43.15902091562747955322265625" lon="-109.63790436275303363800048828125">
        <ele>3542</ele>
        <time>2017-09-02T16:35:45.000Z</time>
        <extensions>
          <ns3:TrackPointExtension>
            <ns3:atemp>23.0</ns3:atemp>
            <ns3:cad>0</ns3:cad>
          </ns3:TrackPointExtension>
        </extensions>
      </trkpt>
      <trkpt lat="43.15900540910661220550537109375" lon="-109.63787653483450412750244140625">
        <ele>3543</ele>
        <time>2017-09-02T16:36:06.000Z</time>
        <extensions>
          <ns3:TrackPointExtension>
            <ns3:atemp>23.0</ns3:atemp>
            <ns3:cad>0</ns3:cad>
          </ns3:TrackPointExtension>
        </extensions>
      </trkpt>
      <trkpt lat="43.15902091562747955322265625" lon="-109.6378643810749053955078125">
        <ele>3544</ele>
        <time>2017-09-02T16:36:12.000Z</time>
        <extensions>
          <ns3:TrackPointExtension>
            <ns3:atemp>23.0</ns3:atemp>
            <ns3:cad>0</ns3:cad>
          </ns3:TrackPointExtension>
        </extensions>
      </trkpt>
      <trkpt lat="43.159046731889247894287109375" lon="-109.63782993145287036895751953125">
        <ele>3545.199951171875</ele>
        <time>2017-09-02T16:36:25.000Z</time>
        <extensions>
          <ns3:TrackPointExtension>
            <ns3:atemp>23.0</ns3:atemp>
            <ns3:cad>58</ns3:cad>
          </ns3:TrackPointExtension>
        </extensions>
      </trkpt>
      <trkpt lat="43.15907699055969715118408203125" lon="-109.63783060200512409210205078125">
        <ele>3546.199951171875</ele>
        <time>2017-09-02T16:36:43.000Z</time>
        <extensions>
          <ns3:TrackPointExtension>
            <ns3:atemp>24.0</ns3:atemp>
            <ns3:cad>61</ns3:cad>
          </ns3:TrackPointExtension>
        </extensions>
      </trkpt>
      <trkpt lat="43.15908067859709262847900390625" lon="-109.6377931348979473114013671875">
        <ele>3547.199951171875</ele>
        <time>2017-09-02T16:36:53.000Z</time>
        <extensions>
          <ns3:TrackPointExtension>
            <ns3:atemp>24.0</ns3:atemp>
            <ns3:cad>0</ns3:cad>
          </ns3:TrackPointExtension>
        </extensions>
      </trkpt>
      <trkpt lat="43.15907682292163372039794921875" lon="-109.6377555839717388153076171875">
        <ele>3547.199951171875</ele>
        <time>2017-09-02T16:36:54.000Z</time>
        <extensions>
          <ns3:TrackPointExtension>
            <ns3:atemp>24.0</ns3:atemp>
            <ns3:cad>0</ns3:cad>
          </ns3:TrackPointExtension>
        </extensions>
      </trkpt>
      <trkpt lat="43.159044049680233001708984375" lon="-109.637733288109302520751953125">
        <ele>3547.39990234375</ele>
        <time>2017-09-02T16:36:57.000Z</time>
        <extensions>
          <ns3:TrackPointExtension>
            <ns3:atemp>24.0</ns3:atemp>
            <ns3:cad>0</ns3:cad>
          </ns3:TrackPointExtension>
        </extensions>
      </trkpt>
      <trkpt lat="43.1590616516768932342529296875" lon="-109.6377475373446941375732421875">
        <ele>3548.199951171875</ele>
        <time>2017-09-02T16:37:08.000Z</time>
        <extensions>
          <ns3:TrackPointExtension>
            <ns3:atemp>24.0</ns3:atemp>
            <ns3:cad>62</ns3:cad>
          </ns3:TrackPointExtension>
        </extensions>
      </trkpt>
      <trkpt lat="43.15902628004550933837890625" lon="-109.63772348128259181976318359375">
        <ele>3549.199951171875</ele>
        <time>2017-09-02T16:37:18.000Z</time>
        <extensions>
          <ns3:TrackPointExtension>
            <ns3:atemp>24.0</ns3:atemp>
            <ns3:cad>0</ns3:cad>
          </ns3:TrackPointExtension>
        </extensions>
      </trkpt>
      <trkpt lat="43.1590867973864078521728515625" lon="-109.637716524302959442138671875">
        <ele>3550.199951171875</ele>
        <time>2017-09-02T16:37:33.000Z</time>
        <extensions>
          <ns3:TrackPointExtension>
            <ns3:atemp>24.0</ns3:atemp>
            <ns3:cad>0</ns3:cad>
          </ns3:TrackPointExtension>
        </extensions>
      </trkpt>
      <trkpt lat="43.15907145850360393524169921875" lon="-109.637723229825496673583984375">
        <ele>3549.800048828125</ele>
        <time>2017-09-02T16:38:32.000Z</time>
        <extensions>
          <ns3:TrackPointExtension>
            <ns3:atemp>24.0</ns3:atemp>
            <ns3:cad>0</ns3:cad>
          </ns3:TrackPointExtension>
        </extensions>
      </trkpt>
      <trkpt lat="43.159071542322635650634765625" lon="-109.63775164447724819183349609375">
        <ele>3549.800048828125</ele>
        <time>2017-09-02T16:38:53.000Z</time>
        <extensions>
          <ns3:TrackPointExtension>
            <ns3:atemp>25.0</ns3:atemp>
            <ns3:cad>0</ns3:cad>
          </ns3:TrackPointExtension>
        </extensions>
      </trkpt>
      <trkpt lat="43.15909710712730884552001953125" lon="-109.63771208189427852630615234375">
        <ele>3550.39990234375</ele>
        <time>2017-09-02T16:40:13.000Z</time>
        <extensions>
          <ns3:TrackPointExtension>
            <ns3:atemp>26.0</ns3:atemp>
            <ns3:cad>0</ns3:cad>
          </ns3:TrackPointExtension>
        </extensions>
      </trkpt>
      <trkpt lat="43.159095011651515960693359375" lon="-109.637715183198451995849609375">
        <ele>3550.39990234375</ele>
        <time>2017-09-02T16:40:15.000Z</time>
        <extensions>
          <ns3:TrackPointExtension>
            <ns3:atemp>26.0</ns3:atemp>
            <ns3:cad>0</ns3:cad>
          </ns3:TrackPointExtension>
        </extensions>
      </trkpt>
      <trkpt lat="43.15906508825719356536865234375" lon="-109.63772247545421123504638671875">
        <ele>3550.39990234375</ele>
        <time>2017-09-02T16:41:21.000Z</time>
        <extensions>
          <ns3:TrackPointExtension>
            <ns3:atemp>27.0</ns3:atemp>
            <ns3:cad>61</ns3:cad>
          </ns3:TrackPointExtension>
        </extensions>
      </trkpt>
      <trkpt lat="43.15904664807021617889404296875" lon="-109.63769079186022281646728515625">
        <ele>3550.39990234375</ele>
        <time>2017-09-02T16:42:17.000Z</time>
        <extensions>
          <ns3:TrackPointExtension>
            <ns3:atemp>28.0</ns3:atemp>
            <ns3:cad>0</ns3:cad>
          </ns3:TrackPointExtension>
        </extensions>
      </trkpt>
      <trkpt lat="43.15909559838473796844482421875" lon="-109.6377180330455303192138671875">
        <ele>3550.39990234375</ele>
        <time>2017-09-02T16:43:11.000Z</time>
        <extensions>
          <ns3:TrackPointExtension>
            <ns3:atemp>29.0</ns3:atemp>
            <ns3:cad>0</ns3:cad>
          </ns3:TrackPointExtension>
        </extensions>
      </trkpt>
      <trkpt lat="43.15912527032196521759033203125" lon="-109.63770638220012187957763671875">
        <ele>3550.39990234375</ele>
        <time>2017-09-02T16:44:01.000Z</time>
        <extensions>
          <ns3:TrackPointExtension>
            <ns3:atemp>29.0</ns3:atemp>
            <ns3:cad>0</ns3:cad>
          </ns3:TrackPointExtension>
        </extensions>
      </trkpt>
      <trkpt lat="43.15905687399208545684814453125" lon="-109.63758744299411773681640625">
        <ele>3550.39990234375</ele>
        <time>2017-09-02T16:44:13.000Z</time>
        <extensions>
          <ns3:TrackPointExtension>
            <ns3:atemp>30.0</ns3:atemp>
            <ns3:cad>61</ns3:cad>
          </ns3:TrackPointExtension>
        </extensions>
      </trkpt>
      <trkpt lat="43.15899987705051898956298828125" lon="-109.63763245381414890289306640625">
        <ele>3551.199951171875</ele>
        <time>2017-09-02T16:44:16.000Z</time>
        <extensions>
          <ns3:TrackPointExtension>
            <ns3:atemp>30.0</ns3:atemp>
            <ns3:cad>0</ns3:cad>
          </ns3:TrackPointExtension>
        </extensions>
      </trkpt>
      <trkpt lat="43.15902234055101871490478515625" lon="-109.63765508495271205902099609375">
        <ele>3550.800048828125</ele>
        <time>2017-09-02T16:44:19.000Z</time>
        <extensions>
          <ns3:TrackPointExtension>
            <ns3:atemp>30.0</ns3:atemp>
            <ns3:cad>0</ns3:cad>
          </ns3:TrackPointExtension>
        </extensions>
      </trkpt>
      <trkpt lat="43.15905134193599224090576171875" lon="-109.6376674063503742218017578125">
        <ele>3550.800048828125</ele>
        <time>2017-09-02T16:44:22.000Z</time>
        <extensions>
          <ns3:TrackPointExtension>
            <ns3:atemp>30.0</ns3:atemp>
            <ns3:cad>67</ns3:cad>
          </ns3:TrackPointExtension>
        </extensions>
      </trkpt>
      <trkpt lat="43.15906123258173465728759765625" lon="-109.6376670710742473602294921875">
        <ele>3551</ele>
        <time>2017-09-02T16:44:24.000Z</time>
        <extensions>
          <ns3:TrackPointExtension>
            <ns3:atemp>30.0</ns3:atemp>
            <ns3:cad>0</ns3:cad>
          </ns3:TrackPointExtension>
        </extensions>
      </trkpt>
      <trkpt lat="43.15907313488423824310302734375" lon="-109.63766598142683506011962890625">
        <ele>3551.39990234375</ele>
        <time>2017-09-02T16:44:26.000Z</time>
        <extensions>
          <ns3:TrackPointExtension>
            <ns3:atemp>30.0</ns3:atemp>
            <ns3:cad>0</ns3:cad>
          </ns3:TrackPointExtension>
        </extensions>
      </trkpt>
      <trkpt lat="43.1590827740728855133056640625" lon="-109.63765290565788745880126953125">
        <ele>3552.39990234375</ele>
        <time>2017-09-02T16:44:33.000Z</time>
        <extensions>
          <ns3:TrackPointExtension>
            <ns3:atemp>30.0</ns3:atemp>
            <ns3:cad>61</ns3:cad>
          </ns3:TrackPointExtension>
        </extensions>
      </trkpt>
      <trkpt lat="43.159102387726306915283203125" lon="-109.6376097388565540313720703125">
        <ele>3553.39990234375</ele>
        <time>2017-09-02T16:44:43.000Z</time>
        <extensions>
          <ns3:TrackPointExtension>
            <ns3:atemp>30.0</ns3:atemp>
            <ns3:cad>61</ns3:cad>
          </ns3:TrackPointExtension>
        </extensions>
      </trkpt>
      <trkpt lat="43.15910465084016323089599609375" lon="-109.6376070566475391387939453125">
        <ele>3553.39990234375</ele>
        <time>2017-09-02T16:44:44.000Z</time>
        <extensions>
          <ns3:TrackPointExtension>
            <ns3:atemp>30.0</ns3:atemp>
            <ns3:cad>61</ns3:cad>
          </ns3:TrackPointExtension>
        </extensions>
      </trkpt>
      <trkpt lat="43.1591481529176235198974609375" lon="-109.637617282569408416748046875">
        <ele>3554.39990234375</ele>
        <time>2017-09-02T16:45:02.000Z</time>
        <extensions>
          <ns3:TrackPointExtension>
            <ns3:atemp>30.0</ns3:atemp>
            <ns3:cad>0</ns3:cad>
          </ns3:TrackPointExtension>
        </extensions>
      </trkpt>
      <trkpt lat="43.1591369211673736572265625" lon="-109.637563638389110565185546875">
        <ele>3555.39990234375</ele>
        <time>2017-09-02T16:45:12.000Z</time>
        <extensions>
          <ns3:TrackPointExtension>
            <ns3:atemp>30.0</ns3:atemp>
            <ns3:cad>0</ns3:cad>
          </ns3:TrackPointExtension>
        </extensions>
      </trkpt>
      <trkpt lat="43.15913432277739048004150390625" lon="-109.63756263256072998046875">
        <ele>3555.60009765625</ele>
        <time>2017-09-02T16:45:13.000Z</time>
        <extensions>
          <ns3:TrackPointExtension>
            <ns3:atemp>30.0</ns3:atemp>
            <ns3:cad>0</ns3:cad>
          </ns3:TrackPointExtension>
        </extensions>
      </trkpt>
      <trkpt lat="43.15919131971895694732666015625" lon="-109.6374754607677459716796875">
        <ele>3556.800048828125</ele>
        <time>2017-09-02T16:45:49.000Z</time>
        <extensions>
          <ns3:TrackPointExtension>
            <ns3:atemp>30.0</ns3:atemp>
            <ns3:cad>0</ns3:cad>
          </ns3:TrackPointExtension>
        </extensions>
      </trkpt>
      <trkpt lat="43.15919199027121067047119140625" lon="-109.6374648995697498321533203125">
        <ele>3557.800048828125</ele>
        <time>2017-09-02T16:45:53.000Z</time>
        <extensions>
          <ns3:TrackPointExtension>
            <ns3:atemp>30.0</ns3:atemp>
            <ns3:cad>0</ns3:cad>
          </ns3:TrackPointExtension>
        </extensions>
      </trkpt>
      <trkpt lat="43.159231133759021759033203125" lon="-109.637448973953723907470703125">
        <ele>3558.800048828125</ele>
        <time>2017-09-02T16:46:02.000Z</time>
        <extensions>
          <ns3:TrackPointExtension>
            <ns3:atemp>30.0</ns3:atemp>
            <ns3:cad>0</ns3:cad>
          </ns3:TrackPointExtension>
        </extensions>
      </trkpt>
      <trkpt lat="43.15920556895434856414794921875" lon="-109.63739625178277492523193359375">
        <ele>3559.199951171875</ele>
        <time>2017-09-02T16:46:14.000Z</time>
        <extensions>
          <ns3:TrackPointExtension>
            <ns3:atemp>30.0</ns3:atemp>
            <ns3:cad>61</ns3:cad>
          </ns3:TrackPointExtension>
        </extensions>
      </trkpt>
      <trkpt lat="43.15919970162212848663330078125" lon="-109.63738636113703250885009765625">
        <ele>3560</ele>
        <time>2017-09-02T16:46:37.000Z</time>
        <extensions>
          <ns3:TrackPointExtension>
            <ns3:atemp>30.0</ns3:atemp>
            <ns3:cad>61</ns3:cad>
          </ns3:TrackPointExtension>
        </extensions>
      </trkpt>
      <trkpt lat="43.1591897271573543548583984375" lon="-109.63736909441649913787841796875">
        <ele>3561</ele>
        <time>2017-09-02T16:46:42.000Z</time>
        <extensions>
          <ns3:TrackPointExtension>
            <ns3:atemp>30.0</ns3:atemp>
            <ns3:cad>0</ns3:cad>
          </ns3:TrackPointExtension>
        </extensions>
      </trkpt>
      <trkpt lat="43.1592286191880702972412109375" lon="-109.63729667477309703826904296875">
        <ele>3562</ele>
        <time>2017-09-02T16:46:52.000Z</time>
        <extensions>
          <ns3:TrackPointExtension>
            <ns3:atemp>30.0</ns3:atemp>
            <ns3:cad>58</ns3:cad>
          </ns3:TrackPointExtension>
        </extensions>
      </trkpt>
      <trkpt lat="43.15924043767154216766357421875" lon="-109.6372890472412109375">
        <ele>3562.199951171875</ele>
        <time>2017-09-02T16:46:53.000Z</time>
        <extensions>
          <ns3:TrackPointExtension>
            <ns3:atemp>30.0</ns3:atemp>
            <ns3:cad>58</ns3:cad>
          </ns3:TrackPointExtension>
        </extensions>
      </trkpt>
      <trkpt lat="43.159258626401424407958984375" lon="-109.63727320544421672821044921875">
        <ele>3563.199951171875</ele>
        <time>2017-09-02T16:46:58.000Z</time>
        <extensions>
          <ns3:TrackPointExtension>
            <ns3:atemp>30.0</ns3:atemp>
            <ns3:cad>0</ns3:cad>
          </ns3:TrackPointExtension>
        </extensions>
      </trkpt>
      <trkpt lat="43.1592561118304729461669921875" lon="-109.63725158013403415679931640625">
        <ele>3564.199951171875</ele>
        <time>2017-09-02T16:47:19.000Z</time>
        <extensions>
          <ns3:TrackPointExtension>
            <ns3:atemp>30.0</ns3:atemp>
            <ns3:cad>61</ns3:cad>
          </ns3:TrackPointExtension>
        </extensions>
      </trkpt>
      <trkpt lat="43.15922074019908905029296875" lon="-109.63720497675240039825439453125">
        <ele>3565.199951171875</ele>
        <time>2017-09-02T16:47:29.000Z</time>
        <extensions>
          <ns3:TrackPointExtension>
            <ns3:atemp>30.0</ns3:atemp>
            <ns3:cad>0</ns3:cad>
          </ns3:TrackPointExtension>
        </extensions>
      </trkpt>
      <trkpt lat="43.1592929922044277191162109375" lon="-109.637124426662921905517578125">
        <ele>3565.39990234375</ele>
        <time>2017-09-02T16:47:54.000Z</time>
        <extensions>
          <ns3:TrackPointExtension>
            <ns3:atemp>30.0</ns3:atemp>
            <ns3:cad>61</ns3:cad>
          </ns3:TrackPointExtension>
        </extensions>
      </trkpt>
      <trkpt lat="43.15928117372095584869384765625" lon="-109.6370991133153438568115234375">
        <ele>3565.60009765625</ele>
        <time>2017-09-02T16:47:56.000Z</time>
        <extensions>
          <ns3:TrackPointExtension>
            <ns3:atemp>30.0</ns3:atemp>
            <ns3:cad>61</ns3:cad>
          </ns3:TrackPointExtension>
        </extensions>
      </trkpt>
      <trkpt lat="43.15926969051361083984375" lon="-109.6370570361614227294921875">
        <ele>3566</ele>
        <time>2017-09-02T16:48:00.000Z</time>
        <extensions>
          <ns3:TrackPointExtension>
            <ns3:atemp>29.0</ns3:atemp>
            <ns3:cad>61</ns3:cad>
          </ns3:TrackPointExtension>
        </extensions>
      </trkpt>
      <trkpt lat="43.159253932535648345947265625" lon="-109.6370488218963146209716796875">
        <ele>3566</ele>
        <time>2017-09-02T16:48:08.000Z</time>
        <extensions>
          <ns3:TrackPointExtension>
            <ns3:atemp>29.0</ns3:atemp>
            <ns3:cad>0</ns3:cad>
          </ns3:TrackPointExtension>
        </extensions>
      </trkpt>
      <trkpt lat="43.1592668406665325164794921875" lon="-109.637055695056915283203125">
        <ele>3566.199951171875</ele>
        <time>2017-09-02T16:48:10.000Z</time>
        <extensions>
          <ns3:TrackPointExtension>
            <ns3:atemp>29.0</ns3:atemp>
            <ns3:cad>0</ns3:cad>
          </ns3:TrackPointExtension>
        </extensions>
      </trkpt>
      <trkpt lat="43.15928335301578044891357421875" lon="-109.6370642445981502532958984375">
        <ele>3566.800048828125</ele>
        <time>2017-09-02T16:48:13.000Z</time>
        <extensions>
          <ns3:TrackPointExtension>
            <ns3:atemp>29.0</ns3:atemp>
            <ns3:cad>61</ns3:cad>
          </ns3:TrackPointExtension>
        </extensions>
      </trkpt>
      <trkpt lat="43.159298188984394073486328125" lon="-109.63706114329397678375244140625">
        <ele>3567.39990234375</ele>
        <time>2017-09-02T16:48:17.000Z</time>
        <extensions>
          <ns3:TrackPointExtension>
            <ns3:atemp>29.0</ns3:atemp>
            <ns3:cad>0</ns3:cad>
          </ns3:TrackPointExtension>
        </extensions>
      </trkpt>
      <trkpt lat="43.15935543738305568695068359375" lon="-109.6370494924485683441162109375">
        <ele>3568.39990234375</ele>
        <time>2017-09-02T16:48:36.000Z</time>
        <extensions>
          <ns3:TrackPointExtension>
            <ns3:atemp>29.0</ns3:atemp>
            <ns3:cad>0</ns3:cad>
          </ns3:TrackPointExtension>
        </extensions>
      </trkpt>
      <trkpt lat="43.15936516039073467254638671875" lon="-109.6370303817093372344970703125">
        <ele>3569.39990234375</ele>
        <time>2017-09-02T16:48:45.000Z</time>
        <extensions>
          <ns3:TrackPointExtension>
            <ns3:atemp>29.0</ns3:atemp>
            <ns3:cad>0</ns3:cad>
          </ns3:TrackPointExtension>
        </extensions>
      </trkpt>
      <trkpt lat="43.1593717820942401885986328125" lon="-109.6370072476565837860107421875">
        <ele>3570.39990234375</ele>
        <time>2017-09-02T16:49:12.000Z</time>
        <extensions>
          <ns3:TrackPointExtension>
            <ns3:atemp>29.0</ns3:atemp>
            <ns3:cad>0</ns3:cad>
          </ns3:TrackPointExtension>
        </extensions>
      </trkpt>
      <trkpt lat="43.159315623342990875244140625" lon="-109.63690339587628841400146484375">
        <ele>3570.199951171875</ele>
        <time>2017-09-02T16:49:23.000Z</time>
        <extensions>
          <ns3:TrackPointExtension>
            <ns3:atemp>29.0</ns3:atemp>
            <ns3:cad>0</ns3:cad>
          </ns3:TrackPointExtension>
        </extensions>
      </trkpt>
      <trkpt lat="43.15928050316870212554931640625" lon="-109.636895097792148590087890625">
        <ele>3570.199951171875</ele>
        <time>2017-09-02T16:49:27.000Z</time>
        <extensions>
          <ns3:TrackPointExtension>
            <ns3:atemp>29.0</ns3:atemp>
            <ns3:cad>0</ns3:cad>
          </ns3:TrackPointExtension>
        </extensions>
      </trkpt>
      <trkpt lat="43.15933750011026859283447265625" lon="-109.6369599737226963043212890625">
        <ele>3570.60009765625</ele>
        <time>2017-09-02T16:49:58.000Z</time>
        <extensions>
          <ns3:TrackPointExtension>
            <ns3:atemp>29.0</ns3:atemp>
            <ns3:cad>0</ns3:cad>
          </ns3:TrackPointExtension>
        </extensions>
      </trkpt>
      <trkpt lat="43.159388042986392974853515625" lon="-109.63693893514573574066162109375">
        <ele>3571.60009765625</ele>
        <time>2017-09-02T16:50:24.000Z</time>
        <extensions>
          <ns3:TrackPointExtension>
            <ns3:atemp>29.0</ns3:atemp>
            <ns3:cad>61</ns3:cad>
          </ns3:TrackPointExtension>
        </extensions>
      </trkpt>
      <trkpt lat="43.1593929044902324676513671875" lon="-109.6369418688118457794189453125">
        <ele>3571.800048828125</ele>
        <time>2017-09-02T16:50:25.000Z</time>
        <extensions>
          <ns3:TrackPointExtension>
            <ns3:atemp>29.0</ns3:atemp>
            <ns3:cad>0</ns3:cad>
          </ns3:TrackPointExtension>
        </extensions>
      </trkpt>
      <trkpt lat="43.159422241151332855224609375" lon="-109.6369489096105098724365234375">
        <ele>3572.800048828125</ele>
        <time>2017-09-02T16:50:35.000Z</time>
        <extensions>
          <ns3:TrackPointExtension>
            <ns3:atemp>29.0</ns3:atemp>
            <ns3:cad>0</ns3:cad>
          </ns3:TrackPointExtension>
        </extensions>
      </trkpt>
      <trkpt lat="43.1594426929950714111328125" lon="-109.6369599737226963043212890625">
        <ele>3573.800048828125</ele>
        <time>2017-09-02T16:50:44.000Z</time>
        <extensions>
          <ns3:TrackPointExtension>
            <ns3:atemp>29.0</ns3:atemp>
            <ns3:cad>0</ns3:cad>
          </ns3:TrackPointExtension>
        </extensions>
      </trkpt>
      <trkpt lat="43.15944260917603969573974609375" lon="-109.63696609251201152801513671875">
        <ele>3574.800048828125</ele>
        <time>2017-09-02T16:50:59.000Z</time>
        <extensions>
          <ns3:TrackPointExtension>
            <ns3:atemp>29.0</ns3:atemp>
            <ns3:cad>61</ns3:cad>
          </ns3:TrackPointExtension>
        </extensions>
      </trkpt>
      <trkpt lat="43.1594721972942352294921875" lon="-109.63695687241852283477783203125">
        <ele>3575.60009765625</ele>
        <time>2017-09-02T16:51:05.000Z</time>
        <extensions>
          <ns3:TrackPointExtension>
            <ns3:atemp>29.0</ns3:atemp>
            <ns3:cad>61</ns3:cad>
          </ns3:TrackPointExtension>
        </extensions>
      </trkpt>
      <trkpt lat="43.15947881899774074554443359375" lon="-109.63695284910500049591064453125">
        <ele>3576</ele>
        <time>2017-09-02T16:51:07.000Z</time>
        <extensions>
          <ns3:TrackPointExtension>
            <ns3:atemp>29.0</ns3:atemp>
            <ns3:cad>61</ns3:cad>
          </ns3:TrackPointExtension>
        </extensions>
      </trkpt>
      <trkpt lat="43.15951645374298095703125" lon="-109.63694916106760501861572265625">
        <ele>3577</ele>
        <time>2017-09-02T16:51:18.000Z</time>
        <extensions>
          <ns3:TrackPointExtension>
            <ns3:atemp>29.0</ns3:atemp>
            <ns3:cad>0</ns3:cad>
          </ns3:TrackPointExtension>
        </extensions>
      </trkpt>
      <trkpt lat="43.159518130123615264892578125" lon="-109.63691865094006061553955078125">
        <ele>3578.199951171875</ele>
        <time>2017-09-02T16:51:33.000Z</time>
        <extensions>
          <ns3:TrackPointExtension>
            <ns3:atemp>29.0</ns3:atemp>
            <ns3:cad>0</ns3:cad>
          </ns3:TrackPointExtension>
        </extensions>
      </trkpt>
      <trkpt lat="43.159550987184047698974609375" lon="-109.636909179389476776123046875">
        <ele>3579.199951171875</ele>
        <time>2017-09-02T16:51:43.000Z</time>
        <extensions>
          <ns3:TrackPointExtension>
            <ns3:atemp>29.0</ns3:atemp>
            <ns3:cad>51</ns3:cad>
          </ns3:TrackPointExtension>
        </extensions>
      </trkpt>
      <trkpt lat="43.15957219339907169342041015625" lon="-109.636907167732715606689453125">
        <ele>3580.39990234375</ele>
        <time>2017-09-02T16:51:50.000Z</time>
        <extensions>
          <ns3:TrackPointExtension>
            <ns3:atemp>29.0</ns3:atemp>
            <ns3:cad>0</ns3:cad>
          </ns3:TrackPointExtension>
        </extensions>
      </trkpt>
      <trkpt lat="43.1596473790705204010009765625" lon="-109.63687221519649028778076171875">
        <ele>3581.60009765625</ele>
        <time>2017-09-02T16:52:13.000Z</time>
        <extensions>
          <ns3:TrackPointExtension>
            <ns3:atemp>29.0</ns3:atemp>
            <ns3:cad>0</ns3:cad>
          </ns3:TrackPointExtension>
        </extensions>
      </trkpt>
      <trkpt lat="43.15966665744781494140625" lon="-109.6368513442575931549072265625">
        <ele>3582.60009765625</ele>
        <time>2017-09-02T16:52:20.000Z</time>
        <extensions>
          <ns3:TrackPointExtension>
            <ns3:atemp>29.0</ns3:atemp>
            <ns3:cad>0</ns3:cad>
          </ns3:TrackPointExtension>
        </extensions>
      </trkpt>
      <trkpt lat="43.1596782244741916656494140625" lon="-109.63685075752437114715576171875">
        <ele>3583.800048828125</ele>
        <time>2017-09-02T16:52:31.000Z</time>
        <extensions>
          <ns3:TrackPointExtension>
            <ns3:atemp>29.0</ns3:atemp>
            <ns3:cad>0</ns3:cad>
          </ns3:TrackPointExtension>
        </extensions>
      </trkpt>
      <trkpt lat="43.15971736796200275421142578125" lon="-109.636889733374118804931640625">
        <ele>3585</ele>
        <time>2017-09-02T16:52:51.000Z</time>
        <extensions>
          <ns3:TrackPointExtension>
            <ns3:atemp>29.0</ns3:atemp>
            <ns3:cad>61</ns3:cad>
          </ns3:TrackPointExtension>
        </extensions>
      </trkpt>
      <trkpt lat="43.15973983146250247955322265625" lon="-109.63686869479715824127197265625">
        <ele>3586</ele>
        <time>2017-09-02T16:52:55.000Z</time>
        <extensions>
          <ns3:TrackPointExtension>
            <ns3:atemp>29.0</ns3:atemp>
            <ns3:cad>0</ns3:cad>
          </ns3:TrackPointExtension>
        </extensions>
      </trkpt>
      <trkpt lat="43.159791715443134307861328125" lon="-109.63684321381151676177978515625">
        <ele>3587</ele>
        <time>2017-09-02T16:53:16.000Z</time>
        <extensions>
          <ns3:TrackPointExtension>
            <ns3:atemp>29.0</ns3:atemp>
            <ns3:cad>61</ns3:cad>
          </ns3:TrackPointExtension>
        </extensions>
      </trkpt>
      <trkpt lat="43.1597902067005634307861328125" lon="-109.6368429623544216156005859375">
        <ele>3587.199951171875</ele>
        <time>2017-09-02T16:53:17.000Z</time>
        <extensions>
          <ns3:TrackPointExtension>
            <ns3:atemp>29.0</ns3:atemp>
            <ns3:cad>61</ns3:cad>
          </ns3:TrackPointExtension>
        </extensions>
      </trkpt>
      <trkpt lat="43.15980277955532073974609375" lon="-109.63685343973338603973388671875">
        <ele>3587.60009765625</ele>
        <time>2017-09-02T16:53:23.000Z</time>
        <extensions>
          <ns3:TrackPointExtension>
            <ns3:atemp>29.0</ns3:atemp>
            <ns3:cad>0</ns3:cad>
          </ns3:TrackPointExtension>
        </extensions>
      </trkpt>
      <trkpt lat="43.1598059646785259246826171875" lon="-109.63683499954640865325927734375">
        <ele>3588</ele>
        <time>2017-09-02T16:53:31.000Z</time>
        <extensions>
          <ns3:TrackPointExtension>
            <ns3:atemp>29.0</ns3:atemp>
            <ns3:cad>0</ns3:cad>
          </ns3:TrackPointExtension>
        </extensions>
      </trkpt>
      <trkpt lat="43.15982230938971042633056640625" lon="-109.63684706948697566986083984375">
        <ele>3589.199951171875</ele>
        <time>2017-09-02T16:53:44.000Z</time>
        <extensions>
          <ns3:TrackPointExtension>
            <ns3:atemp>29.0</ns3:atemp>
            <ns3:cad>0</ns3:cad>
          </ns3:TrackPointExtension>
        </extensions>
      </trkpt>
      <trkpt lat="43.1598297692835330963134765625" lon="-109.63687657378613948822021484375">
        <ele>3590.199951171875</ele>
        <time>2017-09-02T16:53:50.000Z</time>
        <extensions>
          <ns3:TrackPointExtension>
            <ns3:atemp>29.0</ns3:atemp>
            <ns3:cad>0</ns3:cad>
          </ns3:TrackPointExtension>
        </extensions>
      </trkpt>
      <trkpt lat="43.15987478010356426239013671875" lon="-109.63677397929131984710693359375">
        <ele>3591.199951171875</ele>
        <time>2017-09-02T16:54:01.000Z</time>
        <extensions>
          <ns3:TrackPointExtension>
            <ns3:atemp>29.0</ns3:atemp>
            <ns3:cad>0</ns3:cad>
          </ns3:TrackPointExtension>
        </extensions>
      </trkpt>
      <trkpt lat="43.15988483838737010955810546875" lon="-109.6368692815303802490234375">
        <ele>3592.60009765625</ele>
        <time>2017-09-02T16:54:25.000Z</time>
        <extensions>
          <ns3:TrackPointExtension>
            <ns3:atemp>29.0</ns3:atemp>
            <ns3:cad>0</ns3:cad>
          </ns3:TrackPointExtension>
        </extensions>
      </trkpt>
      <trkpt lat="43.1598981656134128570556640625" lon="-109.6368610672652721405029296875">
        <ele>3592.800048828125</ele>
        <time>2017-09-02T16:54:26.000Z</time>
        <extensions>
          <ns3:TrackPointExtension>
            <ns3:atemp>29.0</ns3:atemp>
            <ns3:cad>0</ns3:cad>
          </ns3:TrackPointExtension>
        </extensions>
      </trkpt>
      <trkpt lat="43.15991140902042388916015625" lon="-109.63685360737144947052001953125">
        <ele>3593.199951171875</ele>
        <time>2017-09-02T16:54:28.000Z</time>
        <extensions>
          <ns3:TrackPointExtension>
            <ns3:atemp>29.0</ns3:atemp>
            <ns3:cad>61</ns3:cad>
          </ns3:TrackPointExtension>
        </extensions>
      </trkpt>
      <trkpt lat="43.15992037765681743621826171875" lon="-109.63684388436377048492431640625">
        <ele>3593.60009765625</ele>
        <time>2017-09-02T16:54:31.000Z</time>
        <extensions>
          <ns3:TrackPointExtension>
            <ns3:atemp>29.0</ns3:atemp>
            <ns3:cad>0</ns3:cad>
          </ns3:TrackPointExtension>
        </extensions>
      </trkpt>
      <trkpt lat="43.15993110649287700653076171875" lon="-109.63684178888797760009765625">
        <ele>3594.800048828125</ele>
        <time>2017-09-02T16:54:38.000Z</time>
        <extensions>
          <ns3:TrackPointExtension>
            <ns3:atemp>29.0</ns3:atemp>
            <ns3:cad>0</ns3:cad>
          </ns3:TrackPointExtension>
        </extensions>
      </trkpt>
      <trkpt lat="43.159955330193042755126953125" lon="-109.6369202435016632080078125">
        <ele>3596.199951171875</ele>
        <time>2017-09-02T16:54:59.000Z</time>
        <extensions>
          <ns3:TrackPointExtension>
            <ns3:atemp>29.0</ns3:atemp>
            <ns3:cad>60</ns3:cad>
          </ns3:TrackPointExtension>
        </extensions>
      </trkpt>
      <trkpt lat="43.1599628739058971405029296875" lon="-109.63692359626293182373046875">
        <ele>3597.199951171875</ele>
        <time>2017-09-02T16:55:03.000Z</time>
        <extensions>
          <ns3:TrackPointExtension>
            <ns3:atemp>29.0</ns3:atemp>
            <ns3:cad>0</ns3:cad>
          </ns3:TrackPointExtension>
        </extensions>
      </trkpt>
      <trkpt lat="43.15996907651424407958984375" lon="-109.6368365921080112457275390625">
        <ele>3598.39990234375</ele>
        <time>2017-09-02T16:55:37.000Z</time>
        <extensions>
          <ns3:TrackPointExtension>
            <ns3:atemp>29.0</ns3:atemp>
            <ns3:cad>0</ns3:cad>
          </ns3:TrackPointExtension>
        </extensions>
      </trkpt>
      <trkpt lat="43.15996195189654827117919921875" lon="-109.636840112507343292236328125">
        <ele>3599.39990234375</ele>
        <time>2017-09-02T16:55:42.000Z</time>
        <extensions>
          <ns3:TrackPointExtension>
            <ns3:atemp>29.0</ns3:atemp>
            <ns3:cad>0</ns3:cad>
          </ns3:TrackPointExtension>
        </extensions>
      </trkpt>
      <trkpt lat="43.16002196632325649261474609375" lon="-109.6369405277073383331298828125">
        <ele>3600.39990234375</ele>
        <time>2017-09-02T16:55:59.000Z</time>
        <extensions>
          <ns3:TrackPointExtension>
            <ns3:atemp>29.0</ns3:atemp>
            <ns3:cad>61</ns3:cad>
          </ns3:TrackPointExtension>
        </extensions>
      </trkpt>
      <trkpt lat="43.1600248999893665313720703125" lon="-109.63692703284323215484619140625">
        <ele>3601.60009765625</ele>
        <time>2017-09-02T16:56:04.000Z</time>
        <extensions>
          <ns3:TrackPointExtension>
            <ns3:atemp>29.0</ns3:atemp>
            <ns3:cad>0</ns3:cad>
          </ns3:TrackPointExtension>
        </extensions>
      </trkpt>
      <trkpt lat="43.16007963381707668304443359375" lon="-109.6369438804686069488525390625">
        <ele>3602.800048828125</ele>
        <time>2017-09-02T16:56:21.000Z</time>
        <extensions>
          <ns3:TrackPointExtension>
            <ns3:atemp>29.0</ns3:atemp>
            <ns3:cad>0</ns3:cad>
          </ns3:TrackPointExtension>
        </extensions>
      </trkpt>
      <trkpt lat="43.16006203182041645050048828125" lon="-109.63688713498413562774658203125">
        <ele>3604</ele>
        <time>2017-09-02T16:56:41.000Z</time>
        <extensions>
          <ns3:TrackPointExtension>
            <ns3:atemp>29.0</ns3:atemp>
            <ns3:cad>61</ns3:cad>
          </ns3:TrackPointExtension>
        </extensions>
      </trkpt>
      <trkpt lat="43.1600875966250896453857421875" lon="-109.63690482079982757568359375">
        <ele>3604.60009765625</ele>
        <time>2017-09-02T16:56:45.000Z</time>
        <extensions>
          <ns3:TrackPointExtension>
            <ns3:atemp>29.0</ns3:atemp>
            <ns3:cad>0</ns3:cad>
          </ns3:TrackPointExtension>
        </extensions>
      </trkpt>
      <trkpt lat="43.16012623719871044158935546875" lon="-109.63689409196376800537109375">
        <ele>3605.199951171875</ele>
        <time>2017-09-02T16:57:05.000Z</time>
        <extensions>
          <ns3:TrackPointExtension>
            <ns3:atemp>29.0</ns3:atemp>
            <ns3:cad>0</ns3:cad>
          </ns3:TrackPointExtension>
        </extensions>
      </trkpt>
      <trkpt lat="43.16013311035931110382080078125" lon="-109.63687204755842685699462890625">
        <ele>3606.199951171875</ele>
        <time>2017-09-02T16:57:12.000Z</time>
        <extensions>
          <ns3:TrackPointExtension>
            <ns3:atemp>29.0</ns3:atemp>
            <ns3:cad>0</ns3:cad>
          </ns3:TrackPointExtension>
        </extensions>
      </trkpt>
      <trkpt lat="43.16013830713927745819091796875" lon="-109.63687598705291748046875">
        <ele>3607.199951171875</ele>
        <time>2017-09-02T16:57:17.000Z</time>
        <extensions>
          <ns3:TrackPointExtension>
            <ns3:atemp>29.0</ns3:atemp>
            <ns3:cad>0</ns3:cad>
          </ns3:TrackPointExtension>
        </extensions>
      </trkpt>
      <trkpt lat="43.160204105079174041748046875" lon="-109.63690071366727352142333984375">
        <ele>3608.199951171875</ele>
        <time>2017-09-02T16:57:49.000Z</time>
        <extensions>
          <ns3:TrackPointExtension>
            <ns3:atemp>29.0</ns3:atemp>
            <ns3:cad>0</ns3:cad>
          </ns3:TrackPointExtension>
        </extensions>
      </trkpt>
      <trkpt lat="43.16021273843944072723388671875" lon="-109.63691278360784053802490234375">
        <ele>3608.39990234375</ele>
        <time>2017-09-02T16:57:50.000Z</time>
        <extensions>
          <ns3:TrackPointExtension>
            <ns3:atemp>29.0</ns3:atemp>
            <ns3:cad>0</ns3:cad>
          </ns3:TrackPointExtension>
        </extensions>
      </trkpt>
      <trkpt lat="43.160249702632427215576171875" lon="-109.6369650028645992279052734375">
        <ele>3609.39990234375</ele>
        <time>2017-09-02T16:57:55.000Z</time>
        <extensions>
          <ns3:TrackPointExtension>
            <ns3:atemp>29.0</ns3:atemp>
            <ns3:cad>40</ns3:cad>
          </ns3:TrackPointExtension>
        </extensions>
      </trkpt>
      <trkpt lat="43.160250373184680938720703125" lon="-109.6369666792452335357666015625">
        <ele>3609.60009765625</ele>
        <time>2017-09-02T16:57:56.000Z</time>
        <extensions>
          <ns3:TrackPointExtension>
            <ns3:atemp>29.0</ns3:atemp>
            <ns3:cad>40</ns3:cad>
          </ns3:TrackPointExtension>
        </extensions>
      </trkpt>
      <trkpt lat="43.1602971442043781280517578125" lon="-109.636860899627208709716796875">
        <ele>3610.199951171875</ele>
        <time>2017-09-02T16:58:11.000Z</time>
        <extensions>
          <ns3:TrackPointExtension>
            <ns3:atemp>29.0</ns3:atemp>
            <ns3:cad>0</ns3:cad>
          </ns3:TrackPointExtension>
        </extensions>
      </trkpt>
      <trkpt lat="43.16029270179569721221923828125" lon="-109.63692535646259784698486328125">
        <ele>3610.39990234375</ele>
        <time>2017-09-02T16:58:15.000Z</time>
        <extensions>
          <ns3:TrackPointExtension>
            <ns3:atemp>29.0</ns3:atemp>
            <ns3:cad>0</ns3:cad>
          </ns3:TrackPointExtension>
        </extensions>
      </trkpt>
      <trkpt lat="43.1602367945015430450439453125" lon="-109.63691496290266513824462890625">
        <ele>3611.39990234375</ele>
        <time>2017-09-02T16:59:14.000Z</time>
        <extensions>
          <ns3:TrackPointExtension>
            <ns3:atemp>29.0</ns3:atemp>
            <ns3:cad>61</ns3:cad>
          </ns3:TrackPointExtension>
        </extensions>
      </trkpt>
      <trkpt lat="43.16019446589052677154541015625" lon="-109.63689669035375118255615234375">
        <ele>3611.800048828125</ele>
        <time>2017-09-02T17:00:12.000Z</time>
        <extensions>
          <ns3:TrackPointExtension>
            <ns3:atemp>29.0</ns3:atemp>
            <ns3:cad>0</ns3:cad>
          </ns3:TrackPointExtension>
        </extensions>
      </trkpt>
      <trkpt lat="43.1603457592427730560302734375" lon="-109.636991322040557861328125">
        <ele>3612</ele>
        <time>2017-09-02T17:00:37.000Z</time>
        <extensions>
          <ns3:TrackPointExtension>
            <ns3:atemp>29.0</ns3:atemp>
            <ns3:cad>0</ns3:cad>
          </ns3:TrackPointExtension>
        </extensions>
      </trkpt>
      <trkpt lat="43.16035573370754718780517578125" lon="-109.63699341751635074615478515625">
        <ele>3613</ele>
        <time>2017-09-02T17:00:38.000Z</time>
        <extensions>
          <ns3:TrackPointExtension>
            <ns3:atemp>29.0</ns3:atemp>
            <ns3:cad>0</ns3:cad>
          </ns3:TrackPointExtension>
        </extensions>
      </trkpt>
      <trkpt lat="43.16036545671522617340087890625" lon="-109.63697589933872222900390625">
        <ele>3614.199951171875</ele>
        <time>2017-09-02T17:00:42.000Z</time>
        <extensions>
          <ns3:TrackPointExtension>
            <ns3:atemp>29.0</ns3:atemp>
            <ns3:cad>0</ns3:cad>
          </ns3:TrackPointExtension>
        </extensions>
      </trkpt>
      <trkpt lat="43.16035707481205463409423828125" lon="-109.636924266815185546875">
        <ele>3615.39990234375</ele>
        <time>2017-09-02T17:01:03.000Z</time>
        <extensions>
          <ns3:TrackPointExtension>
            <ns3:atemp>29.0</ns3:atemp>
            <ns3:cad>0</ns3:cad>
          </ns3:TrackPointExtension>
        </extensions>
      </trkpt>
      <trkpt lat="43.16034215502440929412841796875" lon="-109.636912532150745391845703125">
        <ele>3616.39990234375</ele>
        <time>2017-09-02T17:01:08.000Z</time>
        <extensions>
          <ns3:TrackPointExtension>
            <ns3:atemp>29.0</ns3:atemp>
            <ns3:cad>74</ns3:cad>
          </ns3:TrackPointExtension>
        </extensions>
      </trkpt>
      <trkpt lat="43.16037249751389026641845703125" lon="-109.63686324656009674072265625">
        <ele>3617.39990234375</ele>
        <time>2017-09-02T17:01:24.000Z</time>
        <extensions>
          <ns3:TrackPointExtension>
            <ns3:atemp>29.0</ns3:atemp>
            <ns3:cad>0</ns3:cad>
          </ns3:TrackPointExtension>
        </extensions>
      </trkpt>
      <trkpt lat="43.16035791300237178802490234375" lon="-109.63682041503489017486572265625">
        <ele>3618.60009765625</ele>
        <time>2017-09-02T17:01:48.000Z</time>
        <extensions>
          <ns3:TrackPointExtension>
            <ns3:atemp>29.0</ns3:atemp>
            <ns3:cad>61</ns3:cad>
          </ns3:TrackPointExtension>
        </extensions>
      </trkpt>
      <trkpt lat="43.1603752635419368743896484375" lon="-109.636811278760433197021484375">
        <ele>3619.60009765625</ele>
        <time>2017-09-02T17:02:01.000Z</time>
        <extensions>
          <ns3:TrackPointExtension>
            <ns3:atemp>29.0</ns3:atemp>
            <ns3:cad>0</ns3:cad>
          </ns3:TrackPointExtension>
        </extensions>
      </trkpt>
      <trkpt lat="43.16040149889886379241943359375" lon="-109.63682108558714389801025390625">
        <ele>3620.800048828125</ele>
        <time>2017-09-02T17:02:14.000Z</time>
        <extensions>
          <ns3:TrackPointExtension>
            <ns3:atemp>29.0</ns3:atemp>
            <ns3:cad>0</ns3:cad>
          </ns3:TrackPointExtension>
        </extensions>
      </trkpt>
      <trkpt lat="43.1604218669235706329345703125" lon="-109.6368107758462429046630859375">
        <ele>3622</ele>
        <time>2017-09-02T17:02:47.000Z</time>
        <extensions>
          <ns3:TrackPointExtension>
            <ns3:atemp>29.0</ns3:atemp>
            <ns3:cad>0</ns3:cad>
          </ns3:TrackPointExtension>
        </extensions>
      </trkpt>
      <trkpt lat="43.16043318249285221099853515625" lon="-109.63675755076110363006591796875">
        <ele>3623</ele>
        <time>2017-09-02T17:03:05.000Z</time>
        <extensions>
          <ns3:TrackPointExtension>
            <ns3:atemp>29.0</ns3:atemp>
            <ns3:cad>61</ns3:cad>
          </ns3:TrackPointExtension>
        </extensions>
      </trkpt>
      <trkpt lat="43.160442821681499481201171875" lon="-109.63676911778748035430908203125">
        <ele>3623.39990234375</ele>
        <time>2017-09-02T17:03:07.000Z</time>
        <extensions>
          <ns3:TrackPointExtension>
            <ns3:atemp>29.0</ns3:atemp>
            <ns3:cad>61</ns3:cad>
          </ns3:TrackPointExtension>
        </extensions>
      </trkpt>
      <trkpt lat="43.160442821681499481201171875" lon="-109.636760316789150238037109375">
        <ele>3624</ele>
        <time>2017-09-02T17:03:11.000Z</time>
        <extensions>
          <ns3:TrackPointExtension>
            <ns3:atemp>29.0</ns3:atemp>
            <ns3:cad>0</ns3:cad>
          </ns3:TrackPointExtension>
        </extensions>
      </trkpt>
      <trkpt lat="43.1604584120213985443115234375" lon="-109.63674799539148807525634765625">
        <ele>3625.199951171875</ele>
        <time>2017-09-02T17:03:27.000Z</time>
        <extensions>
          <ns3:TrackPointExtension>
            <ns3:atemp>29.0</ns3:atemp>
            <ns3:cad>0</ns3:cad>
          </ns3:TrackPointExtension>
        </extensions>
      </trkpt>
      <trkpt lat="43.1604852341115474700927734375" lon="-109.63676442392170429229736328125">
        <ele>3626.199951171875</ele>
        <time>2017-09-02T17:03:31.000Z</time>
        <extensions>
          <ns3:TrackPointExtension>
            <ns3:atemp>29.0</ns3:atemp>
            <ns3:cad>61</ns3:cad>
          </ns3:TrackPointExtension>
        </extensions>
      </trkpt>
      <trkpt lat="43.1604914367198944091796875" lon="-109.63677615858614444732666015625">
        <ele>3627.39990234375</ele>
        <time>2017-09-02T17:03:45.000Z</time>
        <extensions>
          <ns3:TrackPointExtension>
            <ns3:atemp>29.0</ns3:atemp>
            <ns3:cad>0</ns3:cad>
          </ns3:TrackPointExtension>
        </extensions>
      </trkpt>
      <trkpt lat="43.16049772314727306365966796875" lon="-109.636779092252254486083984375">
        <ele>3628.39990234375</ele>
        <time>2017-09-02T17:04:01.000Z</time>
        <extensions>
          <ns3:TrackPointExtension>
            <ns3:atemp>29.0</ns3:atemp>
            <ns3:cad>0</ns3:cad>
          </ns3:TrackPointExtension>
        </extensions>
      </trkpt>
      <trkpt lat="43.16056176088750362396240234375" lon="-109.6367997117340564727783203125">
        <ele>3629.199951171875</ele>
        <time>2017-09-02T17:04:09.000Z</time>
        <extensions>
          <ns3:TrackPointExtension>
            <ns3:atemp>29.0</ns3:atemp>
            <ns3:cad>61</ns3:cad>
          </ns3:TrackPointExtension>
        </extensions>
      </trkpt>
      <trkpt lat="43.160573579370975494384765625" lon="-109.6367906592786312103271484375">
        <ele>3629.39990234375</ele>
        <time>2017-09-02T17:04:12.000Z</time>
        <extensions>
          <ns3:TrackPointExtension>
            <ns3:atemp>29.0</ns3:atemp>
            <ns3:cad>0</ns3:cad>
          </ns3:TrackPointExtension>
        </extensions>
      </trkpt>
      <trkpt lat="43.16057123243808746337890625" lon="-109.6367826126515865325927734375">
        <ele>3629.39990234375</ele>
        <time>2017-09-02T17:04:13.000Z</time>
        <extensions>
          <ns3:TrackPointExtension>
            <ns3:atemp>29.0</ns3:atemp>
            <ns3:cad>0</ns3:cad>
          </ns3:TrackPointExtension>
        </extensions>
      </trkpt>
      <trkpt lat="43.1605719029903411865234375" lon="-109.63677733205258846282958984375">
        <ele>3630.60009765625</ele>
        <time>2017-09-02T17:04:31.000Z</time>
        <extensions>
          <ns3:TrackPointExtension>
            <ns3:atemp>29.0</ns3:atemp>
            <ns3:cad>40</ns3:cad>
          </ns3:TrackPointExtension>
        </extensions>
      </trkpt>
      <trkpt lat="43.1606290675699710845947265625" lon="-109.63675050996243953704833984375">
        <ele>3631</ele>
        <time>2017-09-02T17:04:47.000Z</time>
        <extensions>
          <ns3:TrackPointExtension>
            <ns3:atemp>29.0</ns3:atemp>
            <ns3:cad>61</ns3:cad>
          </ns3:TrackPointExtension>
        </extensions>
      </trkpt>
      <trkpt lat="43.16064205951988697052001953125" lon="-109.63674120604991912841796875">
        <ele>3631.60009765625</ele>
        <time>2017-09-02T17:04:49.000Z</time>
        <extensions>
          <ns3:TrackPointExtension>
            <ns3:atemp>29.0</ns3:atemp>
            <ns3:cad>61</ns3:cad>
          </ns3:TrackPointExtension>
        </extensions>
      </trkpt>
      <trkpt lat="43.1606475077569484710693359375" lon="-109.6367363445460796356201171875">
        <ele>3632</ele>
        <time>2017-09-02T17:04:50.000Z</time>
        <extensions>
          <ns3:TrackPointExtension>
            <ns3:atemp>29.0</ns3:atemp>
            <ns3:cad>61</ns3:cad>
          </ns3:TrackPointExtension>
        </extensions>
      </trkpt>
      <trkpt lat="43.16065630875527858734130859375" lon="-109.63673240505158901214599609375">
        <ele>3633</ele>
        <time>2017-09-02T17:04:53.000Z</time>
        <extensions>
          <ns3:TrackPointExtension>
            <ns3:atemp>29.0</ns3:atemp>
            <ns3:cad>63</ns3:cad>
          </ns3:TrackPointExtension>
        </extensions>
      </trkpt>
      <trkpt lat="43.1606565602123737335205078125" lon="-109.6367289684712886810302734375">
        <ele>3633.199951171875</ele>
        <time>2017-09-02T17:04:54.000Z</time>
        <extensions>
          <ns3:TrackPointExtension>
            <ns3:atemp>29.0</ns3:atemp>
            <ns3:cad>63</ns3:cad>
          </ns3:TrackPointExtension>
        </extensions>
      </trkpt>
      <trkpt lat="43.16063904203474521636962890625" lon="-109.63674254715442657470703125">
        <ele>3634.199951171875</ele>
        <time>2017-09-02T17:04:58.000Z</time>
        <extensions>
          <ns3:TrackPointExtension>
            <ns3:atemp>29.0</ns3:atemp>
            <ns3:cad>63</ns3:cad>
          </ns3:TrackPointExtension>
        </extensions>
      </trkpt>
      <trkpt lat="43.16065127961337566375732421875" lon="-109.63674464263021945953369140625">
        <ele>3634.800048828125</ele>
        <time>2017-09-02T17:05:02.000Z</time>
        <extensions>
          <ns3:TrackPointExtension>
            <ns3:atemp>29.0</ns3:atemp>
            <ns3:cad>0</ns3:cad>
          </ns3:TrackPointExtension>
        </extensions>
      </trkpt>
      <trkpt lat="43.16066754050552845001220703125" lon="-109.636746905744075775146484375">
        <ele>3635.39990234375</ele>
        <time>2017-09-02T17:05:05.000Z</time>
        <extensions>
          <ns3:TrackPointExtension>
            <ns3:atemp>29.0</ns3:atemp>
            <ns3:cad>63</ns3:cad>
          </ns3:TrackPointExtension>
        </extensions>
      </trkpt>
      <trkpt lat="43.160672150552272796630859375" lon="-109.63674766011536121368408203125">
        <ele>3635.800048828125</ele>
        <time>2017-09-02T17:05:06.000Z</time>
        <extensions>
          <ns3:TrackPointExtension>
            <ns3:atemp>29.0</ns3:atemp>
            <ns3:cad>63</ns3:cad>
          </ns3:TrackPointExtension>
        </extensions>
      </trkpt>
      <trkpt lat="43.16067525185644626617431640625" lon="-109.6367433853447437286376953125">
        <ele>3636.39990234375</ele>
        <time>2017-09-02T17:05:09.000Z</time>
        <extensions>
          <ns3:TrackPointExtension>
            <ns3:atemp>29.0</ns3:atemp>
            <ns3:cad>63</ns3:cad>
          </ns3:TrackPointExtension>
        </extensions>
      </trkpt>
      <trkpt lat="43.16066938452422618865966796875" lon="-109.6367306448519229888916015625">
        <ele>3636.800048828125</ele>
        <time>2017-09-02T17:05:10.000Z</time>
        <extensions>
          <ns3:TrackPointExtension>
            <ns3:atemp>29.0</ns3:atemp>
            <ns3:cad>0</ns3:cad>
          </ns3:TrackPointExtension>
        </extensions>
      </trkpt>
      <trkpt lat="43.16067357547581195831298828125" lon="-109.63671195320785045623779296875">
        <ele>3637</ele>
        <time>2017-09-02T17:05:11.000Z</time>
        <extensions>
          <ns3:TrackPointExtension>
            <ns3:atemp>29.0</ns3:atemp>
            <ns3:cad>0</ns3:cad>
          </ns3:TrackPointExtension>
        </extensions>
      </trkpt>
      <trkpt lat="43.1606860645115375518798828125" lon="-109.6367058344185352325439453125">
        <ele>3637.39990234375</ele>
        <time>2017-09-02T17:05:13.000Z</time>
        <extensions>
          <ns3:TrackPointExtension>
            <ns3:atemp>29.0</ns3:atemp>
            <ns3:cad>0</ns3:cad>
          </ns3:TrackPointExtension>
        </extensions>
      </trkpt>
      <trkpt lat="43.16071850247681140899658203125" lon="-109.63672787882387638092041015625">
        <ele>3637.800048828125</ele>
        <time>2017-09-02T17:05:16.000Z</time>
        <extensions>
          <ns3:TrackPointExtension>
            <ns3:atemp>29.0</ns3:atemp>
            <ns3:cad>0</ns3:cad>
          </ns3:TrackPointExtension>
        </extensions>
      </trkpt>
      <trkpt lat="43.16058732569217681884765625" lon="-109.63660181500017642974853515625">
        <ele>3638.199951171875</ele>
        <time>2017-09-02T17:05:32.000Z</time>
        <extensions>
          <ns3:TrackPointExtension>
            <ns3:atemp>29.0</ns3:atemp>
            <ns3:cad>0</ns3:cad>
          </ns3:TrackPointExtension>
        </extensions>
      </trkpt>
      <trkpt lat="43.16055723465979099273681640625" lon="-109.63656577281653881072998046875">
        <ele>3638.199951171875</ele>
        <time>2017-09-02T17:05:34.000Z</time>
        <extensions>
          <ns3:TrackPointExtension>
            <ns3:atemp>29.0</ns3:atemp>
            <ns3:cad>0</ns3:cad>
          </ns3:TrackPointExtension>
        </extensions>
      </trkpt>
      <trkpt lat="43.160727135837078094482421875" lon="-109.6367244422435760498046875">
        <ele>3638.199951171875</ele>
        <time>2017-09-02T17:05:38.000Z</time>
        <extensions>
          <ns3:TrackPointExtension>
            <ns3:atemp>29.0</ns3:atemp>
            <ns3:cad>61</ns3:cad>
          </ns3:TrackPointExtension>
        </extensions>
      </trkpt>
      <trkpt lat="43.160887062549591064453125" lon="-109.6369230933487415313720703125">
        <ele>3637</ele>
        <time>2017-09-02T17:05:51.000Z</time>
        <extensions>
          <ns3:TrackPointExtension>
            <ns3:atemp>29.0</ns3:atemp>
            <ns3:cad>0</ns3:cad>
          </ns3:TrackPointExtension>
        </extensions>
      </trkpt>
      <trkpt lat="43.160709701478481292724609375" lon="-109.63685427792370319366455078125">
        <ele>3637</ele>
        <time>2017-09-02T17:05:59.000Z</time>
        <extensions>
          <ns3:TrackPointExtension>
            <ns3:atemp>29.0</ns3:atemp>
            <ns3:cad>0</ns3:cad>
          </ns3:TrackPointExtension>
        </extensions>
      </trkpt>
      <trkpt lat="43.1606967933475971221923828125" lon="-109.6368087641894817352294921875">
        <ele>3637.39990234375</ele>
        <time>2017-09-02T17:06:07.000Z</time>
        <extensions>
          <ns3:TrackPointExtension>
            <ns3:atemp>29.0</ns3:atemp>
            <ns3:cad>0</ns3:cad>
          </ns3:TrackPointExtension>
        </extensions>
      </trkpt>
      <trkpt lat="43.160700313746929168701171875" lon="-109.63678839616477489471435546875">
        <ele>3639</ele>
        <time>2017-09-02T17:06:15.000Z</time>
        <extensions>
          <ns3:TrackPointExtension>
            <ns3:atemp>29.0</ns3:atemp>
            <ns3:cad>0</ns3:cad>
          </ns3:TrackPointExtension>
        </extensions>
      </trkpt>
      <trkpt lat="43.16076728515326976776123046875" lon="-109.63678856380283832550048828125">
        <ele>3640</ele>
        <time>2017-09-02T17:06:26.000Z</time>
        <extensions>
          <ns3:TrackPointExtension>
            <ns3:atemp>29.0</ns3:atemp>
            <ns3:cad>0</ns3:cad>
          </ns3:TrackPointExtension>
        </extensions>
      </trkpt>
      <trkpt lat="43.1607806123793125152587890625" lon="-109.636776745319366455078125">
        <ele>3641.199951171875</ele>
        <time>2017-09-02T17:06:44.000Z</time>
        <extensions>
          <ns3:TrackPointExtension>
            <ns3:atemp>29.0</ns3:atemp>
            <ns3:cad>0</ns3:cad>
          </ns3:TrackPointExtension>
        </extensions>
      </trkpt>
      <trkpt lat="43.16084473393857479095458984375" lon="-109.63684312999248504638671875">
        <ele>3640.60009765625</ele>
        <time>2017-09-02T17:06:53.000Z</time>
        <extensions>
          <ns3:TrackPointExtension>
            <ns3:atemp>29.0</ns3:atemp>
            <ns3:cad>0</ns3:cad>
          </ns3:TrackPointExtension>
        </extensions>
      </trkpt>
      <trkpt lat="43.160710372030735015869140625" lon="-109.63675771839916706085205078125">
        <ele>3642.39990234375</ele>
        <time>2017-09-02T17:07:12.000Z</time>
        <extensions>
          <ns3:TrackPointExtension>
            <ns3:atemp>29.0</ns3:atemp>
            <ns3:cad>0</ns3:cad>
          </ns3:TrackPointExtension>
        </extensions>
      </trkpt>
      <trkpt lat="43.16074482165277004241943359375" lon="-109.6367485821247100830078125">
        <ele>3643.39990234375</ele>
        <time>2017-09-02T17:07:24.000Z</time>
        <extensions>
          <ns3:TrackPointExtension>
            <ns3:atemp>29.0</ns3:atemp>
            <ns3:cad>0</ns3:cad>
          </ns3:TrackPointExtension>
        </extensions>
      </trkpt>
      <trkpt lat="43.16078254021704196929931640625" lon="-109.6367712132632732391357421875">
        <ele>3644.39990234375</ele>
        <time>2017-09-02T17:07:35.000Z</time>
        <extensions>
          <ns3:TrackPointExtension>
            <ns3:atemp>29.0</ns3:atemp>
            <ns3:cad>0</ns3:cad>
          </ns3:TrackPointExtension>
        </extensions>
      </trkpt>
      <trkpt lat="43.16086250357329845428466796875" lon="-109.6368030644953250885009765625">
        <ele>3645.39990234375</ele>
        <time>2017-09-02T17:07:58.000Z</time>
        <extensions>
          <ns3:TrackPointExtension>
            <ns3:atemp>29.0</ns3:atemp>
            <ns3:cad>0</ns3:cad>
          </ns3:TrackPointExtension>
        </extensions>
      </trkpt>
      <trkpt lat="43.1608667783439159393310546875" lon="-109.6367873065173625946044921875">
        <ele>3646.60009765625</ele>
        <time>2017-09-02T17:08:06.000Z</time>
        <extensions>
          <ns3:TrackPointExtension>
            <ns3:atemp>29.0</ns3:atemp>
            <ns3:cad>0</ns3:cad>
          </ns3:TrackPointExtension>
        </extensions>
      </trkpt>
      <trkpt lat="43.16088530234992504119873046875" lon="-109.6367956884205341339111328125">
        <ele>3647.60009765625</ele>
        <time>2017-09-02T17:08:32.000Z</time>
        <extensions>
          <ns3:TrackPointExtension>
            <ns3:atemp>29.0</ns3:atemp>
            <ns3:cad>0</ns3:cad>
          </ns3:TrackPointExtension>
        </extensions>
      </trkpt>
      <trkpt lat="43.16085529513657093048095703125" lon="-109.6367132104933261871337890625">
        <ele>3648.60009765625</ele>
        <time>2017-09-02T17:08:49.000Z</time>
        <extensions>
          <ns3:TrackPointExtension>
            <ns3:atemp>29.0</ns3:atemp>
            <ns3:cad>0</ns3:cad>
          </ns3:TrackPointExtension>
        </extensions>
      </trkpt>
      <trkpt lat="43.1608231924474239349365234375" lon="-109.63666350580751895904541015625">
        <ele>3649.60009765625</ele>
        <time>2017-09-02T17:09:14.000Z</time>
        <extensions>
          <ns3:TrackPointExtension>
            <ns3:atemp>29.0</ns3:atemp>
            <ns3:cad>0</ns3:cad>
          </ns3:TrackPointExtension>
        </extensions>
      </trkpt>
      <trkpt lat="43.160860240459442138671875" lon="-109.63665965013206005096435546875">
        <ele>3650.800048828125</ele>
        <time>2017-09-02T17:09:19.000Z</time>
        <extensions>
          <ns3:TrackPointExtension>
            <ns3:atemp>29.0</ns3:atemp>
            <ns3:cad>0</ns3:cad>
          </ns3:TrackPointExtension>
        </extensions>
      </trkpt>
      <trkpt lat="43.16089217551052570343017578125" lon="-109.6366552077233791351318359375">
        <ele>3651.800048828125</ele>
        <time>2017-09-02T17:09:23.000Z</time>
        <extensions>
          <ns3:TrackPointExtension>
            <ns3:atemp>29.0</ns3:atemp>
            <ns3:cad>0</ns3:cad>
          </ns3:TrackPointExtension>
        </extensions>
      </trkpt>
      <trkpt lat="43.160898797214031219482421875" lon="-109.63664858601987361907958984375">
        <ele>3652</ele>
        <time>2017-09-02T17:09:24.000Z</time>
        <extensions>
          <ns3:TrackPointExtension>
            <ns3:atemp>29.0</ns3:atemp>
            <ns3:cad>0</ns3:cad>
          </ns3:TrackPointExtension>
        </extensions>
      </trkpt>
      <trkpt lat="43.1609314866364002227783203125" lon="-109.636697955429553985595703125">
        <ele>3653</ele>
        <time>2017-09-02T17:09:44.000Z</time>
        <extensions>
          <ns3:TrackPointExtension>
            <ns3:atemp>29.0</ns3:atemp>
            <ns3:cad>0</ns3:cad>
          </ns3:TrackPointExtension>
        </extensions>
      </trkpt>
      <trkpt lat="43.16091564483940601348876953125" lon="-109.63667741976678371429443359375">
        <ele>3654</ele>
        <time>2017-09-02T17:10:23.000Z</time>
        <extensions>
          <ns3:TrackPointExtension>
            <ns3:atemp>28.0</ns3:atemp>
            <ns3:cad>0</ns3:cad>
          </ns3:TrackPointExtension>
        </extensions>
      </trkpt>
      <trkpt lat="43.1609636731445789337158203125" lon="-109.63671614415943622589111328125">
        <ele>3655.199951171875</ele>
        <time>2017-09-02T17:10:39.000Z</time>
        <extensions>
          <ns3:TrackPointExtension>
            <ns3:atemp>28.0</ns3:atemp>
            <ns3:cad>0</ns3:cad>
          </ns3:TrackPointExtension>
        </extensions>
      </trkpt>
      <trkpt lat="43.16096417605876922607421875" lon="-109.636716060340404510498046875">
        <ele>3656.199951171875</ele>
        <time>2017-09-02T17:10:44.000Z</time>
        <extensions>
          <ns3:TrackPointExtension>
            <ns3:atemp>28.0</ns3:atemp>
            <ns3:cad>0</ns3:cad>
          </ns3:TrackPointExtension>
        </extensions>
      </trkpt>
      <trkpt lat="43.161026872694492340087890625" lon="-109.63671279139816761016845703125">
        <ele>3657.199951171875</ele>
        <time>2017-09-02T17:11:02.000Z</time>
        <extensions>
          <ns3:TrackPointExtension>
            <ns3:atemp>28.0</ns3:atemp>
            <ns3:cad>61</ns3:cad>
          </ns3:TrackPointExtension>
        </extensions>
      </trkpt>
      <trkpt lat="43.16097783856093883514404296875" lon="-109.6366815268993377685546875">
        <ele>3657.60009765625</ele>
        <time>2017-09-02T17:11:07.000Z</time>
        <extensions>
          <ns3:TrackPointExtension>
            <ns3:atemp>28.0</ns3:atemp>
            <ns3:cad>0</ns3:cad>
          </ns3:TrackPointExtension>
        </extensions>
      </trkpt>
      <trkpt lat="43.161053024232387542724609375" lon="-109.636701978743076324462890625">
        <ele>3658.39990234375</ele>
        <time>2017-09-02T17:11:36.000Z</time>
        <extensions>
          <ns3:TrackPointExtension>
            <ns3:atemp>28.0</ns3:atemp>
            <ns3:cad>61</ns3:cad>
          </ns3:TrackPointExtension>
        </extensions>
      </trkpt>
      <trkpt lat="43.16101723350584506988525390625" lon="-109.63669016025960445404052734375">
        <ele>3659.39990234375</ele>
        <time>2017-09-02T17:11:42.000Z</time>
        <extensions>
          <ns3:TrackPointExtension>
            <ns3:atemp>29.0</ns3:atemp>
            <ns3:cad>0</ns3:cad>
          </ns3:TrackPointExtension>
        </extensions>
      </trkpt>
      <trkpt lat="43.16106802783906459808349609375" lon="-109.63676132261753082275390625">
        <ele>3660</ele>
        <time>2017-09-02T17:11:45.000Z</time>
        <extensions>
          <ns3:TrackPointExtension>
            <ns3:atemp>29.0</ns3:atemp>
            <ns3:cad>0</ns3:cad>
          </ns3:TrackPointExtension>
        </extensions>
      </trkpt>
      <trkpt lat="43.16112510859966278076171875" lon="-109.6367903240025043487548828125">
        <ele>3660.39990234375</ele>
        <time>2017-09-02T17:11:48.000Z</time>
        <extensions>
          <ns3:TrackPointExtension>
            <ns3:atemp>29.0</ns3:atemp>
            <ns3:cad>0</ns3:cad>
          </ns3:TrackPointExtension>
        </extensions>
      </trkpt>
      <trkpt lat="43.1611685268580913543701171875" lon="-109.6368023939430713653564453125">
        <ele>3660.39990234375</ele>
        <time>2017-09-02T17:11:52.000Z</time>
        <extensions>
          <ns3:TrackPointExtension>
            <ns3:atemp>29.0</ns3:atemp>
            <ns3:cad>0</ns3:cad>
          </ns3:TrackPointExtension>
        </extensions>
      </trkpt>
      <trkpt lat="43.16116928122937679290771484375" lon="-109.63679627515375614166259765625">
        <ele>3660.60009765625</ele>
        <time>2017-09-02T17:11:53.000Z</time>
        <extensions>
          <ns3:TrackPointExtension>
            <ns3:atemp>29.0</ns3:atemp>
            <ns3:cad>0</ns3:cad>
          </ns3:TrackPointExtension>
        </extensions>
      </trkpt>
      <trkpt lat="43.161143548786640167236328125" lon="-109.63674464263021945953369140625">
        <ele>3661.60009765625</ele>
        <time>2017-09-02T17:12:11.000Z</time>
        <extensions>
          <ns3:TrackPointExtension>
            <ns3:atemp>29.0</ns3:atemp>
            <ns3:cad>0</ns3:cad>
          </ns3:TrackPointExtension>
        </extensions>
      </trkpt>
      <trkpt lat="43.16112644970417022705078125" lon="-109.63673659600317478179931640625">
        <ele>3662.60009765625</ele>
        <time>2017-09-02T17:12:31.000Z</time>
        <extensions>
          <ns3:TrackPointExtension>
            <ns3:atemp>29.0</ns3:atemp>
            <ns3:cad>0</ns3:cad>
          </ns3:TrackPointExtension>
        </extensions>
      </trkpt>
      <trkpt lat="43.16104087047278881072998046875" lon="-109.63669535703957080841064453125">
        <ele>3663.800048828125</ele>
        <time>2017-09-02T17:12:49.000Z</time>
        <extensions>
          <ns3:TrackPointExtension>
            <ns3:atemp>29.0</ns3:atemp>
            <ns3:cad>0</ns3:cad>
          </ns3:TrackPointExtension>
        </extensions>
      </trkpt>
      <trkpt lat="43.16111127845942974090576171875" lon="-109.63676668703556060791015625">
        <ele>3664.800048828125</ele>
        <time>2017-09-02T17:13:10.000Z</time>
        <extensions>
          <ns3:TrackPointExtension>
            <ns3:atemp>29.0</ns3:atemp>
            <ns3:cad>0</ns3:cad>
          </ns3:TrackPointExtension>
        </extensions>
      </trkpt>
      <trkpt lat="43.16111211664974689483642578125" lon="-109.636765681207180023193359375">
        <ele>3664.800048828125</ele>
        <time>2017-09-02T17:13:11.000Z</time>
        <extensions>
          <ns3:TrackPointExtension>
            <ns3:atemp>29.0</ns3:atemp>
            <ns3:cad>0</ns3:cad>
          </ns3:TrackPointExtension>
        </extensions>
      </trkpt>
      <trkpt lat="43.16106651909649372100830078125" lon="-109.636728800833225250244140625">
        <ele>3665.39990234375</ele>
        <time>2017-09-02T17:13:16.000Z</time>
        <extensions>
          <ns3:TrackPointExtension>
            <ns3:atemp>29.0</ns3:atemp>
            <ns3:cad>0</ns3:cad>
          </ns3:TrackPointExtension>
        </extensions>
      </trkpt>
      <trkpt lat="43.16105998121201992034912109375" lon="-109.636709690093994140625">
        <ele>3665.800048828125</ele>
        <time>2017-09-02T17:13:26.000Z</time>
        <extensions>
          <ns3:TrackPointExtension>
            <ns3:atemp>29.0</ns3:atemp>
            <ns3:cad>0</ns3:cad>
          </ns3:TrackPointExtension>
        </extensions>
      </trkpt>
      <trkpt lat="43.16110876388847827911376953125" lon="-109.63672067038714885711669921875">
        <ele>3667</ele>
        <time>2017-09-02T17:13:43.000Z</time>
        <extensions>
          <ns3:TrackPointExtension>
            <ns3:atemp>29.0</ns3:atemp>
            <ns3:cad>61</ns3:cad>
          </ns3:TrackPointExtension>
        </extensions>
      </trkpt>
      <trkpt lat="43.1611125357449054718017578125" lon="-109.6367217600345611572265625">
        <ele>3667.199951171875</ele>
        <time>2017-09-02T17:13:44.000Z</time>
        <extensions>
          <ns3:TrackPointExtension>
            <ns3:atemp>29.0</ns3:atemp>
            <ns3:cad>61</ns3:cad>
          </ns3:TrackPointExtension>
        </extensions>
      </trkpt>
      <trkpt lat="43.1610947661101818084716796875" lon="-109.636712372303009033203125">
        <ele>3668</ele>
        <time>2017-09-02T17:13:48.000Z</time>
        <extensions>
          <ns3:TrackPointExtension>
            <ns3:atemp>29.0</ns3:atemp>
            <ns3:cad>0</ns3:cad>
          </ns3:TrackPointExtension>
        </extensions>
      </trkpt>
      <trkpt lat="43.161093257367610931396484375" lon="-109.6367111988365650177001953125">
        <ele>3668</ele>
        <time>2017-09-02T17:13:50.000Z</time>
        <extensions>
          <ns3:TrackPointExtension>
            <ns3:atemp>29.0</ns3:atemp>
            <ns3:cad>0</ns3:cad>
          </ns3:TrackPointExtension>
        </extensions>
      </trkpt>
      <trkpt lat="43.16109200008213520050048828125" lon="-109.6366991288959980010986328125">
        <ele>3668.199951171875</ele>
        <time>2017-09-02T17:13:52.000Z</time>
        <extensions>
          <ns3:TrackPointExtension>
            <ns3:atemp>29.0</ns3:atemp>
            <ns3:cad>0</ns3:cad>
          </ns3:TrackPointExtension>
        </extensions>
      </trkpt>
      <trkpt lat="43.161070458590984344482421875" lon="-109.63668144308030605316162109375">
        <ele>3668.60009765625</ele>
        <time>2017-09-02T17:14:04.000Z</time>
        <extensions>
          <ns3:TrackPointExtension>
            <ns3:atemp>29.0</ns3:atemp>
            <ns3:cad>0</ns3:cad>
          </ns3:TrackPointExtension>
        </extensions>
      </trkpt>
      <trkpt lat="43.16109837032854557037353515625" lon="-109.63671111501753330230712890625">
        <ele>3669.39990234375</ele>
        <time>2017-09-02T17:14:08.000Z</time>
        <extensions>
          <ns3:TrackPointExtension>
            <ns3:atemp>29.0</ns3:atemp>
            <ns3:cad>0</ns3:cad>
          </ns3:TrackPointExtension>
        </extensions>
      </trkpt>
      <trkpt lat="43.16111697815358638763427734375" lon="-109.63671228848397731781005859375">
        <ele>3670.199951171875</ele>
        <time>2017-09-02T17:14:14.000Z</time>
        <extensions>
          <ns3:TrackPointExtension>
            <ns3:atemp>29.0</ns3:atemp>
            <ns3:cad>0</ns3:cad>
          </ns3:TrackPointExtension>
        </extensions>
      </trkpt>
      <trkpt lat="43.16112033091485500335693359375" lon="-109.6366930939257144927978515625">
        <ele>3670.39990234375</ele>
        <time>2017-09-02T17:14:17.000Z</time>
        <extensions>
          <ns3:TrackPointExtension>
            <ns3:atemp>29.0</ns3:atemp>
            <ns3:cad>0</ns3:cad>
          </ns3:TrackPointExtension>
        </extensions>
      </trkpt>
      <trkpt lat="43.161171711981296539306640625" lon="-109.63677414692938327789306640625">
        <ele>3671.60009765625</ele>
        <time>2017-09-02T17:14:34.000Z</time>
        <extensions>
          <ns3:TrackPointExtension>
            <ns3:atemp>29.0</ns3:atemp>
            <ns3:cad>0</ns3:cad>
          </ns3:TrackPointExtension>
        </extensions>
      </trkpt>
      <trkpt lat="43.16120146773755550384521484375" lon="-109.636799208819866180419921875">
        <ele>3672.199951171875</ele>
        <time>2017-09-02T17:14:40.000Z</time>
        <extensions>
          <ns3:TrackPointExtension>
            <ns3:atemp>29.0</ns3:atemp>
            <ns3:cad>0</ns3:cad>
          </ns3:TrackPointExtension>
        </extensions>
      </trkpt>
      <trkpt lat="43.16120917908847332000732421875" lon="-109.636817313730716705322265625">
        <ele>3672.60009765625</ele>
        <time>2017-09-02T17:14:46.000Z</time>
        <extensions>
          <ns3:TrackPointExtension>
            <ns3:atemp>29.0</ns3:atemp>
            <ns3:cad>0</ns3:cad>
          </ns3:TrackPointExtension>
        </extensions>
      </trkpt>
      <trkpt lat="43.161221332848072052001953125" lon="-109.63681387715041637420654296875">
        <ele>3674</ele>
        <time>2017-09-02T17:14:50.000Z</time>
        <extensions>
          <ns3:TrackPointExtension>
            <ns3:atemp>29.0</ns3:atemp>
            <ns3:cad>0</ns3:cad>
          </ns3:TrackPointExtension>
        </extensions>
      </trkpt>
      <trkpt lat="43.1612191535532474517822265625" lon="-109.6367812715470790863037109375">
        <ele>3675</ele>
        <time>2017-09-02T17:15:13.000Z</time>
        <extensions>
          <ns3:TrackPointExtension>
            <ns3:atemp>29.0</ns3:atemp>
            <ns3:cad>0</ns3:cad>
          </ns3:TrackPointExtension>
        </extensions>
      </trkpt>
      <trkpt lat="43.1612436287105083465576171875" lon="-109.63677817024290561676025390625">
        <ele>3676</ele>
        <time>2017-09-02T17:15:39.000Z</time>
        <extensions>
          <ns3:TrackPointExtension>
            <ns3:atemp>29.0</ns3:atemp>
            <ns3:cad>0</ns3:cad>
          </ns3:TrackPointExtension>
        </extensions>
      </trkpt>
      <trkpt lat="43.16136491484940052032470703125" lon="-109.636878333985805511474609375">
        <ele>3676.60009765625</ele>
        <time>2017-09-02T17:16:08.000Z</time>
        <extensions>
          <ns3:TrackPointExtension>
            <ns3:atemp>29.0</ns3:atemp>
            <ns3:cad>0</ns3:cad>
          </ns3:TrackPointExtension>
        </extensions>
      </trkpt>
      <trkpt lat="43.16132535226643085479736328125" lon="-109.63676744140684604644775390625">
        <ele>3676.39990234375</ele>
        <time>2017-09-02T17:16:30.000Z</time>
        <extensions>
          <ns3:TrackPointExtension>
            <ns3:atemp>29.0</ns3:atemp>
            <ns3:cad>0</ns3:cad>
          </ns3:TrackPointExtension>
        </extensions>
      </trkpt>
      <trkpt lat="43.16117716021835803985595703125" lon="-109.63672569952905178070068359375">
        <ele>3676.39990234375</ele>
        <time>2017-09-02T17:16:42.000Z</time>
        <extensions>
          <ns3:TrackPointExtension>
            <ns3:atemp>29.0</ns3:atemp>
            <ns3:cad>61</ns3:cad>
          </ns3:TrackPointExtension>
        </extensions>
      </trkpt>
      <trkpt lat="43.16117548383772373199462890625" lon="-109.63672771118581295013427734375">
        <ele>3676.39990234375</ele>
        <time>2017-09-02T17:16:43.000Z</time>
        <extensions>
          <ns3:TrackPointExtension>
            <ns3:atemp>29.0</ns3:atemp>
            <ns3:cad>61</ns3:cad>
          </ns3:TrackPointExtension>
        </extensions>
      </trkpt>
      <trkpt lat="43.161181770265102386474609375" lon="-109.63673844002187252044677734375">
        <ele>3676.60009765625</ele>
        <time>2017-09-02T17:16:45.000Z</time>
        <extensions>
          <ns3:TrackPointExtension>
            <ns3:atemp>29.0</ns3:atemp>
            <ns3:cad>0</ns3:cad>
          </ns3:TrackPointExtension>
        </extensions>
      </trkpt>
      <trkpt lat="43.161176741123199462890625" lon="-109.63673542253673076629638671875">
        <ele>3677.199951171875</ele>
        <time>2017-09-02T17:16:47.000Z</time>
        <extensions>
          <ns3:TrackPointExtension>
            <ns3:atemp>29.0</ns3:atemp>
            <ns3:cad>0</ns3:cad>
          </ns3:TrackPointExtension>
        </extensions>
      </trkpt>
      <trkpt lat="43.16109686158597469329833984375" lon="-109.63653660379350185394287109375">
        <ele>3677.60009765625</ele>
        <time>2017-09-02T17:17:03.000Z</time>
        <extensions>
          <ns3:TrackPointExtension>
            <ns3:atemp>29.0</ns3:atemp>
            <ns3:cad>0</ns3:cad>
          </ns3:TrackPointExtension>
        </extensions>
      </trkpt>
      <trkpt lat="43.16089753992855548858642578125" lon="-109.63630811311304569244384765625">
        <ele>3677.39990234375</ele>
        <time>2017-09-02T17:17:05.000Z</time>
        <extensions>
          <ns3:TrackPointExtension>
            <ns3:atemp>29.0</ns3:atemp>
            <ns3:cad>0</ns3:cad>
          </ns3:TrackPointExtension>
        </extensions>
      </trkpt>
      <trkpt lat="43.1607611663639545440673828125" lon="-109.636136032640933990478515625">
        <ele>3677.39990234375</ele>
        <time>2017-09-02T17:17:08.000Z</time>
        <extensions>
          <ns3:TrackPointExtension>
            <ns3:atemp>29.0</ns3:atemp>
            <ns3:cad>0</ns3:cad>
          </ns3:TrackPointExtension>
        </extensions>
      </trkpt>
      <trkpt lat="43.16077298484742641448974609375" lon="-109.6361714042723178863525390625">
        <ele>3677.39990234375</ele>
        <time>2017-09-02T17:17:15.000Z</time>
        <extensions>
          <ns3:TrackPointExtension>
            <ns3:atemp>29.0</ns3:atemp>
            <ns3:cad>0</ns3:cad>
          </ns3:TrackPointExtension>
        </extensions>
      </trkpt>
      <trkpt lat="43.1609559617936611175537109375" lon="-109.63633728213608264923095703125">
        <ele>3677.39990234375</ele>
        <time>2017-09-02T17:17:19.000Z</time>
        <extensions>
          <ns3:TrackPointExtension>
            <ns3:atemp>29.0</ns3:atemp>
            <ns3:cad>0</ns3:cad>
          </ns3:TrackPointExtension>
        </extensions>
      </trkpt>
      <trkpt lat="43.1611217558383941650390625" lon="-109.63645395822823047637939453125">
        <ele>3677.39990234375</ele>
        <time>2017-09-02T17:17:26.000Z</time>
        <extensions>
          <ns3:TrackPointExtension>
            <ns3:atemp>29.0</ns3:atemp>
            <ns3:cad>0</ns3:cad>
          </ns3:TrackPointExtension>
        </extensions>
      </trkpt>
      <trkpt lat="43.16120364703238010406494140625" lon="-109.63667213916778564453125">
        <ele>3677.39990234375</ele>
        <time>2017-09-02T17:17:42.000Z</time>
        <extensions>
          <ns3:TrackPointExtension>
            <ns3:atemp>30.0</ns3:atemp>
            <ns3:cad>0</ns3:cad>
          </ns3:TrackPointExtension>
        </extensions>
      </trkpt>
      <trkpt lat="43.16132049076259136199951171875" lon="-109.63680298067629337310791015625">
        <ele>3677</ele>
        <time>2017-09-02T17:17:48.000Z</time>
        <extensions>
          <ns3:TrackPointExtension>
            <ns3:atemp>30.0</ns3:atemp>
            <ns3:cad>0</ns3:cad>
          </ns3:TrackPointExtension>
        </extensions>
      </trkpt>
      <trkpt lat="43.1613680161535739898681640625" lon="-109.63686500675976276397705078125">
        <ele>3676.39990234375</ele>
        <time>2017-09-02T17:17:56.000Z</time>
        <extensions>
          <ns3:TrackPointExtension>
            <ns3:atemp>30.0</ns3:atemp>
            <ns3:cad>0</ns3:cad>
          </ns3:TrackPointExtension>
        </extensions>
      </trkpt>
      <trkpt lat="43.1614830158650875091552734375" lon="-109.6369462274014949798583984375">
        <ele>3676.60009765625</ele>
        <time>2017-09-02T17:18:01.000Z</time>
        <extensions>
          <ns3:TrackPointExtension>
            <ns3:atemp>30.0</ns3:atemp>
            <ns3:cad>0</ns3:cad>
          </ns3:TrackPointExtension>
        </extensions>
      </trkpt>
      <trkpt lat="43.1614095903933048248291015625" lon="-109.636870957911014556884765625">
        <ele>3677</ele>
        <time>2017-09-02T17:18:06.000Z</time>
        <extensions>
          <ns3:TrackPointExtension>
            <ns3:atemp>30.0</ns3:atemp>
            <ns3:cad>0</ns3:cad>
          </ns3:TrackPointExtension>
        </extensions>
      </trkpt>
      <trkpt lat="43.16136960871517658233642578125" lon="-109.6368389390408992767333984375">
        <ele>3676.800048828125</ele>
        <time>2017-09-02T17:18:08.000Z</time>
        <extensions>
          <ns3:TrackPointExtension>
            <ns3:atemp>30.0</ns3:atemp>
            <ns3:cad>0</ns3:cad>
          </ns3:TrackPointExtension>
        </extensions>
      </trkpt>
      <trkpt lat="43.16136181354522705078125" lon="-109.63683449663221836090087890625">
        <ele>3676.800048828125</ele>
        <time>2017-09-02T17:18:11.000Z</time>
        <extensions>
          <ns3:TrackPointExtension>
            <ns3:atemp>30.0</ns3:atemp>
            <ns3:cad>61</ns3:cad>
          </ns3:TrackPointExtension>
        </extensions>
      </trkpt>
      <trkpt lat="43.16131378524005413055419921875" lon="-109.63680599816143512725830078125">
        <ele>3676.39990234375</ele>
        <time>2017-09-02T17:18:16.000Z</time>
        <extensions>
          <ns3:TrackPointExtension>
            <ns3:atemp>30.0</ns3:atemp>
            <ns3:cad>61</ns3:cad>
          </ns3:TrackPointExtension>
        </extensions>
      </trkpt>
      <trkpt lat="43.16129735670983791351318359375" lon="-109.63682510890066623687744140625">
        <ele>3676.800048828125</ele>
        <time>2017-09-02T17:18:20.000Z</time>
        <extensions>
          <ns3:TrackPointExtension>
            <ns3:atemp>30.0</ns3:atemp>
            <ns3:cad>0</ns3:cad>
          </ns3:TrackPointExtension>
        </extensions>
      </trkpt>
      <trkpt lat="43.16128109581768512725830078125" lon="-109.63681404478847980499267578125">
        <ele>3678.199951171875</ele>
        <time>2017-09-02T17:18:30.000Z</time>
        <extensions>
          <ns3:TrackPointExtension>
            <ns3:atemp>30.0</ns3:atemp>
            <ns3:cad>0</ns3:cad>
          </ns3:TrackPointExtension>
        </extensions>
      </trkpt>
      <trkpt lat="43.16120699979364871978759765625" lon="-109.6367624960839748382568359375">
        <ele>3679.39990234375</ele>
        <time>2017-09-02T17:18:35.000Z</time>
        <extensions>
          <ns3:TrackPointExtension>
            <ns3:atemp>30.0</ns3:atemp>
            <ns3:cad>0</ns3:cad>
          </ns3:TrackPointExtension>
        </extensions>
      </trkpt>
      <trkpt lat="43.16127271391451358795166015625" lon="-109.6367708779871463775634765625">
        <ele>3680.199951171875</ele>
        <time>2017-09-02T17:18:48.000Z</time>
        <extensions>
          <ns3:TrackPointExtension>
            <ns3:atemp>30.0</ns3:atemp>
            <ns3:cad>0</ns3:cad>
          </ns3:TrackPointExtension>
        </extensions>
      </trkpt>
      <trkpt lat="43.161255531013011932373046875" lon="-109.6367440558969974517822265625">
        <ele>3680.39990234375</ele>
        <time>2017-09-02T17:18:51.000Z</time>
        <extensions>
          <ns3:TrackPointExtension>
            <ns3:atemp>30.0</ns3:atemp>
            <ns3:cad>0</ns3:cad>
          </ns3:TrackPointExtension>
        </extensions>
      </trkpt>
      <trkpt lat="43.16130858846008777618408203125" lon="-109.63681320659816265106201171875">
        <ele>3681.60009765625</ele>
        <time>2017-09-02T17:19:00.000Z</time>
        <extensions>
          <ns3:TrackPointExtension>
            <ns3:atemp>30.0</ns3:atemp>
            <ns3:cad>0</ns3:cad>
          </ns3:TrackPointExtension>
        </extensions>
      </trkpt>
      <trkpt lat="43.16134161315858364105224609375" lon="-109.63686735369265079498291015625">
        <ele>3682</ele>
        <time>2017-09-02T17:19:02.000Z</time>
        <extensions>
          <ns3:TrackPointExtension>
            <ns3:atemp>30.0</ns3:atemp>
            <ns3:cad>0</ns3:cad>
          </ns3:TrackPointExtension>
        </extensions>
      </trkpt>
      <trkpt lat="43.16130825318396091461181640625" lon="-109.6369063295423984527587890625">
        <ele>3682.39990234375</ele>
        <time>2017-09-02T17:19:08.000Z</time>
        <extensions>
          <ns3:TrackPointExtension>
            <ns3:atemp>30.0</ns3:atemp>
            <ns3:cad>0</ns3:cad>
          </ns3:TrackPointExtension>
        </extensions>
      </trkpt>
      <trkpt lat="43.1612773239612579345703125" lon="-109.63688830845057964324951171875">
        <ele>3682.39990234375</ele>
        <time>2017-09-02T17:19:10.000Z</time>
        <extensions>
          <ns3:TrackPointExtension>
            <ns3:atemp>30.0</ns3:atemp>
            <ns3:cad>0</ns3:cad>
          </ns3:TrackPointExtension>
        </extensions>
      </trkpt>
      <trkpt lat="43.1612639129161834716796875" lon="-109.63687598705291748046875">
        <ele>3682.39990234375</ele>
        <time>2017-09-02T17:19:12.000Z</time>
        <extensions>
          <ns3:TrackPointExtension>
            <ns3:atemp>30.0</ns3:atemp>
            <ns3:cad>0</ns3:cad>
          </ns3:TrackPointExtension>
        </extensions>
      </trkpt>
      <trkpt lat="43.1612533517181873321533203125" lon="-109.63686525821685791015625">
        <ele>3682.60009765625</ele>
        <time>2017-09-02T17:19:13.000Z</time>
        <extensions>
          <ns3:TrackPointExtension>
            <ns3:atemp>30.0</ns3:atemp>
            <ns3:cad>0</ns3:cad>
          </ns3:TrackPointExtension>
        </extensions>
      </trkpt>
      <trkpt lat="43.1612124480307102203369140625" lon="-109.6367480792105197906494140625">
        <ele>3683.60009765625</ele>
        <time>2017-09-02T17:19:24.000Z</time>
        <extensions>
          <ns3:TrackPointExtension>
            <ns3:atemp>30.0</ns3:atemp>
            <ns3:cad>0</ns3:cad>
          </ns3:TrackPointExtension>
        </extensions>
      </trkpt>
      <trkpt lat="43.16121404059231281280517578125" lon="-109.63677464984357357025146484375">
        <ele>3684</ele>
        <time>2017-09-02T17:19:27.000Z</time>
        <extensions>
          <ns3:TrackPointExtension>
            <ns3:atemp>30.0</ns3:atemp>
            <ns3:cad>61</ns3:cad>
          </ns3:TrackPointExtension>
        </extensions>
      </trkpt>
      <trkpt lat="43.1612972728908061981201171875" lon="-109.6367779187858104705810546875">
        <ele>3684.199951171875</ele>
        <time>2017-09-02T17:19:34.000Z</time>
        <extensions>
          <ns3:TrackPointExtension>
            <ns3:atemp>30.0</ns3:atemp>
            <ns3:cad>61</ns3:cad>
          </ns3:TrackPointExtension>
        </extensions>
      </trkpt>
      <trkpt lat="43.1613432057201862335205078125" lon="-109.63680557906627655029296875">
        <ele>3684.60009765625</ele>
        <time>2017-09-02T17:19:36.000Z</time>
        <extensions>
          <ns3:TrackPointExtension>
            <ns3:atemp>30.0</ns3:atemp>
            <ns3:cad>61</ns3:cad>
          </ns3:TrackPointExtension>
        </extensions>
      </trkpt>
      <trkpt lat="43.16137346439063549041748046875" lon="-109.63683851994574069976806640625">
        <ele>3684.60009765625</ele>
        <time>2017-09-02T17:19:37.000Z</time>
        <extensions>
          <ns3:TrackPointExtension>
            <ns3:atemp>30.0</ns3:atemp>
            <ns3:cad>61</ns3:cad>
          </ns3:TrackPointExtension>
        </extensions>
      </trkpt>
      <trkpt lat="43.16151268780231475830078125" lon="-109.63703222572803497314453125">
        <ele>3684.60009765625</ele>
        <time>2017-09-02T17:19:42.000Z</time>
        <extensions>
          <ns3:TrackPointExtension>
            <ns3:atemp>30.0</ns3:atemp>
            <ns3:cad>0</ns3:cad>
          </ns3:TrackPointExtension>
        </extensions>
      </trkpt>
      <trkpt lat="43.1615276075899600982666015625" lon="-109.6370568685233592987060546875">
        <ele>3684.39990234375</ele>
        <time>2017-09-02T17:19:43.000Z</time>
        <extensions>
          <ns3:TrackPointExtension>
            <ns3:atemp>30.0</ns3:atemp>
            <ns3:cad>0</ns3:cad>
          </ns3:TrackPointExtension>
        </extensions>
      </trkpt>
      <trkpt lat="43.16157563589513301849365234375" lon="-109.637140519917011260986328125">
        <ele>3685</ele>
        <time>2017-09-02T17:19:50.000Z</time>
        <extensions>
          <ns3:TrackPointExtension>
            <ns3:atemp>30.0</ns3:atemp>
            <ns3:cad>61</ns3:cad>
          </ns3:TrackPointExtension>
        </extensions>
      </trkpt>
      <trkpt lat="43.16154898144304752349853515625" lon="-109.63711746968328952789306640625">
        <ele>3685.60009765625</ele>
        <time>2017-09-02T17:19:52.000Z</time>
        <extensions>
          <ns3:TrackPointExtension>
            <ns3:atemp>30.0</ns3:atemp>
            <ns3:cad>0</ns3:cad>
          </ns3:TrackPointExtension>
        </extensions>
      </trkpt>
      <trkpt lat="43.16151713021099567413330078125" lon="-109.63708427734673023223876953125">
        <ele>3685.800048828125</ele>
        <time>2017-09-02T17:19:53.000Z</time>
        <extensions>
          <ns3:TrackPointExtension>
            <ns3:atemp>30.0</ns3:atemp>
            <ns3:cad>0</ns3:cad>
          </ns3:TrackPointExtension>
        </extensions>
      </trkpt>
      <trkpt lat="43.16149835474789142608642578125" lon="-109.63706231676042079925537109375">
        <ele>3686.39990234375</ele>
        <time>2017-09-02T17:19:55.000Z</time>
        <extensions>
          <ns3:TrackPointExtension>
            <ns3:atemp>30.0</ns3:atemp>
            <ns3:cad>61</ns3:cad>
          </ns3:TrackPointExtension>
        </extensions>
      </trkpt>
      <trkpt lat="43.16146817989647388458251953125" lon="-109.63703582994639873504638671875">
        <ele>3686.60009765625</ele>
        <time>2017-09-02T17:19:57.000Z</time>
        <extensions>
          <ns3:TrackPointExtension>
            <ns3:atemp>30.0</ns3:atemp>
            <ns3:cad>0</ns3:cad>
          </ns3:TrackPointExtension>
        </extensions>
      </trkpt>
      <trkpt lat="43.1614595465362071990966796875" lon="-109.6370401047170162200927734375">
        <ele>3686.800048828125</ele>
        <time>2017-09-02T17:20:00.000Z</time>
        <extensions>
          <ns3:TrackPointExtension>
            <ns3:atemp>30.0</ns3:atemp>
            <ns3:cad>0</ns3:cad>
          </ns3:TrackPointExtension>
        </extensions>
      </trkpt>
      <trkpt lat="43.16140665672719478607177734375" lon="-109.6371078304946422576904296875">
        <ele>3688</ele>
        <time>2017-09-02T17:20:08.000Z</time>
        <extensions>
          <ns3:TrackPointExtension>
            <ns3:atemp>30.0</ns3:atemp>
            <ns3:cad>0</ns3:cad>
          </ns3:TrackPointExtension>
        </extensions>
      </trkpt>
      <trkpt lat="43.1614260189235210418701171875" lon="-109.63724571280181407928466796875">
        <ele>3688.199951171875</ele>
        <time>2017-09-02T17:20:17.000Z</time>
        <extensions>
          <ns3:TrackPointExtension>
            <ns3:atemp>30.0</ns3:atemp>
            <ns3:cad>61</ns3:cad>
          </ns3:TrackPointExtension>
        </extensions>
      </trkpt>
      <trkpt lat="43.16139425151050090789794921875" lon="-109.6372043900191783905029296875">
        <ele>3688</ele>
        <time>2017-09-02T17:20:20.000Z</time>
        <extensions>
          <ns3:TrackPointExtension>
            <ns3:atemp>30.0</ns3:atemp>
            <ns3:cad>0</ns3:cad>
          </ns3:TrackPointExtension>
        </extensions>
      </trkpt>
      <trkpt lat="43.16142962314188480377197265625" lon="-109.63722174055874347686767578125">
        <ele>3689.199951171875</ele>
        <time>2017-09-02T17:20:28.000Z</time>
        <extensions>
          <ns3:TrackPointExtension>
            <ns3:atemp>30.0</ns3:atemp>
            <ns3:cad>0</ns3:cad>
          </ns3:TrackPointExtension>
        </extensions>
      </trkpt>
      <trkpt lat="43.16151662729680538177490234375" lon="-109.637109674513339996337890625">
        <ele>3689.60009765625</ele>
        <time>2017-09-02T17:20:45.000Z</time>
        <extensions>
          <ns3:TrackPointExtension>
            <ns3:atemp>30.0</ns3:atemp>
            <ns3:cad>0</ns3:cad>
          </ns3:TrackPointExtension>
        </extensions>
      </trkpt>
      <trkpt lat="43.1615081615746021270751953125" lon="-109.6370867080986499786376953125">
        <ele>3690</ele>
        <time>2017-09-02T17:20:51.000Z</time>
        <extensions>
          <ns3:TrackPointExtension>
            <ns3:atemp>30.0</ns3:atemp>
            <ns3:cad>0</ns3:cad>
          </ns3:TrackPointExtension>
        </extensions>
      </trkpt>
      <trkpt lat="43.1614873744547367095947265625" lon="-109.63707807473838329315185546875">
        <ele>3690.199951171875</ele>
        <time>2017-09-02T17:20:54.000Z</time>
        <extensions>
          <ns3:TrackPointExtension>
            <ns3:atemp>30.0</ns3:atemp>
            <ns3:cad>0</ns3:cad>
          </ns3:TrackPointExtension>
        </extensions>
      </trkpt>
      <trkpt lat="43.1614820100367069244384765625" lon="-109.63707740418612957000732421875">
        <ele>3690.39990234375</ele>
        <time>2017-09-02T17:20:56.000Z</time>
        <extensions>
          <ns3:TrackPointExtension>
            <ns3:atemp>30.0</ns3:atemp>
            <ns3:cad>0</ns3:cad>
          </ns3:TrackPointExtension>
        </extensions>
      </trkpt>
      <trkpt lat="43.16150019876658916473388671875" lon="-109.63713523931801319122314453125">
        <ele>3691.60009765625</ele>
        <time>2017-09-02T17:21:01.000Z</time>
        <extensions>
          <ns3:TrackPointExtension>
            <ns3:atemp>30.0</ns3:atemp>
            <ns3:cad>61</ns3:cad>
          </ns3:TrackPointExtension>
        </extensions>
      </trkpt>
      <trkpt lat="43.16137254238128662109375" lon="-109.63704764842987060546875">
        <ele>3692</ele>
        <time>2017-09-02T17:21:15.000Z</time>
        <extensions>
          <ns3:TrackPointExtension>
            <ns3:atemp>30.0</ns3:atemp>
            <ns3:cad>0</ns3:cad>
          </ns3:TrackPointExtension>
        </extensions>
      </trkpt>
      <trkpt lat="43.1613041460514068603515625" lon="-109.63699459098279476165771484375">
        <ele>3692.60009765625</ele>
        <time>2017-09-02T17:21:20.000Z</time>
        <extensions>
          <ns3:TrackPointExtension>
            <ns3:atemp>30.0</ns3:atemp>
            <ns3:cad>0</ns3:cad>
          </ns3:TrackPointExtension>
        </extensions>
      </trkpt>
      <trkpt lat="43.1612969376146793365478515625" lon="-109.63699324987828731536865234375">
        <ele>3693</ele>
        <time>2017-09-02T17:21:21.000Z</time>
        <extensions>
          <ns3:TrackPointExtension>
            <ns3:atemp>30.0</ns3:atemp>
            <ns3:cad>0</ns3:cad>
          </ns3:TrackPointExtension>
        </extensions>
      </trkpt>
      <trkpt lat="43.16142057068645954132080078125" lon="-109.63714412413537502288818359375">
        <ele>3693.800048828125</ele>
        <time>2017-09-02T17:21:37.000Z</time>
        <extensions>
          <ns3:TrackPointExtension>
            <ns3:atemp>30.0</ns3:atemp>
            <ns3:cad>0</ns3:cad>
          </ns3:TrackPointExtension>
        </extensions>
      </trkpt>
      <trkpt lat="43.1614226661622524261474609375" lon="-109.6371252648532390594482421875">
        <ele>3694.800048828125</ele>
        <time>2017-09-02T17:21:46.000Z</time>
        <extensions>
          <ns3:TrackPointExtension>
            <ns3:atemp>30.0</ns3:atemp>
            <ns3:cad>0</ns3:cad>
          </ns3:TrackPointExtension>
        </extensions>
      </trkpt>
      <trkpt lat="43.16150128841400146484375" lon="-109.63719240389764308929443359375">
        <ele>3695.800048828125</ele>
        <time>2017-09-02T17:22:03.000Z</time>
        <extensions>
          <ns3:TrackPointExtension>
            <ns3:atemp>30.0</ns3:atemp>
            <ns3:cad>0</ns3:cad>
          </ns3:TrackPointExtension>
        </extensions>
      </trkpt>
      <trkpt lat="43.1614194810390472412109375" lon="-109.63729617185890674591064453125">
        <ele>3696.800048828125</ele>
        <time>2017-09-02T17:22:20.000Z</time>
        <extensions>
          <ns3:TrackPointExtension>
            <ns3:atemp>30.0</ns3:atemp>
            <ns3:cad>0</ns3:cad>
          </ns3:TrackPointExtension>
        </extensions>
      </trkpt>
      <trkpt lat="43.161521069705486297607421875" lon="-109.63743698783218860626220703125">
        <ele>3697.199951171875</ele>
        <time>2017-09-02T17:22:25.000Z</time>
        <extensions>
          <ns3:TrackPointExtension>
            <ns3:atemp>30.0</ns3:atemp>
            <ns3:cad>0</ns3:cad>
          </ns3:TrackPointExtension>
        </extensions>
      </trkpt>
      <trkpt lat="43.1615607999265193939208984375" lon="-109.6374759636819362640380859375">
        <ele>3697.199951171875</ele>
        <time>2017-09-02T17:22:27.000Z</time>
        <extensions>
          <ns3:TrackPointExtension>
            <ns3:atemp>30.0</ns3:atemp>
            <ns3:cad>61</ns3:cad>
          </ns3:TrackPointExtension>
        </extensions>
      </trkpt>
      <trkpt lat="43.16170446574687957763671875" lon="-109.637423492968082427978515625">
        <ele>3697.800048828125</ele>
        <time>2017-09-02T17:22:56.000Z</time>
        <extensions>
          <ns3:TrackPointExtension>
            <ns3:atemp>30.0</ns3:atemp>
            <ns3:cad>0</ns3:cad>
          </ns3:TrackPointExtension>
        </extensions>
      </trkpt>
      <trkpt lat="43.161574043333530426025390625" lon="-109.63726281188428401947021484375">
        <ele>3697.800048828125</ele>
        <time>2017-09-02T17:23:06.000Z</time>
        <extensions>
          <ns3:TrackPointExtension>
            <ns3:atemp>30.0</ns3:atemp>
            <ns3:cad>0</ns3:cad>
          </ns3:TrackPointExtension>
        </extensions>
      </trkpt>
      <trkpt lat="43.1615614704787731170654296875" lon="-109.63721134699881076812744140625">
        <ele>3697.800048828125</ele>
        <time>2017-09-02T17:23:10.000Z</time>
        <extensions>
          <ns3:TrackPointExtension>
            <ns3:atemp>30.0</ns3:atemp>
            <ns3:cad>0</ns3:cad>
          </ns3:TrackPointExtension>
        </extensions>
      </trkpt>
      <trkpt lat="43.16150522790849208831787109375" lon="-109.63719449937343597412109375">
        <ele>3697.39990234375</ele>
        <time>2017-09-02T17:23:49.000Z</time>
        <extensions>
          <ns3:TrackPointExtension>
            <ns3:atemp>30.0</ns3:atemp>
            <ns3:cad>0</ns3:cad>
          </ns3:TrackPointExtension>
        </extensions>
      </trkpt>
      <trkpt lat="43.1613282859325408935546875" lon="-109.637038595974445343017578125">
        <ele>3697.39990234375</ele>
        <time>2017-09-02T17:23:52.000Z</time>
        <extensions>
          <ns3:TrackPointExtension>
            <ns3:atemp>29.0</ns3:atemp>
            <ns3:cad>0</ns3:cad>
          </ns3:TrackPointExtension>
        </extensions>
      </trkpt>
      <trkpt lat="43.161315880715847015380859375" lon="-109.63704354129731655120849609375">
        <ele>3697.39990234375</ele>
        <time>2017-09-02T17:23:54.000Z</time>
        <extensions>
          <ns3:TrackPointExtension>
            <ns3:atemp>29.0</ns3:atemp>
            <ns3:cad>0</ns3:cad>
          </ns3:TrackPointExtension>
        </extensions>
      </trkpt>
      <trkpt lat="43.1614230014383792877197265625" lon="-109.6371406875550746917724609375">
        <ele>3697.39990234375</ele>
        <time>2017-09-02T17:23:59.000Z</time>
        <extensions>
          <ns3:TrackPointExtension>
            <ns3:atemp>29.0</ns3:atemp>
            <ns3:cad>0</ns3:cad>
          </ns3:TrackPointExtension>
        </extensions>
      </trkpt>
      <trkpt lat="43.16134043969213962554931640625" lon="-109.63701353408396244049072265625">
        <ele>3698.39990234375</ele>
        <time>2017-09-02T17:24:12.000Z</time>
        <extensions>
          <ns3:TrackPointExtension>
            <ns3:atemp>29.0</ns3:atemp>
            <ns3:cad>0</ns3:cad>
          </ns3:TrackPointExtension>
        </extensions>
      </trkpt>
      <trkpt lat="43.16132761538028717041015625" lon="-109.63699056766927242279052734375">
        <ele>3698.199951171875</ele>
        <time>2017-09-02T17:24:18.000Z</time>
        <extensions>
          <ns3:TrackPointExtension>
            <ns3:atemp>29.0</ns3:atemp>
            <ns3:cad>0</ns3:cad>
          </ns3:TrackPointExtension>
        </extensions>
      </trkpt>
      <trkpt lat="43.16150019876658916473388671875" lon="-109.63714714162051677703857421875">
        <ele>3697.39990234375</ele>
        <time>2017-09-02T17:24:24.000Z</time>
        <extensions>
          <ns3:TrackPointExtension>
            <ns3:atemp>29.0</ns3:atemp>
            <ns3:cad>0</ns3:cad>
          </ns3:TrackPointExtension>
        </extensions>
      </trkpt>
      <trkpt lat="43.16154420375823974609375" lon="-109.637184776365756988525390625">
        <ele>3697.199951171875</ele>
        <time>2017-09-02T17:24:27.000Z</time>
        <extensions>
          <ns3:TrackPointExtension>
            <ns3:atemp>29.0</ns3:atemp>
            <ns3:cad>0</ns3:cad>
          </ns3:TrackPointExtension>
        </extensions>
      </trkpt>
      <trkpt lat="43.1617327965795993804931640625" lon="-109.6373220719397068023681640625">
        <ele>3697.199951171875</ele>
        <time>2017-09-02T17:24:36.000Z</time>
        <extensions>
          <ns3:TrackPointExtension>
            <ns3:atemp>29.0</ns3:atemp>
            <ns3:cad>0</ns3:cad>
          </ns3:TrackPointExtension>
        </extensions>
      </trkpt>
      <trkpt lat="43.161572702229022979736328125" lon="-109.6372139453887939453125">
        <ele>3698.199951171875</ele>
        <time>2017-09-02T17:25:15.000Z</time>
        <extensions>
          <ns3:TrackPointExtension>
            <ns3:atemp>29.0</ns3:atemp>
            <ns3:cad>0</ns3:cad>
          </ns3:TrackPointExtension>
        </extensions>
      </trkpt>
      <trkpt lat="43.16153540275990962982177734375" lon="-109.63717647828161716461181640625">
        <ele>3698.199951171875</ele>
        <time>2017-09-02T17:25:54.000Z</time>
        <extensions>
          <ns3:TrackPointExtension>
            <ns3:atemp>29.0</ns3:atemp>
            <ns3:cad>0</ns3:cad>
          </ns3:TrackPointExtension>
        </extensions>
      </trkpt>
      <trkpt lat="43.16149265505373477935791015625" lon="-109.63712031953036785125732421875">
        <ele>3699</ele>
        <time>2017-09-02T17:26:54.000Z</time>
        <extensions>
          <ns3:TrackPointExtension>
            <ns3:atemp>29.0</ns3:atemp>
            <ns3:cad>0</ns3:cad>
          </ns3:TrackPointExtension>
        </extensions>
      </trkpt>
      <trkpt lat="43.1615225784480571746826171875" lon="-109.6371079981327056884765625">
        <ele>3700.199951171875</ele>
        <time>2017-09-02T17:27:01.000Z</time>
        <extensions>
          <ns3:TrackPointExtension>
            <ns3:atemp>29.0</ns3:atemp>
            <ns3:cad>0</ns3:cad>
          </ns3:TrackPointExtension>
        </extensions>
      </trkpt>
      <trkpt lat="43.16156373359262943267822265625" lon="-109.63716792874038219451904296875">
        <ele>3701.199951171875</ele>
        <time>2017-09-02T17:27:15.000Z</time>
        <extensions>
          <ns3:TrackPointExtension>
            <ns3:atemp>29.0</ns3:atemp>
            <ns3:cad>0</ns3:cad>
          </ns3:TrackPointExtension>
        </extensions>
      </trkpt>
      <trkpt lat="43.16152635030448436737060546875" lon="-109.63713943026959896087646484375">
        <ele>3702.39990234375</ele>
        <time>2017-09-02T17:27:30.000Z</time>
        <extensions>
          <ns3:TrackPointExtension>
            <ns3:atemp>29.0</ns3:atemp>
            <ns3:cad>0</ns3:cad>
          </ns3:TrackPointExtension>
        </extensions>
      </trkpt>
      <trkpt lat="43.16151696257293224334716796875" lon="-109.63709768839180469512939453125">
        <ele>3703.60009765625</ele>
        <time>2017-09-02T17:27:51.000Z</time>
        <extensions>
          <ns3:TrackPointExtension>
            <ns3:atemp>29.0</ns3:atemp>
            <ns3:cad>0</ns3:cad>
          </ns3:TrackPointExtension>
        </extensions>
      </trkpt>
      <trkpt lat="43.1616033799946308135986328125" lon="-109.63717496953904628753662109375">
        <ele>3704.60009765625</ele>
        <time>2017-09-02T17:28:15.000Z</time>
        <extensions>
          <ns3:TrackPointExtension>
            <ns3:atemp>29.0</ns3:atemp>
            <ns3:cad>61</ns3:cad>
          </ns3:TrackPointExtension>
        </extensions>
      </trkpt>
      <trkpt lat="43.16159022040665149688720703125" lon="-109.6371175535023212432861328125">
        <ele>3705.60009765625</ele>
        <time>2017-09-02T17:28:34.000Z</time>
        <extensions>
          <ns3:TrackPointExtension>
            <ns3:atemp>29.0</ns3:atemp>
            <ns3:cad>0</ns3:cad>
          </ns3:TrackPointExtension>
        </extensions>
      </trkpt>
      <trkpt lat="43.16163648851215839385986328125" lon="-109.6371455490589141845703125">
        <ele>3706.60009765625</ele>
        <time>2017-09-02T17:28:58.000Z</time>
        <extensions>
          <ns3:TrackPointExtension>
            <ns3:atemp>29.0</ns3:atemp>
            <ns3:cad>0</ns3:cad>
          </ns3:TrackPointExtension>
        </extensions>
      </trkpt>
      <trkpt lat="43.1616164557635784149169921875" lon="-109.63716994039714336395263671875">
        <ele>3707.39990234375</ele>
        <time>2017-09-02T17:29:05.000Z</time>
        <extensions>
          <ns3:TrackPointExtension>
            <ns3:atemp>29.0</ns3:atemp>
            <ns3:cad>61</ns3:cad>
          </ns3:TrackPointExtension>
        </extensions>
      </trkpt>
      <trkpt lat="43.16161863505840301513671875" lon="-109.63717513717710971832275390625">
        <ele>3707.60009765625</ele>
        <time>2017-09-02T17:29:09.000Z</time>
        <extensions>
          <ns3:TrackPointExtension>
            <ns3:atemp>29.0</ns3:atemp>
            <ns3:cad>61</ns3:cad>
          </ns3:TrackPointExtension>
        </extensions>
      </trkpt>
      <trkpt lat="43.1616174615919589996337890625" lon="-109.63717228733003139495849609375">
        <ele>3707.60009765625</ele>
        <time>2017-09-02T17:29:10.000Z</time>
        <extensions>
          <ns3:TrackPointExtension>
            <ns3:atemp>29.0</ns3:atemp>
            <ns3:cad>61</ns3:cad>
          </ns3:TrackPointExtension>
        </extensions>
      </trkpt>
      <trkpt lat="43.1616157852113246917724609375" lon="-109.637166671454906463623046875">
        <ele>3707.60009765625</ele>
        <time>2017-09-02T17:29:11.000Z</time>
        <extensions>
          <ns3:TrackPointExtension>
            <ns3:atemp>29.0</ns3:atemp>
            <ns3:cad>0</ns3:cad>
          </ns3:TrackPointExtension>
        </extensions>
      </trkpt>
      <trkpt lat="43.16164503805339336395263671875" lon="-109.6371742151677608489990234375">
        <ele>3708.60009765625</ele>
        <time>2017-09-02T17:29:35.000Z</time>
        <extensions>
          <ns3:TrackPointExtension>
            <ns3:atemp>29.0</ns3:atemp>
            <ns3:cad>61</ns3:cad>
          </ns3:TrackPointExtension>
        </extensions>
      </trkpt>
      <trkpt lat="43.16166247241199016571044921875" lon="-109.63717446662485599517822265625">
        <ele>3709.60009765625</ele>
        <time>2017-09-02T17:29:41.000Z</time>
        <extensions>
          <ns3:TrackPointExtension>
            <ns3:atemp>29.0</ns3:atemp>
            <ns3:cad>0</ns3:cad>
          </ns3:TrackPointExtension>
        </extensions>
      </trkpt>
      <trkpt lat="43.16166062839329242706298828125" lon="-109.63716474361717700958251953125">
        <ele>3710.800048828125</ele>
        <time>2017-09-02T17:29:51.000Z</time>
        <extensions>
          <ns3:TrackPointExtension>
            <ns3:atemp>29.0</ns3:atemp>
            <ns3:cad>0</ns3:cad>
          </ns3:TrackPointExtension>
        </extensions>
      </trkpt>
      <trkpt lat="43.16163204610347747802734375" lon="-109.63712417520582675933837890625">
        <ele>3711.60009765625</ele>
        <time>2017-09-02T17:30:08.000Z</time>
        <extensions>
          <ns3:TrackPointExtension>
            <ns3:atemp>29.0</ns3:atemp>
            <ns3:cad>0</ns3:cad>
          </ns3:TrackPointExtension>
        </extensions>
      </trkpt>
      <trkpt lat="43.16164755262434482574462890625" lon="-109.63713607750833034515380859375">
        <ele>3711.800048828125</ele>
        <time>2017-09-02T17:30:11.000Z</time>
        <extensions>
          <ns3:TrackPointExtension>
            <ns3:atemp>29.0</ns3:atemp>
            <ns3:cad>0</ns3:cad>
          </ns3:TrackPointExtension>
        </extensions>
      </trkpt>
      <trkpt lat="43.16171863116323947906494140625" lon="-109.63713590987026691436767578125">
        <ele>3713</ele>
        <time>2017-09-02T17:30:37.000Z</time>
        <extensions>
          <ns3:TrackPointExtension>
            <ns3:atemp>29.0</ns3:atemp>
            <ns3:cad>0</ns3:cad>
          </ns3:TrackPointExtension>
        </extensions>
      </trkpt>
      <trkpt lat="43.16173137165606021881103515625" lon="-109.63716709055006504058837890625">
        <ele>3714.199951171875</ele>
        <time>2017-09-02T17:30:44.000Z</time>
        <extensions>
          <ns3:TrackPointExtension>
            <ns3:atemp>29.0</ns3:atemp>
            <ns3:cad>0</ns3:cad>
          </ns3:TrackPointExtension>
        </extensions>
      </trkpt>
      <trkpt lat="43.1617190502583980560302734375" lon="-109.6371574513614177703857421875">
        <ele>3714.800048828125</ele>
        <time>2017-09-02T17:30:59.000Z</time>
        <extensions>
          <ns3:TrackPointExtension>
            <ns3:atemp>29.0</ns3:atemp>
            <ns3:cad>0</ns3:cad>
          </ns3:TrackPointExtension>
        </extensions>
      </trkpt>
      <trkpt lat="43.16170102916657924652099609375" lon="-109.63714244775474071502685546875">
        <ele>3714.800048828125</ele>
        <time>2017-09-02T17:31:00.000Z</time>
        <extensions>
          <ns3:TrackPointExtension>
            <ns3:atemp>29.0</ns3:atemp>
            <ns3:cad>0</ns3:cad>
          </ns3:TrackPointExtension>
        </extensions>
      </trkpt>
      <trkpt lat="43.16171511076390743255615234375" lon="-109.637136496603488922119140625">
        <ele>3715.199951171875</ele>
        <time>2017-09-02T17:31:10.000Z</time>
        <extensions>
          <ns3:TrackPointExtension>
            <ns3:atemp>29.0</ns3:atemp>
            <ns3:cad>0</ns3:cad>
          </ns3:TrackPointExtension>
        </extensions>
      </trkpt>
      <trkpt lat="43.1618048809468746185302734375" lon="-109.63721302337944507598876953125">
        <ele>3716.39990234375</ele>
        <time>2017-09-02T17:31:25.000Z</time>
        <extensions>
          <ns3:TrackPointExtension>
            <ns3:atemp>29.0</ns3:atemp>
            <ns3:cad>0</ns3:cad>
          </ns3:TrackPointExtension>
        </extensions>
      </trkpt>
      <trkpt lat="43.161804713308811187744140625" lon="-109.63711202144622802734375">
        <ele>3717.60009765625</ele>
        <time>2017-09-02T17:31:36.000Z</time>
        <extensions>
          <ns3:TrackPointExtension>
            <ns3:atemp>29.0</ns3:atemp>
            <ns3:cad>0</ns3:cad>
          </ns3:TrackPointExtension>
        </extensions>
      </trkpt>
      <trkpt lat="43.1618352234363555908203125" lon="-109.6371589601039886474609375">
        <ele>3718.800048828125</ele>
        <time>2017-09-02T17:32:14.000Z</time>
        <extensions>
          <ns3:TrackPointExtension>
            <ns3:atemp>29.0</ns3:atemp>
            <ns3:cad>61</ns3:cad>
          </ns3:TrackPointExtension>
        </extensions>
      </trkpt>
      <trkpt lat="43.16184938885271549224853515625" lon="-109.63715535588562488555908203125">
        <ele>3719.800048828125</ele>
        <time>2017-09-02T17:32:23.000Z</time>
        <extensions>
          <ns3:TrackPointExtension>
            <ns3:atemp>29.0</ns3:atemp>
            <ns3:cad>0</ns3:cad>
          </ns3:TrackPointExtension>
        </extensions>
      </trkpt>
      <trkpt lat="43.16188559867441654205322265625" lon="-109.63715401478111743927001953125">
        <ele>3720.800048828125</ele>
        <time>2017-09-02T17:32:36.000Z</time>
        <extensions>
          <ns3:TrackPointExtension>
            <ns3:atemp>29.0</ns3:atemp>
            <ns3:cad>0</ns3:cad>
          </ns3:TrackPointExtension>
        </extensions>
      </trkpt>
      <trkpt lat="43.16189222037792205810546875" lon="-109.6371403522789478302001953125">
        <ele>3722</ele>
        <time>2017-09-02T17:33:01.000Z</time>
        <extensions>
          <ns3:TrackPointExtension>
            <ns3:atemp>29.0</ns3:atemp>
            <ns3:cad>0</ns3:cad>
          </ns3:TrackPointExtension>
        </extensions>
      </trkpt>
      <trkpt lat="43.16190253011882305145263671875" lon="-109.63714244775474071502685546875">
        <ele>3723</ele>
        <time>2017-09-02T17:33:06.000Z</time>
        <extensions>
          <ns3:TrackPointExtension>
            <ns3:atemp>29.0</ns3:atemp>
            <ns3:cad>0</ns3:cad>
          </ns3:TrackPointExtension>
        </extensions>
      </trkpt>
      <trkpt lat="43.16191661171615123748779296875" lon="-109.637180082499980926513671875">
        <ele>3724</ele>
        <time>2017-09-02T17:33:43.000Z</time>
        <extensions>
          <ns3:TrackPointExtension>
            <ns3:atemp>29.0</ns3:atemp>
            <ns3:cad>0</ns3:cad>
          </ns3:TrackPointExtension>
        </extensions>
      </trkpt>
      <trkpt lat="43.161935470998287200927734375" lon="-109.6371537633240222930908203125">
        <ele>3725</ele>
        <time>2017-09-02T17:34:14.000Z</time>
        <extensions>
          <ns3:TrackPointExtension>
            <ns3:atemp>29.0</ns3:atemp>
            <ns3:cad>0</ns3:cad>
          </ns3:TrackPointExtension>
        </extensions>
      </trkpt>
      <trkpt lat="43.1619507260620594024658203125" lon="-109.63715569116175174713134765625">
        <ele>3726.199951171875</ele>
        <time>2017-09-02T17:34:25.000Z</time>
        <extensions>
          <ns3:TrackPointExtension>
            <ns3:atemp>29.0</ns3:atemp>
            <ns3:cad>0</ns3:cad>
          </ns3:TrackPointExtension>
        </extensions>
      </trkpt>
      <trkpt lat="43.16195265389978885650634765625" lon="-109.637169353663921356201171875">
        <ele>3727.199951171875</ele>
        <time>2017-09-02T17:34:30.000Z</time>
        <extensions>
          <ns3:TrackPointExtension>
            <ns3:atemp>29.0</ns3:atemp>
            <ns3:cad>0</ns3:cad>
          </ns3:TrackPointExtension>
        </extensions>
      </trkpt>
      <trkpt lat="43.16195785067975521087646484375" lon="-109.63715552352368831634521484375">
        <ele>3728.199951171875</ele>
        <time>2017-09-02T17:34:45.000Z</time>
        <extensions>
          <ns3:TrackPointExtension>
            <ns3:atemp>29.0</ns3:atemp>
            <ns3:cad>61</ns3:cad>
          </ns3:TrackPointExtension>
        </extensions>
      </trkpt>
      <trkpt lat="43.16200629808008670806884765625" lon="-109.63716541416943073272705078125">
        <ele>3729.39990234375</ele>
        <time>2017-09-02T17:35:15.000Z</time>
        <extensions>
          <ns3:TrackPointExtension>
            <ns3:atemp>29.0</ns3:atemp>
            <ns3:cad>0</ns3:cad>
          </ns3:TrackPointExtension>
        </extensions>
      </trkpt>
      <trkpt lat="43.16201501525938510894775390625" lon="-109.6371483989059925079345703125">
        <ele>3730.39990234375</ele>
        <time>2017-09-02T17:35:41.000Z</time>
        <extensions>
          <ns3:TrackPointExtension>
            <ns3:atemp>29.0</ns3:atemp>
            <ns3:cad>0</ns3:cad>
          </ns3:TrackPointExtension>
        </extensions>
      </trkpt>
      <trkpt lat="43.1620268337428569793701171875" lon="-109.6371554397046566009521484375">
        <ele>3731.39990234375</ele>
        <time>2017-09-02T17:35:50.000Z</time>
        <extensions>
          <ns3:TrackPointExtension>
            <ns3:atemp>29.0</ns3:atemp>
            <ns3:cad>61</ns3:cad>
          </ns3:TrackPointExtension>
        </extensions>
      </trkpt>
      <trkpt lat="43.16203949041664600372314453125" lon="-109.63715954683721065521240234375">
        <ele>3732.39990234375</ele>
        <time>2017-09-02T17:35:57.000Z</time>
        <extensions>
          <ns3:TrackPointExtension>
            <ns3:atemp>29.0</ns3:atemp>
            <ns3:cad>0</ns3:cad>
          </ns3:TrackPointExtension>
        </extensions>
      </trkpt>
      <trkpt lat="43.1620533205568790435791015625" lon="-109.63717312552034854888916015625">
        <ele>3733.60009765625</ele>
        <time>2017-09-02T17:36:08.000Z</time>
        <extensions>
          <ns3:TrackPointExtension>
            <ns3:atemp>29.0</ns3:atemp>
            <ns3:cad>0</ns3:cad>
          </ns3:TrackPointExtension>
        </extensions>
      </trkpt>
      <trkpt lat="43.1620580144226551055908203125" lon="-109.637179411947727203369140625">
        <ele>3732.60009765625</ele>
        <time>2017-09-02T17:36:22.000Z</time>
        <extensions>
          <ns3:TrackPointExtension>
            <ns3:atemp>29.0</ns3:atemp>
            <ns3:cad>0</ns3:cad>
          </ns3:TrackPointExtension>
        </extensions>
      </trkpt>
      <trkpt lat="43.16205977462232112884521484375" lon="-109.63716097176074981689453125">
        <ele>3733.39990234375</ele>
        <time>2017-09-02T17:37:41.000Z</time>
        <extensions>
          <ns3:TrackPointExtension>
            <ns3:atemp>29.0</ns3:atemp>
            <ns3:cad>0</ns3:cad>
          </ns3:TrackPointExtension>
        </extensions>
      </trkpt>
      <trkpt lat="43.1620838306844234466552734375" lon="-109.637191481888294219970703125">
        <ele>3733.199951171875</ele>
        <time>2017-09-02T17:39:50.000Z</time>
        <extensions>
          <ns3:TrackPointExtension>
            <ns3:atemp>29.0</ns3:atemp>
            <ns3:cad>61</ns3:cad>
          </ns3:TrackPointExtension>
        </extensions>
      </trkpt>
      <trkpt lat="43.16205323673784732818603515625" lon="-109.6373304538428783416748046875">
        <ele>3733.199951171875</ele>
        <time>2017-09-02T17:40:54.000Z</time>
        <extensions>
          <ns3:TrackPointExtension>
            <ns3:atemp>29.0</ns3:atemp>
            <ns3:cad>0</ns3:cad>
          </ns3:TrackPointExtension>
        </extensions>
      </trkpt>
      <trkpt lat="43.16207318566739559173583984375" lon="-109.63731159456074237823486328125">
        <ele>3733.60009765625</ele>
        <time>2017-09-02T17:40:59.000Z</time>
        <extensions>
          <ns3:TrackPointExtension>
            <ns3:atemp>29.0</ns3:atemp>
            <ns3:cad>0</ns3:cad>
          </ns3:TrackPointExtension>
        </extensions>
      </trkpt>
      <trkpt lat="43.16212565638124942779541015625" lon="-109.63726297952234745025634765625">
        <ele>3734.800048828125</ele>
        <time>2017-09-02T17:41:07.000Z</time>
        <extensions>
          <ns3:TrackPointExtension>
            <ns3:atemp>29.0</ns3:atemp>
            <ns3:cad>61</ns3:cad>
          </ns3:TrackPointExtension>
        </extensions>
      </trkpt>
      <trkpt lat="43.16213521175086498260498046875" lon="-109.6372660808265209197998046875">
        <ele>3735</ele>
        <time>2017-09-02T17:41:09.000Z</time>
        <extensions>
          <ns3:TrackPointExtension>
            <ns3:atemp>29.0</ns3:atemp>
            <ns3:cad>61</ns3:cad>
          </ns3:TrackPointExtension>
        </extensions>
      </trkpt>
      <trkpt lat="43.1621337868273258209228515625" lon="-109.63727957569062709808349609375">
        <ele>3735.800048828125</ele>
        <time>2017-09-02T17:41:15.000Z</time>
        <extensions>
          <ns3:TrackPointExtension>
            <ns3:atemp>29.0</ns3:atemp>
            <ns3:cad>0</ns3:cad>
          </ns3:TrackPointExtension>
        </extensions>
      </trkpt>
      <trkpt lat="43.16216287203133106231689453125" lon="-109.6372930705547332763671875">
        <ele>3737.199951171875</ele>
        <time>2017-09-02T17:41:27.000Z</time>
        <extensions>
          <ns3:TrackPointExtension>
            <ns3:atemp>30.0</ns3:atemp>
            <ns3:cad>0</ns3:cad>
          </ns3:TrackPointExtension>
        </extensions>
      </trkpt>
      <trkpt lat="43.16214208491146564483642578125" lon="-109.6373237483203411102294921875">
        <ele>3738.199951171875</ele>
        <time>2017-09-02T17:41:52.000Z</time>
        <extensions>
          <ns3:TrackPointExtension>
            <ns3:atemp>30.0</ns3:atemp>
            <ns3:cad>0</ns3:cad>
          </ns3:TrackPointExtension>
        </extensions>
      </trkpt>
      <trkpt lat="43.1621542386710643768310546875" lon="-109.63733397424221038818359375">
        <ele>3739.39990234375</ele>
        <time>2017-09-02T17:42:08.000Z</time>
        <extensions>
          <ns3:TrackPointExtension>
            <ns3:atemp>30.0</ns3:atemp>
            <ns3:cad>0</ns3:cad>
          </ns3:TrackPointExtension>
        </extensions>
      </trkpt>
      <trkpt lat="43.16218793392181396484375" lon="-109.6373224072158336639404296875">
        <ele>3740.199951171875</ele>
        <time>2017-09-02T17:42:27.000Z</time>
        <extensions>
          <ns3:TrackPointExtension>
            <ns3:atemp>30.0</ns3:atemp>
            <ns3:cad>0</ns3:cad>
          </ns3:TrackPointExtension>
        </extensions>
      </trkpt>
      <trkpt lat="43.16219254396855831146240234375" lon="-109.63731343857944011688232421875">
        <ele>3740.39990234375</ele>
        <time>2017-09-02T17:42:28.000Z</time>
        <extensions>
          <ns3:TrackPointExtension>
            <ns3:atemp>30.0</ns3:atemp>
            <ns3:cad>0</ns3:cad>
          </ns3:TrackPointExtension>
        </extensions>
      </trkpt>
      <trkpt lat="43.1622160971164703369140625" lon="-109.63731519877910614013671875">
        <ele>3741.39990234375</ele>
        <time>2017-09-02T17:42:34.000Z</time>
        <extensions>
          <ns3:TrackPointExtension>
            <ns3:atemp>30.0</ns3:atemp>
            <ns3:cad>0</ns3:cad>
          </ns3:TrackPointExtension>
        </extensions>
      </trkpt>
      <trkpt lat="43.16224082373082637786865234375" lon="-109.63736481964588165283203125">
        <ele>3742.60009765625</ele>
        <time>2017-09-02T17:43:00.000Z</time>
        <extensions>
          <ns3:TrackPointExtension>
            <ns3:atemp>30.0</ns3:atemp>
            <ns3:cad>0</ns3:cad>
          </ns3:TrackPointExtension>
        </extensions>
      </trkpt>
      <trkpt lat="43.16224518232047557830810546875" lon="-109.63735551573336124420166015625">
        <ele>3743.60009765625</ele>
        <time>2017-09-02T17:43:06.000Z</time>
        <extensions>
          <ns3:TrackPointExtension>
            <ns3:atemp>30.0</ns3:atemp>
            <ns3:cad>0</ns3:cad>
          </ns3:TrackPointExtension>
        </extensions>
      </trkpt>
      <trkpt lat="43.16226865164935588836669921875" lon="-109.63732819072902202606201171875">
        <ele>3744.60009765625</ele>
        <time>2017-09-02T17:43:34.000Z</time>
        <extensions>
          <ns3:TrackPointExtension>
            <ns3:atemp>30.0</ns3:atemp>
            <ns3:cad>0</ns3:cad>
          </ns3:TrackPointExtension>
        </extensions>
      </trkpt>
      <trkpt lat="43.16227720119059085845947265625" lon="-109.63733757846057415008544921875">
        <ele>3745.800048828125</ele>
        <time>2017-09-02T17:43:41.000Z</time>
        <extensions>
          <ns3:TrackPointExtension>
            <ns3:atemp>30.0</ns3:atemp>
            <ns3:cad>0</ns3:cad>
          </ns3:TrackPointExtension>
        </extensions>
      </trkpt>
      <trkpt lat="43.1622665561735630035400390625" lon="-109.6373911388218402862548828125">
        <ele>3746.800048828125</ele>
        <time>2017-09-02T17:44:16.000Z</time>
        <extensions>
          <ns3:TrackPointExtension>
            <ns3:atemp>30.0</ns3:atemp>
            <ns3:cad>0</ns3:cad>
          </ns3:TrackPointExtension>
        </extensions>
      </trkpt>
      <trkpt lat="43.162297904491424560546875" lon="-109.6373408474028110504150390625">
        <ele>3748</ele>
        <time>2017-09-02T17:44:59.000Z</time>
        <extensions>
          <ns3:TrackPointExtension>
            <ns3:atemp>30.0</ns3:atemp>
            <ns3:cad>0</ns3:cad>
          </ns3:TrackPointExtension>
        </extensions>
      </trkpt>
      <trkpt lat="43.16230167634785175323486328125" lon="-109.6373485587537288665771484375">
        <ele>3749.39990234375</ele>
        <time>2017-09-02T17:45:08.000Z</time>
        <extensions>
          <ns3:TrackPointExtension>
            <ns3:atemp>30.0</ns3:atemp>
            <ns3:cad>0</ns3:cad>
          </ns3:TrackPointExtension>
        </extensions>
      </trkpt>
      <trkpt lat="43.16234911791980266571044921875" lon="-109.6373720280826091766357421875">
        <ele>3750.39990234375</ele>
        <time>2017-09-02T17:45:34.000Z</time>
        <extensions>
          <ns3:TrackPointExtension>
            <ns3:atemp>30.0</ns3:atemp>
            <ns3:cad>0</ns3:cad>
          </ns3:TrackPointExtension>
        </extensions>
      </trkpt>
      <trkpt lat="43.1623554043471813201904296875" lon="-109.637372530996799468994140625">
        <ele>3751.60009765625</ele>
        <time>2017-09-02T17:45:38.000Z</time>
        <extensions>
          <ns3:TrackPointExtension>
            <ns3:atemp>30.0</ns3:atemp>
            <ns3:cad>61</ns3:cad>
          </ns3:TrackPointExtension>
        </extensions>
      </trkpt>
      <trkpt lat="43.16233201883733272552490234375" lon="-109.63737563230097293853759765625">
        <ele>3752.60009765625</ele>
        <time>2017-09-02T17:46:05.000Z</time>
        <extensions>
          <ns3:TrackPointExtension>
            <ns3:atemp>30.0</ns3:atemp>
            <ns3:cad>0</ns3:cad>
          </ns3:TrackPointExtension>
        </extensions>
      </trkpt>
      <trkpt lat="43.16236470825970172882080078125" lon="-109.63741033338010311126708984375">
        <ele>3753.800048828125</ele>
        <time>2017-09-02T17:46:28.000Z</time>
        <extensions>
          <ns3:TrackPointExtension>
            <ns3:atemp>30.0</ns3:atemp>
            <ns3:cad>0</ns3:cad>
          </ns3:TrackPointExtension>
        </extensions>
      </trkpt>
      <trkpt lat="43.16240376792848110198974609375" lon="-109.63738988153636455535888671875">
        <ele>3755.199951171875</ele>
        <time>2017-09-02T17:46:39.000Z</time>
        <extensions>
          <ns3:TrackPointExtension>
            <ns3:atemp>30.0</ns3:atemp>
            <ns3:cad>61</ns3:cad>
          </ns3:TrackPointExtension>
        </extensions>
      </trkpt>
      <trkpt lat="43.16241818480193614959716796875" lon="-109.6373856067657470703125">
        <ele>3756.199951171875</ele>
        <time>2017-09-02T17:46:53.000Z</time>
        <extensions>
          <ns3:TrackPointExtension>
            <ns3:atemp>30.0</ns3:atemp>
            <ns3:cad>61</ns3:cad>
          </ns3:TrackPointExtension>
        </extensions>
      </trkpt>
      <trkpt lat="43.16240812651813030242919921875" lon="-109.63738602586090564727783203125">
        <ele>3757.199951171875</ele>
        <time>2017-09-02T17:47:07.000Z</time>
        <extensions>
          <ns3:TrackPointExtension>
            <ns3:atemp>30.0</ns3:atemp>
            <ns3:cad>0</ns3:cad>
          </ns3:TrackPointExtension>
        </extensions>
      </trkpt>
      <trkpt lat="43.16242790780961513519287109375" lon="-109.63737429119646549224853515625">
        <ele>3758.39990234375</ele>
        <time>2017-09-02T17:47:19.000Z</time>
        <extensions>
          <ns3:TrackPointExtension>
            <ns3:atemp>30.0</ns3:atemp>
            <ns3:cad>61</ns3:cad>
          </ns3:TrackPointExtension>
        </extensions>
      </trkpt>
      <trkpt lat="43.162449114024639129638671875" lon="-109.637382589280605316162109375">
        <ele>3759.60009765625</ele>
        <time>2017-09-02T17:47:28.000Z</time>
        <extensions>
          <ns3:TrackPointExtension>
            <ns3:atemp>30.0</ns3:atemp>
            <ns3:cad>0</ns3:cad>
          </ns3:TrackPointExtension>
        </extensions>
      </trkpt>
      <trkpt lat="43.16247937269508838653564453125" lon="-109.6373817510902881622314453125">
        <ele>3760.60009765625</ele>
        <time>2017-09-02T17:47:35.000Z</time>
        <extensions>
          <ns3:TrackPointExtension>
            <ns3:atemp>30.0</ns3:atemp>
            <ns3:cad>0</ns3:cad>
          </ns3:TrackPointExtension>
        </extensions>
      </trkpt>
      <trkpt lat="43.16250166855752468109130859375" lon="-109.63739658705890178680419921875">
        <ele>3761.800048828125</ele>
        <time>2017-09-02T17:47:46.000Z</time>
        <extensions>
          <ns3:TrackPointExtension>
            <ns3:atemp>30.0</ns3:atemp>
            <ns3:cad>61</ns3:cad>
          </ns3:TrackPointExtension>
        </extensions>
      </trkpt>
      <trkpt lat="43.16252916119992733001708984375" lon="-109.6374179609119892120361328125">
        <ele>3762.39990234375</ele>
        <time>2017-09-02T17:48:10.000Z</time>
        <extensions>
          <ns3:TrackPointExtension>
            <ns3:atemp>30.0</ns3:atemp>
            <ns3:cad>61</ns3:cad>
          </ns3:TrackPointExtension>
        </extensions>
      </trkpt>
      <trkpt lat="43.1625223718583583831787109375" lon="-109.637393653392791748046875">
        <ele>3762.800048828125</ele>
        <time>2017-09-02T17:48:15.000Z</time>
        <extensions>
          <ns3:TrackPointExtension>
            <ns3:atemp>30.0</ns3:atemp>
            <ns3:cad>0</ns3:cad>
          </ns3:TrackPointExtension>
        </extensions>
      </trkpt>
      <trkpt lat="43.16251717507839202880859375" lon="-109.63737814687192440032958984375">
        <ele>3764</ele>
        <time>2017-09-02T17:48:20.000Z</time>
        <extensions>
          <ns3:TrackPointExtension>
            <ns3:atemp>30.0</ns3:atemp>
            <ns3:cad>0</ns3:cad>
          </ns3:TrackPointExtension>
        </extensions>
      </trkpt>
      <trkpt lat="43.16249965690076351165771484375" lon="-109.637432210147380828857421875">
        <ele>3765</ele>
        <time>2017-09-02T17:49:02.000Z</time>
        <extensions>
          <ns3:TrackPointExtension>
            <ns3:atemp>30.0</ns3:atemp>
            <ns3:cad>0</ns3:cad>
          </ns3:TrackPointExtension>
        </extensions>
      </trkpt>
      <trkpt lat="43.1625059433281421661376953125" lon="-109.63742692954838275909423828125">
        <ele>3765.199951171875</ele>
        <time>2017-09-02T17:49:03.000Z</time>
        <extensions>
          <ns3:TrackPointExtension>
            <ns3:atemp>30.0</ns3:atemp>
            <ns3:cad>0</ns3:cad>
          </ns3:TrackPointExtension>
        </extensions>
      </trkpt>
      <trkpt lat="43.16251675598323345184326171875" lon="-109.63743053376674652099609375">
        <ele>3766.199951171875</ele>
        <time>2017-09-02T17:49:09.000Z</time>
        <extensions>
          <ns3:TrackPointExtension>
            <ns3:atemp>30.0</ns3:atemp>
            <ns3:cad>0</ns3:cad>
          </ns3:TrackPointExtension>
        </extensions>
      </trkpt>
      <trkpt lat="43.162592947483062744140625" lon="-109.63719785213470458984375">
        <ele>3765.800048828125</ele>
        <time>2017-09-02T17:49:25.000Z</time>
        <extensions>
          <ns3:TrackPointExtension>
            <ns3:atemp>30.0</ns3:atemp>
            <ns3:cad>0</ns3:cad>
          </ns3:TrackPointExtension>
        </extensions>
      </trkpt>
      <trkpt lat="43.16261633299291133880615234375" lon="-109.63722358457744121551513671875">
        <ele>3767.60009765625</ele>
        <time>2017-09-02T17:49:35.000Z</time>
        <extensions>
          <ns3:TrackPointExtension>
            <ns3:atemp>30.0</ns3:atemp>
            <ns3:cad>0</ns3:cad>
          </ns3:TrackPointExtension>
        </extensions>
      </trkpt>
      <trkpt lat="43.16261700354516506195068359375" lon="-109.63723783381283283233642578125">
        <ele>3768</ele>
        <time>2017-09-02T17:49:37.000Z</time>
        <extensions>
          <ns3:TrackPointExtension>
            <ns3:atemp>30.0</ns3:atemp>
            <ns3:cad>72</ns3:cad>
          </ns3:TrackPointExtension>
        </extensions>
      </trkpt>
      <trkpt lat="43.16262102685868740081787109375" lon="-109.6371535956859588623046875">
        <ele>3767.800048828125</ele>
        <time>2017-09-02T17:49:43.000Z</time>
        <extensions>
          <ns3:TrackPointExtension>
            <ns3:atemp>30.0</ns3:atemp>
            <ns3:cad>0</ns3:cad>
          </ns3:TrackPointExtension>
        </extensions>
      </trkpt>
      <trkpt lat="43.16259923391044139862060546875" lon="-109.63728929869830608367919921875">
        <ele>3768.60009765625</ele>
        <time>2017-09-02T17:49:58.000Z</time>
        <extensions>
          <ns3:TrackPointExtension>
            <ns3:atemp>30.0</ns3:atemp>
            <ns3:cad>0</ns3:cad>
          </ns3:TrackPointExtension>
        </extensions>
      </trkpt>
      <trkpt lat="43.16258867271244525909423828125" lon="-109.63737546466290950775146484375">
        <ele>3769.199951171875</ele>
        <time>2017-09-02T17:50:05.000Z</time>
        <extensions>
          <ns3:TrackPointExtension>
            <ns3:atemp>30.0</ns3:atemp>
            <ns3:cad>0</ns3:cad>
          </ns3:TrackPointExtension>
        </extensions>
      </trkpt>
      <trkpt lat="43.162581212818622589111328125" lon="-109.63746297173202037811279296875">
        <ele>3769.800048828125</ele>
        <time>2017-09-02T17:50:12.000Z</time>
        <extensions>
          <ns3:TrackPointExtension>
            <ns3:atemp>30.0</ns3:atemp>
            <ns3:cad>0</ns3:cad>
          </ns3:TrackPointExtension>
        </extensions>
      </trkpt>
      <trkpt lat="43.1625786982476711273193359375" lon="-109.63747344911098480224609375">
        <ele>3770.39990234375</ele>
        <time>2017-09-02T17:50:15.000Z</time>
        <extensions>
          <ns3:TrackPointExtension>
            <ns3:atemp>30.0</ns3:atemp>
            <ns3:cad>0</ns3:cad>
          </ns3:TrackPointExtension>
        </extensions>
      </trkpt>
      <trkpt lat="43.16257744096219539642333984375" lon="-109.63747554458677768707275390625">
        <ele>3770.800048828125</ele>
        <time>2017-09-02T17:50:18.000Z</time>
        <extensions>
          <ns3:TrackPointExtension>
            <ns3:atemp>30.0</ns3:atemp>
            <ns3:cad>0</ns3:cad>
          </ns3:TrackPointExtension>
        </extensions>
      </trkpt>
      <trkpt lat="43.16262907348573207855224609375" lon="-109.63740144856274127960205078125">
        <ele>3771.800048828125</ele>
        <time>2017-09-02T17:50:41.000Z</time>
        <extensions>
          <ns3:TrackPointExtension>
            <ns3:atemp>30.0</ns3:atemp>
            <ns3:cad>61</ns3:cad>
          </ns3:TrackPointExtension>
        </extensions>
      </trkpt>
      <trkpt lat="43.16265522502362728118896484375" lon="-109.63734964840114116668701171875">
        <ele>3773</ele>
        <time>2017-09-02T17:51:01.000Z</time>
        <extensions>
          <ns3:TrackPointExtension>
            <ns3:atemp>29.0</ns3:atemp>
            <ns3:cad>0</ns3:cad>
          </ns3:TrackPointExtension>
        </extensions>
      </trkpt>
      <trkpt lat="43.1627305783331394195556640625" lon="-109.6372340619564056396484375">
        <ele>3774</ele>
        <time>2017-09-02T17:51:10.000Z</time>
        <extensions>
          <ns3:TrackPointExtension>
            <ns3:atemp>29.0</ns3:atemp>
            <ns3:cad>0</ns3:cad>
          </ns3:TrackPointExtension>
        </extensions>
      </trkpt>
      <trkpt lat="43.16271406598389148712158203125" lon="-109.6373063139617443084716796875">
        <ele>3775</ele>
        <time>2017-09-02T17:51:30.000Z</time>
        <extensions>
          <ns3:TrackPointExtension>
            <ns3:atemp>29.0</ns3:atemp>
            <ns3:cad>0</ns3:cad>
          </ns3:TrackPointExtension>
        </extensions>
      </trkpt>
      <trkpt lat="43.16272848285734653472900390625" lon="-109.6372872032225131988525390625">
        <ele>3776.199951171875</ele>
        <time>2017-09-02T17:51:39.000Z</time>
        <extensions>
          <ns3:TrackPointExtension>
            <ns3:atemp>29.0</ns3:atemp>
            <ns3:cad>0</ns3:cad>
          </ns3:TrackPointExtension>
        </extensions>
      </trkpt>
      <trkpt lat="43.16276662051677703857421875" lon="-109.63723934255540370941162109375">
        <ele>3777.199951171875</ele>
        <time>2017-09-02T17:51:46.000Z</time>
        <extensions>
          <ns3:TrackPointExtension>
            <ns3:atemp>29.0</ns3:atemp>
            <ns3:cad>0</ns3:cad>
          </ns3:TrackPointExtension>
        </extensions>
      </trkpt>
      <trkpt lat="43.16283543594181537628173828125" lon="-109.6371812559664249420166015625">
        <ele>3777.199951171875</ele>
        <time>2017-09-02T17:52:15.000Z</time>
        <extensions>
          <ns3:TrackPointExtension>
            <ns3:atemp>30.0</ns3:atemp>
            <ns3:cad>0</ns3:cad>
          </ns3:TrackPointExtension>
        </extensions>
      </trkpt>
      <trkpt lat="43.16269445233047008514404296875" lon="-109.6373680047690868377685546875">
        <ele>3777.39990234375</ele>
        <time>2017-09-02T17:52:26.000Z</time>
        <extensions>
          <ns3:TrackPointExtension>
            <ns3:atemp>30.0</ns3:atemp>
            <ns3:cad>0</ns3:cad>
          </ns3:TrackPointExtension>
        </extensions>
      </trkpt>
      <trkpt lat="43.162654973566532135009765625" lon="-109.6374400891363620758056640625">
        <ele>3777.39990234375</ele>
        <time>2017-09-02T17:52:37.000Z</time>
        <extensions>
          <ns3:TrackPointExtension>
            <ns3:atemp>30.0</ns3:atemp>
            <ns3:cad>0</ns3:cad>
          </ns3:TrackPointExtension>
        </extensions>
      </trkpt>
      <trkpt lat="43.1626440770924091339111328125" lon="-109.6374632231891155242919921875">
        <ele>3777.199951171875</ele>
        <time>2017-09-02T17:52:39.000Z</time>
        <extensions>
          <ns3:TrackPointExtension>
            <ns3:atemp>30.0</ns3:atemp>
            <ns3:cad>61</ns3:cad>
          </ns3:TrackPointExtension>
        </extensions>
      </trkpt>
      <trkpt lat="43.16264726221561431884765625" lon="-109.6374655701220035552978515625">
        <ele>3777</ele>
        <time>2017-09-02T17:52:43.000Z</time>
        <extensions>
          <ns3:TrackPointExtension>
            <ns3:atemp>30.0</ns3:atemp>
            <ns3:cad>61</ns3:cad>
          </ns3:TrackPointExtension>
        </extensions>
      </trkpt>
      <trkpt lat="43.162657655775547027587890625" lon="-109.6374675817787647247314453125">
        <ele>3777.800048828125</ele>
        <time>2017-09-02T17:52:47.000Z</time>
        <extensions>
          <ns3:TrackPointExtension>
            <ns3:atemp>30.0</ns3:atemp>
            <ns3:cad>61</ns3:cad>
          </ns3:TrackPointExtension>
        </extensions>
      </trkpt>
      <trkpt lat="43.1626829691231250762939453125" lon="-109.6374035440385341644287109375">
        <ele>3778.199951171875</ele>
        <time>2017-09-02T17:52:51.000Z</time>
        <extensions>
          <ns3:TrackPointExtension>
            <ns3:atemp>30.0</ns3:atemp>
            <ns3:cad>0</ns3:cad>
          </ns3:TrackPointExtension>
        </extensions>
      </trkpt>
      <trkpt lat="43.16271456889808177947998046875" lon="-109.637320227921009063720703125">
        <ele>3779.39990234375</ele>
        <time>2017-09-02T17:52:59.000Z</time>
        <extensions>
          <ns3:TrackPointExtension>
            <ns3:atemp>30.0</ns3:atemp>
            <ns3:cad>0</ns3:cad>
          </ns3:TrackPointExtension>
        </extensions>
      </trkpt>
      <trkpt lat="43.16275647841393947601318359375" lon="-109.637328274548053741455078125">
        <ele>3780.39990234375</ele>
        <time>2017-09-02T17:53:15.000Z</time>
        <extensions>
          <ns3:TrackPointExtension>
            <ns3:atemp>30.0</ns3:atemp>
            <ns3:cad>0</ns3:cad>
          </ns3:TrackPointExtension>
        </extensions>
      </trkpt>
      <trkpt lat="43.16272772848606109619140625" lon="-109.63739139027893543243408203125">
        <ele>3781.39990234375</ele>
        <time>2017-09-02T17:53:28.000Z</time>
        <extensions>
          <ns3:TrackPointExtension>
            <ns3:atemp>30.0</ns3:atemp>
            <ns3:cad>61</ns3:cad>
          </ns3:TrackPointExtension>
        </extensions>
      </trkpt>
      <trkpt lat="43.1627686321735382080078125" lon="-109.63731025345623493194580078125">
        <ele>3782.39990234375</ele>
        <time>2017-09-02T17:53:38.000Z</time>
        <extensions>
          <ns3:TrackPointExtension>
            <ns3:atemp>30.0</ns3:atemp>
            <ns3:cad>0</ns3:cad>
          </ns3:TrackPointExtension>
        </extensions>
      </trkpt>
      <trkpt lat="43.16274105571210384368896484375" lon="-109.637353084981441497802734375">
        <ele>3783.60009765625</ele>
        <time>2017-09-02T17:54:09.000Z</time>
        <extensions>
          <ns3:TrackPointExtension>
            <ns3:atemp>30.0</ns3:atemp>
            <ns3:cad>0</ns3:cad>
          </ns3:TrackPointExtension>
        </extensions>
      </trkpt>
      <trkpt lat="43.1627872399985790252685546875" lon="-109.6373056434094905853271484375">
        <ele>3784.60009765625</ele>
        <time>2017-09-02T17:54:39.000Z</time>
        <extensions>
          <ns3:TrackPointExtension>
            <ns3:atemp>30.0</ns3:atemp>
            <ns3:cad>0</ns3:cad>
          </ns3:TrackPointExtension>
        </extensions>
      </trkpt>
      <trkpt lat="43.16281263716518878936767578125" lon="-109.63727287016808986663818359375">
        <ele>3785.800048828125</ele>
        <time>2017-09-02T17:54:49.000Z</time>
        <extensions>
          <ns3:TrackPointExtension>
            <ns3:atemp>30.0</ns3:atemp>
            <ns3:cad>0</ns3:cad>
          </ns3:TrackPointExtension>
        </extensions>
      </trkpt>
      <trkpt lat="43.16276184283196926116943359375" lon="-109.6372979320585727691650390625">
        <ele>3786.39990234375</ele>
        <time>2017-09-02T17:55:48.000Z</time>
        <extensions>
          <ns3:TrackPointExtension>
            <ns3:atemp>29.0</ns3:atemp>
            <ns3:cad>0</ns3:cad>
          </ns3:TrackPointExtension>
        </extensions>
      </trkpt>
      <trkpt lat="43.1627875752747058868408203125" lon="-109.63731779716908931732177734375">
        <ele>3786.800048828125</ele>
        <time>2017-09-02T17:55:53.000Z</time>
        <extensions>
          <ns3:TrackPointExtension>
            <ns3:atemp>29.0</ns3:atemp>
            <ns3:cad>0</ns3:cad>
          </ns3:TrackPointExtension>
        </extensions>
      </trkpt>
      <trkpt lat="43.16279604099690914154052734375" lon="-109.63734596036374568939208984375">
        <ele>3787.800048828125</ele>
        <time>2017-09-02T17:56:04.000Z</time>
        <extensions>
          <ns3:TrackPointExtension>
            <ns3:atemp>29.0</ns3:atemp>
            <ns3:cad>0</ns3:cad>
          </ns3:TrackPointExtension>
        </extensions>
      </trkpt>
      <trkpt lat="43.16284482367336750030517578125" lon="-109.637310504913330078125">
        <ele>3789</ele>
        <time>2017-09-02T17:56:17.000Z</time>
        <extensions>
          <ns3:TrackPointExtension>
            <ns3:atemp>29.0</ns3:atemp>
            <ns3:cad>0</ns3:cad>
          </ns3:TrackPointExtension>
        </extensions>
      </trkpt>
      <trkpt lat="43.16286695189774036407470703125" lon="-109.637350402772426605224609375">
        <ele>3790</ele>
        <time>2017-09-02T17:56:40.000Z</time>
        <extensions>
          <ns3:TrackPointExtension>
            <ns3:atemp>30.0</ns3:atemp>
            <ns3:cad>0</ns3:cad>
          </ns3:TrackPointExtension>
        </extensions>
      </trkpt>
      <trkpt lat="43.16298848949372768402099609375" lon="-109.63724789209663867950439453125">
        <ele>3790.199951171875</ele>
        <time>2017-09-02T17:56:51.000Z</time>
        <extensions>
          <ns3:TrackPointExtension>
            <ns3:atemp>30.0</ns3:atemp>
            <ns3:cad>61</ns3:cad>
          </ns3:TrackPointExtension>
        </extensions>
      </trkpt>
      <trkpt lat="43.1629371084272861480712890625" lon="-109.63725811801850795745849609375">
        <ele>3791.199951171875</ele>
        <time>2017-09-02T17:57:04.000Z</time>
        <extensions>
          <ns3:TrackPointExtension>
            <ns3:atemp>30.0</ns3:atemp>
            <ns3:cad>0</ns3:cad>
          </ns3:TrackPointExtension>
        </extensions>
      </trkpt>
      <trkpt lat="43.16291816532611846923828125" lon="-109.63724370114505290985107421875">
        <ele>3792.39990234375</ele>
        <time>2017-09-02T17:57:18.000Z</time>
        <extensions>
          <ns3:TrackPointExtension>
            <ns3:atemp>30.0</ns3:atemp>
            <ns3:cad>61</ns3:cad>
          </ns3:TrackPointExtension>
        </extensions>
      </trkpt>
      <trkpt lat="43.16292311064898967742919921875" lon="-109.63725795038044452667236328125">
        <ele>3793.39990234375</ele>
        <time>2017-09-02T17:57:25.000Z</time>
        <extensions>
          <ns3:TrackPointExtension>
            <ns3:atemp>30.0</ns3:atemp>
            <ns3:cad>0</ns3:cad>
          </ns3:TrackPointExtension>
        </extensions>
      </trkpt>
      <trkpt lat="43.1628734059631824493408203125" lon="-109.6373408474028110504150390625">
        <ele>3794.39990234375</ele>
        <time>2017-09-02T17:57:47.000Z</time>
        <extensions>
          <ns3:TrackPointExtension>
            <ns3:atemp>30.0</ns3:atemp>
            <ns3:cad>0</ns3:cad>
          </ns3:TrackPointExtension>
        </extensions>
      </trkpt>
      <trkpt lat="43.16303743980824947357177734375" lon="-109.63724571280181407928466796875">
        <ele>3795.199951171875</ele>
        <time>2017-09-02T17:58:19.000Z</time>
        <extensions>
          <ns3:TrackPointExtension>
            <ns3:atemp>30.0</ns3:atemp>
            <ns3:cad>0</ns3:cad>
          </ns3:TrackPointExtension>
        </extensions>
      </trkpt>
      <trkpt lat="43.1630717217922210693359375" lon="-109.637171365320682525634765625">
        <ele>3795.199951171875</ele>
        <time>2017-09-02T17:58:23.000Z</time>
        <extensions>
          <ns3:TrackPointExtension>
            <ns3:atemp>30.0</ns3:atemp>
            <ns3:cad>0</ns3:cad>
          </ns3:TrackPointExtension>
        </extensions>
      </trkpt>
      <trkpt lat="43.1629578955471515655517578125" lon="-109.6372821740806102752685546875">
        <ele>3795.60009765625</ele>
        <time>2017-09-02T17:58:53.000Z</time>
        <extensions>
          <ns3:TrackPointExtension>
            <ns3:atemp>29.0</ns3:atemp>
            <ns3:cad>0</ns3:cad>
          </ns3:TrackPointExtension>
        </extensions>
      </trkpt>
      <trkpt lat="43.16295848228037357330322265625" lon="-109.637267589569091796875">
        <ele>3796.60009765625</ele>
        <time>2017-09-02T17:58:59.000Z</time>
        <extensions>
          <ns3:TrackPointExtension>
            <ns3:atemp>29.0</ns3:atemp>
            <ns3:cad>0</ns3:cad>
          </ns3:TrackPointExtension>
        </extensions>
      </trkpt>
      <trkpt lat="43.16294305957853794097900390625" lon="-109.6372771449387073516845703125">
        <ele>3797.800048828125</ele>
        <time>2017-09-02T17:59:14.000Z</time>
        <extensions>
          <ns3:TrackPointExtension>
            <ns3:atemp>29.0</ns3:atemp>
            <ns3:cad>0</ns3:cad>
          </ns3:TrackPointExtension>
        </extensions>
      </trkpt>
      <trkpt lat="43.1629263795912265777587890625" lon="-109.637416787445545196533203125">
        <ele>3798.39990234375</ele>
        <time>2017-09-02T17:59:30.000Z</time>
        <extensions>
          <ns3:TrackPointExtension>
            <ns3:atemp>29.0</ns3:atemp>
            <ns3:cad>0</ns3:cad>
          </ns3:TrackPointExtension>
        </extensions>
      </trkpt>
      <trkpt lat="43.16291104070842266082763671875" lon="-109.63739893399178981781005859375">
        <ele>3798.800048828125</ele>
        <time>2017-09-02T17:59:43.000Z</time>
        <extensions>
          <ns3:TrackPointExtension>
            <ns3:atemp>29.0</ns3:atemp>
            <ns3:cad>63</ns3:cad>
          </ns3:TrackPointExtension>
        </extensions>
      </trkpt>
      <trkpt lat="43.1630212627351284027099609375" lon="-109.63730438612401485443115234375">
        <ele>3800</ele>
        <time>2017-09-02T17:59:54.000Z</time>
        <extensions>
          <ns3:TrackPointExtension>
            <ns3:atemp>29.0</ns3:atemp>
            <ns3:cad>0</ns3:cad>
          </ns3:TrackPointExtension>
        </extensions>
      </trkpt>
      <trkpt lat="43.16300458274781703948974609375" lon="-109.6373321302235126495361328125">
        <ele>3800.60009765625</ele>
        <time>2017-09-02T18:00:26.000Z</time>
        <extensions>
          <ns3:TrackPointExtension>
            <ns3:atemp>29.0</ns3:atemp>
            <ns3:cad>0</ns3:cad>
          </ns3:TrackPointExtension>
        </extensions>
      </trkpt>
      <trkpt lat="43.16299729049205780029296875" lon="-109.6372573636472225189208984375">
        <ele>3801</ele>
        <time>2017-09-02T18:00:36.000Z</time>
        <extensions>
          <ns3:TrackPointExtension>
            <ns3:atemp>29.0</ns3:atemp>
            <ns3:cad>0</ns3:cad>
          </ns3:TrackPointExtension>
        </extensions>
      </trkpt>
      <trkpt lat="43.16302805207669734954833984375" lon="-109.6373291127383708953857421875">
        <ele>3802.199951171875</ele>
        <time>2017-09-02T18:01:00.000Z</time>
        <extensions>
          <ns3:TrackPointExtension>
            <ns3:atemp>29.0</ns3:atemp>
            <ns3:cad>61</ns3:cad>
          </ns3:TrackPointExtension>
        </extensions>
      </trkpt>
      <trkpt lat="43.16306032240390777587890625" lon="-109.63729667477309703826904296875">
        <ele>3803.199951171875</ele>
        <time>2017-09-02T18:01:17.000Z</time>
        <extensions>
          <ns3:TrackPointExtension>
            <ns3:atemp>29.0</ns3:atemp>
            <ns3:cad>0</ns3:cad>
          </ns3:TrackPointExtension>
        </extensions>
      </trkpt>
      <trkpt lat="43.1630100309848785400390625" lon="-109.63720313273370265960693359375">
        <ele>3803.199951171875</ele>
        <time>2017-09-02T18:01:46.000Z</time>
        <extensions>
          <ns3:TrackPointExtension>
            <ns3:atemp>29.0</ns3:atemp>
            <ns3:cad>0</ns3:cad>
          </ns3:TrackPointExtension>
        </extensions>
      </trkpt>
      <trkpt lat="43.16300575621426105499267578125" lon="-109.6371884644031524658203125">
        <ele>3803.199951171875</ele>
        <time>2017-09-02T18:02:02.000Z</time>
        <extensions>
          <ns3:TrackPointExtension>
            <ns3:atemp>29.0</ns3:atemp>
            <ns3:cad>0</ns3:cad>
          </ns3:TrackPointExtension>
        </extensions>
      </trkpt>
      <trkpt lat="43.1630502641201019287109375" lon="-109.637249819934368133544921875">
        <ele>3802.800048828125</ele>
        <time>2017-09-02T18:02:22.000Z</time>
        <extensions>
          <ns3:TrackPointExtension>
            <ns3:atemp>29.0</ns3:atemp>
            <ns3:cad>61</ns3:cad>
          </ns3:TrackPointExtension>
        </extensions>
      </trkpt>
      <trkpt lat="43.16306996159255504608154296875" lon="-109.63729550130665302276611328125">
        <ele>3804.39990234375</ele>
        <time>2017-09-02T18:02:38.000Z</time>
        <extensions>
          <ns3:TrackPointExtension>
            <ns3:atemp>29.0</ns3:atemp>
            <ns3:cad>0</ns3:cad>
          </ns3:TrackPointExtension>
        </extensions>
      </trkpt>
      <trkpt lat="43.1630638428032398223876953125" lon="-109.6373130194842815399169921875">
        <ele>3805.39990234375</ele>
        <time>2017-09-02T18:02:44.000Z</time>
        <extensions>
          <ns3:TrackPointExtension>
            <ns3:atemp>29.0</ns3:atemp>
            <ns3:cad>0</ns3:cad>
          </ns3:TrackPointExtension>
        </extensions>
      </trkpt>
      <trkpt lat="43.16307230852544307708740234375" lon="-109.6373136900365352630615234375">
        <ele>3806.39990234375</ele>
        <time>2017-09-02T18:03:01.000Z</time>
        <extensions>
          <ns3:TrackPointExtension>
            <ns3:atemp>28.0</ns3:atemp>
            <ns3:cad>0</ns3:cad>
          </ns3:TrackPointExtension>
        </extensions>
      </trkpt>
      <trkpt lat="43.1631039083003997802734375" lon="-109.63727538473904132843017578125">
        <ele>3807.60009765625</ele>
        <time>2017-09-02T18:03:19.000Z</time>
        <extensions>
          <ns3:TrackPointExtension>
            <ns3:atemp>28.0</ns3:atemp>
            <ns3:cad>0</ns3:cad>
          </ns3:TrackPointExtension>
        </extensions>
      </trkpt>
      <trkpt lat="43.1631040759384632110595703125" lon="-109.6372627280652523040771484375">
        <ele>3808.60009765625</ele>
        <time>2017-09-02T18:03:33.000Z</time>
        <extensions>
          <ns3:TrackPointExtension>
            <ns3:atemp>28.0</ns3:atemp>
            <ns3:cad>0</ns3:cad>
          </ns3:TrackPointExtension>
        </extensions>
      </trkpt>
      <trkpt lat="43.1630876474082469940185546875" lon="-109.6373398415744304656982421875">
        <ele>3809.199951171875</ele>
        <time>2017-09-02T18:04:10.000Z</time>
        <extensions>
          <ns3:TrackPointExtension>
            <ns3:atemp>28.0</ns3:atemp>
            <ns3:cad>0</ns3:cad>
          </ns3:TrackPointExtension>
        </extensions>
      </trkpt>
      <trkpt lat="43.16311187110841274261474609375" lon="-109.63726750575006008148193359375">
        <ele>3809.60009765625</ele>
        <time>2017-09-02T18:04:50.000Z</time>
        <extensions>
          <ns3:TrackPointExtension>
            <ns3:atemp>28.0</ns3:atemp>
            <ns3:cad>61</ns3:cad>
          </ns3:TrackPointExtension>
        </extensions>
      </trkpt>
      <trkpt lat="43.1631164811551570892333984375" lon="-109.6372831799089908599853515625">
        <ele>3810.60009765625</ele>
        <time>2017-09-02T18:05:15.000Z</time>
        <extensions>
          <ns3:TrackPointExtension>
            <ns3:atemp>28.0</ns3:atemp>
            <ns3:cad>0</ns3:cad>
          </ns3:TrackPointExtension>
        </extensions>
      </trkpt>
      <trkpt lat="43.163175322115421295166015625" lon="-109.63703733868896961212158203125">
        <ele>3810.60009765625</ele>
        <time>2017-09-02T18:05:39.000Z</time>
        <extensions>
          <ns3:TrackPointExtension>
            <ns3:atemp>28.0</ns3:atemp>
            <ns3:cad>0</ns3:cad>
          </ns3:TrackPointExtension>
        </extensions>
      </trkpt>
      <trkpt lat="43.16312813200056552886962890625" lon="-109.6372332237660884857177734375">
        <ele>3810.60009765625</ele>
        <time>2017-09-02T18:05:43.000Z</time>
        <extensions>
          <ns3:TrackPointExtension>
            <ns3:atemp>28.0</ns3:atemp>
            <ns3:cad>61</ns3:cad>
          </ns3:TrackPointExtension>
        </extensions>
      </trkpt>
      <trkpt lat="43.16299594938755035400390625" lon="-109.637329615652561187744140625">
        <ele>3809.60009765625</ele>
        <time>2017-09-02T18:06:00.000Z</time>
        <extensions>
          <ns3:TrackPointExtension>
            <ns3:atemp>28.0</ns3:atemp>
            <ns3:cad>0</ns3:cad>
          </ns3:TrackPointExtension>
        </extensions>
      </trkpt>
      <trkpt lat="43.16298656165599822998046875" lon="-109.6373502351343631744384765625">
        <ele>3809.60009765625</ele>
        <time>2017-09-02T18:06:01.000Z</time>
        <extensions>
          <ns3:TrackPointExtension>
            <ns3:atemp>28.0</ns3:atemp>
            <ns3:cad>0</ns3:cad>
          </ns3:TrackPointExtension>
        </extensions>
      </trkpt>
      <trkpt lat="43.162825293838977813720703125" lon="-109.6375812403857707977294921875">
        <ele>3809.39990234375</ele>
        <time>2017-09-02T18:06:05.000Z</time>
        <extensions>
          <ns3:TrackPointExtension>
            <ns3:atemp>28.0</ns3:atemp>
            <ns3:cad>0</ns3:cad>
          </ns3:TrackPointExtension>
        </extensions>
      </trkpt>
      <trkpt lat="43.16278480924665927886962890625" lon="-109.6376469545066356658935546875">
        <ele>3809.39990234375</ele>
        <time>2017-09-02T18:06:06.000Z</time>
        <extensions>
          <ns3:TrackPointExtension>
            <ns3:atemp>28.0</ns3:atemp>
            <ns3:cad>0</ns3:cad>
          </ns3:TrackPointExtension>
        </extensions>
      </trkpt>
      <trkpt lat="43.16275631077587604522705078125" lon="-109.63771191425621509552001953125">
        <ele>3809.60009765625</ele>
        <time>2017-09-02T18:06:08.000Z</time>
        <extensions>
          <ns3:TrackPointExtension>
            <ns3:atemp>28.0</ns3:atemp>
            <ns3:cad>0</ns3:cad>
          </ns3:TrackPointExtension>
        </extensions>
      </trkpt>
      <trkpt lat="43.162809200584888458251953125" lon="-109.6376979164779186248779296875">
        <ele>3809.800048828125</ele>
        <time>2017-09-02T18:06:13.000Z</time>
        <extensions>
          <ns3:TrackPointExtension>
            <ns3:atemp>28.0</ns3:atemp>
            <ns3:cad>0</ns3:cad>
          </ns3:TrackPointExtension>
        </extensions>
      </trkpt>
      <trkpt lat="43.16285454668104648590087890625" lon="-109.637653827667236328125">
        <ele>3809.800048828125</ele>
        <time>2017-09-02T18:06:17.000Z</time>
        <extensions>
          <ns3:TrackPointExtension>
            <ns3:atemp>28.0</ns3:atemp>
            <ns3:cad>0</ns3:cad>
          </ns3:TrackPointExtension>
        </extensions>
      </trkpt>
      <trkpt lat="43.162855468690395355224609375" lon="-109.63762256316840648651123046875">
        <ele>3810.60009765625</ele>
        <time>2017-09-02T18:06:23.000Z</time>
        <extensions>
          <ns3:TrackPointExtension>
            <ns3:atemp>28.0</ns3:atemp>
            <ns3:cad>0</ns3:cad>
          </ns3:TrackPointExtension>
        </extensions>
      </trkpt>
      <trkpt lat="43.16285924054682254791259765625" lon="-109.63757461868226528167724609375">
        <ele>3811</ele>
        <time>2017-09-02T18:06:27.000Z</time>
        <extensions>
          <ns3:TrackPointExtension>
            <ns3:atemp>28.0</ns3:atemp>
            <ns3:cad>0</ns3:cad>
          </ns3:TrackPointExtension>
        </extensions>
      </trkpt>
      <trkpt lat="43.16289394162595272064208984375" lon="-109.63735383935272693634033203125">
        <ele>3811.199951171875</ele>
        <time>2017-09-02T18:07:06.000Z</time>
        <extensions>
          <ns3:TrackPointExtension>
            <ns3:atemp>28.0</ns3:atemp>
            <ns3:cad>0</ns3:cad>
          </ns3:TrackPointExtension>
        </extensions>
      </trkpt>
      <trkpt lat="43.1630517728626728057861328125" lon="-109.637220986187458038330078125">
        <ele>3811</ele>
        <time>2017-09-02T18:07:12.000Z</time>
        <extensions>
          <ns3:TrackPointExtension>
            <ns3:atemp>28.0</ns3:atemp>
            <ns3:cad>0</ns3:cad>
          </ns3:TrackPointExtension>
        </extensions>
      </trkpt>
      <trkpt lat="43.16310415975749492645263671875" lon="-109.63721771724522113800048828125">
        <ele>3810.800048828125</ele>
        <time>2017-09-02T18:07:17.000Z</time>
        <extensions>
          <ns3:TrackPointExtension>
            <ns3:atemp>28.0</ns3:atemp>
            <ns3:cad>0</ns3:cad>
          </ns3:TrackPointExtension>
        </extensions>
      </trkpt>
      <trkpt lat="43.16322787664830684661865234375" lon="-109.637290053069591522216796875">
        <ele>3811.800048828125</ele>
        <time>2017-09-02T18:07:48.000Z</time>
        <extensions>
          <ns3:TrackPointExtension>
            <ns3:atemp>29.0</ns3:atemp>
            <ns3:cad>0</ns3:cad>
          </ns3:TrackPointExtension>
        </extensions>
      </trkpt>
      <trkpt lat="43.16320650279521942138671875" lon="-109.637326262891292572021484375">
        <ele>3812.199951171875</ele>
        <time>2017-09-02T18:07:51.000Z</time>
        <extensions>
          <ns3:TrackPointExtension>
            <ns3:atemp>29.0</ns3:atemp>
            <ns3:cad>61</ns3:cad>
          </ns3:TrackPointExtension>
        </extensions>
      </trkpt>
      <trkpt lat="43.16322871483862400054931640625" lon="-109.637297093868255615234375">
        <ele>3812.800048828125</ele>
        <time>2017-09-02T18:08:06.000Z</time>
        <extensions>
          <ns3:TrackPointExtension>
            <ns3:atemp>29.0</ns3:atemp>
            <ns3:cad>0</ns3:cad>
          </ns3:TrackPointExtension>
        </extensions>
      </trkpt>
      <trkpt lat="43.16322133876383304595947265625" lon="-109.63730371557176113128662109375">
        <ele>3813</ele>
        <time>2017-09-02T18:08:09.000Z</time>
        <extensions>
          <ns3:TrackPointExtension>
            <ns3:atemp>29.0</ns3:atemp>
            <ns3:cad>61</ns3:cad>
          </ns3:TrackPointExtension>
        </extensions>
      </trkpt>
      <trkpt lat="43.163212202489376068115234375" lon="-109.63731595315039157867431640625">
        <ele>3814</ele>
        <time>2017-09-02T18:08:23.000Z</time>
        <extensions>
          <ns3:TrackPointExtension>
            <ns3:atemp>29.0</ns3:atemp>
            <ns3:cad>0</ns3:cad>
          </ns3:TrackPointExtension>
        </extensions>
      </trkpt>
      <trkpt lat="43.16324095241725444793701171875" lon="-109.637301452457904815673828125">
        <ele>3815</ele>
        <time>2017-09-02T18:08:38.000Z</time>
        <extensions>
          <ns3:TrackPointExtension>
            <ns3:atemp>29.0</ns3:atemp>
            <ns3:cad>0</ns3:cad>
          </ns3:TrackPointExtension>
        </extensions>
      </trkpt>
      <trkpt lat="43.1632509268820285797119140625" lon="-109.63734713383018970489501953125">
        <ele>3816.199951171875</ele>
        <time>2017-09-02T18:08:55.000Z</time>
        <extensions>
          <ns3:TrackPointExtension>
            <ns3:atemp>29.0</ns3:atemp>
            <ns3:cad>0</ns3:cad>
          </ns3:TrackPointExtension>
        </extensions>
      </trkpt>
      <trkpt lat="43.16322938539087772369384765625" lon="-109.63743464089930057525634765625">
        <ele>3816.39990234375</ele>
        <time>2017-09-02T18:08:59.000Z</time>
        <extensions>
          <ns3:TrackPointExtension>
            <ns3:atemp>29.0</ns3:atemp>
            <ns3:cad>0</ns3:cad>
          </ns3:TrackPointExtension>
        </extensions>
      </trkpt>
      <trkpt lat="43.16318915225565433502197265625" lon="-109.63752130977809429168701171875">
        <ele>3816.199951171875</ele>
        <time>2017-09-02T18:09:09.000Z</time>
        <extensions>
          <ns3:TrackPointExtension>
            <ns3:atemp>29.0</ns3:atemp>
            <ns3:cad>61</ns3:cad>
          </ns3:TrackPointExtension>
        </extensions>
      </trkpt>
      <trkpt lat="43.163228295743465423583984375" lon="-109.63744939304888248443603515625">
        <ele>3816.39990234375</ele>
        <time>2017-09-02T18:09:13.000Z</time>
        <extensions>
          <ns3:TrackPointExtension>
            <ns3:atemp>29.0</ns3:atemp>
            <ns3:cad>0</ns3:cad>
          </ns3:TrackPointExtension>
        </extensions>
      </trkpt>
      <trkpt lat="43.163234330713748931884765625" lon="-109.63744017295539379119873046875">
        <ele>3816.800048828125</ele>
        <time>2017-09-02T18:09:15.000Z</time>
        <extensions>
          <ns3:TrackPointExtension>
            <ns3:atemp>29.0</ns3:atemp>
            <ns3:cad>61</ns3:cad>
          </ns3:TrackPointExtension>
        </extensions>
      </trkpt>
      <trkpt lat="43.16323810257017612457275390625" lon="-109.63743313215672969818115234375">
        <ele>3817.199951171875</ele>
        <time>2017-09-02T18:09:19.000Z</time>
        <extensions>
          <ns3:TrackPointExtension>
            <ns3:atemp>29.0</ns3:atemp>
            <ns3:cad>0</ns3:cad>
          </ns3:TrackPointExtension>
        </extensions>
      </trkpt>
      <trkpt lat="43.163244724273681640625" lon="-109.63737697340548038482666015625">
        <ele>3817.800048828125</ele>
        <time>2017-09-02T18:09:25.000Z</time>
        <extensions>
          <ns3:TrackPointExtension>
            <ns3:atemp>29.0</ns3:atemp>
            <ns3:cad>0</ns3:cad>
          </ns3:TrackPointExtension>
        </extensions>
      </trkpt>
      <trkpt lat="43.1632589735090732574462890625" lon="-109.637345373630523681640625">
        <ele>3817.800048828125</ele>
        <time>2017-09-02T18:09:28.000Z</time>
        <extensions>
          <ns3:TrackPointExtension>
            <ns3:atemp>29.0</ns3:atemp>
            <ns3:cad>0</ns3:cad>
          </ns3:TrackPointExtension>
        </extensions>
      </trkpt>
      <trkpt lat="43.1632697023451328277587890625" lon="-109.63731511496007442474365234375">
        <ele>3818</ele>
        <time>2017-09-02T18:09:31.000Z</time>
        <extensions>
          <ns3:TrackPointExtension>
            <ns3:atemp>29.0</ns3:atemp>
            <ns3:cad>0</ns3:cad>
          </ns3:TrackPointExtension>
        </extensions>
      </trkpt>
      <trkpt lat="43.16326492466032505035400390625" lon="-109.6372918970882892608642578125">
        <ele>3818.199951171875</ele>
        <time>2017-09-02T18:09:35.000Z</time>
        <extensions>
          <ns3:TrackPointExtension>
            <ns3:atemp>29.0</ns3:atemp>
            <ns3:cad>0</ns3:cad>
          </ns3:TrackPointExtension>
        </extensions>
      </trkpt>
      <trkpt lat="43.163240365684032440185546875" lon="-109.63726398535072803497314453125">
        <ele>3818.60009765625</ele>
        <time>2017-09-02T18:09:44.000Z</time>
        <extensions>
          <ns3:TrackPointExtension>
            <ns3:atemp>29.0</ns3:atemp>
            <ns3:cad>0</ns3:cad>
          </ns3:TrackPointExtension>
        </extensions>
      </trkpt>
      <trkpt lat="43.16326282918453216552734375" lon="-109.63731461204588413238525390625">
        <ele>3819.39990234375</ele>
        <time>2017-09-02T18:09:54.000Z</time>
        <extensions>
          <ns3:TrackPointExtension>
            <ns3:atemp>29.0</ns3:atemp>
            <ns3:cad>61</ns3:cad>
          </ns3:TrackPointExtension>
        </extensions>
      </trkpt>
      <trkpt lat="43.1633184850215911865234375" lon="-109.63729935698211193084716796875">
        <ele>3820.199951171875</ele>
        <time>2017-09-02T18:10:06.000Z</time>
        <extensions>
          <ns3:TrackPointExtension>
            <ns3:atemp>29.0</ns3:atemp>
            <ns3:cad>0</ns3:cad>
          </ns3:TrackPointExtension>
        </extensions>
      </trkpt>
      <trkpt lat="43.1633196584880352020263671875" lon="-109.63730455376207828521728515625">
        <ele>3820.39990234375</ele>
        <time>2017-09-02T18:10:07.000Z</time>
        <extensions>
          <ns3:TrackPointExtension>
            <ns3:atemp>29.0</ns3:atemp>
            <ns3:cad>0</ns3:cad>
          </ns3:TrackPointExtension>
        </extensions>
      </trkpt>
      <trkpt lat="43.16332041285932064056396484375" lon="-109.63730849325656890869140625">
        <ele>3820.39990234375</ele>
        <time>2017-09-02T18:10:08.000Z</time>
        <extensions>
          <ns3:TrackPointExtension>
            <ns3:atemp>29.0</ns3:atemp>
            <ns3:cad>0</ns3:cad>
          </ns3:TrackPointExtension>
        </extensions>
      </trkpt>
      <trkpt lat="43.16333390772342681884765625" lon="-109.63726482354104518890380859375">
        <ele>3821.39990234375</ele>
        <time>2017-09-02T18:10:15.000Z</time>
        <extensions>
          <ns3:TrackPointExtension>
            <ns3:atemp>29.0</ns3:atemp>
            <ns3:cad>0</ns3:cad>
          </ns3:TrackPointExtension>
        </extensions>
      </trkpt>
      <trkpt lat="43.16333935596048831939697265625" lon="-109.6372563578188419342041015625">
        <ele>3821.39990234375</ele>
        <time>2017-09-02T18:10:16.000Z</time>
        <extensions>
          <ns3:TrackPointExtension>
            <ns3:atemp>29.0</ns3:atemp>
            <ns3:cad>0</ns3:cad>
          </ns3:TrackPointExtension>
        </extensions>
      </trkpt>
      <trkpt lat="43.163341619074344635009765625" lon="-109.63724470697343349456787109375">
        <ele>3821.39990234375</ele>
        <time>2017-09-02T18:10:17.000Z</time>
        <extensions>
          <ns3:TrackPointExtension>
            <ns3:atemp>29.0</ns3:atemp>
            <ns3:cad>0</ns3:cad>
          </ns3:TrackPointExtension>
        </extensions>
      </trkpt>
      <trkpt lat="43.1633614003658294677734375" lon="-109.6372627280652523040771484375">
        <ele>3822.39990234375</ele>
        <time>2017-09-02T18:10:42.000Z</time>
        <extensions>
          <ns3:TrackPointExtension>
            <ns3:atemp>29.0</ns3:atemp>
            <ns3:cad>61</ns3:cad>
          </ns3:TrackPointExtension>
        </extensions>
      </trkpt>
      <trkpt lat="43.1634192354977130889892578125" lon="-109.6372385881841182708740234375">
        <ele>3823.39990234375</ele>
        <time>2017-09-02T18:10:52.000Z</time>
        <extensions>
          <ns3:TrackPointExtension>
            <ns3:atemp>29.0</ns3:atemp>
            <ns3:cad>0</ns3:cad>
          </ns3:TrackPointExtension>
        </extensions>
      </trkpt>
      <trkpt lat="43.1634205766022205352783203125" lon="-109.6372644044458866119384765625">
        <ele>3824.39990234375</ele>
        <time>2017-09-02T18:11:21.000Z</time>
        <extensions>
          <ns3:TrackPointExtension>
            <ns3:atemp>28.0</ns3:atemp>
            <ns3:cad>0</ns3:cad>
          </ns3:TrackPointExtension>
        </extensions>
      </trkpt>
      <trkpt lat="43.16340071149170398712158203125" lon="-109.6373089961707592010498046875">
        <ele>3825.39990234375</ele>
        <time>2017-09-02T18:11:54.000Z</time>
        <extensions>
          <ns3:TrackPointExtension>
            <ns3:atemp>28.0</ns3:atemp>
            <ns3:cad>0</ns3:cad>
          </ns3:TrackPointExtension>
        </extensions>
      </trkpt>
      <trkpt lat="43.1634370051324367523193359375" lon="-109.637293405830860137939453125">
        <ele>3826.39990234375</ele>
        <time>2017-09-02T18:12:21.000Z</time>
        <extensions>
          <ns3:TrackPointExtension>
            <ns3:atemp>28.0</ns3:atemp>
            <ns3:cad>0</ns3:cad>
          </ns3:TrackPointExtension>
        </extensions>
      </trkpt>
      <trkpt lat="43.16343189217150211334228515625" lon="-109.63731109164655208587646484375">
        <ele>3827.60009765625</ele>
        <time>2017-09-02T18:12:34.000Z</time>
        <extensions>
          <ns3:TrackPointExtension>
            <ns3:atemp>28.0</ns3:atemp>
            <ns3:cad>0</ns3:cad>
          </ns3:TrackPointExtension>
        </extensions>
      </trkpt>
      <trkpt lat="43.163419403135776519775390625" lon="-109.6372979320585727691650390625">
        <ele>3828.60009765625</ele>
        <time>2017-09-02T18:12:43.000Z</time>
        <extensions>
          <ns3:TrackPointExtension>
            <ns3:atemp>28.0</ns3:atemp>
            <ns3:cad>0</ns3:cad>
          </ns3:TrackPointExtension>
        </extensions>
      </trkpt>
      <trkpt lat="43.163472376763820648193359375" lon="-109.63729734532535076141357421875">
        <ele>3829.800048828125</ele>
        <time>2017-09-02T18:13:10.000Z</time>
        <extensions>
          <ns3:TrackPointExtension>
            <ns3:atemp>28.0</ns3:atemp>
            <ns3:cad>0</ns3:cad>
          </ns3:TrackPointExtension>
        </extensions>
      </trkpt>
      <trkpt lat="43.1634928286075592041015625" lon="-109.63726499117910861968994140625">
        <ele>3830</ele>
        <time>2017-09-02T18:13:12.000Z</time>
        <extensions>
          <ns3:TrackPointExtension>
            <ns3:atemp>28.0</ns3:atemp>
            <ns3:cad>61</ns3:cad>
          </ns3:TrackPointExtension>
        </extensions>
      </trkpt>
      <trkpt lat="43.16350799985229969024658203125" lon="-109.63724076747894287109375">
        <ele>3830.39990234375</ele>
        <time>2017-09-02T18:13:15.000Z</time>
        <extensions>
          <ns3:TrackPointExtension>
            <ns3:atemp>28.0</ns3:atemp>
            <ns3:cad>0</ns3:cad>
          </ns3:TrackPointExtension>
        </extensions>
      </trkpt>
      <trkpt lat="43.1635127775371074676513671875" lon="-109.6372312121093273162841796875">
        <ele>3830.800048828125</ele>
        <time>2017-09-02T18:13:18.000Z</time>
        <extensions>
          <ns3:TrackPointExtension>
            <ns3:atemp>28.0</ns3:atemp>
            <ns3:cad>0</ns3:cad>
          </ns3:TrackPointExtension>
        </extensions>
      </trkpt>
      <trkpt lat="43.1635027192533016204833984375" lon="-109.6372550167143344879150390625">
        <ele>3832</ele>
        <time>2017-09-02T18:13:32.000Z</time>
        <extensions>
          <ns3:TrackPointExtension>
            <ns3:atemp>28.0</ns3:atemp>
            <ns3:cad>0</ns3:cad>
          </ns3:TrackPointExtension>
        </extensions>
      </trkpt>
      <trkpt lat="43.16349509172141551971435546875" lon="-109.63726180605590343475341796875">
        <ele>3833</ele>
        <time>2017-09-02T18:13:46.000Z</time>
        <extensions>
          <ns3:TrackPointExtension>
            <ns3:atemp>28.0</ns3:atemp>
            <ns3:cad>0</ns3:cad>
          </ns3:TrackPointExtension>
        </extensions>
      </trkpt>
      <trkpt lat="43.16349458880722522735595703125" lon="-109.6372855268418788909912109375">
        <ele>3834.199951171875</ele>
        <time>2017-09-02T18:14:19.000Z</time>
        <extensions>
          <ns3:TrackPointExtension>
            <ns3:atemp>28.0</ns3:atemp>
            <ns3:cad>0</ns3:cad>
          </ns3:TrackPointExtension>
        </extensions>
      </trkpt>
      <trkpt lat="43.1635080836713314056396484375" lon="-109.63727655820548534393310546875">
        <ele>3835.199951171875</ele>
        <time>2017-09-02T18:14:25.000Z</time>
        <extensions>
          <ns3:TrackPointExtension>
            <ns3:atemp>28.0</ns3:atemp>
            <ns3:cad>62</ns3:cad>
          </ns3:TrackPointExtension>
        </extensions>
      </trkpt>
      <trkpt lat="43.163513951003551483154296875" lon="-109.6372530050575733184814453125">
        <ele>3836.199951171875</ele>
        <time>2017-09-02T18:14:32.000Z</time>
        <extensions>
          <ns3:TrackPointExtension>
            <ns3:atemp>28.0</ns3:atemp>
            <ns3:cad>0</ns3:cad>
          </ns3:TrackPointExtension>
        </extensions>
      </trkpt>
      <trkpt lat="43.16351638175547122955322265625" lon="-109.6373069845139980316162109375">
        <ele>3837.199951171875</ele>
        <time>2017-09-02T18:15:03.000Z</time>
        <extensions>
          <ns3:TrackPointExtension>
            <ns3:atemp>27.0</ns3:atemp>
            <ns3:cad>0</ns3:cad>
          </ns3:TrackPointExtension>
        </extensions>
      </trkpt>
      <trkpt lat="43.16346558742225170135498046875" lon="-109.6373636461794376373291015625">
        <ele>3837</ele>
        <time>2017-09-02T18:15:32.000Z</time>
        <extensions>
          <ns3:TrackPointExtension>
            <ns3:atemp>27.0</ns3:atemp>
            <ns3:cad>61</ns3:cad>
          </ns3:TrackPointExtension>
        </extensions>
      </trkpt>
      <trkpt lat="43.1634807586669921875" lon="-109.63736808858811855316162109375">
        <ele>3838.39990234375</ele>
        <time>2017-09-02T18:15:42.000Z</time>
        <extensions>
          <ns3:TrackPointExtension>
            <ns3:atemp>27.0</ns3:atemp>
            <ns3:cad>0</ns3:cad>
          </ns3:TrackPointExtension>
        </extensions>
      </trkpt>
      <trkpt lat="43.16352903842926025390625" lon="-109.637312181293964385986328125">
        <ele>3839.39990234375</ele>
        <time>2017-09-02T18:15:53.000Z</time>
        <extensions>
          <ns3:TrackPointExtension>
            <ns3:atemp>27.0</ns3:atemp>
            <ns3:cad>0</ns3:cad>
          </ns3:TrackPointExtension>
        </extensions>
      </trkpt>
      <trkpt lat="43.1635464727878570556640625" lon="-109.6372952498495578765869140625">
        <ele>3840.39990234375</ele>
        <time>2017-09-02T18:16:56.000Z</time>
        <extensions>
          <ns3:TrackPointExtension>
            <ns3:atemp>27.0</ns3:atemp>
            <ns3:cad>0</ns3:cad>
          </ns3:TrackPointExtension>
        </extensions>
      </trkpt>
      <trkpt lat="43.163558878004550933837890625" lon="-109.63727404363453388214111328125">
        <ele>3841.39990234375</ele>
        <time>2017-09-02T18:17:06.000Z</time>
        <extensions>
          <ns3:TrackPointExtension>
            <ns3:atemp>27.0</ns3:atemp>
            <ns3:cad>0</ns3:cad>
          </ns3:TrackPointExtension>
        </extensions>
      </trkpt>
      <trkpt lat="43.16354085691273212432861328125" lon="-109.63727706111967563629150390625">
        <ele>3842.60009765625</ele>
        <time>2017-09-02T18:17:17.000Z</time>
        <extensions>
          <ns3:TrackPointExtension>
            <ns3:atemp>27.0</ns3:atemp>
            <ns3:cad>0</ns3:cad>
          </ns3:TrackPointExtension>
        </extensions>
      </trkpt>
      <trkpt lat="43.16360740922391414642333984375" lon="-109.637253172695636749267578125">
        <ele>3843.60009765625</ele>
        <time>2017-09-02T18:17:55.000Z</time>
        <extensions>
          <ns3:TrackPointExtension>
            <ns3:atemp>27.0</ns3:atemp>
            <ns3:cad>0</ns3:cad>
          </ns3:TrackPointExtension>
        </extensions>
      </trkpt>
      <trkpt lat="43.1636136956512928009033203125" lon="-109.63723481632769107818603515625">
        <ele>3844.60009765625</ele>
        <time>2017-09-02T18:18:09.000Z</time>
        <extensions>
          <ns3:TrackPointExtension>
            <ns3:atemp>27.0</ns3:atemp>
            <ns3:cad>0</ns3:cad>
          </ns3:TrackPointExtension>
        </extensions>
      </trkpt>
      <trkpt lat="43.16367614082992076873779296875" lon="-109.63719257153570652008056640625">
        <ele>3845.800048828125</ele>
        <time>2017-09-02T18:18:50.000Z</time>
        <extensions>
          <ns3:TrackPointExtension>
            <ns3:atemp>27.0</ns3:atemp>
            <ns3:cad>0</ns3:cad>
          </ns3:TrackPointExtension>
        </extensions>
      </trkpt>
      <trkpt lat="43.1636941619217395782470703125" lon="-109.63720925152301788330078125">
        <ele>3846.800048828125</ele>
        <time>2017-09-02T18:19:00.000Z</time>
        <extensions>
          <ns3:TrackPointExtension>
            <ns3:atemp>27.0</ns3:atemp>
            <ns3:cad>0</ns3:cad>
          </ns3:TrackPointExtension>
        </extensions>
      </trkpt>
      <trkpt lat="43.1637042202055454254150390625" lon="-109.6371832676231861114501953125">
        <ele>3847</ele>
        <time>2017-09-02T18:19:03.000Z</time>
        <extensions>
          <ns3:TrackPointExtension>
            <ns3:atemp>27.0</ns3:atemp>
            <ns3:cad>61</ns3:cad>
          </ns3:TrackPointExtension>
        </extensions>
      </trkpt>
      <trkpt lat="43.16368770785629749298095703125" lon="-109.63716440834105014801025390625">
        <ele>3848</ele>
        <time>2017-09-02T18:19:10.000Z</time>
        <extensions>
          <ns3:TrackPointExtension>
            <ns3:atemp>27.0</ns3:atemp>
            <ns3:cad>0</ns3:cad>
          </ns3:TrackPointExtension>
        </extensions>
      </trkpt>
      <trkpt lat="43.1635724566876888275146484375" lon="-109.63724236004054546356201171875">
        <ele>3849.199951171875</ele>
        <time>2017-09-02T18:19:18.000Z</time>
        <extensions>
          <ns3:TrackPointExtension>
            <ns3:atemp>27.0</ns3:atemp>
            <ns3:cad>0</ns3:cad>
          </ns3:TrackPointExtension>
        </extensions>
      </trkpt>
      <trkpt lat="43.163601793348789215087890625" lon="-109.63721235282719135284423828125">
        <ele>3850</ele>
        <time>2017-09-02T18:19:23.000Z</time>
        <extensions>
          <ns3:TrackPointExtension>
            <ns3:atemp>27.0</ns3:atemp>
            <ns3:cad>61</ns3:cad>
          </ns3:TrackPointExtension>
        </extensions>
      </trkpt>
      <trkpt lat="43.16361646167933940887451171875" lon="-109.6371768973767757415771484375">
        <ele>3850</ele>
        <time>2017-09-02T18:19:25.000Z</time>
        <extensions>
          <ns3:TrackPointExtension>
            <ns3:atemp>27.0</ns3:atemp>
            <ns3:cad>63</ns3:cad>
          </ns3:TrackPointExtension>
        </extensions>
      </trkpt>
      <trkpt lat="43.163590393960475921630859375" lon="-109.63715703226625919342041015625">
        <ele>3850.199951171875</ele>
        <time>2017-09-02T18:19:46.000Z</time>
        <extensions>
          <ns3:TrackPointExtension>
            <ns3:atemp>27.0</ns3:atemp>
            <ns3:cad>0</ns3:cad>
          </ns3:TrackPointExtension>
        </extensions>
      </trkpt>
      <trkpt lat="43.1636354885995388031005859375" lon="-109.63719584047794342041015625">
        <ele>3851.199951171875</ele>
        <time>2017-09-02T18:20:07.000Z</time>
        <extensions>
          <ns3:TrackPointExtension>
            <ns3:atemp>26.0</ns3:atemp>
            <ns3:cad>0</ns3:cad>
          </ns3:TrackPointExtension>
        </extensions>
      </trkpt>
      <trkpt lat="43.1636475585401058197021484375" lon="-109.63713959790766239166259765625">
        <ele>3852.199951171875</ele>
        <time>2017-09-02T18:21:15.000Z</time>
        <extensions>
          <ns3:TrackPointExtension>
            <ns3:atemp>26.0</ns3:atemp>
            <ns3:cad>0</ns3:cad>
          </ns3:TrackPointExtension>
        </extensions>
      </trkpt>
      <trkpt lat="43.1636602990329265594482421875" lon="-109.63714512996375560760498046875">
        <ele>3853.39990234375</ele>
        <time>2017-09-02T18:21:30.000Z</time>
        <extensions>
          <ns3:TrackPointExtension>
            <ns3:atemp>26.0</ns3:atemp>
            <ns3:cad>0</ns3:cad>
          </ns3:TrackPointExtension>
        </extensions>
      </trkpt>
      <trkpt lat="43.163652755320072174072265625" lon="-109.63709416799247264862060546875">
        <ele>3854.39990234375</ele>
        <time>2017-09-02T18:21:46.000Z</time>
        <extensions>
          <ns3:TrackPointExtension>
            <ns3:atemp>26.0</ns3:atemp>
            <ns3:cad>0</ns3:cad>
          </ns3:TrackPointExtension>
        </extensions>
      </trkpt>
      <trkpt lat="43.16373179666697978973388671875" lon="-109.63701185770332813262939453125">
        <ele>3855.39990234375</ele>
        <time>2017-09-02T18:22:05.000Z</time>
        <extensions>
          <ns3:TrackPointExtension>
            <ns3:atemp>26.0</ns3:atemp>
            <ns3:cad>61</ns3:cad>
          </ns3:TrackPointExtension>
        </extensions>
      </trkpt>
      <trkpt lat="43.1637457944452762603759765625" lon="-109.63704555295407772064208984375">
        <ele>3856.60009765625</ele>
        <time>2017-09-02T18:22:11.000Z</time>
        <extensions>
          <ns3:TrackPointExtension>
            <ns3:atemp>26.0</ns3:atemp>
            <ns3:cad>61</ns3:cad>
          </ns3:TrackPointExtension>
        </extensions>
      </trkpt>
      <trkpt lat="43.163742609322071075439453125" lon="-109.6370481513440608978271484375">
        <ele>3856.60009765625</ele>
        <time>2017-09-02T18:22:12.000Z</time>
        <extensions>
          <ns3:TrackPointExtension>
            <ns3:atemp>26.0</ns3:atemp>
            <ns3:cad>61</ns3:cad>
          </ns3:TrackPointExtension>
        </extensions>
      </trkpt>
      <trkpt lat="43.16371989436447620391845703125" lon="-109.6370743028819561004638671875">
        <ele>3857</ele>
        <time>2017-09-02T18:22:26.000Z</time>
        <extensions>
          <ns3:TrackPointExtension>
            <ns3:atemp>26.0</ns3:atemp>
            <ns3:cad>61</ns3:cad>
          </ns3:TrackPointExtension>
        </extensions>
      </trkpt>
      <trkpt lat="43.16373012028634548187255859375" lon="-109.637076817452907562255859375">
        <ele>3857.199951171875</ele>
        <time>2017-09-02T18:22:28.000Z</time>
        <extensions>
          <ns3:TrackPointExtension>
            <ns3:atemp>26.0</ns3:atemp>
            <ns3:cad>61</ns3:cad>
          </ns3:TrackPointExtension>
        </extensions>
      </trkpt>
      <trkpt lat="43.16372928209602832794189453125" lon="-109.63708947412669658660888671875">
        <ele>3857.60009765625</ele>
        <time>2017-09-02T18:22:31.000Z</time>
        <extensions>
          <ns3:TrackPointExtension>
            <ns3:atemp>26.0</ns3:atemp>
            <ns3:cad>0</ns3:cad>
          </ns3:TrackPointExtension>
        </extensions>
      </trkpt>
      <trkpt lat="43.16372810862958431243896484375" lon="-109.63709685020148754119873046875">
        <ele>3857.60009765625</ele>
        <time>2017-09-02T18:22:32.000Z</time>
        <extensions>
          <ns3:TrackPointExtension>
            <ns3:atemp>26.0</ns3:atemp>
            <ns3:cad>0</ns3:cad>
          </ns3:TrackPointExtension>
        </extensions>
      </trkpt>
      <trkpt lat="43.163727857172489166259765625" lon="-109.6371041424572467803955078125">
        <ele>3857.60009765625</ele>
        <time>2017-09-02T18:22:35.000Z</time>
        <extensions>
          <ns3:TrackPointExtension>
            <ns3:atemp>26.0</ns3:atemp>
            <ns3:cad>0</ns3:cad>
          </ns3:TrackPointExtension>
        </extensions>
      </trkpt>
      <trkpt lat="43.16373866982758045196533203125" lon="-109.63710456155240535736083984375">
        <ele>3858.60009765625</ele>
        <time>2017-09-02T18:23:20.000Z</time>
        <extensions>
          <ns3:TrackPointExtension>
            <ns3:atemp>26.0</ns3:atemp>
            <ns3:cad>0</ns3:cad>
          </ns3:TrackPointExtension>
        </extensions>
      </trkpt>
      <trkpt lat="43.16375308670103549957275390625" lon="-109.637112356722354888916015625">
        <ele>3859.800048828125</ele>
        <time>2017-09-02T18:23:52.000Z</time>
        <extensions>
          <ns3:TrackPointExtension>
            <ns3:atemp>27.0</ns3:atemp>
            <ns3:cad>0</ns3:cad>
          </ns3:TrackPointExtension>
        </extensions>
      </trkpt>
      <trkpt lat="43.16376884467899799346923828125" lon="-109.63704169727861881256103515625">
        <ele>3860.800048828125</ele>
        <time>2017-09-02T18:24:47.000Z</time>
        <extensions>
          <ns3:TrackPointExtension>
            <ns3:atemp>27.0</ns3:atemp>
            <ns3:cad>0</ns3:cad>
          </ns3:TrackPointExtension>
        </extensions>
      </trkpt>
      <trkpt lat="43.1637610495090484619140625" lon="-109.63708452880382537841796875">
        <ele>3861.800048828125</ele>
        <time>2017-09-02T18:25:00.000Z</time>
        <extensions>
          <ns3:TrackPointExtension>
            <ns3:atemp>27.0</ns3:atemp>
            <ns3:cad>0</ns3:cad>
          </ns3:TrackPointExtension>
        </extensions>
      </trkpt>
      <trkpt lat="43.163751326501369476318359375" lon="-109.63714596815407276153564453125">
        <ele>3862.800048828125</ele>
        <time>2017-09-02T18:25:26.000Z</time>
        <extensions>
          <ns3:TrackPointExtension>
            <ns3:atemp>27.0</ns3:atemp>
            <ns3:cad>0</ns3:cad>
          </ns3:TrackPointExtension>
        </extensions>
      </trkpt>
      <trkpt lat="43.163773119449615478515625" lon="-109.63709391653537750244140625">
        <ele>3863.800048828125</ele>
        <time>2017-09-02T18:26:13.000Z</time>
        <extensions>
          <ns3:TrackPointExtension>
            <ns3:atemp>28.0</ns3:atemp>
            <ns3:cad>0</ns3:cad>
          </ns3:TrackPointExtension>
        </extensions>
      </trkpt>
      <trkpt lat="43.163773454725742340087890625" lon="-109.63708721101284027099609375">
        <ele>3863.800048828125</ele>
        <time>2017-09-02T18:26:14.000Z</time>
        <extensions>
          <ns3:TrackPointExtension>
            <ns3:atemp>28.0</ns3:atemp>
            <ns3:cad>0</ns3:cad>
          </ns3:TrackPointExtension>
        </extensions>
      </trkpt>
      <trkpt lat="43.16377806477248668670654296875" lon="-109.63708109222352504730224609375">
        <ele>3865</ele>
        <time>2017-09-02T18:26:42.000Z</time>
        <extensions>
          <ns3:TrackPointExtension>
            <ns3:atemp>28.0</ns3:atemp>
            <ns3:cad>0</ns3:cad>
          </ns3:TrackPointExtension>
        </extensions>
      </trkpt>
      <trkpt lat="43.16385090351104736328125" lon="-109.6370605565607547760009765625">
        <ele>3866</ele>
        <time>2017-09-02T18:26:54.000Z</time>
        <extensions>
          <ns3:TrackPointExtension>
            <ns3:atemp>28.0</ns3:atemp>
            <ns3:cad>0</ns3:cad>
          </ns3:TrackPointExtension>
        </extensions>
      </trkpt>
      <trkpt lat="43.16384755074977874755859375" lon="-109.63710556738078594207763671875">
        <ele>3867</ele>
        <time>2017-09-02T18:27:01.000Z</time>
        <extensions>
          <ns3:TrackPointExtension>
            <ns3:atemp>29.0</ns3:atemp>
            <ns3:cad>0</ns3:cad>
          </ns3:TrackPointExtension>
        </extensions>
      </trkpt>
      <trkpt lat="43.16384897567331790924072265625" lon="-109.637255854904651641845703125">
        <ele>3868</ele>
        <time>2017-09-02T18:27:34.000Z</time>
        <extensions>
          <ns3:TrackPointExtension>
            <ns3:atemp>29.0</ns3:atemp>
            <ns3:cad>0</ns3:cad>
          </ns3:TrackPointExtension>
        </extensions>
      </trkpt>
      <trkpt lat="43.1638426892459392547607421875" lon="-109.6372815035283565521240234375">
        <ele>3868.199951171875</ele>
        <time>2017-09-02T18:27:40.000Z</time>
        <extensions>
          <ns3:TrackPointExtension>
            <ns3:atemp>29.0</ns3:atemp>
            <ns3:cad>0</ns3:cad>
          </ns3:TrackPointExtension>
        </extensions>
      </trkpt>
      <trkpt lat="43.1638758815824985504150390625" lon="-109.63727521710097789764404296875">
        <ele>3867.60009765625</ele>
        <time>2017-09-02T18:27:51.000Z</time>
        <extensions>
          <ns3:TrackPointExtension>
            <ns3:atemp>29.0</ns3:atemp>
            <ns3:cad>61</ns3:cad>
          </ns3:TrackPointExtension>
        </extensions>
      </trkpt>
      <trkpt lat="43.1638845987617969512939453125" lon="-109.63729516603052616119384765625">
        <ele>3867.60009765625</ele>
        <time>2017-09-02T18:27:54.000Z</time>
        <extensions>
          <ns3:TrackPointExtension>
            <ns3:atemp>29.0</ns3:atemp>
            <ns3:cad>0</ns3:cad>
          </ns3:TrackPointExtension>
        </extensions>
      </trkpt>
      <trkpt lat="43.16384159959852695465087890625" lon="-109.6373636461794376373291015625">
        <ele>3866.800048828125</ele>
        <time>2017-09-02T18:28:09.000Z</time>
        <extensions>
          <ns3:TrackPointExtension>
            <ns3:atemp>29.0</ns3:atemp>
            <ns3:cad>0</ns3:cad>
          </ns3:TrackPointExtension>
        </extensions>
      </trkpt>
      <trkpt lat="43.16389775834977626800537109375" lon="-109.63738602586090564727783203125">
        <ele>3868</ele>
        <time>2017-09-02T18:28:29.000Z</time>
        <extensions>
          <ns3:TrackPointExtension>
            <ns3:atemp>28.0</ns3:atemp>
            <ns3:cad>0</ns3:cad>
          </ns3:TrackPointExtension>
        </extensions>
      </trkpt>
      <trkpt lat="43.16392843611538410186767578125" lon="-109.6374524943530559539794921875">
        <ele>3869.199951171875</ele>
        <time>2017-09-02T18:28:56.000Z</time>
        <extensions>
          <ns3:TrackPointExtension>
            <ns3:atemp>28.0</ns3:atemp>
            <ns3:cad>0</ns3:cad>
          </ns3:TrackPointExtension>
        </extensions>
      </trkpt>
      <trkpt lat="43.16392541863024234771728515625" lon="-109.63744386099278926849365234375">
        <ele>3870.199951171875</ele>
        <time>2017-09-02T18:29:01.000Z</time>
        <extensions>
          <ns3:TrackPointExtension>
            <ns3:atemp>28.0</ns3:atemp>
            <ns3:cad>61</ns3:cad>
          </ns3:TrackPointExtension>
        </extensions>
      </trkpt>
      <trkpt lat="43.16397805698215961456298828125" lon="-109.6373787336051464080810546875">
        <ele>3871.199951171875</ele>
        <time>2017-09-02T18:29:24.000Z</time>
        <extensions>
          <ns3:TrackPointExtension>
            <ns3:atemp>28.0</ns3:atemp>
            <ns3:cad>0</ns3:cad>
          </ns3:TrackPointExtension>
        </extensions>
      </trkpt>
      <trkpt lat="43.16396556794643402099609375" lon="-109.637398011982440948486328125">
        <ele>3872.39990234375</ele>
        <time>2017-09-02T18:29:46.000Z</time>
        <extensions>
          <ns3:TrackPointExtension>
            <ns3:atemp>28.0</ns3:atemp>
            <ns3:cad>0</ns3:cad>
          </ns3:TrackPointExtension>
        </extensions>
      </trkpt>
      <trkpt lat="43.1639912165701389312744140625" lon="-109.6373918093740940093994140625">
        <ele>3873.39990234375</ele>
        <time>2017-09-02T18:29:57.000Z</time>
        <extensions>
          <ns3:TrackPointExtension>
            <ns3:atemp>28.0</ns3:atemp>
            <ns3:cad>0</ns3:cad>
          </ns3:TrackPointExtension>
        </extensions>
      </trkpt>
      <trkpt lat="43.16400269977748394012451171875" lon="-109.63740346021950244903564453125">
        <ele>3874.60009765625</ele>
        <time>2017-09-02T18:30:05.000Z</time>
        <extensions>
          <ns3:TrackPointExtension>
            <ns3:atemp>28.0</ns3:atemp>
            <ns3:cad>0</ns3:cad>
          </ns3:TrackPointExtension>
        </extensions>
      </trkpt>
      <trkpt lat="43.16401476971805095672607421875" lon="-109.63740505278110504150390625">
        <ele>3875.60009765625</ele>
        <time>2017-09-02T18:30:16.000Z</time>
        <extensions>
          <ns3:TrackPointExtension>
            <ns3:atemp>28.0</ns3:atemp>
            <ns3:cad>0</ns3:cad>
          </ns3:TrackPointExtension>
        </extensions>
      </trkpt>
      <trkpt lat="43.1640346348285675048828125" lon="-109.6373794041574001312255859375">
        <ele>3876.60009765625</ele>
        <time>2017-09-02T18:30:20.000Z</time>
        <extensions>
          <ns3:TrackPointExtension>
            <ns3:atemp>28.0</ns3:atemp>
            <ns3:cad>0</ns3:cad>
          </ns3:TrackPointExtension>
        </extensions>
      </trkpt>
      <trkpt lat="43.1640693359076976776123046875" lon="-109.6374085731804370880126953125">
        <ele>3877.800048828125</ele>
        <time>2017-09-02T18:30:38.000Z</time>
        <extensions>
          <ns3:TrackPointExtension>
            <ns3:atemp>28.0</ns3:atemp>
            <ns3:cad>61</ns3:cad>
          </ns3:TrackPointExtension>
        </extensions>
      </trkpt>
      <trkpt lat="43.16414083354175090789794921875" lon="-109.6373493969440460205078125">
        <ele>3879</ele>
        <time>2017-09-02T18:30:58.000Z</time>
        <extensions>
          <ns3:TrackPointExtension>
            <ns3:atemp>28.0</ns3:atemp>
            <ns3:cad>61</ns3:cad>
          </ns3:TrackPointExtension>
        </extensions>
      </trkpt>
      <trkpt lat="43.1641233153641223907470703125" lon="-109.63737982325255870819091796875">
        <ele>3880</ele>
        <time>2017-09-02T18:31:22.000Z</time>
        <extensions>
          <ns3:TrackPointExtension>
            <ns3:atemp>28.0</ns3:atemp>
            <ns3:cad>0</ns3:cad>
          </ns3:TrackPointExtension>
        </extensions>
      </trkpt>
      <trkpt lat="43.16408316604793071746826171875" lon="-109.6374260075390338897705078125">
        <ele>3880</ele>
        <time>2017-09-02T18:31:28.000Z</time>
        <extensions>
          <ns3:TrackPointExtension>
            <ns3:atemp>28.0</ns3:atemp>
            <ns3:cad>0</ns3:cad>
          </ns3:TrackPointExtension>
        </extensions>
      </trkpt>
      <trkpt lat="43.1642088107764720916748046875" lon="-109.63756808079779148101806640625">
        <ele>3881</ele>
        <time>2017-09-02T18:32:03.000Z</time>
        <extensions>
          <ns3:TrackPointExtension>
            <ns3:atemp>28.0</ns3:atemp>
            <ns3:cad>61</ns3:cad>
          </ns3:TrackPointExtension>
        </extensions>
      </trkpt>
      <trkpt lat="43.16422465257346630096435546875" lon="-109.63757797144353389739990234375">
        <ele>3881.199951171875</ele>
        <time>2017-09-02T18:32:05.000Z</time>
        <extensions>
          <ns3:TrackPointExtension>
            <ns3:atemp>28.0</ns3:atemp>
            <ns3:cad>61</ns3:cad>
          </ns3:TrackPointExtension>
        </extensions>
      </trkpt>
      <trkpt lat="43.16427645273506641387939453125" lon="-109.63762256316840648651123046875">
        <ele>3881.39990234375</ele>
        <time>2017-09-02T18:32:20.000Z</time>
        <extensions>
          <ns3:TrackPointExtension>
            <ns3:atemp>28.0</ns3:atemp>
            <ns3:cad>0</ns3:cad>
          </ns3:TrackPointExtension>
        </extensions>
      </trkpt>
      <trkpt lat="43.16429078578948974609375" lon="-109.63765860535204410552978515625">
        <ele>3882</ele>
        <time>2017-09-02T18:32:31.000Z</time>
        <extensions>
          <ns3:TrackPointExtension>
            <ns3:atemp>27.0</ns3:atemp>
            <ns3:cad>0</ns3:cad>
          </ns3:TrackPointExtension>
        </extensions>
      </trkpt>
      <trkpt lat="43.16431115381419658660888671875" lon="-109.63774259202182292938232421875">
        <ele>3882.60009765625</ele>
        <time>2017-09-02T18:32:50.000Z</time>
        <extensions>
          <ns3:TrackPointExtension>
            <ns3:atemp>27.0</ns3:atemp>
            <ns3:cad>0</ns3:cad>
          </ns3:TrackPointExtension>
        </extensions>
      </trkpt>
      <trkpt lat="43.16441022790968418121337890625" lon="-109.637783579528331756591796875">
        <ele>3883.199951171875</ele>
        <time>2017-09-02T18:33:02.000Z</time>
        <extensions>
          <ns3:TrackPointExtension>
            <ns3:atemp>27.0</ns3:atemp>
            <ns3:cad>61</ns3:cad>
          </ns3:TrackPointExtension>
        </extensions>
      </trkpt>
      <trkpt lat="43.164503686130046844482421875" lon="-109.6378581784665584564208984375">
        <ele>3882.60009765625</ele>
        <time>2017-09-02T18:33:24.000Z</time>
        <extensions>
          <ns3:TrackPointExtension>
            <ns3:atemp>27.0</ns3:atemp>
            <ns3:cad>0</ns3:cad>
          </ns3:TrackPointExtension>
        </extensions>
      </trkpt>
      <trkpt lat="43.16452656872570514678955078125" lon="-109.63785574771463871002197265625">
        <ele>3882.800048828125</ele>
        <time>2017-09-02T18:33:27.000Z</time>
        <extensions>
          <ns3:TrackPointExtension>
            <ns3:atemp>27.0</ns3:atemp>
            <ns3:cad>45</ns3:cad>
          </ns3:TrackPointExtension>
        </extensions>
      </trkpt>
      <trkpt lat="43.164568729698657989501953125" lon="-109.63787385262548923492431640625">
        <ele>3882.60009765625</ele>
        <time>2017-09-02T18:33:32.000Z</time>
        <extensions>
          <ns3:TrackPointExtension>
            <ns3:atemp>27.0</ns3:atemp>
            <ns3:cad>45</ns3:cad>
          </ns3:TrackPointExtension>
        </extensions>
      </trkpt>
      <trkpt lat="43.164551295340061187744140625" lon="-109.637906290590763092041015625">
        <ele>3882.60009765625</ele>
        <time>2017-09-02T18:33:38.000Z</time>
        <extensions>
          <ns3:TrackPointExtension>
            <ns3:atemp>27.0</ns3:atemp>
            <ns3:cad>0</ns3:cad>
          </ns3:TrackPointExtension>
        </extensions>
      </trkpt>
      <trkpt lat="43.16454869695007801055908203125" lon="-109.63790033943951129913330078125">
        <ele>3882.60009765625</ele>
        <time>2017-09-02T18:33:42.000Z</time>
        <extensions>
          <ns3:TrackPointExtension>
            <ns3:atemp>27.0</ns3:atemp>
            <ns3:cad>0</ns3:cad>
          </ns3:TrackPointExtension>
        </extensions>
      </trkpt>
      <trkpt lat="43.16456076689064502716064453125" lon="-109.63796102441847324371337890625">
        <ele>3882.39990234375</ele>
        <time>2017-09-02T18:33:52.000Z</time>
        <extensions>
          <ns3:TrackPointExtension>
            <ns3:atemp>27.0</ns3:atemp>
            <ns3:cad>61</ns3:cad>
          </ns3:TrackPointExtension>
        </extensions>
      </trkpt>
      <trkpt lat="43.16457233391702175140380859375" lon="-109.6379741840064525604248046875">
        <ele>3882.199951171875</ele>
        <time>2017-09-02T18:33:54.000Z</time>
        <extensions>
          <ns3:TrackPointExtension>
            <ns3:atemp>27.0</ns3:atemp>
            <ns3:cad>61</ns3:cad>
          </ns3:TrackPointExtension>
        </extensions>
      </trkpt>
      <trkpt lat="43.16457987762987613677978515625" lon="-109.63797946460545063018798828125">
        <ele>3882.199951171875</ele>
        <time>2017-09-02T18:33:55.000Z</time>
        <extensions>
          <ns3:TrackPointExtension>
            <ns3:atemp>27.0</ns3:atemp>
            <ns3:cad>61</ns3:cad>
          </ns3:TrackPointExtension>
        </extensions>
      </trkpt>
      <trkpt lat="43.16460284404456615447998046875" lon="-109.63806445710361003875732421875">
        <ele>3881</ele>
        <time>2017-09-02T18:34:09.000Z</time>
        <extensions>
          <ns3:TrackPointExtension>
            <ns3:atemp>27.0</ns3:atemp>
            <ns3:cad>62</ns3:cad>
          </ns3:TrackPointExtension>
        </extensions>
      </trkpt>
      <trkpt lat="43.16454903222620487213134765625" lon="-109.63811508379876613616943359375">
        <ele>3880</ele>
        <time>2017-09-02T18:34:22.000Z</time>
        <extensions>
          <ns3:TrackPointExtension>
            <ns3:atemp>28.0</ns3:atemp>
            <ns3:cad>0</ns3:cad>
          </ns3:TrackPointExtension>
        </extensions>
      </trkpt>
      <trkpt lat="43.16455255262553691864013671875" lon="-109.638144671916961669921875">
        <ele>3879.800048828125</ele>
        <time>2017-09-02T18:34:27.000Z</time>
        <extensions>
          <ns3:TrackPointExtension>
            <ns3:atemp>28.0</ns3:atemp>
            <ns3:cad>0</ns3:cad>
          </ns3:TrackPointExtension>
        </extensions>
      </trkpt>
    </trkseg>
  </trk>
</gpx>
