<?xml version="1.0" encoding="UTF-8"?>
<gpx creator="Garmin Connect" version="1.1"
  xsi:schemaLocation="http://www.topografix.com/GPX/1/1 http://www.topografix.com/GPX/11.xsd"
  xmlns:ns3="http://www.garmin.com/xmlschemas/TrackPointExtension/v1"
  xmlns="http://www.topografix.com/GPX/1/1"
  xmlns:xsi="http://www.w3.org/2001/XMLSchema-instance" xmlns:ns2="http://www.garmin.com/xmlschemas/GpxExtensions/v3">
  <metadata>
    <link href="connect.garmin.com">
      <text>Garmin Connect</text>
    </link>
    <time>2017-09-04T14:25:53.000Z</time>
  </metadata>
  <trk>
    <name>Cora Hiking</name>
    <type>hiking</type>
    <trkseg>
      <trkpt lat="43.25401243753731250762939453125" lon="-109.6840951032936573028564453125">
        <ele>3587.800048828125</ele>
        <time>2017-09-04T14:26:25.000Z</time>
        <extensions>
          <ns3:TrackPointExtension>
            <ns3:atemp>22.0</ns3:atemp>
            <ns3:cad>0</ns3:cad>
          </ns3:TrackPointExtension>
        </extensions>
      </trkpt>
      <trkpt lat="43.25401981361210346221923828125" lon="-109.684004746377468109130859375">
        <ele>3589</ele>
        <time>2017-09-04T14:26:30.000Z</time>
        <extensions>
          <ns3:TrackPointExtension>
            <ns3:atemp>22.0</ns3:atemp>
            <ns3:cad>0</ns3:cad>
          </ns3:TrackPointExtension>
        </extensions>
      </trkpt>
      <trkpt lat="43.25404713861644268035888671875" lon="-109.683937691152095794677734375">
        <ele>3589.800048828125</ele>
        <time>2017-09-04T14:26:37.000Z</time>
        <extensions>
          <ns3:TrackPointExtension>
            <ns3:atemp>22.0</ns3:atemp>
            <ns3:cad>0</ns3:cad>
          </ns3:TrackPointExtension>
        </extensions>
      </trkpt>
      <trkpt lat="43.25406407006084918975830078125" lon="-109.68392453156411647796630859375">
        <ele>3590</ele>
        <time>2017-09-04T14:26:39.000Z</time>
        <extensions>
          <ns3:TrackPointExtension>
            <ns3:atemp>22.0</ns3:atemp>
            <ns3:cad>0</ns3:cad>
          </ns3:TrackPointExtension>
        </extensions>
      </trkpt>
      <trkpt lat="43.25407035648822784423828125" lon="-109.68389888294041156768798828125">
        <ele>3590.39990234375</ele>
        <time>2017-09-04T14:26:41.000Z</time>
        <extensions>
          <ns3:TrackPointExtension>
            <ns3:atemp>22.0</ns3:atemp>
            <ns3:cad>0</ns3:cad>
          </ns3:TrackPointExtension>
        </extensions>
      </trkpt>
      <trkpt lat="43.2540785707533359527587890625" lon="-109.68388027511537075042724609375">
        <ele>3590.800048828125</ele>
        <time>2017-09-04T14:26:44.000Z</time>
        <extensions>
          <ns3:TrackPointExtension>
            <ns3:atemp>22.0</ns3:atemp>
            <ns3:cad>0</ns3:cad>
          </ns3:TrackPointExtension>
        </extensions>
      </trkpt>
      <trkpt lat="43.25408284552395343780517578125" lon="-109.6838723123073577880859375">
        <ele>3591</ele>
        <time>2017-09-04T14:26:45.000Z</time>
        <extensions>
          <ns3:TrackPointExtension>
            <ns3:atemp>22.0</ns3:atemp>
            <ns3:cad>0</ns3:cad>
          </ns3:TrackPointExtension>
        </extensions>
      </trkpt>
      <trkpt lat="43.25413967482745647430419921875" lon="-109.68379176221787929534912109375">
        <ele>3592.199951171875</ele>
        <time>2017-09-04T14:26:57.000Z</time>
        <extensions>
          <ns3:TrackPointExtension>
            <ns3:atemp>22.0</ns3:atemp>
            <ns3:cad>61</ns3:cad>
          </ns3:TrackPointExtension>
        </extensions>
      </trkpt>
      <trkpt lat="43.254154510796070098876953125" lon="-109.68379360623657703399658203125">
        <ele>3593.199951171875</ele>
        <time>2017-09-04T14:27:04.000Z</time>
        <extensions>
          <ns3:TrackPointExtension>
            <ns3:atemp>22.0</ns3:atemp>
            <ns3:cad>0</ns3:cad>
          </ns3:TrackPointExtension>
        </extensions>
      </trkpt>
      <trkpt lat="43.2541915588080883026123046875" lon="-109.68366603367030620574951171875">
        <ele>3594.199951171875</ele>
        <time>2017-09-04T14:27:19.000Z</time>
        <extensions>
          <ns3:TrackPointExtension>
            <ns3:atemp>22.0</ns3:atemp>
            <ns3:cad>61</ns3:cad>
          </ns3:TrackPointExtension>
        </extensions>
      </trkpt>
      <trkpt lat="43.25420488603413105010986328125" lon="-109.68361037783324718475341796875">
        <ele>3595.199951171875</ele>
        <time>2017-09-04T14:27:26.000Z</time>
        <extensions>
          <ns3:TrackPointExtension>
            <ns3:atemp>22.0</ns3:atemp>
            <ns3:cad>0</ns3:cad>
          </ns3:TrackPointExtension>
        </extensions>
      </trkpt>
      <trkpt lat="43.25421913526952266693115234375" lon="-109.683555476367473602294921875">
        <ele>3596.39990234375</ele>
        <time>2017-09-04T14:27:33.000Z</time>
        <extensions>
          <ns3:TrackPointExtension>
            <ns3:atemp>22.0</ns3:atemp>
            <ns3:cad>61</ns3:cad>
          </ns3:TrackPointExtension>
        </extensions>
      </trkpt>
      <trkpt lat="43.25424763374030590057373046875" lon="-109.68351683579385280609130859375">
        <ele>3597.60009765625</ele>
        <time>2017-09-04T14:27:41.000Z</time>
        <extensions>
          <ns3:TrackPointExtension>
            <ns3:atemp>22.0</ns3:atemp>
            <ns3:cad>0</ns3:cad>
          </ns3:TrackPointExtension>
        </extensions>
      </trkpt>
      <trkpt lat="43.25428493320941925048828125" lon="-109.68340250663459300994873046875">
        <ele>3598.60009765625</ele>
        <time>2017-09-04T14:27:58.000Z</time>
        <extensions>
          <ns3:TrackPointExtension>
            <ns3:atemp>22.0</ns3:atemp>
            <ns3:cad>0</ns3:cad>
          </ns3:TrackPointExtension>
        </extensions>
      </trkpt>
      <trkpt lat="43.25433497317135334014892578125" lon="-109.68335942365229129791259765625">
        <ele>3599.60009765625</ele>
        <time>2017-09-04T14:28:04.000Z</time>
        <extensions>
          <ns3:TrackPointExtension>
            <ns3:atemp>22.0</ns3:atemp>
            <ns3:cad>0</ns3:cad>
          </ns3:TrackPointExtension>
        </extensions>
      </trkpt>
      <trkpt lat="43.25436498038470745086669921875" lon="-109.6832726709544658660888671875">
        <ele>3600.800048828125</ele>
        <time>2017-09-04T14:28:15.000Z</time>
        <extensions>
          <ns3:TrackPointExtension>
            <ns3:atemp>22.0</ns3:atemp>
            <ns3:cad>0</ns3:cad>
          </ns3:TrackPointExtension>
        </extensions>
      </trkpt>
      <trkpt lat="43.25438551604747772216796875" lon="-109.68324140645563602447509765625">
        <ele>3601.800048828125</ele>
        <time>2017-09-04T14:28:21.000Z</time>
        <extensions>
          <ns3:TrackPointExtension>
            <ns3:atemp>22.0</ns3:atemp>
            <ns3:cad>61</ns3:cad>
          </ns3:TrackPointExtension>
        </extensions>
      </trkpt>
      <trkpt lat="43.25442130677402019500732421875" lon="-109.68315591104328632354736328125">
        <ele>3602.800048828125</ele>
        <time>2017-09-04T14:28:34.000Z</time>
        <extensions>
          <ns3:TrackPointExtension>
            <ns3:atemp>22.0</ns3:atemp>
            <ns3:cad>0</ns3:cad>
          </ns3:TrackPointExtension>
        </extensions>
      </trkpt>
      <trkpt lat="43.25446740724146366119384765625" lon="-109.68308684416115283966064453125">
        <ele>3604</ele>
        <time>2017-09-04T14:28:43.000Z</time>
        <extensions>
          <ns3:TrackPointExtension>
            <ns3:atemp>22.0</ns3:atemp>
            <ns3:cad>0</ns3:cad>
          </ns3:TrackPointExtension>
        </extensions>
      </trkpt>
      <trkpt lat="43.2544993422925472259521484375" lon="-109.68300872482359409332275390625">
        <ele>3605</ele>
        <time>2017-09-04T14:28:51.000Z</time>
        <extensions>
          <ns3:TrackPointExtension>
            <ns3:atemp>22.0</ns3:atemp>
            <ns3:cad>61</ns3:cad>
          </ns3:TrackPointExtension>
        </extensions>
      </trkpt>
      <trkpt lat="43.254517950117588043212890625" lon="-109.6829860098659992218017578125">
        <ele>3606</ele>
        <time>2017-09-04T14:28:56.000Z</time>
        <extensions>
          <ns3:TrackPointExtension>
            <ns3:atemp>22.0</ns3:atemp>
            <ns3:cad>0</ns3:cad>
          </ns3:TrackPointExtension>
        </extensions>
      </trkpt>
      <trkpt lat="43.25455441139638423919677734375" lon="-109.68295038677752017974853515625">
        <ele>3607.199951171875</ele>
        <time>2017-09-04T14:29:07.000Z</time>
        <extensions>
          <ns3:TrackPointExtension>
            <ns3:atemp>22.0</ns3:atemp>
            <ns3:cad>61</ns3:cad>
          </ns3:TrackPointExtension>
        </extensions>
      </trkpt>
      <trkpt lat="43.25459833256900310516357421875" lon="-109.68288014642894268035888671875">
        <ele>3608.199951171875</ele>
        <time>2017-09-04T14:29:15.000Z</time>
        <extensions>
          <ns3:TrackPointExtension>
            <ns3:atemp>22.0</ns3:atemp>
            <ns3:cad>0</ns3:cad>
          </ns3:TrackPointExtension>
        </extensions>
      </trkpt>
      <trkpt lat="43.25459070503711700439453125" lon="-109.68282222747802734375">
        <ele>3609.39990234375</ele>
        <time>2017-09-04T14:29:25.000Z</time>
        <extensions>
          <ns3:TrackPointExtension>
            <ns3:atemp>22.0</ns3:atemp>
            <ns3:cad>0</ns3:cad>
          </ns3:TrackPointExtension>
        </extensions>
      </trkpt>
      <trkpt lat="43.25461425818502902984619140625" lon="-109.68273027800023555755615234375">
        <ele>3609.800048828125</ele>
        <time>2017-09-04T14:29:58.000Z</time>
        <extensions>
          <ns3:TrackPointExtension>
            <ns3:atemp>22.0</ns3:atemp>
            <ns3:cad>61</ns3:cad>
          </ns3:TrackPointExtension>
        </extensions>
      </trkpt>
      <trkpt lat="43.25465097092092037200927734375" lon="-109.68263204209506511688232421875">
        <ele>3610</ele>
        <time>2017-09-04T14:30:04.000Z</time>
        <extensions>
          <ns3:TrackPointExtension>
            <ns3:atemp>22.0</ns3:atemp>
            <ns3:cad>61</ns3:cad>
          </ns3:TrackPointExtension>
        </extensions>
      </trkpt>
      <trkpt lat="43.25466983020305633544921875" lon="-109.68258686363697052001953125">
        <ele>3610.39990234375</ele>
        <time>2017-09-04T14:30:07.000Z</time>
        <extensions>
          <ns3:TrackPointExtension>
            <ns3:atemp>22.0</ns3:atemp>
            <ns3:cad>61</ns3:cad>
          </ns3:TrackPointExtension>
        </extensions>
      </trkpt>
      <trkpt lat="43.25471702031791210174560546875" lon="-109.6823905594646930694580078125">
        <ele>3611.39990234375</ele>
        <time>2017-09-04T14:30:19.000Z</time>
        <extensions>
          <ns3:TrackPointExtension>
            <ns3:atemp>22.0</ns3:atemp>
            <ns3:cad>51</ns3:cad>
          </ns3:TrackPointExtension>
        </extensions>
      </trkpt>
      <trkpt lat="43.2547363825142383575439453125" lon="-109.68233498744666576385498046875">
        <ele>3611.60009765625</ele>
        <time>2017-09-04T14:30:23.000Z</time>
        <extensions>
          <ns3:TrackPointExtension>
            <ns3:atemp>22.0</ns3:atemp>
            <ns3:cad>51</ns3:cad>
          </ns3:TrackPointExtension>
        </extensions>
      </trkpt>
      <trkpt lat="43.2547427527606487274169921875" lon="-109.6822530962526798248291015625">
        <ele>3611.60009765625</ele>
        <time>2017-09-04T14:30:28.000Z</time>
        <extensions>
          <ns3:TrackPointExtension>
            <ns3:atemp>22.0</ns3:atemp>
            <ns3:cad>51</ns3:cad>
          </ns3:TrackPointExtension>
        </extensions>
      </trkpt>
      <trkpt lat="43.254829756915569305419921875" lon="-109.68205436132848262786865234375">
        <ele>3611.199951171875</ele>
        <time>2017-09-04T14:30:45.000Z</time>
        <extensions>
          <ns3:TrackPointExtension>
            <ns3:atemp>22.0</ns3:atemp>
            <ns3:cad>51</ns3:cad>
          </ns3:TrackPointExtension>
        </extensions>
      </trkpt>
      <trkpt lat="43.25486236251890659332275390625" lon="-109.68198596499860286712646484375">
        <ele>3610.60009765625</ele>
        <time>2017-09-04T14:30:50.000Z</time>
        <extensions>
          <ns3:TrackPointExtension>
            <ns3:atemp>22.0</ns3:atemp>
            <ns3:cad>51</ns3:cad>
          </ns3:TrackPointExtension>
        </extensions>
      </trkpt>
      <trkpt lat="43.254865966737270355224609375" lon="-109.68196702189743518829345703125">
        <ele>3610.39990234375</ele>
        <time>2017-09-04T14:30:51.000Z</time>
        <extensions>
          <ns3:TrackPointExtension>
            <ns3:atemp>22.0</ns3:atemp>
            <ns3:cad>51</ns3:cad>
          </ns3:TrackPointExtension>
        </extensions>
      </trkpt>
      <trkpt lat="43.25492866337299346923828125" lon="-109.6818001382052898406982421875">
        <ele>3609.39990234375</ele>
        <time>2017-09-04T14:31:03.000Z</time>
        <extensions>
          <ns3:TrackPointExtension>
            <ns3:atemp>22.0</ns3:atemp>
            <ns3:cad>51</ns3:cad>
          </ns3:TrackPointExtension>
        </extensions>
      </trkpt>
      <trkpt lat="43.255003429949283599853515625" lon="-109.681597463786602020263671875">
        <ele>3608.39990234375</ele>
        <time>2017-09-04T14:31:18.000Z</time>
        <extensions>
          <ns3:TrackPointExtension>
            <ns3:atemp>22.0</ns3:atemp>
            <ns3:cad>52</ns3:cad>
          </ns3:TrackPointExtension>
        </extensions>
      </trkpt>
      <trkpt lat="43.25509085319936275482177734375" lon="-109.681362099945545196533203125">
        <ele>3608</ele>
        <time>2017-09-04T14:31:33.000Z</time>
        <extensions>
          <ns3:TrackPointExtension>
            <ns3:atemp>22.0</ns3:atemp>
            <ns3:cad>51</ns3:cad>
          </ns3:TrackPointExtension>
        </extensions>
      </trkpt>
      <trkpt lat="43.25510996393859386444091796875" lon="-109.68131340108811855316162109375">
        <ele>3607.800048828125</ele>
        <time>2017-09-04T14:31:37.000Z</time>
        <extensions>
          <ns3:TrackPointExtension>
            <ns3:atemp>22.0</ns3:atemp>
            <ns3:cad>51</ns3:cad>
          </ns3:TrackPointExtension>
        </extensions>
      </trkpt>
      <trkpt lat="43.25511901639401912689208984375" lon="-109.6812761016190052032470703125">
        <ele>3607.39990234375</ele>
        <time>2017-09-04T14:31:41.000Z</time>
        <extensions>
          <ns3:TrackPointExtension>
            <ns3:atemp>22.0</ns3:atemp>
            <ns3:cad>51</ns3:cad>
          </ns3:TrackPointExtension>
        </extensions>
      </trkpt>
      <trkpt lat="43.2552024163305759429931640625" lon="-109.68105825595557689666748046875">
        <ele>3606.800048828125</ele>
        <time>2017-09-04T14:32:00.000Z</time>
        <extensions>
          <ns3:TrackPointExtension>
            <ns3:atemp>22.0</ns3:atemp>
            <ns3:cad>47</ns3:cad>
          </ns3:TrackPointExtension>
        </extensions>
      </trkpt>
      <trkpt lat="43.2552282325923442840576171875" lon="-109.6809944696724414825439453125">
        <ele>3606.60009765625</ele>
        <time>2017-09-04T14:32:07.000Z</time>
        <extensions>
          <ns3:TrackPointExtension>
            <ns3:atemp>22.0</ns3:atemp>
            <ns3:cad>63</ns3:cad>
          </ns3:TrackPointExtension>
        </extensions>
      </trkpt>
      <trkpt lat="43.25523954816162586212158203125" lon="-109.6809572540223598480224609375">
        <ele>3606.39990234375</ele>
        <time>2017-09-04T14:32:10.000Z</time>
        <extensions>
          <ns3:TrackPointExtension>
            <ns3:atemp>22.0</ns3:atemp>
            <ns3:cad>63</ns3:cad>
          </ns3:TrackPointExtension>
        </extensions>
      </trkpt>
      <trkpt lat="43.25525681488215923309326171875" lon="-109.6809193678200244903564453125">
        <ele>3606.199951171875</ele>
        <time>2017-09-04T14:32:14.000Z</time>
        <extensions>
          <ns3:TrackPointExtension>
            <ns3:atemp>22.0</ns3:atemp>
            <ns3:cad>61</ns3:cad>
          </ns3:TrackPointExtension>
        </extensions>
      </trkpt>
      <trkpt lat="43.25527307577431201934814453125" lon="-109.68087485991418361663818359375">
        <ele>3606</ele>
        <time>2017-09-04T14:32:18.000Z</time>
        <extensions>
          <ns3:TrackPointExtension>
            <ns3:atemp>22.0</ns3:atemp>
            <ns3:cad>61</ns3:cad>
          </ns3:TrackPointExtension>
        </extensions>
      </trkpt>
      <trkpt lat="43.2552875764667987823486328125" lon="-109.6808435954153537750244140625">
        <ele>3605.800048828125</ele>
        <time>2017-09-04T14:32:21.000Z</time>
        <extensions>
          <ns3:TrackPointExtension>
            <ns3:atemp>22.0</ns3:atemp>
            <ns3:cad>0</ns3:cad>
          </ns3:TrackPointExtension>
        </extensions>
      </trkpt>
      <trkpt lat="43.25529612600803375244140625" lon="-109.68081870116293430328369140625">
        <ele>3605.800048828125</ele>
        <time>2017-09-04T14:32:23.000Z</time>
        <extensions>
          <ns3:TrackPointExtension>
            <ns3:atemp>22.0</ns3:atemp>
            <ns3:cad>61</ns3:cad>
          </ns3:TrackPointExtension>
        </extensions>
      </trkpt>
      <trkpt lat="43.25530274771153926849365234375" lon="-109.68079514801502227783203125">
        <ele>3605.800048828125</ele>
        <time>2017-09-04T14:32:25.000Z</time>
        <extensions>
          <ns3:TrackPointExtension>
            <ns3:atemp>22.0</ns3:atemp>
            <ns3:cad>61</ns3:cad>
          </ns3:TrackPointExtension>
        </extensions>
      </trkpt>
      <trkpt lat="43.25536577962338924407958984375" lon="-109.6806524880230426788330078125">
        <ele>3606.800048828125</ele>
        <time>2017-09-04T14:32:37.000Z</time>
        <extensions>
          <ns3:TrackPointExtension>
            <ns3:atemp>22.0</ns3:atemp>
            <ns3:cad>61</ns3:cad>
          </ns3:TrackPointExtension>
        </extensions>
      </trkpt>
      <trkpt lat="43.25537751428782939910888671875" lon="-109.68059775419533252716064453125">
        <ele>3606.39990234375</ele>
        <time>2017-09-04T14:32:41.000Z</time>
        <extensions>
          <ns3:TrackPointExtension>
            <ns3:atemp>22.0</ns3:atemp>
            <ns3:cad>61</ns3:cad>
          </ns3:TrackPointExtension>
        </extensions>
      </trkpt>
      <trkpt lat="43.25540282763540744781494140625" lon="-109.6805222332477569580078125">
        <ele>3606.39990234375</ele>
        <time>2017-09-04T14:32:46.000Z</time>
        <extensions>
          <ns3:TrackPointExtension>
            <ns3:atemp>22.0</ns3:atemp>
            <ns3:cad>61</ns3:cad>
          </ns3:TrackPointExtension>
        </extensions>
      </trkpt>
      <trkpt lat="43.2554213516414165496826171875" lon="-109.68049482442438602447509765625">
        <ele>3606.60009765625</ele>
        <time>2017-09-04T14:32:49.000Z</time>
        <extensions>
          <ns3:TrackPointExtension>
            <ns3:atemp>22.0</ns3:atemp>
            <ns3:cad>61</ns3:cad>
          </ns3:TrackPointExtension>
        </extensions>
      </trkpt>
      <trkpt lat="43.25542244128882884979248046875" lon="-109.68046783469617366790771484375">
        <ele>3606.60009765625</ele>
        <time>2017-09-04T14:32:51.000Z</time>
        <extensions>
          <ns3:TrackPointExtension>
            <ns3:atemp>22.0</ns3:atemp>
            <ns3:cad>61</ns3:cad>
          </ns3:TrackPointExtension>
        </extensions>
      </trkpt>
      <trkpt lat="43.255423866212368011474609375" lon="-109.68041469343006610870361328125">
        <ele>3606.199951171875</ele>
        <time>2017-09-04T14:32:54.000Z</time>
        <extensions>
          <ns3:TrackPointExtension>
            <ns3:atemp>22.0</ns3:atemp>
            <ns3:cad>61</ns3:cad>
          </ns3:TrackPointExtension>
        </extensions>
      </trkpt>
      <trkpt lat="43.25547809712588787078857421875" lon="-109.68037295155227184295654296875">
        <ele>3605.199951171875</ele>
        <time>2017-09-04T14:33:02.000Z</time>
        <extensions>
          <ns3:TrackPointExtension>
            <ns3:atemp>22.0</ns3:atemp>
            <ns3:cad>0</ns3:cad>
          </ns3:TrackPointExtension>
        </extensions>
      </trkpt>
      <trkpt lat="43.25556392781436443328857421875" lon="-109.68031092546880245208740234375">
        <ele>3605.800048828125</ele>
        <time>2017-09-04T14:33:16.000Z</time>
        <extensions>
          <ns3:TrackPointExtension>
            <ns3:atemp>22.0</ns3:atemp>
            <ns3:cad>61</ns3:cad>
          </ns3:TrackPointExtension>
        </extensions>
      </trkpt>
      <trkpt lat="43.2556443102657794952392578125" lon="-109.68023858964443206787109375">
        <ele>3606.39990234375</ele>
        <time>2017-09-04T14:33:26.000Z</time>
        <extensions>
          <ns3:TrackPointExtension>
            <ns3:atemp>22.0</ns3:atemp>
            <ns3:cad>0</ns3:cad>
          </ns3:TrackPointExtension>
        </extensions>
      </trkpt>
      <trkpt lat="43.25564322061836719512939453125" lon="-109.680231548845767974853515625">
        <ele>3606.60009765625</ele>
        <time>2017-09-04T14:33:32.000Z</time>
        <extensions>
          <ns3:TrackPointExtension>
            <ns3:atemp>22.0</ns3:atemp>
            <ns3:cad>0</ns3:cad>
          </ns3:TrackPointExtension>
        </extensions>
      </trkpt>
      <trkpt lat="43.25576442293822765350341796875" lon="-109.68011897988617420196533203125">
        <ele>3607.199951171875</ele>
        <time>2017-09-04T14:33:58.000Z</time>
        <extensions>
          <ns3:TrackPointExtension>
            <ns3:atemp>22.0</ns3:atemp>
            <ns3:cad>61</ns3:cad>
          </ns3:TrackPointExtension>
        </extensions>
      </trkpt>
      <trkpt lat="43.25579074211418628692626953125" lon="-109.6801073290407657623291015625">
        <ele>3607.39990234375</ele>
        <time>2017-09-04T14:34:02.000Z</time>
        <extensions>
          <ns3:TrackPointExtension>
            <ns3:atemp>22.0</ns3:atemp>
            <ns3:cad>0</ns3:cad>
          </ns3:TrackPointExtension>
        </extensions>
      </trkpt>
      <trkpt lat="43.25583399273455142974853515625" lon="-109.68011981807649135589599609375">
        <ele>3608.39990234375</ele>
        <time>2017-09-04T14:34:14.000Z</time>
        <extensions>
          <ns3:TrackPointExtension>
            <ns3:atemp>22.0</ns3:atemp>
            <ns3:cad>0</ns3:cad>
          </ns3:TrackPointExtension>
        </extensions>
      </trkpt>
      <trkpt lat="43.25585142709314823150634765625" lon="-109.68012149445712566375732421875">
        <ele>3609.39990234375</ele>
        <time>2017-09-04T14:34:20.000Z</time>
        <extensions>
          <ns3:TrackPointExtension>
            <ns3:atemp>22.0</ns3:atemp>
            <ns3:cad>63</ns3:cad>
          </ns3:TrackPointExtension>
        </extensions>
      </trkpt>
      <trkpt lat="43.25585662387311458587646484375" lon="-109.6801465563476085662841796875">
        <ele>3610.39990234375</ele>
        <time>2017-09-04T14:34:27.000Z</time>
        <extensions>
          <ns3:TrackPointExtension>
            <ns3:atemp>22.0</ns3:atemp>
            <ns3:cad>61</ns3:cad>
          </ns3:TrackPointExtension>
        </extensions>
      </trkpt>
      <trkpt lat="43.25588763691484928131103515625" lon="-109.6802271902561187744140625">
        <ele>3611.60009765625</ele>
        <time>2017-09-04T14:34:42.000Z</time>
        <extensions>
          <ns3:TrackPointExtension>
            <ns3:atemp>22.0</ns3:atemp>
            <ns3:cad>61</ns3:cad>
          </ns3:TrackPointExtension>
        </extensions>
      </trkpt>
      <trkpt lat="43.25592904351651668548583984375" lon="-109.68027438037097454071044921875">
        <ele>3612.60009765625</ele>
        <time>2017-09-04T14:34:53.000Z</time>
        <extensions>
          <ns3:TrackPointExtension>
            <ns3:atemp>22.0</ns3:atemp>
            <ns3:cad>61</ns3:cad>
          </ns3:TrackPointExtension>
        </extensions>
      </trkpt>
      <trkpt lat="43.25594295747578144073486328125" lon="-109.680271446704864501953125">
        <ele>3613.60009765625</ele>
        <time>2017-09-04T14:34:59.000Z</time>
        <extensions>
          <ns3:TrackPointExtension>
            <ns3:atemp>22.0</ns3:atemp>
            <ns3:cad>0</ns3:cad>
          </ns3:TrackPointExtension>
        </extensions>
      </trkpt>
      <trkpt lat="43.25595796108245849609375" lon="-109.6803264319896697998046875">
        <ele>3614.800048828125</ele>
        <time>2017-09-04T14:35:09.000Z</time>
        <extensions>
          <ns3:TrackPointExtension>
            <ns3:atemp>22.0</ns3:atemp>
            <ns3:cad>0</ns3:cad>
          </ns3:TrackPointExtension>
        </extensions>
      </trkpt>
      <trkpt lat="43.25596257112920284271240234375" lon="-109.68032685108482837677001953125">
        <ele>3615.800048828125</ele>
        <time>2017-09-04T14:35:15.000Z</time>
        <extensions>
          <ns3:TrackPointExtension>
            <ns3:atemp>22.0</ns3:atemp>
            <ns3:cad>0</ns3:cad>
          </ns3:TrackPointExtension>
        </extensions>
      </trkpt>
      <trkpt lat="43.2560225017368793487548828125" lon="-109.6802699379622936248779296875">
        <ele>3617</ele>
        <time>2017-09-04T14:35:30.000Z</time>
        <extensions>
          <ns3:TrackPointExtension>
            <ns3:atemp>22.0</ns3:atemp>
            <ns3:cad>0</ns3:cad>
          </ns3:TrackPointExtension>
        </extensions>
      </trkpt>
      <trkpt lat="43.256041444838047027587890625" lon="-109.68025912530720233917236328125">
        <ele>3618</ele>
        <time>2017-09-04T14:35:36.000Z</time>
        <extensions>
          <ns3:TrackPointExtension>
            <ns3:atemp>22.0</ns3:atemp>
            <ns3:cad>0</ns3:cad>
          </ns3:TrackPointExtension>
        </extensions>
      </trkpt>
      <trkpt lat="43.25606566853821277618408203125" lon="-109.680217802524566650390625">
        <ele>3619.199951171875</ele>
        <time>2017-09-04T14:35:49.000Z</time>
        <extensions>
          <ns3:TrackPointExtension>
            <ns3:atemp>22.0</ns3:atemp>
            <ns3:cad>0</ns3:cad>
          </ns3:TrackPointExtension>
        </extensions>
      </trkpt>
      <trkpt lat="43.25606851838529109954833984375" lon="-109.68020682223141193389892578125">
        <ele>3620.39990234375</ele>
        <time>2017-09-04T14:35:54.000Z</time>
        <extensions>
          <ns3:TrackPointExtension>
            <ns3:atemp>21.0</ns3:atemp>
            <ns3:cad>0</ns3:cad>
          </ns3:TrackPointExtension>
        </extensions>
      </trkpt>
      <trkpt lat="43.25609274208545684814453125" lon="-109.68020296655595302581787109375">
        <ele>3621.60009765625</ele>
        <time>2017-09-04T14:36:10.000Z</time>
        <extensions>
          <ns3:TrackPointExtension>
            <ns3:atemp>21.0</ns3:atemp>
            <ns3:cad>61</ns3:cad>
          </ns3:TrackPointExtension>
        </extensions>
      </trkpt>
      <trkpt lat="43.256112523376941680908203125" lon="-109.6802459657192230224609375">
        <ele>3622.60009765625</ele>
        <time>2017-09-04T14:36:15.000Z</time>
        <extensions>
          <ns3:TrackPointExtension>
            <ns3:atemp>21.0</ns3:atemp>
            <ns3:cad>61</ns3:cad>
          </ns3:TrackPointExtension>
        </extensions>
      </trkpt>
      <trkpt lat="43.256137669086456298828125" lon="-109.6803048066794872283935546875">
        <ele>3623.60009765625</ele>
        <time>2017-09-04T14:36:24.000Z</time>
        <extensions>
          <ns3:TrackPointExtension>
            <ns3:atemp>21.0</ns3:atemp>
            <ns3:cad>0</ns3:cad>
          </ns3:TrackPointExtension>
        </extensions>
      </trkpt>
      <trkpt lat="43.2561535947024822235107421875" lon="-109.680317379534244537353515625">
        <ele>3624.800048828125</ele>
        <time>2017-09-04T14:36:32.000Z</time>
        <extensions>
          <ns3:TrackPointExtension>
            <ns3:atemp>21.0</ns3:atemp>
            <ns3:cad>0</ns3:cad>
          </ns3:TrackPointExtension>
        </extensions>
      </trkpt>
      <trkpt lat="43.25618502683937549591064453125" lon="-109.68032852746546268463134765625">
        <ele>3625.800048828125</ele>
        <time>2017-09-04T14:37:01.000Z</time>
        <extensions>
          <ns3:TrackPointExtension>
            <ns3:atemp>21.0</ns3:atemp>
            <ns3:cad>63</ns3:cad>
          </ns3:TrackPointExtension>
        </extensions>
      </trkpt>
      <trkpt lat="43.25620128773152828216552734375" lon="-109.680312015116214752197265625">
        <ele>3626.800048828125</ele>
        <time>2017-09-04T14:37:09.000Z</time>
        <extensions>
          <ns3:TrackPointExtension>
            <ns3:atemp>21.0</ns3:atemp>
            <ns3:cad>0</ns3:cad>
          </ns3:TrackPointExtension>
        </extensions>
      </trkpt>
      <trkpt lat="43.25621671043336391448974609375" lon="-109.68029852025210857391357421875">
        <ele>3627.800048828125</ele>
        <time>2017-09-04T14:37:17.000Z</time>
        <extensions>
          <ns3:TrackPointExtension>
            <ns3:atemp>21.0</ns3:atemp>
            <ns3:cad>0</ns3:cad>
          </ns3:TrackPointExtension>
        </extensions>
      </trkpt>
      <trkpt lat="43.2562364079058170318603515625" lon="-109.6802669204771518707275390625">
        <ele>3629</ele>
        <time>2017-09-04T14:37:28.000Z</time>
        <extensions>
          <ns3:TrackPointExtension>
            <ns3:atemp>21.0</ns3:atemp>
            <ns3:cad>61</ns3:cad>
          </ns3:TrackPointExtension>
        </extensions>
      </trkpt>
      <trkpt lat="43.256254680454730987548828125" lon="-109.68024236150085926055908203125">
        <ele>3630</ele>
        <time>2017-09-04T14:37:34.000Z</time>
        <extensions>
          <ns3:TrackPointExtension>
            <ns3:atemp>21.0</ns3:atemp>
            <ns3:cad>61</ns3:cad>
          </ns3:TrackPointExtension>
        </extensions>
      </trkpt>
      <trkpt lat="43.25629784725606441497802734375" lon="-109.68025359325110912322998046875">
        <ele>3631</ele>
        <time>2017-09-04T14:37:41.000Z</time>
        <extensions>
          <ns3:TrackPointExtension>
            <ns3:atemp>21.0</ns3:atemp>
            <ns3:cad>61</ns3:cad>
          </ns3:TrackPointExtension>
        </extensions>
      </trkpt>
      <trkpt lat="43.25633355416357517242431640625" lon="-109.6802605502307415008544921875">
        <ele>3632</ele>
        <time>2017-09-04T14:37:53.000Z</time>
        <extensions>
          <ns3:TrackPointExtension>
            <ns3:atemp>21.0</ns3:atemp>
            <ns3:cad>61</ns3:cad>
          </ns3:TrackPointExtension>
        </extensions>
      </trkpt>
      <trkpt lat="43.25635819695889949798583984375" lon="-109.68025795184075832366943359375">
        <ele>3633.199951171875</ele>
        <time>2017-09-04T14:37:58.000Z</time>
        <extensions>
          <ns3:TrackPointExtension>
            <ns3:atemp>21.0</ns3:atemp>
            <ns3:cad>61</ns3:cad>
          </ns3:TrackPointExtension>
        </extensions>
      </trkpt>
      <trkpt lat="43.2563708536326885223388671875" lon="-109.68024839647114276885986328125">
        <ele>3634.199951171875</ele>
        <time>2017-09-04T14:38:13.000Z</time>
        <extensions>
          <ns3:TrackPointExtension>
            <ns3:atemp>21.0</ns3:atemp>
            <ns3:cad>0</ns3:cad>
          </ns3:TrackPointExtension>
        </extensions>
      </trkpt>
      <trkpt lat="43.2563956640660762786865234375" lon="-109.68024185858666896820068359375">
        <ele>3635.39990234375</ele>
        <time>2017-09-04T14:38:19.000Z</time>
        <extensions>
          <ns3:TrackPointExtension>
            <ns3:atemp>21.0</ns3:atemp>
            <ns3:cad>0</ns3:cad>
          </ns3:TrackPointExtension>
        </extensions>
      </trkpt>
      <trkpt lat="43.25642508454620838165283203125" lon="-109.68021151609718799591064453125">
        <ele>3636.800048828125</ele>
        <time>2017-09-04T14:38:25.000Z</time>
        <extensions>
          <ns3:TrackPointExtension>
            <ns3:atemp>21.0</ns3:atemp>
            <ns3:cad>0</ns3:cad>
          </ns3:TrackPointExtension>
        </extensions>
      </trkpt>
      <trkpt lat="43.25647051446139812469482421875" lon="-109.6801737137138843536376953125">
        <ele>3637.800048828125</ele>
        <time>2017-09-04T14:38:36.000Z</time>
        <extensions>
          <ns3:TrackPointExtension>
            <ns3:atemp>21.0</ns3:atemp>
            <ns3:cad>0</ns3:cad>
          </ns3:TrackPointExtension>
        </extensions>
      </trkpt>
      <trkpt lat="43.25648493133485317230224609375" lon="-109.6801603026688098907470703125">
        <ele>3638.800048828125</ele>
        <time>2017-09-04T14:38:39.000Z</time>
        <extensions>
          <ns3:TrackPointExtension>
            <ns3:atemp>21.0</ns3:atemp>
            <ns3:cad>0</ns3:cad>
          </ns3:TrackPointExtension>
        </extensions>
      </trkpt>
      <trkpt lat="43.2564965821802616119384765625" lon="-109.68016491271555423736572265625">
        <ele>3640</ele>
        <time>2017-09-04T14:38:43.000Z</time>
        <extensions>
          <ns3:TrackPointExtension>
            <ns3:atemp>21.0</ns3:atemp>
            <ns3:cad>61</ns3:cad>
          </ns3:TrackPointExtension>
        </extensions>
      </trkpt>
      <trkpt lat="43.25650454498827457427978515625" lon="-109.68015552498400211334228515625">
        <ele>3641.39990234375</ele>
        <time>2017-09-04T14:38:58.000Z</time>
        <extensions>
          <ns3:TrackPointExtension>
            <ns3:atemp>21.0</ns3:atemp>
            <ns3:cad>0</ns3:cad>
          </ns3:TrackPointExtension>
        </extensions>
      </trkpt>
      <trkpt lat="43.25651544146239757537841796875" lon="-109.6801485680043697357177734375">
        <ele>3642.39990234375</ele>
        <time>2017-09-04T14:39:02.000Z</time>
        <extensions>
          <ns3:TrackPointExtension>
            <ns3:atemp>21.0</ns3:atemp>
            <ns3:cad>0</ns3:cad>
          </ns3:TrackPointExtension>
        </extensions>
      </trkpt>
      <trkpt lat="43.25653488747775554656982421875" lon="-109.68012459576129913330078125">
        <ele>3643.60009765625</ele>
        <time>2017-09-04T14:39:16.000Z</time>
        <extensions>
          <ns3:TrackPointExtension>
            <ns3:atemp>21.0</ns3:atemp>
            <ns3:cad>0</ns3:cad>
          </ns3:TrackPointExtension>
        </extensions>
      </trkpt>
      <trkpt lat="43.25656036846339702606201171875" lon="-109.68016591854393482208251953125">
        <ele>3644.800048828125</ele>
        <time>2017-09-04T14:39:28.000Z</time>
        <extensions>
          <ns3:TrackPointExtension>
            <ns3:atemp>21.0</ns3:atemp>
            <ns3:cad>0</ns3:cad>
          </ns3:TrackPointExtension>
        </extensions>
      </trkpt>
      <trkpt lat="43.25659356079995632171630859375" lon="-109.68020380474627017974853515625">
        <ele>3645.800048828125</ele>
        <time>2017-09-04T14:39:33.000Z</time>
        <extensions>
          <ns3:TrackPointExtension>
            <ns3:atemp>21.0</ns3:atemp>
            <ns3:cad>0</ns3:cad>
          </ns3:TrackPointExtension>
        </extensions>
      </trkpt>
      <trkpt lat="43.25661887414753437042236328125" lon="-109.68023431487381458282470703125">
        <ele>3647</ele>
        <time>2017-09-04T14:39:39.000Z</time>
        <extensions>
          <ns3:TrackPointExtension>
            <ns3:atemp>21.0</ns3:atemp>
            <ns3:cad>61</ns3:cad>
          </ns3:TrackPointExtension>
        </extensions>
      </trkpt>
      <trkpt lat="43.256656341254711151123046875" lon="-109.68017430044710636138916015625">
        <ele>3648.199951171875</ele>
        <time>2017-09-04T14:39:47.000Z</time>
        <extensions>
          <ns3:TrackPointExtension>
            <ns3:atemp>21.0</ns3:atemp>
            <ns3:cad>0</ns3:cad>
          </ns3:TrackPointExtension>
        </extensions>
      </trkpt>
      <trkpt lat="43.25666698627173900604248046875" lon="-109.6801720373332500457763671875">
        <ele>3649.199951171875</ele>
        <time>2017-09-04T14:39:54.000Z</time>
        <extensions>
          <ns3:TrackPointExtension>
            <ns3:atemp>21.0</ns3:atemp>
            <ns3:cad>0</ns3:cad>
          </ns3:TrackPointExtension>
        </extensions>
      </trkpt>
      <trkpt lat="43.2567185349762439727783203125" lon="-109.68016323633491992950439453125">
        <ele>3650.199951171875</ele>
        <time>2017-09-04T14:40:03.000Z</time>
        <extensions>
          <ns3:TrackPointExtension>
            <ns3:atemp>21.0</ns3:atemp>
            <ns3:cad>61</ns3:cad>
          </ns3:TrackPointExtension>
        </extensions>
      </trkpt>
      <trkpt lat="43.25672297738492488861083984375" lon="-109.680203385651111602783203125">
        <ele>3651.39990234375</ele>
        <time>2017-09-04T14:40:11.000Z</time>
        <extensions>
          <ns3:TrackPointExtension>
            <ns3:atemp>21.0</ns3:atemp>
            <ns3:cad>0</ns3:cad>
          </ns3:TrackPointExtension>
        </extensions>
      </trkpt>
      <trkpt lat="43.25675792992115020751953125" lon="-109.68019877560436725616455078125">
        <ele>3652.39990234375</ele>
        <time>2017-09-04T14:40:22.000Z</time>
        <extensions>
          <ns3:TrackPointExtension>
            <ns3:atemp>21.0</ns3:atemp>
            <ns3:cad>0</ns3:cad>
          </ns3:TrackPointExtension>
        </extensions>
      </trkpt>
      <trkpt lat="43.2567862607538700103759765625" lon="-109.68017765320837497711181640625">
        <ele>3653.60009765625</ele>
        <time>2017-09-04T14:40:30.000Z</time>
        <extensions>
          <ns3:TrackPointExtension>
            <ns3:atemp>21.0</ns3:atemp>
            <ns3:cad>0</ns3:cad>
          </ns3:TrackPointExtension>
        </extensions>
      </trkpt>
      <trkpt lat="43.25682473368942737579345703125" lon="-109.68017027713358402252197265625">
        <ele>3654.800048828125</ele>
        <time>2017-09-04T14:40:41.000Z</time>
        <extensions>
          <ns3:TrackPointExtension>
            <ns3:atemp>21.0</ns3:atemp>
            <ns3:cad>0</ns3:cad>
          </ns3:TrackPointExtension>
        </extensions>
      </trkpt>
      <trkpt lat="43.25685960240662097930908203125" lon="-109.680198021233081817626953125">
        <ele>3656</ele>
        <time>2017-09-04T14:40:47.000Z</time>
        <extensions>
          <ns3:TrackPointExtension>
            <ns3:atemp>21.0</ns3:atemp>
            <ns3:cad>61</ns3:cad>
          </ns3:TrackPointExtension>
        </extensions>
      </trkpt>
      <trkpt lat="43.25690838508307933807373046875" lon="-109.68019374646246433258056640625">
        <ele>3657</ele>
        <time>2017-09-04T14:40:56.000Z</time>
        <extensions>
          <ns3:TrackPointExtension>
            <ns3:atemp>21.0</ns3:atemp>
            <ns3:cad>61</ns3:cad>
          </ns3:TrackPointExtension>
        </extensions>
      </trkpt>
      <trkpt lat="43.25694845058023929595947265625" lon="-109.6801720373332500457763671875">
        <ele>3658.199951171875</ele>
        <time>2017-09-04T14:41:03.000Z</time>
        <extensions>
          <ns3:TrackPointExtension>
            <ns3:atemp>21.0</ns3:atemp>
            <ns3:cad>61</ns3:cad>
          </ns3:TrackPointExtension>
        </extensions>
      </trkpt>
      <trkpt lat="43.2569921202957630157470703125" lon="-109.6801505796611309051513671875">
        <ele>3659.199951171875</ele>
        <time>2017-09-04T14:41:14.000Z</time>
        <extensions>
          <ns3:TrackPointExtension>
            <ns3:atemp>21.0</ns3:atemp>
            <ns3:cad>0</ns3:cad>
          </ns3:TrackPointExtension>
        </extensions>
      </trkpt>
      <trkpt lat="43.2570402324199676513671875" lon="-109.68014043755829334259033203125">
        <ele>3660.39990234375</ele>
        <time>2017-09-04T14:41:24.000Z</time>
        <extensions>
          <ns3:TrackPointExtension>
            <ns3:atemp>20.0</ns3:atemp>
            <ns3:cad>0</ns3:cad>
          </ns3:TrackPointExtension>
        </extensions>
      </trkpt>
      <trkpt lat="43.25708893127739429473876953125" lon="-109.680163823068141937255859375">
        <ele>3661.39990234375</ele>
        <time>2017-09-04T14:41:48.000Z</time>
        <extensions>
          <ns3:TrackPointExtension>
            <ns3:atemp>20.0</ns3:atemp>
            <ns3:cad>0</ns3:cad>
          </ns3:TrackPointExtension>
        </extensions>
      </trkpt>
      <trkpt lat="43.25713251717388629913330078125" lon="-109.68016055412590503692626953125">
        <ele>3662.60009765625</ele>
        <time>2017-09-04T14:41:58.000Z</time>
        <extensions>
          <ns3:TrackPointExtension>
            <ns3:atemp>20.0</ns3:atemp>
            <ns3:cad>0</ns3:cad>
          </ns3:TrackPointExtension>
        </extensions>
      </trkpt>
      <trkpt lat="43.25715514831244945526123046875" lon="-109.6801681816577911376953125">
        <ele>3663.60009765625</ele>
        <time>2017-09-04T14:42:08.000Z</time>
        <extensions>
          <ns3:TrackPointExtension>
            <ns3:atemp>20.0</ns3:atemp>
            <ns3:cad>0</ns3:cad>
          </ns3:TrackPointExtension>
        </extensions>
      </trkpt>
      <trkpt lat="43.2571756839752197265625" lon="-109.6801690198481082916259765625">
        <ele>3664.800048828125</ele>
        <time>2017-09-04T14:42:16.000Z</time>
        <extensions>
          <ns3:TrackPointExtension>
            <ns3:atemp>20.0</ns3:atemp>
            <ns3:cad>0</ns3:cad>
          </ns3:TrackPointExtension>
        </extensions>
      </trkpt>
      <trkpt lat="43.25718398205935955047607421875" lon="-109.6801609732210636138916015625">
        <ele>3665.800048828125</ele>
        <time>2017-09-04T14:42:22.000Z</time>
        <extensions>
          <ns3:TrackPointExtension>
            <ns3:atemp>20.0</ns3:atemp>
            <ns3:cad>0</ns3:cad>
          </ns3:TrackPointExtension>
        </extensions>
      </trkpt>
      <trkpt lat="43.25722538866102695465087890625" lon="-109.68017731793224811553955078125">
        <ele>3666.800048828125</ele>
        <time>2017-09-04T14:42:34.000Z</time>
        <extensions>
          <ns3:TrackPointExtension>
            <ns3:atemp>20.0</ns3:atemp>
            <ns3:cad>61</ns3:cad>
          </ns3:TrackPointExtension>
        </extensions>
      </trkpt>
      <trkpt lat="43.257263191044330596923828125" lon="-109.68018486164510250091552734375">
        <ele>3667.800048828125</ele>
        <time>2017-09-04T14:42:44.000Z</time>
        <extensions>
          <ns3:TrackPointExtension>
            <ns3:atemp>20.0</ns3:atemp>
            <ns3:cad>0</ns3:cad>
          </ns3:TrackPointExtension>
        </extensions>
      </trkpt>
      <trkpt lat="43.25727785937488079071044921875" lon="-109.68016675673425197601318359375">
        <ele>3669</ele>
        <time>2017-09-04T14:42:50.000Z</time>
        <extensions>
          <ns3:TrackPointExtension>
            <ns3:atemp>20.0</ns3:atemp>
            <ns3:cad>0</ns3:cad>
          </ns3:TrackPointExtension>
        </extensions>
      </trkpt>
      <trkpt lat="43.2572817988693714141845703125" lon="-109.68015803955495357513427734375">
        <ele>3669.39990234375</ele>
        <time>2017-09-04T14:42:52.000Z</time>
        <extensions>
          <ns3:TrackPointExtension>
            <ns3:atemp>20.0</ns3:atemp>
            <ns3:cad>0</ns3:cad>
          </ns3:TrackPointExtension>
        </extensions>
      </trkpt>
      <trkpt lat="43.25730518437922000885009765625" lon="-109.68016021884977817535400390625">
        <ele>3670</ele>
        <time>2017-09-04T14:42:58.000Z</time>
        <extensions>
          <ns3:TrackPointExtension>
            <ns3:atemp>20.0</ns3:atemp>
            <ns3:cad>0</ns3:cad>
          </ns3:TrackPointExtension>
        </extensions>
      </trkpt>
      <trkpt lat="43.25733535923063755035400390625" lon="-109.6801995299756526947021484375">
        <ele>3671</ele>
        <time>2017-09-04T14:43:08.000Z</time>
        <extensions>
          <ns3:TrackPointExtension>
            <ns3:atemp>20.0</ns3:atemp>
            <ns3:cad>0</ns3:cad>
          </ns3:TrackPointExtension>
        </extensions>
      </trkpt>
      <trkpt lat="43.2573508657515048980712890625" lon="-109.6802156232297420501708984375">
        <ele>3672.199951171875</ele>
        <time>2017-09-04T14:43:16.000Z</time>
        <extensions>
          <ns3:TrackPointExtension>
            <ns3:atemp>20.0</ns3:atemp>
            <ns3:cad>61</ns3:cad>
          </ns3:TrackPointExtension>
        </extensions>
      </trkpt>
      <trkpt lat="43.2573942840099334716796875" lon="-109.6801894716918468475341796875">
        <ele>3673.199951171875</ele>
        <time>2017-09-04T14:43:25.000Z</time>
        <extensions>
          <ns3:TrackPointExtension>
            <ns3:atemp>20.0</ns3:atemp>
            <ns3:cad>40</ns3:cad>
          </ns3:TrackPointExtension>
        </extensions>
      </trkpt>
      <trkpt lat="43.25741448439657688140869140625" lon="-109.68019357882440090179443359375">
        <ele>3674.39990234375</ele>
        <time>2017-09-04T14:43:30.000Z</time>
        <extensions>
          <ns3:TrackPointExtension>
            <ns3:atemp>20.0</ns3:atemp>
            <ns3:cad>0</ns3:cad>
          </ns3:TrackPointExtension>
        </extensions>
      </trkpt>
      <trkpt lat="43.25745086185634136199951171875" lon="-109.68021587468683719635009765625">
        <ele>3675.39990234375</ele>
        <time>2017-09-04T14:43:39.000Z</time>
        <extensions>
          <ns3:TrackPointExtension>
            <ns3:atemp>20.0</ns3:atemp>
            <ns3:cad>0</ns3:cad>
          </ns3:TrackPointExtension>
        </extensions>
      </trkpt>
      <trkpt lat="43.25748455710709095001220703125" lon="-109.6802245080471038818359375">
        <ele>3676.39990234375</ele>
        <time>2017-09-04T14:43:46.000Z</time>
        <extensions>
          <ns3:TrackPointExtension>
            <ns3:atemp>20.0</ns3:atemp>
            <ns3:cad>0</ns3:cad>
          </ns3:TrackPointExtension>
        </extensions>
      </trkpt>
      <trkpt lat="43.2575117982923984527587890625" lon="-109.68022878281772136688232421875">
        <ele>3677.60009765625</ele>
        <time>2017-09-04T14:43:55.000Z</time>
        <extensions>
          <ns3:TrackPointExtension>
            <ns3:atemp>20.0</ns3:atemp>
            <ns3:cad>0</ns3:cad>
          </ns3:TrackPointExtension>
        </extensions>
      </trkpt>
      <trkpt lat="43.257537446916103363037109375" lon="-109.68021176755428314208984375">
        <ele>3678</ele>
        <time>2017-09-04T14:43:58.000Z</time>
        <extensions>
          <ns3:TrackPointExtension>
            <ns3:atemp>20.0</ns3:atemp>
            <ns3:cad>0</ns3:cad>
          </ns3:TrackPointExtension>
        </extensions>
      </trkpt>
      <trkpt lat="43.25760944746434688568115234375" lon="-109.6801914833486080169677734375">
        <ele>3678.60009765625</ele>
        <time>2017-09-04T14:44:23.000Z</time>
        <extensions>
          <ns3:TrackPointExtension>
            <ns3:atemp>20.0</ns3:atemp>
            <ns3:cad>0</ns3:cad>
          </ns3:TrackPointExtension>
        </extensions>
      </trkpt>
      <trkpt lat="43.257668204605579376220703125" lon="-109.68014781363308429718017578125">
        <ele>3678.199951171875</ele>
        <time>2017-09-04T14:45:50.000Z</time>
        <extensions>
          <ns3:TrackPointExtension>
            <ns3:atemp>20.0</ns3:atemp>
            <ns3:cad>0</ns3:cad>
          </ns3:TrackPointExtension>
        </extensions>
      </trkpt>
      <trkpt lat="43.25777155347168445587158203125" lon="-109.68004622496664524078369140625">
        <ele>3677.60009765625</ele>
        <time>2017-09-04T14:46:53.000Z</time>
        <extensions>
          <ns3:TrackPointExtension>
            <ns3:atemp>21.0</ns3:atemp>
            <ns3:cad>61</ns3:cad>
          </ns3:TrackPointExtension>
        </extensions>
      </trkpt>
      <trkpt lat="43.25783089734613895416259765625" lon="-109.68000029213726520538330078125">
        <ele>3676.60009765625</ele>
        <time>2017-09-04T14:47:00.000Z</time>
        <extensions>
          <ns3:TrackPointExtension>
            <ns3:atemp>21.0</ns3:atemp>
            <ns3:cad>61</ns3:cad>
          </ns3:TrackPointExtension>
        </extensions>
      </trkpt>
      <trkpt lat="43.25784397311508655548095703125" lon="-109.67999258078634738922119140625">
        <ele>3676.199951171875</ele>
        <time>2017-09-04T14:47:02.000Z</time>
        <extensions>
          <ns3:TrackPointExtension>
            <ns3:atemp>21.0</ns3:atemp>
            <ns3:cad>61</ns3:cad>
          </ns3:TrackPointExtension>
        </extensions>
      </trkpt>
      <trkpt lat="43.25786844827234745025634765625" lon="-109.67998486943542957305908203125">
        <ele>3675.39990234375</ele>
        <time>2017-09-04T14:47:12.000Z</time>
        <extensions>
          <ns3:TrackPointExtension>
            <ns3:atemp>21.0</ns3:atemp>
            <ns3:cad>0</ns3:cad>
          </ns3:TrackPointExtension>
        </extensions>
      </trkpt>
      <trkpt lat="43.257914967834949493408203125" lon="-109.6799313090741634368896484375">
        <ele>3674.39990234375</ele>
        <time>2017-09-04T14:47:34.000Z</time>
        <extensions>
          <ns3:TrackPointExtension>
            <ns3:atemp>21.0</ns3:atemp>
            <ns3:cad>61</ns3:cad>
          </ns3:TrackPointExtension>
        </extensions>
      </trkpt>
      <trkpt lat="43.257923685014247894287109375" lon="-109.6799147129058837890625">
        <ele>3674.199951171875</ele>
        <time>2017-09-04T14:47:36.000Z</time>
        <extensions>
          <ns3:TrackPointExtension>
            <ns3:atemp>21.0</ns3:atemp>
            <ns3:cad>0</ns3:cad>
          </ns3:TrackPointExtension>
        </extensions>
      </trkpt>
      <trkpt lat="43.25793139636516571044921875" lon="-109.67990222387015819549560546875">
        <ele>3674</ele>
        <time>2017-09-04T14:47:38.000Z</time>
        <extensions>
          <ns3:TrackPointExtension>
            <ns3:atemp>21.0</ns3:atemp>
            <ns3:cad>0</ns3:cad>
          </ns3:TrackPointExtension>
        </extensions>
      </trkpt>
      <trkpt lat="43.2579587213695049285888671875" lon="-109.67987154610455036163330078125">
        <ele>3673.39990234375</ele>
        <time>2017-09-04T14:47:42.000Z</time>
        <extensions>
          <ns3:TrackPointExtension>
            <ns3:atemp>21.0</ns3:atemp>
            <ns3:cad>61</ns3:cad>
          </ns3:TrackPointExtension>
        </extensions>
      </trkpt>
      <trkpt lat="43.257980011403560638427734375" lon="-109.67985511757433414459228515625">
        <ele>3673.199951171875</ele>
        <time>2017-09-04T14:47:44.000Z</time>
        <extensions>
          <ns3:TrackPointExtension>
            <ns3:atemp>21.0</ns3:atemp>
            <ns3:cad>61</ns3:cad>
          </ns3:TrackPointExtension>
        </extensions>
      </trkpt>
      <trkpt lat="43.2580515928566455841064453125" lon="-109.6797998808324337005615234375">
        <ele>3672.199951171875</ele>
        <time>2017-09-04T14:47:51.000Z</time>
        <extensions>
          <ns3:TrackPointExtension>
            <ns3:atemp>21.0</ns3:atemp>
            <ns3:cad>61</ns3:cad>
          </ns3:TrackPointExtension>
        </extensions>
      </trkpt>
      <trkpt lat="43.25814387761056423187255859375" lon="-109.67972871847450733184814453125">
        <ele>3671.199951171875</ele>
        <time>2017-09-04T14:48:02.000Z</time>
        <extensions>
          <ns3:TrackPointExtension>
            <ns3:atemp>21.0</ns3:atemp>
            <ns3:cad>46</ns3:cad>
          </ns3:TrackPointExtension>
        </extensions>
      </trkpt>
      <trkpt lat="43.258225433528423309326171875" lon="-109.67969418503344058990478515625">
        <ele>3670.199951171875</ele>
        <time>2017-09-04T14:48:10.000Z</time>
        <extensions>
          <ns3:TrackPointExtension>
            <ns3:atemp>21.0</ns3:atemp>
            <ns3:cad>46</ns3:cad>
          </ns3:TrackPointExtension>
        </extensions>
      </trkpt>
      <trkpt lat="43.25830330140888690948486328125" lon="-109.679654203355312347412109375">
        <ele>3669</ele>
        <time>2017-09-04T14:48:21.000Z</time>
        <extensions>
          <ns3:TrackPointExtension>
            <ns3:atemp>21.0</ns3:atemp>
            <ns3:cad>62</ns3:cad>
          </ns3:TrackPointExtension>
        </extensions>
      </trkpt>
      <trkpt lat="43.25836985372006893157958984375" lon="-109.67963098548352718353271484375">
        <ele>3668.199951171875</ele>
        <time>2017-09-04T14:48:29.000Z</time>
        <extensions>
          <ns3:TrackPointExtension>
            <ns3:atemp>21.0</ns3:atemp>
            <ns3:cad>62</ns3:cad>
          </ns3:TrackPointExtension>
        </extensions>
      </trkpt>
      <trkpt lat="43.25837639160454273223876953125" lon="-109.6796201728284358978271484375">
        <ele>3668.199951171875</ele>
        <time>2017-09-04T14:48:31.000Z</time>
        <extensions>
          <ns3:TrackPointExtension>
            <ns3:atemp>21.0</ns3:atemp>
            <ns3:cad>62</ns3:cad>
          </ns3:TrackPointExtension>
        </extensions>
      </trkpt>
      <trkpt lat="43.25838980264961719512939453125" lon="-109.67960416339337825775146484375">
        <ele>3668</ele>
        <time>2017-09-04T14:48:33.000Z</time>
        <extensions>
          <ns3:TrackPointExtension>
            <ns3:atemp>21.0</ns3:atemp>
            <ns3:cad>62</ns3:cad>
          </ns3:TrackPointExtension>
        </extensions>
      </trkpt>
      <trkpt lat="43.25842115096747875213623046875" lon="-109.679563343524932861328125">
        <ele>3667.199951171875</ele>
        <time>2017-09-04T14:48:38.000Z</time>
        <extensions>
          <ns3:TrackPointExtension>
            <ns3:atemp>21.0</ns3:atemp>
            <ns3:cad>61</ns3:cad>
          </ns3:TrackPointExtension>
        </extensions>
      </trkpt>
      <trkpt lat="43.25843120925128459930419921875" lon="-109.6795417182147502899169921875">
        <ele>3666.800048828125</ele>
        <time>2017-09-04T14:48:41.000Z</time>
        <extensions>
          <ns3:TrackPointExtension>
            <ns3:atemp>21.0</ns3:atemp>
            <ns3:cad>61</ns3:cad>
          </ns3:TrackPointExtension>
        </extensions>
      </trkpt>
      <trkpt lat="43.25846859253942966461181640625" lon="-109.679487235844135284423828125">
        <ele>3666.39990234375</ele>
        <time>2017-09-04T14:48:46.000Z</time>
        <extensions>
          <ns3:TrackPointExtension>
            <ns3:atemp>20.0</ns3:atemp>
            <ns3:cad>61</ns3:cad>
          </ns3:TrackPointExtension>
        </extensions>
      </trkpt>
      <trkpt lat="43.25848904438316822052001953125" lon="-109.67945597134530544281005859375">
        <ele>3665.800048828125</ele>
        <time>2017-09-04T14:48:49.000Z</time>
        <extensions>
          <ns3:TrackPointExtension>
            <ns3:atemp>20.0</ns3:atemp>
            <ns3:cad>72</ns3:cad>
          </ns3:TrackPointExtension>
        </extensions>
      </trkpt>
      <trkpt lat="43.25850731693208217620849609375" lon="-109.67943803407251834869384765625">
        <ele>3665.39990234375</ele>
        <time>2017-09-04T14:48:51.000Z</time>
        <extensions>
          <ns3:TrackPointExtension>
            <ns3:atemp>20.0</ns3:atemp>
            <ns3:cad>72</ns3:cad>
          </ns3:TrackPointExtension>
        </extensions>
      </trkpt>
      <trkpt lat="43.25859666801989078521728515625" lon="-109.679272659122943878173828125">
        <ele>3665</ele>
        <time>2017-09-04T14:49:08.000Z</time>
        <extensions>
          <ns3:TrackPointExtension>
            <ns3:atemp>20.0</ns3:atemp>
            <ns3:cad>0</ns3:cad>
          </ns3:TrackPointExtension>
        </extensions>
      </trkpt>
      <trkpt lat="43.25860722921788692474365234375" lon="-109.679237119853496551513671875">
        <ele>3665</ele>
        <time>2017-09-04T14:49:12.000Z</time>
        <extensions>
          <ns3:TrackPointExtension>
            <ns3:atemp>20.0</ns3:atemp>
            <ns3:cad>0</ns3:cad>
          </ns3:TrackPointExtension>
        </extensions>
      </trkpt>
      <trkpt lat="43.25862633995711803436279296875" lon="-109.67921289615333080291748046875">
        <ele>3664.800048828125</ele>
        <time>2017-09-04T14:49:15.000Z</time>
        <extensions>
          <ns3:TrackPointExtension>
            <ns3:atemp>20.0</ns3:atemp>
            <ns3:cad>0</ns3:cad>
          </ns3:TrackPointExtension>
        </extensions>
      </trkpt>
      <trkpt lat="43.25869758613407611846923828125" lon="-109.6790954656898975372314453125">
        <ele>3665.199951171875</ele>
        <time>2017-09-04T14:49:30.000Z</time>
        <extensions>
          <ns3:TrackPointExtension>
            <ns3:atemp>20.0</ns3:atemp>
            <ns3:cad>0</ns3:cad>
          </ns3:TrackPointExtension>
        </extensions>
      </trkpt>
      <trkpt lat="43.25872675515711307525634765625" lon="-109.679060094058513641357421875">
        <ele>3665.39990234375</ele>
        <time>2017-09-04T14:49:35.000Z</time>
        <extensions>
          <ns3:TrackPointExtension>
            <ns3:atemp>20.0</ns3:atemp>
            <ns3:cad>45</ns3:cad>
          </ns3:TrackPointExtension>
        </extensions>
      </trkpt>
      <trkpt lat="43.25875483453273773193359375" lon="-109.6790072880685329437255859375">
        <ele>3665.800048828125</ele>
        <time>2017-09-04T14:49:40.000Z</time>
        <extensions>
          <ns3:TrackPointExtension>
            <ns3:atemp>20.0</ns3:atemp>
            <ns3:cad>0</ns3:cad>
          </ns3:TrackPointExtension>
        </extensions>
      </trkpt>
      <trkpt lat="43.25889372266829013824462890625" lon="-109.67883755452930927276611328125">
        <ele>3666.199951171875</ele>
        <time>2017-09-04T14:49:58.000Z</time>
        <extensions>
          <ns3:TrackPointExtension>
            <ns3:atemp>20.0</ns3:atemp>
            <ns3:cad>51</ns3:cad>
          </ns3:TrackPointExtension>
        </extensions>
      </trkpt>
      <trkpt lat="43.25905934907495975494384765625" lon="-109.67871869914233684539794921875">
        <ele>3665.199951171875</ele>
        <time>2017-09-04T14:50:15.000Z</time>
        <extensions>
          <ns3:TrackPointExtension>
            <ns3:atemp>20.0</ns3:atemp>
            <ns3:cad>61</ns3:cad>
          </ns3:TrackPointExtension>
        </extensions>
      </trkpt>
      <trkpt lat="43.25915439985692501068115234375" lon="-109.67863739468157291412353515625">
        <ele>3665.60009765625</ele>
        <time>2017-09-04T14:50:28.000Z</time>
        <extensions>
          <ns3:TrackPointExtension>
            <ns3:atemp>20.0</ns3:atemp>
            <ns3:cad>63</ns3:cad>
          </ns3:TrackPointExtension>
        </extensions>
      </trkpt>
      <trkpt lat="43.25916714034974575042724609375" lon="-109.678627587854862213134765625">
        <ele>3665.60009765625</ele>
        <time>2017-09-04T14:50:30.000Z</time>
        <extensions>
          <ns3:TrackPointExtension>
            <ns3:atemp>20.0</ns3:atemp>
            <ns3:cad>0</ns3:cad>
          </ns3:TrackPointExtension>
        </extensions>
      </trkpt>
      <trkpt lat="43.25929136015474796295166015625" lon="-109.67852440662682056427001953125">
        <ele>3666.800048828125</ele>
        <time>2017-09-04T14:50:49.000Z</time>
        <extensions>
          <ns3:TrackPointExtension>
            <ns3:atemp>20.0</ns3:atemp>
            <ns3:cad>61</ns3:cad>
          </ns3:TrackPointExtension>
        </extensions>
      </trkpt>
      <trkpt lat="43.25936059467494487762451171875" lon="-109.6784762106835842132568359375">
        <ele>3667.800048828125</ele>
        <time>2017-09-04T14:51:00.000Z</time>
        <extensions>
          <ns3:TrackPointExtension>
            <ns3:atemp>20.0</ns3:atemp>
            <ns3:cad>40</ns3:cad>
          </ns3:TrackPointExtension>
        </extensions>
      </trkpt>
      <trkpt lat="43.25945044867694377899169921875" lon="-109.678420387208461761474609375">
        <ele>3669</ele>
        <time>2017-09-04T14:51:13.000Z</time>
        <extensions>
          <ns3:TrackPointExtension>
            <ns3:atemp>20.0</ns3:atemp>
            <ns3:cad>0</ns3:cad>
          </ns3:TrackPointExtension>
        </extensions>
      </trkpt>
      <trkpt lat="43.25952856801450252532958984375" lon="-109.67839096672832965850830078125">
        <ele>3670</ele>
        <time>2017-09-04T14:51:27.000Z</time>
        <extensions>
          <ns3:TrackPointExtension>
            <ns3:atemp>20.0</ns3:atemp>
            <ns3:cad>0</ns3:cad>
          </ns3:TrackPointExtension>
        </extensions>
      </trkpt>
      <trkpt lat="43.25955606065690517425537109375" lon="-109.67838409356772899627685546875">
        <ele>3671</ele>
        <time>2017-09-04T14:51:33.000Z</time>
        <extensions>
          <ns3:TrackPointExtension>
            <ns3:atemp>20.0</ns3:atemp>
            <ns3:cad>63</ns3:cad>
          </ns3:TrackPointExtension>
        </extensions>
      </trkpt>
      <trkpt lat="43.2596287317574024200439453125" lon="-109.67834629118442535400390625">
        <ele>3672</ele>
        <time>2017-09-04T14:51:44.000Z</time>
        <extensions>
          <ns3:TrackPointExtension>
            <ns3:atemp>20.0</ns3:atemp>
            <ns3:cad>0</ns3:cad>
          </ns3:TrackPointExtension>
        </extensions>
      </trkpt>
      <trkpt lat="43.259692601859569549560546875" lon="-109.67831620015203952789306640625">
        <ele>3673.199951171875</ele>
        <time>2017-09-04T14:51:56.000Z</time>
        <extensions>
          <ns3:TrackPointExtension>
            <ns3:atemp>20.0</ns3:atemp>
            <ns3:cad>63</ns3:cad>
          </ns3:TrackPointExtension>
        </extensions>
      </trkpt>
      <trkpt lat="43.25976778753101825714111328125" lon="-109.67826305888593196868896484375">
        <ele>3674.199951171875</ele>
        <time>2017-09-04T14:52:06.000Z</time>
        <extensions>
          <ns3:TrackPointExtension>
            <ns3:atemp>20.0</ns3:atemp>
            <ns3:cad>61</ns3:cad>
          </ns3:TrackPointExtension>
        </extensions>
      </trkpt>
      <trkpt lat="43.25983501039445400238037109375" lon="-109.678205139935016632080078125">
        <ele>3675.199951171875</ele>
        <time>2017-09-04T14:52:19.000Z</time>
        <extensions>
          <ns3:TrackPointExtension>
            <ns3:atemp>20.0</ns3:atemp>
            <ns3:cad>61</ns3:cad>
          </ns3:TrackPointExtension>
        </extensions>
      </trkpt>
      <trkpt lat="43.25987759046256542205810546875" lon="-109.6781875379383563995361328125">
        <ele>3676.199951171875</ele>
        <time>2017-09-04T14:52:29.000Z</time>
        <extensions>
          <ns3:TrackPointExtension>
            <ns3:atemp>20.0</ns3:atemp>
            <ns3:cad>0</ns3:cad>
          </ns3:TrackPointExtension>
        </extensions>
      </trkpt>
      <trkpt lat="43.2599381916224956512451171875" lon="-109.678128026425838470458984375">
        <ele>3677.39990234375</ele>
        <time>2017-09-04T14:52:44.000Z</time>
        <extensions>
          <ns3:TrackPointExtension>
            <ns3:atemp>20.0</ns3:atemp>
            <ns3:cad>0</ns3:cad>
          </ns3:TrackPointExtension>
        </extensions>
      </trkpt>
      <trkpt lat="43.26008713804185390472412109375" lon="-109.6779981069266796112060546875">
        <ele>3678</ele>
        <time>2017-09-04T14:53:10.000Z</time>
        <extensions>
          <ns3:TrackPointExtension>
            <ns3:atemp>20.0</ns3:atemp>
            <ns3:cad>41</ns3:cad>
          </ns3:TrackPointExtension>
        </extensions>
      </trkpt>
      <trkpt lat="43.260251171886920928955078125" lon="-109.67789643444120883941650390625">
        <ele>3678</ele>
        <time>2017-09-04T14:53:36.000Z</time>
        <extensions>
          <ns3:TrackPointExtension>
            <ns3:atemp>20.0</ns3:atemp>
            <ns3:cad>42</ns3:cad>
          </ns3:TrackPointExtension>
        </extensions>
      </trkpt>
      <trkpt lat="43.26039475388824939727783203125" lon="-109.6777461469173431396484375">
        <ele>3676.800048828125</ele>
        <time>2017-09-04T14:53:57.000Z</time>
        <extensions>
          <ns3:TrackPointExtension>
            <ns3:atemp>20.0</ns3:atemp>
            <ns3:cad>0</ns3:cad>
          </ns3:TrackPointExtension>
        </extensions>
      </trkpt>
      <trkpt lat="43.2604251801967620849609375" lon="-109.6777208335697650909423828125">
        <ele>3676.39990234375</ele>
        <time>2017-09-04T14:54:00.000Z</time>
        <extensions>
          <ns3:TrackPointExtension>
            <ns3:atemp>20.0</ns3:atemp>
            <ns3:cad>0</ns3:cad>
          </ns3:TrackPointExtension>
        </extensions>
      </trkpt>
      <trkpt lat="43.26049298979341983795166015625" lon="-109.67767599038779735565185546875">
        <ele>3675.800048828125</ele>
        <time>2017-09-04T14:54:09.000Z</time>
        <extensions>
          <ns3:TrackPointExtension>
            <ns3:atemp>20.0</ns3:atemp>
            <ns3:cad>0</ns3:cad>
          </ns3:TrackPointExtension>
        </extensions>
      </trkpt>
      <trkpt lat="43.26051679439842700958251953125" lon="-109.67766710557043552398681640625">
        <ele>3675.800048828125</ele>
        <time>2017-09-04T14:54:11.000Z</time>
        <extensions>
          <ns3:TrackPointExtension>
            <ns3:atemp>20.0</ns3:atemp>
            <ns3:cad>0</ns3:cad>
          </ns3:TrackPointExtension>
        </extensions>
      </trkpt>
      <trkpt lat="43.26054118573665618896484375" lon="-109.67765520326793193817138671875">
        <ele>3675.800048828125</ele>
        <time>2017-09-04T14:54:13.000Z</time>
        <extensions>
          <ns3:TrackPointExtension>
            <ns3:atemp>20.0</ns3:atemp>
            <ns3:cad>0</ns3:cad>
          </ns3:TrackPointExtension>
        </extensions>
      </trkpt>
      <trkpt lat="43.26069851405918598175048828125" lon="-109.67751212418079376220703125">
        <ele>3675.800048828125</ele>
        <time>2017-09-04T14:54:31.000Z</time>
        <extensions>
          <ns3:TrackPointExtension>
            <ns3:atemp>20.0</ns3:atemp>
            <ns3:cad>0</ns3:cad>
          </ns3:TrackPointExtension>
        </extensions>
      </trkpt>
      <trkpt lat="43.26083765365183353424072265625" lon="-109.6773590706288814544677734375">
        <ele>3676.39990234375</ele>
        <time>2017-09-04T14:54:49.000Z</time>
        <extensions>
          <ns3:TrackPointExtension>
            <ns3:atemp>20.0</ns3:atemp>
            <ns3:cad>0</ns3:cad>
          </ns3:TrackPointExtension>
        </extensions>
      </trkpt>
      <trkpt lat="43.2608923874795436859130859375" lon="-109.67725086025893688201904296875">
        <ele>3676.800048828125</ele>
        <time>2017-09-04T14:54:57.000Z</time>
        <extensions>
          <ns3:TrackPointExtension>
            <ns3:atemp>20.0</ns3:atemp>
            <ns3:cad>0</ns3:cad>
          </ns3:TrackPointExtension>
        </extensions>
      </trkpt>
      <trkpt lat="43.26099959202110767364501953125" lon="-109.6771542169153690338134765625">
        <ele>3677.39990234375</ele>
        <time>2017-09-04T14:55:09.000Z</time>
        <extensions>
          <ns3:TrackPointExtension>
            <ns3:atemp>20.0</ns3:atemp>
            <ns3:cad>49</ns3:cad>
          </ns3:TrackPointExtension>
        </extensions>
      </trkpt>
      <trkpt lat="43.26110034249722957611083984375" lon="-109.67715815640985965728759765625">
        <ele>3678.39990234375</ele>
        <time>2017-09-04T14:55:18.000Z</time>
        <extensions>
          <ns3:TrackPointExtension>
            <ns3:atemp>20.0</ns3:atemp>
            <ns3:cad>49</ns3:cad>
          </ns3:TrackPointExtension>
        </extensions>
      </trkpt>
      <trkpt lat="43.26119120232760906219482421875" lon="-109.6771679632365703582763671875">
        <ele>3679.60009765625</ele>
        <time>2017-09-04T14:55:25.000Z</time>
        <extensions>
          <ns3:TrackPointExtension>
            <ns3:atemp>20.0</ns3:atemp>
            <ns3:cad>49</ns3:cad>
          </ns3:TrackPointExtension>
        </extensions>
      </trkpt>
      <trkpt lat="43.2612942159175872802734375" lon="-109.67722336761653423309326171875">
        <ele>3680.60009765625</ele>
        <time>2017-09-04T14:55:36.000Z</time>
        <extensions>
          <ns3:TrackPointExtension>
            <ns3:atemp>20.0</ns3:atemp>
            <ns3:cad>0</ns3:cad>
          </ns3:TrackPointExtension>
        </extensions>
      </trkpt>
      <trkpt lat="43.26137459836900234222412109375" lon="-109.67723309062421321868896484375">
        <ele>3681.60009765625</ele>
        <time>2017-09-04T14:55:44.000Z</time>
        <extensions>
          <ns3:TrackPointExtension>
            <ns3:atemp>20.0</ns3:atemp>
            <ns3:cad>0</ns3:cad>
          </ns3:TrackPointExtension>
        </extensions>
      </trkpt>
      <trkpt lat="43.26151139102876186370849609375" lon="-109.67730567790567874908447265625">
        <ele>3682.39990234375</ele>
        <time>2017-09-04T14:56:00.000Z</time>
        <extensions>
          <ns3:TrackPointExtension>
            <ns3:atemp>20.0</ns3:atemp>
            <ns3:cad>0</ns3:cad>
          </ns3:TrackPointExtension>
        </extensions>
      </trkpt>
      <trkpt lat="43.26154609210789203643798828125" lon="-109.67732981778681278228759765625">
        <ele>3682.60009765625</ele>
        <time>2017-09-04T14:56:04.000Z</time>
        <extensions>
          <ns3:TrackPointExtension>
            <ns3:atemp>20.0</ns3:atemp>
            <ns3:cad>0</ns3:cad>
          </ns3:TrackPointExtension>
        </extensions>
      </trkpt>
      <trkpt lat="43.2615760155022144317626953125" lon="-109.6773563884198665618896484375">
        <ele>3682.800048828125</ele>
        <time>2017-09-04T14:56:08.000Z</time>
        <extensions>
          <ns3:TrackPointExtension>
            <ns3:atemp>20.0</ns3:atemp>
            <ns3:cad>61</ns3:cad>
          </ns3:TrackPointExtension>
        </extensions>
      </trkpt>
      <trkpt lat="43.26160895638167858123779296875" lon="-109.67738145031034946441650390625">
        <ele>3683.199951171875</ele>
        <time>2017-09-04T14:56:13.000Z</time>
        <extensions>
          <ns3:TrackPointExtension>
            <ns3:atemp>20.0</ns3:atemp>
            <ns3:cad>61</ns3:cad>
          </ns3:TrackPointExtension>
        </extensions>
      </trkpt>
      <trkpt lat="43.2616239599883556365966796875" lon="-109.67738698236644268035888671875">
        <ele>3683.199951171875</ele>
        <time>2017-09-04T14:56:15.000Z</time>
        <extensions>
          <ns3:TrackPointExtension>
            <ns3:atemp>20.0</ns3:atemp>
            <ns3:cad>61</ns3:cad>
          </ns3:TrackPointExtension>
        </extensions>
      </trkpt>
      <trkpt lat="43.26163544319570064544677734375" lon="-109.6773947775363922119140625">
        <ele>3683.199951171875</ele>
        <time>2017-09-04T14:56:17.000Z</time>
        <extensions>
          <ns3:TrackPointExtension>
            <ns3:atemp>20.0</ns3:atemp>
            <ns3:cad>0</ns3:cad>
          </ns3:TrackPointExtension>
        </extensions>
      </trkpt>
      <trkpt lat="43.26163946650922298431396484375" lon="-109.67740944586694240570068359375">
        <ele>3683.39990234375</ele>
        <time>2017-09-04T14:56:21.000Z</time>
        <extensions>
          <ns3:TrackPointExtension>
            <ns3:atemp>20.0</ns3:atemp>
            <ns3:cad>0</ns3:cad>
          </ns3:TrackPointExtension>
        </extensions>
      </trkpt>
      <trkpt lat="43.26164566911756992340087890625" lon="-109.67740408144891262054443359375">
        <ele>3683.800048828125</ele>
        <time>2017-09-04T14:56:26.000Z</time>
        <extensions>
          <ns3:TrackPointExtension>
            <ns3:atemp>20.0</ns3:atemp>
            <ns3:cad>0</ns3:cad>
          </ns3:TrackPointExtension>
        </extensions>
      </trkpt>
      <trkpt lat="43.261702246963977813720703125" lon="-109.67736569233238697052001953125">
        <ele>3683.60009765625</ele>
        <time>2017-09-04T14:56:33.000Z</time>
        <extensions>
          <ns3:TrackPointExtension>
            <ns3:atemp>20.0</ns3:atemp>
            <ns3:cad>0</ns3:cad>
          </ns3:TrackPointExtension>
        </extensions>
      </trkpt>
      <trkpt lat="43.26178832910954952239990234375" lon="-109.67732277698814868927001953125">
        <ele>3682.800048828125</ele>
        <time>2017-09-04T14:56:43.000Z</time>
        <extensions>
          <ns3:TrackPointExtension>
            <ns3:atemp>20.0</ns3:atemp>
            <ns3:cad>50</ns3:cad>
          </ns3:TrackPointExtension>
        </extensions>
      </trkpt>
      <trkpt lat="43.26180718839168548583984375" lon="-109.6773134730756282806396484375">
        <ele>3682.60009765625</ele>
        <time>2017-09-04T14:56:45.000Z</time>
        <extensions>
          <ns3:TrackPointExtension>
            <ns3:atemp>20.0</ns3:atemp>
            <ns3:cad>50</ns3:cad>
          </ns3:TrackPointExtension>
        </extensions>
      </trkpt>
      <trkpt lat="43.26191355474293231964111328125" lon="-109.67724381946027278900146484375">
        <ele>3681.60009765625</ele>
        <time>2017-09-04T14:56:59.000Z</time>
        <extensions>
          <ns3:TrackPointExtension>
            <ns3:atemp>20.0</ns3:atemp>
            <ns3:cad>61</ns3:cad>
          </ns3:TrackPointExtension>
        </extensions>
      </trkpt>
      <trkpt lat="43.26194875873625278472900390625" lon="-109.677240550518035888671875">
        <ele>3680.60009765625</ele>
        <time>2017-09-04T14:57:11.000Z</time>
        <extensions>
          <ns3:TrackPointExtension>
            <ns3:atemp>20.0</ns3:atemp>
            <ns3:cad>61</ns3:cad>
          </ns3:TrackPointExtension>
        </extensions>
      </trkpt>
      <trkpt lat="43.26197122223675251007080078125" lon="-109.67725773341953754425048828125">
        <ele>3679.60009765625</ele>
        <time>2017-09-04T14:57:22.000Z</time>
        <extensions>
          <ns3:TrackPointExtension>
            <ns3:atemp>20.0</ns3:atemp>
            <ns3:cad>0</ns3:cad>
          </ns3:TrackPointExtension>
        </extensions>
      </trkpt>
      <trkpt lat="43.2620076835155487060546875" lon="-109.6773449890315532684326171875">
        <ele>3679.60009765625</ele>
        <time>2017-09-04T14:58:17.000Z</time>
        <extensions>
          <ns3:TrackPointExtension>
            <ns3:atemp>20.0</ns3:atemp>
            <ns3:cad>0</ns3:cad>
          </ns3:TrackPointExtension>
        </extensions>
      </trkpt>
      <trkpt lat="43.26199586503207683563232421875" lon="-109.67744481749832630157470703125">
        <ele>3680.60009765625</ele>
        <time>2017-09-04T14:59:15.000Z</time>
        <extensions>
          <ns3:TrackPointExtension>
            <ns3:atemp>20.0</ns3:atemp>
            <ns3:cad>61</ns3:cad>
          </ns3:TrackPointExtension>
        </extensions>
      </trkpt>
      <trkpt lat="43.2619404606521129608154296875" lon="-109.67746627517044544219970703125">
        <ele>3681.39990234375</ele>
        <time>2017-09-04T14:59:22.000Z</time>
        <extensions>
          <ns3:TrackPointExtension>
            <ns3:atemp>20.0</ns3:atemp>
            <ns3:cad>61</ns3:cad>
          </ns3:TrackPointExtension>
        </extensions>
      </trkpt>
      <trkpt lat="43.26192394830286502838134765625" lon="-109.6774938516318798065185546875">
        <ele>3681.800048828125</ele>
        <time>2017-09-04T14:59:25.000Z</time>
        <extensions>
          <ns3:TrackPointExtension>
            <ns3:atemp>20.0</ns3:atemp>
            <ns3:cad>61</ns3:cad>
          </ns3:TrackPointExtension>
        </extensions>
      </trkpt>
      <trkpt lat="43.26190684922039508819580078125" lon="-109.67752679251134395599365234375">
        <ele>3682.39990234375</ele>
        <time>2017-09-04T14:59:29.000Z</time>
        <extensions>
          <ns3:TrackPointExtension>
            <ns3:atemp>20.0</ns3:atemp>
            <ns3:cad>0</ns3:cad>
          </ns3:TrackPointExtension>
        </extensions>
      </trkpt>
      <trkpt lat="43.2618982158601284027099609375" lon="-109.67757373116910457611083984375">
        <ele>3682.800048828125</ele>
        <time>2017-09-04T14:59:35.000Z</time>
        <extensions>
          <ns3:TrackPointExtension>
            <ns3:atemp>20.0</ns3:atemp>
            <ns3:cad>0</ns3:cad>
          </ns3:TrackPointExtension>
        </extensions>
      </trkpt>
      <trkpt lat="43.2618586532771587371826171875" lon="-109.67760742641985416412353515625">
        <ele>3683.800048828125</ele>
        <time>2017-09-04T14:59:52.000Z</time>
        <extensions>
          <ns3:TrackPointExtension>
            <ns3:atemp>20.0</ns3:atemp>
            <ns3:cad>0</ns3:cad>
          </ns3:TrackPointExtension>
        </extensions>
      </trkpt>
      <trkpt lat="43.26194305904209613800048828125" lon="-109.677794091403484344482421875">
        <ele>3684.60009765625</ele>
        <time>2017-09-04T15:00:38.000Z</time>
        <extensions>
          <ns3:TrackPointExtension>
            <ns3:atemp>20.0</ns3:atemp>
            <ns3:cad>61</ns3:cad>
          </ns3:TrackPointExtension>
        </extensions>
      </trkpt>
      <trkpt lat="43.26196200214326381683349609375" lon="-109.67782686464488506317138671875">
        <ele>3684.800048828125</ele>
        <time>2017-09-04T15:00:41.000Z</time>
        <extensions>
          <ns3:TrackPointExtension>
            <ns3:atemp>20.0</ns3:atemp>
            <ns3:cad>61</ns3:cad>
          </ns3:TrackPointExtension>
        </extensions>
      </trkpt>
      <trkpt lat="43.26200961135327816009521484375" lon="-109.677917473018169403076171875">
        <ele>3686</ele>
        <time>2017-09-04T15:00:51.000Z</time>
        <extensions>
          <ns3:TrackPointExtension>
            <ns3:atemp>20.0</ns3:atemp>
            <ns3:cad>63</ns3:cad>
          </ns3:TrackPointExtension>
        </extensions>
      </trkpt>
      <trkpt lat="43.26204129494726657867431640625" lon="-109.67798947356641292572021484375">
        <ele>3687.199951171875</ele>
        <time>2017-09-04T15:01:01.000Z</time>
        <extensions>
          <ns3:TrackPointExtension>
            <ns3:atemp>20.0</ns3:atemp>
            <ns3:cad>0</ns3:cad>
          </ns3:TrackPointExtension>
        </extensions>
      </trkpt>
      <trkpt lat="43.26206258498132228851318359375" lon="-109.67805334366858005523681640625">
        <ele>3688.199951171875</ele>
        <time>2017-09-04T15:01:09.000Z</time>
        <extensions>
          <ns3:TrackPointExtension>
            <ns3:atemp>20.0</ns3:atemp>
            <ns3:cad>0</ns3:cad>
          </ns3:TrackPointExtension>
        </extensions>
      </trkpt>
      <trkpt lat="43.26207901351153850555419921875" lon="-109.6780903078615665435791015625">
        <ele>3689.199951171875</ele>
        <time>2017-09-04T15:01:14.000Z</time>
        <extensions>
          <ns3:TrackPointExtension>
            <ns3:atemp>20.0</ns3:atemp>
            <ns3:cad>0</ns3:cad>
          </ns3:TrackPointExtension>
        </extensions>
      </trkpt>
      <trkpt lat="43.26210491359233856201171875" lon="-109.6781389228999614715576171875">
        <ele>3690.199951171875</ele>
        <time>2017-09-04T15:01:21.000Z</time>
        <extensions>
          <ns3:TrackPointExtension>
            <ns3:atemp>20.0</ns3:atemp>
            <ns3:cad>0</ns3:cad>
          </ns3:TrackPointExtension>
        </extensions>
      </trkpt>
      <trkpt lat="43.2621292211115360260009765625" lon="-109.6781959198415279388427734375">
        <ele>3691.199951171875</ele>
        <time>2017-09-04T15:01:29.000Z</time>
        <extensions>
          <ns3:TrackPointExtension>
            <ns3:atemp>20.0</ns3:atemp>
            <ns3:cad>61</ns3:cad>
          </ns3:TrackPointExtension>
        </extensions>
      </trkpt>
      <trkpt lat="43.262161910533905029296875" lon="-109.67830379493534564971923828125">
        <ele>3692.39990234375</ele>
        <time>2017-09-04T15:01:40.000Z</time>
        <extensions>
          <ns3:TrackPointExtension>
            <ns3:atemp>20.0</ns3:atemp>
            <ns3:cad>0</ns3:cad>
          </ns3:TrackPointExtension>
        </extensions>
      </trkpt>
      <trkpt lat="43.2621610723435878753662109375" lon="-109.67838308773934841156005859375">
        <ele>3693.39990234375</ele>
        <time>2017-09-04T15:01:48.000Z</time>
        <extensions>
          <ns3:TrackPointExtension>
            <ns3:atemp>20.0</ns3:atemp>
            <ns3:cad>0</ns3:cad>
          </ns3:TrackPointExtension>
        </extensions>
      </trkpt>
      <trkpt lat="43.2622053287923336029052734375" lon="-109.6784684993326663970947265625">
        <ele>3694.60009765625</ele>
        <time>2017-09-04T15:02:00.000Z</time>
        <extensions>
          <ns3:TrackPointExtension>
            <ns3:atemp>20.0</ns3:atemp>
            <ns3:cad>61</ns3:cad>
          </ns3:TrackPointExtension>
        </extensions>
      </trkpt>
      <trkpt lat="43.26223055832087993621826171875" lon="-109.678527675569057464599609375">
        <ele>3695.800048828125</ele>
        <time>2017-09-04T15:02:06.000Z</time>
        <extensions>
          <ns3:TrackPointExtension>
            <ns3:atemp>20.0</ns3:atemp>
            <ns3:cad>0</ns3:cad>
          </ns3:TrackPointExtension>
        </extensions>
      </trkpt>
      <trkpt lat="43.26231018640100955963134765625" lon="-109.67869539745151996612548828125">
        <ele>3697</ele>
        <time>2017-09-04T15:02:21.000Z</time>
        <extensions>
          <ns3:TrackPointExtension>
            <ns3:atemp>20.0</ns3:atemp>
            <ns3:cad>46</ns3:cad>
          </ns3:TrackPointExtension>
        </extensions>
      </trkpt>
      <trkpt lat="43.26237305067479610443115234375" lon="-109.67874887399375438690185546875">
        <ele>3698</ele>
        <time>2017-09-04T15:02:29.000Z</time>
        <extensions>
          <ns3:TrackPointExtension>
            <ns3:atemp>20.0</ns3:atemp>
            <ns3:cad>63</ns3:cad>
          </ns3:TrackPointExtension>
        </extensions>
      </trkpt>
      <trkpt lat="43.262379504740238189697265625" lon="-109.678753651678562164306640625">
        <ele>3698</ele>
        <time>2017-09-04T15:02:30.000Z</time>
        <extensions>
          <ns3:TrackPointExtension>
            <ns3:atemp>20.0</ns3:atemp>
            <ns3:cad>63</ns3:cad>
          </ns3:TrackPointExtension>
        </extensions>
      </trkpt>
      <trkpt lat="43.26244278810918331146240234375" lon="-109.67878625728189945220947265625">
        <ele>3699.199951171875</ele>
        <time>2017-09-04T15:02:37.000Z</time>
        <extensions>
          <ns3:TrackPointExtension>
            <ns3:atemp>20.0</ns3:atemp>
            <ns3:cad>46</ns3:cad>
          </ns3:TrackPointExtension>
        </extensions>
      </trkpt>
      <trkpt lat="43.262452594935894012451171875" lon="-109.67881157062947750091552734375">
        <ele>3699.60009765625</ele>
        <time>2017-09-04T15:02:39.000Z</time>
        <extensions>
          <ns3:TrackPointExtension>
            <ns3:atemp>20.0</ns3:atemp>
            <ns3:cad>46</ns3:cad>
          </ns3:TrackPointExtension>
        </extensions>
      </trkpt>
      <trkpt lat="43.2624792493879795074462890625" lon="-109.67886555008590221405029296875">
        <ele>3700.199951171875</ele>
        <time>2017-09-04T15:02:44.000Z</time>
        <extensions>
          <ns3:TrackPointExtension>
            <ns3:atemp>20.0</ns3:atemp>
            <ns3:cad>0</ns3:cad>
          </ns3:TrackPointExtension>
        </extensions>
      </trkpt>
      <trkpt lat="43.2625225000083446502685546875" lon="-109.678896479308605194091796875">
        <ele>3701</ele>
        <time>2017-09-04T15:02:51.000Z</time>
        <extensions>
          <ns3:TrackPointExtension>
            <ns3:atemp>20.0</ns3:atemp>
            <ns3:cad>73</ns3:cad>
          </ns3:TrackPointExtension>
        </extensions>
      </trkpt>
      <trkpt lat="43.26254756189882755279541015625" lon="-109.6789120696485042572021484375">
        <ele>3701.39990234375</ele>
        <time>2017-09-04T15:02:55.000Z</time>
        <extensions>
          <ns3:TrackPointExtension>
            <ns3:atemp>20.0</ns3:atemp>
            <ns3:cad>73</ns3:cad>
          </ns3:TrackPointExtension>
        </extensions>
      </trkpt>
      <trkpt lat="43.26257698237895965576171875" lon="-109.67893394641578197479248046875">
        <ele>3702.39990234375</ele>
        <time>2017-09-04T15:03:06.000Z</time>
        <extensions>
          <ns3:TrackPointExtension>
            <ns3:atemp>20.0</ns3:atemp>
            <ns3:cad>61</ns3:cad>
          </ns3:TrackPointExtension>
        </extensions>
      </trkpt>
      <trkpt lat="43.26259617693722248077392578125" lon="-109.67895808629691600799560546875">
        <ele>3703.39990234375</ele>
        <time>2017-09-04T15:03:13.000Z</time>
        <extensions>
          <ns3:TrackPointExtension>
            <ns3:atemp>20.0</ns3:atemp>
            <ns3:cad>61</ns3:cad>
          </ns3:TrackPointExtension>
        </extensions>
      </trkpt>
      <trkpt lat="43.2626084983348846435546875" lon="-109.6789858303964138031005859375">
        <ele>3704.60009765625</ele>
        <time>2017-09-04T15:03:20.000Z</time>
        <extensions>
          <ns3:TrackPointExtension>
            <ns3:atemp>20.0</ns3:atemp>
            <ns3:cad>0</ns3:cad>
          </ns3:TrackPointExtension>
        </extensions>
      </trkpt>
      <trkpt lat="43.26262383721768856048583984375" lon="-109.67899647541344165802001953125">
        <ele>3705.60009765625</ele>
        <time>2017-09-04T15:03:24.000Z</time>
        <extensions>
          <ns3:TrackPointExtension>
            <ns3:atemp>20.0</ns3:atemp>
            <ns3:cad>0</ns3:cad>
          </ns3:TrackPointExtension>
        </extensions>
      </trkpt>
      <trkpt lat="43.2626602984964847564697265625" lon="-109.67898323200643062591552734375">
        <ele>3706.60009765625</ele>
        <time>2017-09-04T15:03:32.000Z</time>
        <extensions>
          <ns3:TrackPointExtension>
            <ns3:atemp>20.0</ns3:atemp>
            <ns3:cad>0</ns3:cad>
          </ns3:TrackPointExtension>
        </extensions>
      </trkpt>
      <trkpt lat="43.262689299881458282470703125" lon="-109.67901022173464298248291015625">
        <ele>3707.800048828125</ele>
        <time>2017-09-04T15:03:40.000Z</time>
        <extensions>
          <ns3:TrackPointExtension>
            <ns3:atemp>20.0</ns3:atemp>
            <ns3:cad>61</ns3:cad>
          </ns3:TrackPointExtension>
        </extensions>
      </trkpt>
      <trkpt lat="43.26271335594356060028076171875" lon="-109.67903620563447475433349609375">
        <ele>3708.800048828125</ele>
        <time>2017-09-04T15:03:45.000Z</time>
        <extensions>
          <ns3:TrackPointExtension>
            <ns3:atemp>20.0</ns3:atemp>
            <ns3:cad>0</ns3:cad>
          </ns3:TrackPointExtension>
        </extensions>
      </trkpt>
      <trkpt lat="43.2627551816403865814208984375" lon="-109.67909722588956356048583984375">
        <ele>3709.800048828125</ele>
        <time>2017-09-04T15:03:54.000Z</time>
        <extensions>
          <ns3:TrackPointExtension>
            <ns3:atemp>20.0</ns3:atemp>
            <ns3:cad>61</ns3:cad>
          </ns3:TrackPointExtension>
        </extensions>
      </trkpt>
      <trkpt lat="43.26282936148345470428466796875" lon="-109.679208956658840179443359375">
        <ele>3711</ele>
        <time>2017-09-04T15:04:09.000Z</time>
        <extensions>
          <ns3:TrackPointExtension>
            <ns3:atemp>20.0</ns3:atemp>
            <ns3:cad>0</ns3:cad>
          </ns3:TrackPointExtension>
        </extensions>
      </trkpt>
      <trkpt lat="43.262878395617008209228515625" lon="-109.67941490001976490020751953125">
        <ele>3711.800048828125</ele>
        <time>2017-09-04T15:04:23.000Z</time>
        <extensions>
          <ns3:TrackPointExtension>
            <ns3:atemp>20.0</ns3:atemp>
            <ns3:cad>0</ns3:cad>
          </ns3:TrackPointExtension>
        </extensions>
      </trkpt>
      <trkpt lat="43.2628928124904632568359375" lon="-109.6794226951897144317626953125">
        <ele>3712</ele>
        <time>2017-09-04T15:04:25.000Z</time>
        <extensions>
          <ns3:TrackPointExtension>
            <ns3:atemp>20.0</ns3:atemp>
            <ns3:cad>0</ns3:cad>
          </ns3:TrackPointExtension>
        </extensions>
      </trkpt>
      <trkpt lat="43.263050727546215057373046875" lon="-109.679465778172016143798828125">
        <ele>3712.199951171875</ele>
        <time>2017-09-04T15:04:43.000Z</time>
        <extensions>
          <ns3:TrackPointExtension>
            <ns3:atemp>20.0</ns3:atemp>
            <ns3:cad>0</ns3:cad>
          </ns3:TrackPointExtension>
        </extensions>
      </trkpt>
      <trkpt lat="43.26307361014187335968017578125" lon="-109.6794646047055721282958984375">
        <ele>3712.39990234375</ele>
        <time>2017-09-04T15:04:46.000Z</time>
        <extensions>
          <ns3:TrackPointExtension>
            <ns3:atemp>20.0</ns3:atemp>
            <ns3:cad>0</ns3:cad>
          </ns3:TrackPointExtension>
        </extensions>
      </trkpt>
      <trkpt lat="43.26312507502734661102294921875" lon="-109.67944876290857791900634765625">
        <ele>3712.60009765625</ele>
        <time>2017-09-04T15:05:35.000Z</time>
        <extensions>
          <ns3:TrackPointExtension>
            <ns3:atemp>20.0</ns3:atemp>
            <ns3:cad>61</ns3:cad>
          </ns3:TrackPointExtension>
        </extensions>
      </trkpt>
      <trkpt lat="43.26312423683702945709228515625" lon="-109.67945010401308536529541015625">
        <ele>3713</ele>
        <time>2017-09-04T15:05:51.000Z</time>
        <extensions>
          <ns3:TrackPointExtension>
            <ns3:atemp>21.0</ns3:atemp>
            <ns3:cad>61</ns3:cad>
          </ns3:TrackPointExtension>
        </extensions>
      </trkpt>
      <trkpt lat="43.263185508549213409423828125" lon="-109.67949804849922657012939453125">
        <ele>3712.800048828125</ele>
        <time>2017-09-04T15:06:59.000Z</time>
        <extensions>
          <ns3:TrackPointExtension>
            <ns3:atemp>21.0</ns3:atemp>
            <ns3:cad>0</ns3:cad>
          </ns3:TrackPointExtension>
        </extensions>
      </trkpt>
      <trkpt lat="43.26327259652316570281982421875" lon="-109.67960424721240997314453125">
        <ele>3714.199951171875</ele>
        <time>2017-09-04T15:07:14.000Z</time>
        <extensions>
          <ns3:TrackPointExtension>
            <ns3:atemp>21.0</ns3:atemp>
            <ns3:cad>42</ns3:cad>
          </ns3:TrackPointExtension>
        </extensions>
      </trkpt>
      <trkpt lat="43.26332422904670238494873046875" lon="-109.67967272736132144927978515625">
        <ele>3715.199951171875</ele>
        <time>2017-09-04T15:07:22.000Z</time>
        <extensions>
          <ns3:TrackPointExtension>
            <ns3:atemp>21.0</ns3:atemp>
            <ns3:cad>0</ns3:cad>
          </ns3:TrackPointExtension>
        </extensions>
      </trkpt>
      <trkpt lat="43.2634314335882663726806640625" lon="-109.67976383864879608154296875">
        <ele>3716.60009765625</ele>
        <time>2017-09-04T15:07:35.000Z</time>
        <extensions>
          <ns3:TrackPointExtension>
            <ns3:atemp>21.0</ns3:atemp>
            <ns3:cad>56</ns3:cad>
          </ns3:TrackPointExtension>
        </extensions>
      </trkpt>
      <trkpt lat="43.263533525168895721435546875" lon="-109.6798206679522991180419921875">
        <ele>3717.199951171875</ele>
        <time>2017-09-04T15:07:47.000Z</time>
        <extensions>
          <ns3:TrackPointExtension>
            <ns3:atemp>21.0</ns3:atemp>
            <ns3:cad>0</ns3:cad>
          </ns3:TrackPointExtension>
        </extensions>
      </trkpt>
      <trkpt lat="43.26354970224201679229736328125" lon="-109.6798434667289257049560546875">
        <ele>3717.800048828125</ele>
        <time>2017-09-04T15:07:50.000Z</time>
        <extensions>
          <ns3:TrackPointExtension>
            <ns3:atemp>21.0</ns3:atemp>
            <ns3:cad>0</ns3:cad>
          </ns3:TrackPointExtension>
        </extensions>
      </trkpt>
      <trkpt lat="43.26356646604835987091064453125" lon="-109.67986735515296459197998046875">
        <ele>3718.199951171875</ele>
        <time>2017-09-04T15:07:53.000Z</time>
        <extensions>
          <ns3:TrackPointExtension>
            <ns3:atemp>21.0</ns3:atemp>
            <ns3:cad>0</ns3:cad>
          </ns3:TrackPointExtension>
        </extensions>
      </trkpt>
      <trkpt lat="43.26363117434084415435791015625" lon="-109.6799145452678203582763671875">
        <ele>3718.800048828125</ele>
        <time>2017-09-04T15:08:04.000Z</time>
        <extensions>
          <ns3:TrackPointExtension>
            <ns3:atemp>21.0</ns3:atemp>
            <ns3:cad>0</ns3:cad>
          </ns3:TrackPointExtension>
        </extensions>
      </trkpt>
      <trkpt lat="43.2636500336229801177978515625" lon="-109.67993809841573238372802734375">
        <ele>3719</ele>
        <time>2017-09-04T15:08:07.000Z</time>
        <extensions>
          <ns3:TrackPointExtension>
            <ns3:atemp>21.0</ns3:atemp>
            <ns3:cad>61</ns3:cad>
          </ns3:TrackPointExtension>
        </extensions>
      </trkpt>
      <trkpt lat="43.26368766836822032928466796875" lon="-109.6799946762621402740478515625">
        <ele>3719.60009765625</ele>
        <time>2017-09-04T15:08:13.000Z</time>
        <extensions>
          <ns3:TrackPointExtension>
            <ns3:atemp>21.0</ns3:atemp>
            <ns3:cad>61</ns3:cad>
          </ns3:TrackPointExtension>
        </extensions>
      </trkpt>
      <trkpt lat="43.26370325870811939239501953125" lon="-109.6800104342401027679443359375">
        <ele>3720</ele>
        <time>2017-09-04T15:08:15.000Z</time>
        <extensions>
          <ns3:TrackPointExtension>
            <ns3:atemp>21.0</ns3:atemp>
            <ns3:cad>61</ns3:cad>
          </ns3:TrackPointExtension>
        </extensions>
      </trkpt>
      <trkpt lat="43.26374751515686511993408203125" lon="-109.68007757328450679779052734375">
        <ele>3721</ele>
        <time>2017-09-04T15:08:22.000Z</time>
        <extensions>
          <ns3:TrackPointExtension>
            <ns3:atemp>21.0</ns3:atemp>
            <ns3:cad>0</ns3:cad>
          </ns3:TrackPointExtension>
        </extensions>
      </trkpt>
      <trkpt lat="43.2637653686106204986572265625" lon="-109.68011763878166675567626953125">
        <ele>3721.800048828125</ele>
        <time>2017-09-04T15:08:27.000Z</time>
        <extensions>
          <ns3:TrackPointExtension>
            <ns3:atemp>21.0</ns3:atemp>
            <ns3:cad>0</ns3:cad>
          </ns3:TrackPointExtension>
        </extensions>
      </trkpt>
      <trkpt lat="43.26376595534384250640869140625" lon="-109.6801172196865081787109375">
        <ele>3722.199951171875</ele>
        <time>2017-09-04T15:08:30.000Z</time>
        <extensions>
          <ns3:TrackPointExtension>
            <ns3:atemp>21.0</ns3:atemp>
            <ns3:cad>0</ns3:cad>
          </ns3:TrackPointExtension>
        </extensions>
      </trkpt>
      <trkpt lat="43.263807110488414764404296875" lon="-109.68016189523041248321533203125">
        <ele>3723</ele>
        <time>2017-09-04T15:08:37.000Z</time>
        <extensions>
          <ns3:TrackPointExtension>
            <ns3:atemp>21.0</ns3:atemp>
            <ns3:cad>61</ns3:cad>
          </ns3:TrackPointExtension>
        </extensions>
      </trkpt>
      <trkpt lat="43.2638428173959255218505859375" lon="-109.68018653802573680877685546875">
        <ele>3723.199951171875</ele>
        <time>2017-09-04T15:08:42.000Z</time>
        <extensions>
          <ns3:TrackPointExtension>
            <ns3:atemp>21.0</ns3:atemp>
            <ns3:cad>61</ns3:cad>
          </ns3:TrackPointExtension>
        </extensions>
      </trkpt>
      <trkpt lat="43.2639149017632007598876953125" lon="-109.68024772591888904571533203125">
        <ele>3724.39990234375</ele>
        <time>2017-09-04T15:08:52.000Z</time>
        <extensions>
          <ns3:TrackPointExtension>
            <ns3:atemp>21.0</ns3:atemp>
            <ns3:cad>0</ns3:cad>
          </ns3:TrackPointExtension>
        </extensions>
      </trkpt>
      <trkpt lat="43.26391942799091339111328125" lon="-109.680257700383663177490234375">
        <ele>3724.60009765625</ele>
        <time>2017-09-04T15:08:53.000Z</time>
        <extensions>
          <ns3:TrackPointExtension>
            <ns3:atemp>21.0</ns3:atemp>
            <ns3:cad>0</ns3:cad>
          </ns3:TrackPointExtension>
        </extensions>
      </trkpt>
      <trkpt lat="43.26393862254917621612548828125" lon="-109.6802835166454315185546875">
        <ele>3725</ele>
        <time>2017-09-04T15:08:56.000Z</time>
        <extensions>
          <ns3:TrackPointExtension>
            <ns3:atemp>21.0</ns3:atemp>
            <ns3:cad>0</ns3:cad>
          </ns3:TrackPointExtension>
        </extensions>
      </trkpt>
      <trkpt lat="43.26395236887037754058837890625" lon="-109.68030505813658237457275390625">
        <ele>3725.199951171875</ele>
        <time>2017-09-04T15:08:59.000Z</time>
        <extensions>
          <ns3:TrackPointExtension>
            <ns3:atemp>21.0</ns3:atemp>
            <ns3:cad>0</ns3:cad>
          </ns3:TrackPointExtension>
        </extensions>
      </trkpt>
      <trkpt lat="43.2639564760029315948486328125" lon="-109.6803168766200542449951171875">
        <ele>3725.39990234375</ele>
        <time>2017-09-04T15:09:01.000Z</time>
        <extensions>
          <ns3:TrackPointExtension>
            <ns3:atemp>21.0</ns3:atemp>
            <ns3:cad>0</ns3:cad>
          </ns3:TrackPointExtension>
        </extensions>
      </trkpt>
      <trkpt lat="43.26398111879825592041015625" lon="-109.68037395738065242767333984375">
        <ele>3726.39990234375</ele>
        <time>2017-09-04T15:09:08.000Z</time>
        <extensions>
          <ns3:TrackPointExtension>
            <ns3:atemp>21.0</ns3:atemp>
            <ns3:cad>0</ns3:cad>
          </ns3:TrackPointExtension>
        </extensions>
      </trkpt>
      <trkpt lat="43.26401841826736927032470703125" lon="-109.68046280555427074432373046875">
        <ele>3727.39990234375</ele>
        <time>2017-09-04T15:09:20.000Z</time>
        <extensions>
          <ns3:TrackPointExtension>
            <ns3:atemp>20.0</ns3:atemp>
            <ns3:cad>0</ns3:cad>
          </ns3:TrackPointExtension>
        </extensions>
      </trkpt>
      <trkpt lat="43.26404322870075702667236328125" lon="-109.68049935065209865570068359375">
        <ele>3728.60009765625</ele>
        <time>2017-09-04T15:09:28.000Z</time>
        <extensions>
          <ns3:TrackPointExtension>
            <ns3:atemp>20.0</ns3:atemp>
            <ns3:cad>0</ns3:cad>
          </ns3:TrackPointExtension>
        </extensions>
      </trkpt>
      <trkpt lat="43.26407306827604770660400390625" lon="-109.6805834211409091949462890625">
        <ele>3729.800048828125</ele>
        <time>2017-09-04T15:09:40.000Z</time>
        <extensions>
          <ns3:TrackPointExtension>
            <ns3:atemp>20.0</ns3:atemp>
            <ns3:cad>0</ns3:cad>
          </ns3:TrackPointExtension>
        </extensions>
      </trkpt>
      <trkpt lat="43.26409184373915195465087890625" lon="-109.6806273423135280609130859375">
        <ele>3730.800048828125</ele>
        <time>2017-09-04T15:09:46.000Z</time>
        <extensions>
          <ns3:TrackPointExtension>
            <ns3:atemp>20.0</ns3:atemp>
            <ns3:cad>0</ns3:cad>
          </ns3:TrackPointExtension>
        </extensions>
      </trkpt>
      <trkpt lat="43.26409779489040374755859375" lon="-109.68070797622203826904296875">
        <ele>3731.800048828125</ele>
        <time>2017-09-04T15:09:55.000Z</time>
        <extensions>
          <ns3:TrackPointExtension>
            <ns3:atemp>20.0</ns3:atemp>
            <ns3:cad>43</ns3:cad>
          </ns3:TrackPointExtension>
        </extensions>
      </trkpt>
      <trkpt lat="43.26411766000092029571533203125" lon="-109.68079648911952972412109375">
        <ele>3733</ele>
        <time>2017-09-04T15:10:07.000Z</time>
        <extensions>
          <ns3:TrackPointExtension>
            <ns3:atemp>20.0</ns3:atemp>
            <ns3:cad>0</ns3:cad>
          </ns3:TrackPointExtension>
        </extensions>
      </trkpt>
      <trkpt lat="43.26413475908339023590087890625" lon="-109.68082691542804241180419921875">
        <ele>3734</ele>
        <time>2017-09-04T15:10:12.000Z</time>
        <extensions>
          <ns3:TrackPointExtension>
            <ns3:atemp>20.0</ns3:atemp>
            <ns3:cad>0</ns3:cad>
          </ns3:TrackPointExtension>
        </extensions>
      </trkpt>
      <trkpt lat="43.2641532830893993377685546875" lon="-109.68094543553888797760009765625">
        <ele>3735</ele>
        <time>2017-09-04T15:10:26.000Z</time>
        <extensions>
          <ns3:TrackPointExtension>
            <ns3:atemp>20.0</ns3:atemp>
            <ns3:cad>0</ns3:cad>
          </ns3:TrackPointExtension>
        </extensions>
      </trkpt>
      <trkpt lat="43.26416459865868091583251953125" lon="-109.6809998340904712677001953125">
        <ele>3736</ele>
        <time>2017-09-04T15:10:34.000Z</time>
        <extensions>
          <ns3:TrackPointExtension>
            <ns3:atemp>20.0</ns3:atemp>
            <ns3:cad>0</ns3:cad>
          </ns3:TrackPointExtension>
        </extensions>
      </trkpt>
      <trkpt lat="43.264168538153171539306640625" lon="-109.6810534782707691192626953125">
        <ele>3737.199951171875</ele>
        <time>2017-09-04T15:10:41.000Z</time>
        <extensions>
          <ns3:TrackPointExtension>
            <ns3:atemp>20.0</ns3:atemp>
            <ns3:cad>0</ns3:cad>
          </ns3:TrackPointExtension>
        </extensions>
      </trkpt>
      <trkpt lat="43.26418857090175151824951171875" lon="-109.6811257302761077880859375">
        <ele>3738.199951171875</ele>
        <time>2017-09-04T15:10:51.000Z</time>
        <extensions>
          <ns3:TrackPointExtension>
            <ns3:atemp>21.0</ns3:atemp>
            <ns3:cad>0</ns3:cad>
          </ns3:TrackPointExtension>
        </extensions>
      </trkpt>
      <trkpt lat="43.2642012275755405426025390625" lon="-109.68119622208178043365478515625">
        <ele>3739.39990234375</ele>
        <time>2017-09-04T15:10:58.000Z</time>
        <extensions>
          <ns3:TrackPointExtension>
            <ns3:atemp>21.0</ns3:atemp>
            <ns3:cad>0</ns3:cad>
          </ns3:TrackPointExtension>
        </extensions>
      </trkpt>
      <trkpt lat="43.26420583762228488922119140625" lon="-109.6813039295375347137451171875">
        <ele>3740.39990234375</ele>
        <time>2017-09-04T15:11:21.000Z</time>
        <extensions>
          <ns3:TrackPointExtension>
            <ns3:atemp>21.0</ns3:atemp>
            <ns3:cad>0</ns3:cad>
          </ns3:TrackPointExtension>
        </extensions>
      </trkpt>
      <trkpt lat="43.26422126032412052154541015625" lon="-109.681344665586948394775390625">
        <ele>3741.39990234375</ele>
        <time>2017-09-04T15:11:30.000Z</time>
        <extensions>
          <ns3:TrackPointExtension>
            <ns3:atemp>21.0</ns3:atemp>
            <ns3:cad>0</ns3:cad>
          </ns3:TrackPointExtension>
        </extensions>
      </trkpt>
      <trkpt lat="43.26425093226134777069091796875" lon="-109.681447260081768035888671875">
        <ele>3742.39990234375</ele>
        <time>2017-09-04T15:11:47.000Z</time>
        <extensions>
          <ns3:TrackPointExtension>
            <ns3:atemp>21.0</ns3:atemp>
            <ns3:cad>0</ns3:cad>
          </ns3:TrackPointExtension>
        </extensions>
      </trkpt>
      <trkpt lat="43.26439375989139080047607421875" lon="-109.6815989725291728973388671875">
        <ele>3742.39990234375</ele>
        <time>2017-09-04T15:12:23.000Z</time>
        <extensions>
          <ns3:TrackPointExtension>
            <ns3:atemp>21.0</ns3:atemp>
            <ns3:cad>0</ns3:cad>
          </ns3:TrackPointExtension>
        </extensions>
      </trkpt>
      <trkpt lat="43.2644270360469818115234375" lon="-109.6816090308129787445068359375">
        <ele>3741.800048828125</ele>
        <time>2017-09-04T15:12:27.000Z</time>
        <extensions>
          <ns3:TrackPointExtension>
            <ns3:atemp>21.0</ns3:atemp>
            <ns3:cad>44</ns3:cad>
          </ns3:TrackPointExtension>
        </extensions>
      </trkpt>
      <trkpt lat="43.26445545069873332977294921875" lon="-109.68161598779261112213134765625">
        <ele>3741.199951171875</ele>
        <time>2017-09-04T15:12:31.000Z</time>
        <extensions>
          <ns3:TrackPointExtension>
            <ns3:atemp>21.0</ns3:atemp>
            <ns3:cad>44</ns3:cad>
          </ns3:TrackPointExtension>
        </extensions>
      </trkpt>
      <trkpt lat="43.2645147107541561126708984375" lon="-109.68162956647574901580810546875">
        <ele>3740.199951171875</ele>
        <time>2017-09-04T15:12:37.000Z</time>
        <extensions>
          <ns3:TrackPointExtension>
            <ns3:atemp>21.0</ns3:atemp>
            <ns3:cad>44</ns3:cad>
          </ns3:TrackPointExtension>
        </extensions>
      </trkpt>
      <trkpt lat="43.26452502049505710601806640625" lon="-109.68163199722766876220703125">
        <ele>3740</ele>
        <time>2017-09-04T15:12:38.000Z</time>
        <extensions>
          <ns3:TrackPointExtension>
            <ns3:atemp>21.0</ns3:atemp>
            <ns3:cad>44</ns3:cad>
          </ns3:TrackPointExtension>
        </extensions>
      </trkpt>
      <trkpt lat="43.2645475678145885467529296875" lon="-109.68163275159895420074462890625">
        <ele>3739.199951171875</ele>
        <time>2017-09-04T15:12:42.000Z</time>
        <extensions>
          <ns3:TrackPointExtension>
            <ns3:atemp>21.0</ns3:atemp>
            <ns3:cad>44</ns3:cad>
          </ns3:TrackPointExtension>
        </extensions>
      </trkpt>
      <trkpt lat="43.26458537019789218902587890625" lon="-109.68165018595755100250244140625">
        <ele>3738.199951171875</ele>
        <time>2017-09-04T15:12:47.000Z</time>
        <extensions>
          <ns3:TrackPointExtension>
            <ns3:atemp>21.0</ns3:atemp>
            <ns3:cad>44</ns3:cad>
          </ns3:TrackPointExtension>
        </extensions>
      </trkpt>
      <trkpt lat="43.2646099291741847991943359375" lon="-109.6816563047468662261962890625">
        <ele>3738</ele>
        <time>2017-09-04T15:12:50.000Z</time>
        <extensions>
          <ns3:TrackPointExtension>
            <ns3:atemp>21.0</ns3:atemp>
            <ns3:cad>0</ns3:cad>
          </ns3:TrackPointExtension>
        </extensions>
      </trkpt>
      <trkpt lat="43.26467840932309627532958984375" lon="-109.68166845850646495819091796875">
        <ele>3737</ele>
        <time>2017-09-04T15:12:57.000Z</time>
        <extensions>
          <ns3:TrackPointExtension>
            <ns3:atemp>21.0</ns3:atemp>
            <ns3:cad>0</ns3:cad>
          </ns3:TrackPointExtension>
        </extensions>
      </trkpt>
      <trkpt lat="43.264737837016582489013671875" lon="-109.6816666983067989349365234375">
        <ele>3736.39990234375</ele>
        <time>2017-09-04T15:13:03.000Z</time>
        <extensions>
          <ns3:TrackPointExtension>
            <ns3:atemp>21.0</ns3:atemp>
            <ns3:cad>68</ns3:cad>
          </ns3:TrackPointExtension>
        </extensions>
      </trkpt>
      <trkpt lat="43.26473507098853588104248046875" lon="-109.68166426755487918853759765625">
        <ele>3736</ele>
        <time>2017-09-04T15:13:10.000Z</time>
        <extensions>
          <ns3:TrackPointExtension>
            <ns3:atemp>21.0</ns3:atemp>
            <ns3:cad>0</ns3:cad>
          </ns3:TrackPointExtension>
        </extensions>
      </trkpt>
      <trkpt lat="43.26481235213577747344970703125" lon="-109.68169678933918476104736328125">
        <ele>3735.60009765625</ele>
        <time>2017-09-04T15:13:36.000Z</time>
        <extensions>
          <ns3:TrackPointExtension>
            <ns3:atemp>20.0</ns3:atemp>
            <ns3:cad>59</ns3:cad>
          </ns3:TrackPointExtension>
        </extensions>
      </trkpt>
      <trkpt lat="43.26489013619720935821533203125" lon="-109.68170181848108768463134765625">
        <ele>3735</ele>
        <time>2017-09-04T15:13:45.000Z</time>
        <extensions>
          <ns3:TrackPointExtension>
            <ns3:atemp>20.0</ns3:atemp>
            <ns3:cad>56</ns3:cad>
          </ns3:TrackPointExtension>
        </extensions>
      </trkpt>
      <trkpt lat="43.2648975960910320281982421875" lon="-109.681698046624660491943359375">
        <ele>3735</ele>
        <time>2017-09-04T15:13:46.000Z</time>
        <extensions>
          <ns3:TrackPointExtension>
            <ns3:atemp>20.0</ns3:atemp>
            <ns3:cad>56</ns3:cad>
          </ns3:TrackPointExtension>
        </extensions>
      </trkpt>
      <trkpt lat="43.26499239541590213775634765625" lon="-109.68171942047774791717529296875">
        <ele>3734.800048828125</ele>
        <time>2017-09-04T15:13:59.000Z</time>
        <extensions>
          <ns3:TrackPointExtension>
            <ns3:atemp>20.0</ns3:atemp>
            <ns3:cad>61</ns3:cad>
          </ns3:TrackPointExtension>
        </extensions>
      </trkpt>
      <trkpt lat="43.26503430493175983428955078125" lon="-109.68171087093651294708251953125">
        <ele>3734.800048828125</ele>
        <time>2017-09-04T15:14:03.000Z</time>
        <extensions>
          <ns3:TrackPointExtension>
            <ns3:atemp>20.0</ns3:atemp>
            <ns3:cad>0</ns3:cad>
          </ns3:TrackPointExtension>
        </extensions>
      </trkpt>
      <trkpt lat="43.26515056192874908447265625" lon="-109.68167357146739959716796875">
        <ele>3735.39990234375</ele>
        <time>2017-09-04T15:14:15.000Z</time>
        <extensions>
          <ns3:TrackPointExtension>
            <ns3:atemp>20.0</ns3:atemp>
            <ns3:cad>61</ns3:cad>
          </ns3:TrackPointExtension>
        </extensions>
      </trkpt>
      <trkpt lat="43.26518886722624301910400390625" lon="-109.68167197890579700469970703125">
        <ele>3736.199951171875</ele>
        <time>2017-09-04T15:14:21.000Z</time>
        <extensions>
          <ns3:TrackPointExtension>
            <ns3:atemp>20.0</ns3:atemp>
            <ns3:cad>61</ns3:cad>
          </ns3:TrackPointExtension>
        </extensions>
      </trkpt>
      <trkpt lat="43.26519305817782878875732421875" lon="-109.68167415820062160491943359375">
        <ele>3736.199951171875</ele>
        <time>2017-09-04T15:14:22.000Z</time>
        <extensions>
          <ns3:TrackPointExtension>
            <ns3:atemp>20.0</ns3:atemp>
            <ns3:cad>61</ns3:cad>
          </ns3:TrackPointExtension>
        </extensions>
      </trkpt>
      <trkpt lat="43.26526296325027942657470703125" lon="-109.6816321648657321929931640625">
        <ele>3737.199951171875</ele>
        <time>2017-09-04T15:14:32.000Z</time>
        <extensions>
          <ns3:TrackPointExtension>
            <ns3:atemp>20.0</ns3:atemp>
            <ns3:cad>0</ns3:cad>
          </ns3:TrackPointExtension>
        </extensions>
      </trkpt>
      <trkpt lat="43.26532431878149509429931640625" lon="-109.6816009841859340667724609375">
        <ele>3738.199951171875</ele>
        <time>2017-09-04T15:14:42.000Z</time>
        <extensions>
          <ns3:TrackPointExtension>
            <ns3:atemp>20.0</ns3:atemp>
            <ns3:cad>0</ns3:cad>
          </ns3:TrackPointExtension>
        </extensions>
      </trkpt>
      <trkpt lat="43.2653998397290706634521484375" lon="-109.681568630039691925048828125">
        <ele>3738.39990234375</ele>
        <time>2017-09-04T15:14:52.000Z</time>
        <extensions>
          <ns3:TrackPointExtension>
            <ns3:atemp>20.0</ns3:atemp>
            <ns3:cad>0</ns3:cad>
          </ns3:TrackPointExtension>
        </extensions>
      </trkpt>
      <trkpt lat="43.26543680392205715179443359375" lon="-109.68159134499728679656982421875">
        <ele>3739.199951171875</ele>
        <time>2017-09-04T15:15:00.000Z</time>
        <extensions>
          <ns3:TrackPointExtension>
            <ns3:atemp>20.0</ns3:atemp>
            <ns3:cad>0</ns3:cad>
          </ns3:TrackPointExtension>
        </extensions>
      </trkpt>
      <trkpt lat="43.2654719240963459014892578125" lon="-109.68156896531581878662109375">
        <ele>3740.39990234375</ele>
        <time>2017-09-04T15:15:06.000Z</time>
        <extensions>
          <ns3:TrackPointExtension>
            <ns3:atemp>20.0</ns3:atemp>
            <ns3:cad>0</ns3:cad>
          </ns3:TrackPointExtension>
        </extensions>
      </trkpt>
      <trkpt lat="43.26551400125026702880859375" lon="-109.6815547160804271697998046875">
        <ele>3741.39990234375</ele>
        <time>2017-09-04T15:15:13.000Z</time>
        <extensions>
          <ns3:TrackPointExtension>
            <ns3:atemp>20.0</ns3:atemp>
            <ns3:cad>0</ns3:cad>
          </ns3:TrackPointExtension>
        </extensions>
      </trkpt>
      <trkpt lat="43.2655751891434192657470703125" lon="-109.68154021538794040679931640625">
        <ele>3742.60009765625</ele>
        <time>2017-09-04T15:15:23.000Z</time>
        <extensions>
          <ns3:TrackPointExtension>
            <ns3:atemp>20.0</ns3:atemp>
            <ns3:cad>61</ns3:cad>
          </ns3:TrackPointExtension>
        </extensions>
      </trkpt>
      <trkpt lat="43.26562975533306598663330078125" lon="-109.681554548442363739013671875">
        <ele>3743.800048828125</ele>
        <time>2017-09-04T15:15:32.000Z</time>
        <extensions>
          <ns3:TrackPointExtension>
            <ns3:atemp>20.0</ns3:atemp>
            <ns3:cad>0</ns3:cad>
          </ns3:TrackPointExtension>
        </extensions>
      </trkpt>
      <trkpt lat="43.2656623609364032745361328125" lon="-109.68153485096991062164306640625">
        <ele>3744.800048828125</ele>
        <time>2017-09-04T15:15:37.000Z</time>
        <extensions>
          <ns3:TrackPointExtension>
            <ns3:atemp>20.0</ns3:atemp>
            <ns3:cad>0</ns3:cad>
          </ns3:TrackPointExtension>
        </extensions>
      </trkpt>
      <trkpt lat="43.2657066173851490020751953125" lon="-109.6815309114754199981689453125">
        <ele>3746</ele>
        <time>2017-09-04T15:15:46.000Z</time>
        <extensions>
          <ns3:TrackPointExtension>
            <ns3:atemp>20.0</ns3:atemp>
            <ns3:cad>0</ns3:cad>
          </ns3:TrackPointExtension>
        </extensions>
      </trkpt>
      <trkpt lat="43.26572866179049015045166015625" lon="-109.6815369464457035064697265625">
        <ele>3747</ele>
        <time>2017-09-04T15:15:53.000Z</time>
        <extensions>
          <ns3:TrackPointExtension>
            <ns3:atemp>20.0</ns3:atemp>
            <ns3:cad>0</ns3:cad>
          </ns3:TrackPointExtension>
        </extensions>
      </trkpt>
      <trkpt lat="43.2657750137150287628173828125" lon="-109.6815104596316814422607421875">
        <ele>3748</ele>
        <time>2017-09-04T15:16:00.000Z</time>
        <extensions>
          <ns3:TrackPointExtension>
            <ns3:atemp>20.0</ns3:atemp>
            <ns3:cad>62</ns3:cad>
          </ns3:TrackPointExtension>
        </extensions>
      </trkpt>
      <trkpt lat="43.26581633649766445159912109375" lon="-109.681514315307140350341796875">
        <ele>3749</ele>
        <time>2017-09-04T15:16:15.000Z</time>
        <extensions>
          <ns3:TrackPointExtension>
            <ns3:atemp>20.0</ns3:atemp>
            <ns3:cad>0</ns3:cad>
          </ns3:TrackPointExtension>
        </extensions>
      </trkpt>
      <trkpt lat="43.26584399677813053131103515625" lon="-109.6814648620784282684326171875">
        <ele>3750.199951171875</ele>
        <time>2017-09-04T15:16:40.000Z</time>
        <extensions>
          <ns3:TrackPointExtension>
            <ns3:atemp>20.0</ns3:atemp>
            <ns3:cad>0</ns3:cad>
          </ns3:TrackPointExtension>
        </extensions>
      </trkpt>
      <trkpt lat="43.26590920798480510711669921875" lon="-109.6814041770994663238525390625">
        <ele>3751.199951171875</ele>
        <time>2017-09-04T15:17:00.000Z</time>
        <extensions>
          <ns3:TrackPointExtension>
            <ns3:atemp>20.0</ns3:atemp>
            <ns3:cad>0</ns3:cad>
          </ns3:TrackPointExtension>
        </extensions>
      </trkpt>
      <trkpt lat="43.26592831872403621673583984375" lon="-109.6813911013305187225341796875">
        <ele>3752.199951171875</ele>
        <time>2017-09-04T15:17:06.000Z</time>
        <extensions>
          <ns3:TrackPointExtension>
            <ns3:atemp>20.0</ns3:atemp>
            <ns3:cad>0</ns3:cad>
          </ns3:TrackPointExtension>
        </extensions>
      </trkpt>
      <trkpt lat="43.26594390906393527984619140625" lon="-109.68132094480097293853759765625">
        <ele>3753.39990234375</ele>
        <time>2017-09-04T15:17:18.000Z</time>
        <extensions>
          <ns3:TrackPointExtension>
            <ns3:atemp>20.0</ns3:atemp>
            <ns3:cad>0</ns3:cad>
          </ns3:TrackPointExtension>
        </extensions>
      </trkpt>
      <trkpt lat="43.26595178805291652679443359375" lon="-109.68127283267676830291748046875">
        <ele>3754.39990234375</ele>
        <time>2017-09-04T15:17:32.000Z</time>
        <extensions>
          <ns3:TrackPointExtension>
            <ns3:atemp>20.0</ns3:atemp>
            <ns3:cad>61</ns3:cad>
          </ns3:TrackPointExtension>
        </extensions>
      </trkpt>
      <trkpt lat="43.2659654505550861358642578125" lon="-109.68125707469880580902099609375">
        <ele>3755.60009765625</ele>
        <time>2017-09-04T15:17:37.000Z</time>
        <extensions>
          <ns3:TrackPointExtension>
            <ns3:atemp>20.0</ns3:atemp>
            <ns3:cad>0</ns3:cad>
          </ns3:TrackPointExtension>
        </extensions>
      </trkpt>
      <trkpt lat="43.26597760431468486785888671875" lon="-109.681234695017337799072265625">
        <ele>3756.800048828125</ele>
        <time>2017-09-04T15:17:59.000Z</time>
        <extensions>
          <ns3:TrackPointExtension>
            <ns3:atemp>21.0</ns3:atemp>
            <ns3:cad>61</ns3:cad>
          </ns3:TrackPointExtension>
        </extensions>
      </trkpt>
      <trkpt lat="43.26598246581852436065673828125" lon="-109.68122698366641998291015625">
        <ele>3758</ele>
        <time>2017-09-04T15:18:03.000Z</time>
        <extensions>
          <ns3:TrackPointExtension>
            <ns3:atemp>21.0</ns3:atemp>
            <ns3:cad>0</ns3:cad>
          </ns3:TrackPointExtension>
        </extensions>
      </trkpt>
      <trkpt lat="43.26598984189331531524658203125" lon="-109.6812157519161701202392578125">
        <ele>3759</ele>
        <time>2017-09-04T15:18:22.000Z</time>
        <extensions>
          <ns3:TrackPointExtension>
            <ns3:atemp>21.0</ns3:atemp>
            <ns3:cad>0</ns3:cad>
          </ns3:TrackPointExtension>
        </extensions>
      </trkpt>
      <trkpt lat="43.26601129956543445587158203125" lon="-109.6811927855014801025390625">
        <ele>3760</ele>
        <time>2017-09-04T15:18:37.000Z</time>
        <extensions>
          <ns3:TrackPointExtension>
            <ns3:atemp>21.0</ns3:atemp>
            <ns3:cad>61</ns3:cad>
          </ns3:TrackPointExtension>
        </extensions>
      </trkpt>
      <trkpt lat="43.26603527180850505828857421875" lon="-109.68117794953286647796630859375">
        <ele>3761.199951171875</ele>
        <time>2017-09-04T15:18:43.000Z</time>
        <extensions>
          <ns3:TrackPointExtension>
            <ns3:atemp>21.0</ns3:atemp>
            <ns3:cad>61</ns3:cad>
          </ns3:TrackPointExtension>
        </extensions>
      </trkpt>
      <trkpt lat="43.266052119433879852294921875" lon="-109.681160934269428253173828125">
        <ele>3762.39990234375</ele>
        <time>2017-09-04T15:18:54.000Z</time>
        <extensions>
          <ns3:TrackPointExtension>
            <ns3:atemp>21.0</ns3:atemp>
            <ns3:cad>61</ns3:cad>
          </ns3:TrackPointExtension>
        </extensions>
      </trkpt>
      <trkpt lat="43.2661367766559123992919921875" lon="-109.68109295703470706939697265625">
        <ele>3763.39990234375</ele>
        <time>2017-09-04T15:19:08.000Z</time>
        <extensions>
          <ns3:TrackPointExtension>
            <ns3:atemp>21.0</ns3:atemp>
            <ns3:cad>0</ns3:cad>
          </ns3:TrackPointExtension>
        </extensions>
      </trkpt>
      <trkpt lat="43.26617290265858173370361328125" lon="-109.6810789592564105987548828125">
        <ele>3764.39990234375</ele>
        <time>2017-09-04T15:19:19.000Z</time>
        <extensions>
          <ns3:TrackPointExtension>
            <ns3:atemp>21.0</ns3:atemp>
            <ns3:cad>0</ns3:cad>
          </ns3:TrackPointExtension>
        </extensions>
      </trkpt>
      <trkpt lat="43.2661766745150089263916015625" lon="-109.68107812106609344482421875">
        <ele>3764.60009765625</ele>
        <time>2017-09-04T15:19:21.000Z</time>
        <extensions>
          <ns3:TrackPointExtension>
            <ns3:atemp>21.0</ns3:atemp>
            <ns3:cad>0</ns3:cad>
          </ns3:TrackPointExtension>
        </extensions>
      </trkpt>
      <trkpt lat="43.26615479774773120880126953125" lon="-109.6810497902333736419677734375">
        <ele>3765.39990234375</ele>
        <time>2017-09-04T15:19:28.000Z</time>
        <extensions>
          <ns3:TrackPointExtension>
            <ns3:atemp>21.0</ns3:atemp>
            <ns3:cad>57</ns3:cad>
          </ns3:TrackPointExtension>
        </extensions>
      </trkpt>
      <trkpt lat="43.266141973435878753662109375" lon="-109.68102707527577877044677734375">
        <ele>3765.60009765625</ele>
        <time>2017-09-04T15:19:30.000Z</time>
        <extensions>
          <ns3:TrackPointExtension>
            <ns3:atemp>21.0</ns3:atemp>
            <ns3:cad>57</ns3:cad>
          </ns3:TrackPointExtension>
        </extensions>
      </trkpt>
      <trkpt lat="43.2661257125437259674072265625" lon="-109.6809969842433929443359375">
        <ele>3764.800048828125</ele>
        <time>2017-09-04T15:19:33.000Z</time>
        <extensions>
          <ns3:TrackPointExtension>
            <ns3:atemp>21.0</ns3:atemp>
            <ns3:cad>57</ns3:cad>
          </ns3:TrackPointExtension>
        </extensions>
      </trkpt>
      <trkpt lat="43.26611758209764957427978515625" lon="-109.6809418313205242156982421875">
        <ele>3764.60009765625</ele>
        <time>2017-09-04T15:19:37.000Z</time>
        <extensions>
          <ns3:TrackPointExtension>
            <ns3:atemp>21.0</ns3:atemp>
            <ns3:cad>61</ns3:cad>
          </ns3:TrackPointExtension>
        </extensions>
      </trkpt>
      <trkpt lat="43.26615236699581146240234375" lon="-109.68086421489715576171875">
        <ele>3764.39990234375</ele>
        <time>2017-09-04T15:19:52.000Z</time>
        <extensions>
          <ns3:TrackPointExtension>
            <ns3:atemp>22.0</ns3:atemp>
            <ns3:cad>0</ns3:cad>
          </ns3:TrackPointExtension>
        </extensions>
      </trkpt>
      <trkpt lat="43.2661351002752780914306640625" lon="-109.68086530454456806182861328125">
        <ele>3763.39990234375</ele>
        <time>2017-09-04T15:20:02.000Z</time>
        <extensions>
          <ns3:TrackPointExtension>
            <ns3:atemp>22.0</ns3:atemp>
            <ns3:cad>61</ns3:cad>
          </ns3:TrackPointExtension>
        </extensions>
      </trkpt>
      <trkpt lat="43.2662308216094970703125" lon="-109.68084703199565410614013671875">
        <ele>3762.199951171875</ele>
        <time>2017-09-04T15:20:20.000Z</time>
        <extensions>
          <ns3:TrackPointExtension>
            <ns3:atemp>22.0</ns3:atemp>
            <ns3:cad>60</ns3:cad>
          </ns3:TrackPointExtension>
        </extensions>
      </trkpt>
      <trkpt lat="43.2662494294345378875732421875" lon="-109.68082440085709095001220703125">
        <ele>3761.199951171875</ele>
        <time>2017-09-04T15:20:33.000Z</time>
        <extensions>
          <ns3:TrackPointExtension>
            <ns3:atemp>22.0</ns3:atemp>
            <ns3:cad>61</ns3:cad>
          </ns3:TrackPointExtension>
        </extensions>
      </trkpt>
      <trkpt lat="43.26622302643954753875732421875" lon="-109.68076924793422222137451171875">
        <ele>3760</ele>
        <time>2017-09-04T15:20:44.000Z</time>
        <extensions>
          <ns3:TrackPointExtension>
            <ns3:atemp>22.0</ns3:atemp>
            <ns3:cad>0</ns3:cad>
          </ns3:TrackPointExtension>
        </extensions>
      </trkpt>
      <trkpt lat="43.266235850751399993896484375" lon="-109.6807530708611011505126953125">
        <ele>3758.800048828125</ele>
        <time>2017-09-04T15:20:48.000Z</time>
        <extensions>
          <ns3:TrackPointExtension>
            <ns3:atemp>22.0</ns3:atemp>
            <ns3:cad>0</ns3:cad>
          </ns3:TrackPointExtension>
        </extensions>
      </trkpt>
      <trkpt lat="43.26628924347460269927978515625" lon="-109.68072474002838134765625">
        <ele>3757.800048828125</ele>
        <time>2017-09-04T15:20:58.000Z</time>
        <extensions>
          <ns3:TrackPointExtension>
            <ns3:atemp>22.0</ns3:atemp>
            <ns3:cad>0</ns3:cad>
          </ns3:TrackPointExtension>
        </extensions>
      </trkpt>
      <trkpt lat="43.2663905806839466094970703125" lon="-109.680717699229717254638671875">
        <ele>3756.800048828125</ele>
        <time>2017-09-04T15:21:10.000Z</time>
        <extensions>
          <ns3:TrackPointExtension>
            <ns3:atemp>22.0</ns3:atemp>
            <ns3:cad>0</ns3:cad>
          </ns3:TrackPointExtension>
        </extensions>
      </trkpt>
      <trkpt lat="43.26639653183519840240478515625" lon="-109.68070504255592823028564453125">
        <ele>3755.60009765625</ele>
        <time>2017-09-04T15:21:16.000Z</time>
        <extensions>
          <ns3:TrackPointExtension>
            <ns3:atemp>22.0</ns3:atemp>
            <ns3:cad>0</ns3:cad>
          </ns3:TrackPointExtension>
        </extensions>
      </trkpt>
      <trkpt lat="43.2663607411086559295654296875" lon="-109.6806940622627735137939453125">
        <ele>3755</ele>
        <time>2017-09-04T15:21:23.000Z</time>
        <extensions>
          <ns3:TrackPointExtension>
            <ns3:atemp>22.0</ns3:atemp>
            <ns3:cad>0</ns3:cad>
          </ns3:TrackPointExtension>
        </extensions>
      </trkpt>
      <trkpt lat="43.26634280383586883544921875" lon="-109.6806729398667812347412109375">
        <ele>3754.60009765625</ele>
        <time>2017-09-04T15:21:35.000Z</time>
        <extensions>
          <ns3:TrackPointExtension>
            <ns3:atemp>22.0</ns3:atemp>
            <ns3:cad>0</ns3:cad>
          </ns3:TrackPointExtension>
        </extensions>
      </trkpt>
      <trkpt lat="43.2663662731647491455078125" lon="-109.68069054186344146728515625">
        <ele>3753.800048828125</ele>
        <time>2017-09-04T15:22:18.000Z</time>
        <extensions>
          <ns3:TrackPointExtension>
            <ns3:atemp>23.0</ns3:atemp>
            <ns3:cad>61</ns3:cad>
          </ns3:TrackPointExtension>
        </extensions>
      </trkpt>
      <trkpt lat="43.2663828693330287933349609375" lon="-109.68064636923372745513916015625">
        <ele>3753.800048828125</ele>
        <time>2017-09-04T15:22:21.000Z</time>
        <extensions>
          <ns3:TrackPointExtension>
            <ns3:atemp>23.0</ns3:atemp>
            <ns3:cad>59</ns3:cad>
          </ns3:TrackPointExtension>
        </extensions>
      </trkpt>
      <trkpt lat="43.26639284379780292510986328125" lon="-109.6806216426193714141845703125">
        <ele>3753.60009765625</ele>
        <time>2017-09-04T15:22:23.000Z</time>
        <extensions>
          <ns3:TrackPointExtension>
            <ns3:atemp>23.0</ns3:atemp>
            <ns3:cad>59</ns3:cad>
          </ns3:TrackPointExtension>
        </extensions>
      </trkpt>
      <trkpt lat="43.2664375193417072296142578125" lon="-109.68058585189282894134521484375">
        <ele>3752.39990234375</ele>
        <time>2017-09-04T15:22:33.000Z</time>
        <extensions>
          <ns3:TrackPointExtension>
            <ns3:atemp>23.0</ns3:atemp>
            <ns3:cad>0</ns3:cad>
          </ns3:TrackPointExtension>
        </extensions>
      </trkpt>
      <trkpt lat="43.26661295257508754730224609375" lon="-109.6805408410727977752685546875">
        <ele>3753</ele>
        <time>2017-09-04T15:22:58.000Z</time>
        <extensions>
          <ns3:TrackPointExtension>
            <ns3:atemp>23.0</ns3:atemp>
            <ns3:cad>0</ns3:cad>
          </ns3:TrackPointExtension>
        </extensions>
      </trkpt>
      <trkpt lat="43.26665637083351612091064453125" lon="-109.68051217496395111083984375">
        <ele>3752.39990234375</ele>
        <time>2017-09-04T15:23:02.000Z</time>
        <extensions>
          <ns3:TrackPointExtension>
            <ns3:atemp>23.0</ns3:atemp>
            <ns3:cad>0</ns3:cad>
          </ns3:TrackPointExtension>
        </extensions>
      </trkpt>
      <trkpt lat="43.26673029921948909759521484375" lon="-109.680486358702182769775390625">
        <ele>3753.60009765625</ele>
        <time>2017-09-04T15:23:16.000Z</time>
        <extensions>
          <ns3:TrackPointExtension>
            <ns3:atemp>23.0</ns3:atemp>
            <ns3:cad>0</ns3:cad>
          </ns3:TrackPointExtension>
        </extensions>
      </trkpt>
      <trkpt lat="43.2667791657149791717529296875" lon="-109.6804640628397464752197265625">
        <ele>3754.800048828125</ele>
        <time>2017-09-04T15:23:37.000Z</time>
        <extensions>
          <ns3:TrackPointExtension>
            <ns3:atemp>23.0</ns3:atemp>
            <ns3:cad>0</ns3:cad>
          </ns3:TrackPointExtension>
        </extensions>
      </trkpt>
      <trkpt lat="43.26678092591464519500732421875" lon="-109.68047194182872772216796875">
        <ele>3755.60009765625</ele>
        <time>2017-09-04T15:23:40.000Z</time>
        <extensions>
          <ns3:TrackPointExtension>
            <ns3:atemp>23.0</ns3:atemp>
            <ns3:cad>0</ns3:cad>
          </ns3:TrackPointExtension>
        </extensions>
      </trkpt>
      <trkpt lat="43.266780674457550048828125" lon="-109.68047269620001316070556640625">
        <ele>3755.800048828125</ele>
        <time>2017-09-04T15:23:42.000Z</time>
        <extensions>
          <ns3:TrackPointExtension>
            <ns3:atemp>23.0</ns3:atemp>
            <ns3:cad>0</ns3:cad>
          </ns3:TrackPointExtension>
        </extensions>
      </trkpt>
      <trkpt lat="43.26681629754602909088134765625" lon="-109.68047906644642353057861328125">
        <ele>3756.800048828125</ele>
        <time>2017-09-04T15:24:00.000Z</time>
        <extensions>
          <ns3:TrackPointExtension>
            <ns3:atemp>23.0</ns3:atemp>
            <ns3:cad>0</ns3:cad>
          </ns3:TrackPointExtension>
        </extensions>
      </trkpt>
      <trkpt lat="43.26683389954268932342529296875" lon="-109.68047755770385265350341796875">
        <ele>3757.800048828125</ele>
        <time>2017-09-04T15:24:25.000Z</time>
        <extensions>
          <ns3:TrackPointExtension>
            <ns3:atemp>23.0</ns3:atemp>
            <ns3:cad>0</ns3:cad>
          </ns3:TrackPointExtension>
        </extensions>
      </trkpt>
      <trkpt lat="43.26686340384185314178466796875" lon="-109.68047806061804294586181640625">
        <ele>3759</ele>
        <time>2017-09-04T15:24:39.000Z</time>
        <extensions>
          <ns3:TrackPointExtension>
            <ns3:atemp>23.0</ns3:atemp>
            <ns3:cad>0</ns3:cad>
          </ns3:TrackPointExtension>
        </extensions>
      </trkpt>
      <trkpt lat="43.26689223758876323699951171875" lon="-109.6804902143776416778564453125">
        <ele>3760</ele>
        <time>2017-09-04T15:24:49.000Z</time>
        <extensions>
          <ns3:TrackPointExtension>
            <ns3:atemp>23.0</ns3:atemp>
            <ns3:cad>0</ns3:cad>
          </ns3:TrackPointExtension>
        </extensions>
      </trkpt>
      <trkpt lat="43.26691470108926296234130859375" lon="-109.680496416985988616943359375">
        <ele>3761</ele>
        <time>2017-09-04T15:24:57.000Z</time>
        <extensions>
          <ns3:TrackPointExtension>
            <ns3:atemp>23.0</ns3:atemp>
            <ns3:cad>0</ns3:cad>
          </ns3:TrackPointExtension>
        </extensions>
      </trkpt>
      <trkpt lat="43.26696197502315044403076171875" lon="-109.68049298040568828582763671875">
        <ele>3762</ele>
        <time>2017-09-04T15:25:06.000Z</time>
        <extensions>
          <ns3:TrackPointExtension>
            <ns3:atemp>24.0</ns3:atemp>
            <ns3:cad>0</ns3:cad>
          </ns3:TrackPointExtension>
        </extensions>
      </trkpt>
      <trkpt lat="43.267059624195098876953125" lon="-109.6805006079375743865966796875">
        <ele>3763.199951171875</ele>
        <time>2017-09-04T15:25:23.000Z</time>
        <extensions>
          <ns3:TrackPointExtension>
            <ns3:atemp>24.0</ns3:atemp>
            <ns3:cad>61</ns3:cad>
          </ns3:TrackPointExtension>
        </extensions>
      </trkpt>
      <trkpt lat="43.2671660743653774261474609375" lon="-109.680509828031063079833984375">
        <ele>3764.199951171875</ele>
        <time>2017-09-04T15:25:39.000Z</time>
        <extensions>
          <ns3:TrackPointExtension>
            <ns3:atemp>24.0</ns3:atemp>
            <ns3:cad>0</ns3:cad>
          </ns3:TrackPointExtension>
        </extensions>
      </trkpt>
      <trkpt lat="43.26731032691895961761474609375" lon="-109.680534303188323974609375">
        <ele>3765.199951171875</ele>
        <time>2017-09-04T15:26:02.000Z</time>
        <extensions>
          <ns3:TrackPointExtension>
            <ns3:atemp>24.0</ns3:atemp>
            <ns3:cad>0</ns3:cad>
          </ns3:TrackPointExtension>
        </extensions>
      </trkpt>
      <trkpt lat="43.267488442361354827880859375" lon="-109.68052684329450130462646484375">
        <ele>3764.39990234375</ele>
        <time>2017-09-04T15:26:38.000Z</time>
        <extensions>
          <ns3:TrackPointExtension>
            <ns3:atemp>24.0</ns3:atemp>
            <ns3:cad>0</ns3:cad>
          </ns3:TrackPointExtension>
        </extensions>
      </trkpt>
      <trkpt lat="43.26749037019908428192138671875" lon="-109.68052349053323268890380859375">
        <ele>3764.199951171875</ele>
        <time>2017-09-04T15:26:39.000Z</time>
        <extensions>
          <ns3:TrackPointExtension>
            <ns3:atemp>24.0</ns3:atemp>
            <ns3:cad>0</ns3:cad>
          </ns3:TrackPointExtension>
        </extensions>
      </trkpt>
      <trkpt lat="43.267456926405429840087890625" lon="-109.68055777251720428466796875">
        <ele>3764</ele>
        <time>2017-09-04T15:28:22.000Z</time>
        <extensions>
          <ns3:TrackPointExtension>
            <ns3:atemp>24.0</ns3:atemp>
            <ns3:cad>0</ns3:cad>
          </ns3:TrackPointExtension>
        </extensions>
      </trkpt>
      <trkpt lat="43.26747025363147258758544921875" lon="-109.68052156269550323486328125">
        <ele>3764</ele>
        <time>2017-09-04T15:29:26.000Z</time>
        <extensions>
          <ns3:TrackPointExtension>
            <ns3:atemp>25.0</ns3:atemp>
            <ns3:cad>0</ns3:cad>
          </ns3:TrackPointExtension>
        </extensions>
      </trkpt>
      <trkpt lat="43.26744242571294307708740234375" lon="-109.6805485524237155914306640625">
        <ele>3764</ele>
        <time>2017-09-04T15:30:36.000Z</time>
        <extensions>
          <ns3:TrackPointExtension>
            <ns3:atemp>26.0</ns3:atemp>
            <ns3:cad>61</ns3:cad>
          </ns3:TrackPointExtension>
        </extensions>
      </trkpt>
      <trkpt lat="43.26752171851694583892822265625" lon="-109.68088039197027683258056640625">
        <ele>3764</ele>
        <time>2017-09-04T15:33:31.000Z</time>
        <extensions>
          <ns3:TrackPointExtension>
            <ns3:atemp>28.0</ns3:atemp>
            <ns3:cad>0</ns3:cad>
          </ns3:TrackPointExtension>
        </extensions>
      </trkpt>
      <trkpt lat="43.2675410807132720947265625" lon="-109.68088542111217975616455078125">
        <ele>3765.39990234375</ele>
        <time>2017-09-04T15:33:33.000Z</time>
        <extensions>
          <ns3:TrackPointExtension>
            <ns3:atemp>28.0</ns3:atemp>
            <ns3:cad>0</ns3:cad>
          </ns3:TrackPointExtension>
        </extensions>
      </trkpt>
      <trkpt lat="43.26754854060709476470947265625" lon="-109.68088776804506778717041015625">
        <ele>3766.800048828125</ele>
        <time>2017-09-04T15:33:34.000Z</time>
        <extensions>
          <ns3:TrackPointExtension>
            <ns3:atemp>28.0</ns3:atemp>
            <ns3:cad>0</ns3:cad>
          </ns3:TrackPointExtension>
        </extensions>
      </trkpt>
      <trkpt lat="43.267639316618442535400390625" lon="-109.6809032745659351348876953125">
        <ele>3767.800048828125</ele>
        <time>2017-09-04T15:33:46.000Z</time>
        <extensions>
          <ns3:TrackPointExtension>
            <ns3:atemp>28.0</ns3:atemp>
            <ns3:cad>61</ns3:cad>
          </ns3:TrackPointExtension>
        </extensions>
      </trkpt>
      <trkpt lat="43.26770913787186145782470703125" lon="-109.68097544275224208831787109375">
        <ele>3768.800048828125</ele>
        <time>2017-09-04T15:34:05.000Z</time>
        <extensions>
          <ns3:TrackPointExtension>
            <ns3:atemp>28.0</ns3:atemp>
            <ns3:cad>61</ns3:cad>
          </ns3:TrackPointExtension>
        </extensions>
      </trkpt>
      <trkpt lat="43.2677207887172698974609375" lon="-109.6809998340904712677001953125">
        <ele>3770.199951171875</ele>
        <time>2017-09-04T15:34:10.000Z</time>
        <extensions>
          <ns3:TrackPointExtension>
            <ns3:atemp>28.0</ns3:atemp>
            <ns3:cad>61</ns3:cad>
          </ns3:TrackPointExtension>
        </extensions>
      </trkpt>
      <trkpt lat="43.26773260720074176788330078125" lon="-109.68104660511016845703125">
        <ele>3771.199951171875</ele>
        <time>2017-09-04T15:34:19.000Z</time>
        <extensions>
          <ns3:TrackPointExtension>
            <ns3:atemp>28.0</ns3:atemp>
            <ns3:cad>0</ns3:cad>
          </ns3:TrackPointExtension>
        </extensions>
      </trkpt>
      <trkpt lat="43.26771735213696956634521484375" lon="-109.68109262175858020782470703125">
        <ele>3772.39990234375</ele>
        <time>2017-09-04T15:34:33.000Z</time>
        <extensions>
          <ns3:TrackPointExtension>
            <ns3:atemp>28.0</ns3:atemp>
            <ns3:cad>0</ns3:cad>
          </ns3:TrackPointExtension>
        </extensions>
      </trkpt>
      <trkpt lat="43.2677115686237812042236328125" lon="-109.68113637529313564300537109375">
        <ele>3773.60009765625</ele>
        <time>2017-09-04T15:34:47.000Z</time>
        <extensions>
          <ns3:TrackPointExtension>
            <ns3:atemp>28.0</ns3:atemp>
            <ns3:cad>61</ns3:cad>
          </ns3:TrackPointExtension>
        </extensions>
      </trkpt>
      <trkpt lat="43.26771902851760387420654296875" lon="-109.68119907192885875701904296875">
        <ele>3774.60009765625</ele>
        <time>2017-09-04T15:34:57.000Z</time>
        <extensions>
          <ns3:TrackPointExtension>
            <ns3:atemp>28.0</ns3:atemp>
            <ns3:cad>61</ns3:cad>
          </ns3:TrackPointExtension>
        </extensions>
      </trkpt>
      <trkpt lat="43.267738558351993560791015625" lon="-109.68122740276157855987548828125">
        <ele>3775</ele>
        <time>2017-09-04T15:35:05.000Z</time>
        <extensions>
          <ns3:TrackPointExtension>
            <ns3:atemp>28.0</ns3:atemp>
            <ns3:cad>60</ns3:cad>
          </ns3:TrackPointExtension>
        </extensions>
      </trkpt>
      <trkpt lat="43.26774886809289455413818359375" lon="-109.681244082748889923095703125">
        <ele>3775.60009765625</ele>
        <time>2017-09-04T15:35:08.000Z</time>
        <extensions>
          <ns3:TrackPointExtension>
            <ns3:atemp>28.0</ns3:atemp>
            <ns3:cad>0</ns3:cad>
          </ns3:TrackPointExtension>
        </extensions>
      </trkpt>
      <trkpt lat="43.2677766121923923492431640625" lon="-109.68127526342868804931640625">
        <ele>3776.60009765625</ele>
        <time>2017-09-04T15:35:17.000Z</time>
        <extensions>
          <ns3:TrackPointExtension>
            <ns3:atemp>28.0</ns3:atemp>
            <ns3:cad>63</ns3:cad>
          </ns3:TrackPointExtension>
        </extensions>
      </trkpt>
      <trkpt lat="43.26779228635132312774658203125" lon="-109.6813210286200046539306640625">
        <ele>3777.800048828125</ele>
        <time>2017-09-04T15:35:30.000Z</time>
        <extensions>
          <ns3:TrackPointExtension>
            <ns3:atemp>28.0</ns3:atemp>
            <ns3:cad>0</ns3:cad>
          </ns3:TrackPointExtension>
        </extensions>
      </trkpt>
      <trkpt lat="43.26781139709055423736572265625" lon="-109.68139587901532649993896484375">
        <ele>3778.800048828125</ele>
        <time>2017-09-04T15:35:43.000Z</time>
        <extensions>
          <ns3:TrackPointExtension>
            <ns3:atemp>28.0</ns3:atemp>
            <ns3:cad>0</ns3:cad>
          </ns3:TrackPointExtension>
        </extensions>
      </trkpt>
      <trkpt lat="43.2678255625069141387939453125" lon="-109.6814078651368618011474609375">
        <ele>3779.800048828125</ele>
        <time>2017-09-04T15:35:47.000Z</time>
        <extensions>
          <ns3:TrackPointExtension>
            <ns3:atemp>28.0</ns3:atemp>
            <ns3:cad>61</ns3:cad>
          </ns3:TrackPointExtension>
        </extensions>
      </trkpt>
      <trkpt lat="43.2678423263132572174072265625" lon="-109.68143175356090068817138671875">
        <ele>3780.800048828125</ele>
        <time>2017-09-04T15:35:55.000Z</time>
        <extensions>
          <ns3:TrackPointExtension>
            <ns3:atemp>28.0</ns3:atemp>
            <ns3:cad>0</ns3:cad>
          </ns3:TrackPointExtension>
        </extensions>
      </trkpt>
      <trkpt lat="43.26787761412560939788818359375" lon="-109.68148439191281795501708984375">
        <ele>3781.800048828125</ele>
        <time>2017-09-04T15:36:05.000Z</time>
        <extensions>
          <ns3:TrackPointExtension>
            <ns3:atemp>28.0</ns3:atemp>
            <ns3:cad>0</ns3:cad>
          </ns3:TrackPointExtension>
        </extensions>
      </trkpt>
      <trkpt lat="43.26790208928287029266357421875" lon="-109.681531749665737152099609375">
        <ele>3783</ele>
        <time>2017-09-04T15:36:13.000Z</time>
        <extensions>
          <ns3:TrackPointExtension>
            <ns3:atemp>28.0</ns3:atemp>
            <ns3:cad>0</ns3:cad>
          </ns3:TrackPointExtension>
        </extensions>
      </trkpt>
      <trkpt lat="43.2679127342998981475830078125" lon="-109.6815550513565540313720703125">
        <ele>3784</ele>
        <time>2017-09-04T15:36:22.000Z</time>
        <extensions>
          <ns3:TrackPointExtension>
            <ns3:atemp>28.0</ns3:atemp>
            <ns3:cad>61</ns3:cad>
          </ns3:TrackPointExtension>
        </extensions>
      </trkpt>
      <trkpt lat="43.26794852502644062042236328125" lon="-109.6815687976777553558349609375">
        <ele>3784</ele>
        <time>2017-09-04T15:36:26.000Z</time>
        <extensions>
          <ns3:TrackPointExtension>
            <ns3:atemp>28.0</ns3:atemp>
            <ns3:cad>61</ns3:cad>
          </ns3:TrackPointExtension>
        </extensions>
      </trkpt>
      <trkpt lat="43.26799211092293262481689453125" lon="-109.681610204279422760009765625">
        <ele>3785.199951171875</ele>
        <time>2017-09-04T15:36:35.000Z</time>
        <extensions>
          <ns3:TrackPointExtension>
            <ns3:atemp>28.0</ns3:atemp>
            <ns3:cad>0</ns3:cad>
          </ns3:TrackPointExtension>
        </extensions>
      </trkpt>
      <trkpt lat="43.26802496798336505889892578125" lon="-109.68164364807307720184326171875">
        <ele>3786.199951171875</ele>
        <time>2017-09-04T15:36:41.000Z</time>
        <extensions>
          <ns3:TrackPointExtension>
            <ns3:atemp>28.0</ns3:atemp>
            <ns3:cad>62</ns3:cad>
          </ns3:TrackPointExtension>
        </extensions>
      </trkpt>
      <trkpt lat="43.26805497519671916961669921875" lon="-109.681669212877750396728515625">
        <ele>3787.199951171875</ele>
        <time>2017-09-04T15:36:48.000Z</time>
        <extensions>
          <ns3:TrackPointExtension>
            <ns3:atemp>28.0</ns3:atemp>
            <ns3:cad>0</ns3:cad>
          </ns3:TrackPointExtension>
        </extensions>
      </trkpt>
      <trkpt lat="43.26807425357401371002197265625" lon="-109.68168756924569606781005859375">
        <ele>3788.39990234375</ele>
        <time>2017-09-04T15:36:54.000Z</time>
        <extensions>
          <ns3:TrackPointExtension>
            <ns3:atemp>28.0</ns3:atemp>
            <ns3:cad>0</ns3:cad>
          </ns3:TrackPointExtension>
        </extensions>
      </trkpt>
      <trkpt lat="43.2681236229836940765380859375" lon="-109.6817116253077983856201171875">
        <ele>3789.39990234375</ele>
        <time>2017-09-04T15:37:07.000Z</time>
        <extensions>
          <ns3:TrackPointExtension>
            <ns3:atemp>28.0</ns3:atemp>
            <ns3:cad>0</ns3:cad>
          </ns3:TrackPointExtension>
        </extensions>
      </trkpt>
      <trkpt lat="43.26813795603811740875244140625" lon="-109.68173014931380748748779296875">
        <ele>3790.39990234375</ele>
        <time>2017-09-04T15:37:18.000Z</time>
        <extensions>
          <ns3:TrackPointExtension>
            <ns3:atemp>28.0</ns3:atemp>
            <ns3:cad>0</ns3:cad>
          </ns3:TrackPointExtension>
        </extensions>
      </trkpt>
      <trkpt lat="43.2681759260594844818115234375" lon="-109.68175965361297130584716796875">
        <ele>3791.60009765625</ele>
        <time>2017-09-04T15:37:28.000Z</time>
        <extensions>
          <ns3:TrackPointExtension>
            <ns3:atemp>28.0</ns3:atemp>
            <ns3:cad>0</ns3:cad>
          </ns3:TrackPointExtension>
        </extensions>
      </trkpt>
      <trkpt lat="43.26819746755063533782958984375" lon="-109.6818269602954387664794921875">
        <ele>3792.800048828125</ele>
        <time>2017-09-04T15:37:44.000Z</time>
        <extensions>
          <ns3:TrackPointExtension>
            <ns3:atemp>27.0</ns3:atemp>
            <ns3:cad>61</ns3:cad>
          </ns3:TrackPointExtension>
        </extensions>
      </trkpt>
      <trkpt lat="43.2682138122618198394775390625" lon="-109.68189124949276447296142578125">
        <ele>3793.800048828125</ele>
        <time>2017-09-04T15:37:56.000Z</time>
        <extensions>
          <ns3:TrackPointExtension>
            <ns3:atemp>27.0</ns3:atemp>
            <ns3:cad>0</ns3:cad>
          </ns3:TrackPointExtension>
        </extensions>
      </trkpt>
      <trkpt lat="43.26822705566883087158203125" lon="-109.68194774352014064788818359375">
        <ele>3795</ele>
        <time>2017-09-04T15:38:04.000Z</time>
        <extensions>
          <ns3:TrackPointExtension>
            <ns3:atemp>27.0</ns3:atemp>
            <ns3:cad>0</ns3:cad>
          </ns3:TrackPointExtension>
        </extensions>
      </trkpt>
      <trkpt lat="43.26824658550322055816650390625" lon="-109.6820120327174663543701171875">
        <ele>3796</ele>
        <time>2017-09-04T15:38:14.000Z</time>
        <extensions>
          <ns3:TrackPointExtension>
            <ns3:atemp>27.0</ns3:atemp>
            <ns3:cad>0</ns3:cad>
          </ns3:TrackPointExtension>
        </extensions>
      </trkpt>
      <trkpt lat="43.26829419471323490142822265625" lon="-109.68204162083566188812255859375">
        <ele>3797</ele>
        <time>2017-09-04T15:38:25.000Z</time>
        <extensions>
          <ns3:TrackPointExtension>
            <ns3:atemp>27.0</ns3:atemp>
            <ns3:cad>63</ns3:cad>
          </ns3:TrackPointExtension>
        </extensions>
      </trkpt>
      <trkpt lat="43.26835940591990947723388671875" lon="-109.6820683591067790985107421875">
        <ele>3798</ele>
        <time>2017-09-04T15:38:35.000Z</time>
        <extensions>
          <ns3:TrackPointExtension>
            <ns3:atemp>27.0</ns3:atemp>
            <ns3:cad>0</ns3:cad>
          </ns3:TrackPointExtension>
        </extensions>
      </trkpt>
      <trkpt lat="43.268442638218402862548828125" lon="-109.6820713765919208526611328125">
        <ele>3799.199951171875</ele>
        <time>2017-09-04T15:38:48.000Z</time>
        <extensions>
          <ns3:TrackPointExtension>
            <ns3:atemp>27.0</ns3:atemp>
            <ns3:cad>0</ns3:cad>
          </ns3:TrackPointExtension>
        </extensions>
      </trkpt>
      <trkpt lat="43.268486224114894866943359375" lon="-109.6821350790560245513916015625">
        <ele>3800.39990234375</ele>
        <time>2017-09-04T15:39:05.000Z</time>
        <extensions>
          <ns3:TrackPointExtension>
            <ns3:atemp>27.0</ns3:atemp>
            <ns3:cad>0</ns3:cad>
          </ns3:TrackPointExtension>
        </extensions>
      </trkpt>
      <trkpt lat="43.2685075141489505767822265625" lon="-109.68220942653715610504150390625">
        <ele>3801.39990234375</ele>
        <time>2017-09-04T15:39:15.000Z</time>
        <extensions>
          <ns3:TrackPointExtension>
            <ns3:atemp>27.0</ns3:atemp>
            <ns3:cad>0</ns3:cad>
          </ns3:TrackPointExtension>
        </extensions>
      </trkpt>
      <trkpt lat="43.268519081175327301025390625" lon="-109.682256616652011871337890625">
        <ele>3802.39990234375</ele>
        <time>2017-09-04T15:39:23.000Z</time>
        <extensions>
          <ns3:TrackPointExtension>
            <ns3:atemp>27.0</ns3:atemp>
            <ns3:cad>61</ns3:cad>
          </ns3:TrackPointExtension>
        </extensions>
      </trkpt>
      <trkpt lat="43.268555961549282073974609375" lon="-109.6823007054626941680908203125">
        <ele>3803.39990234375</ele>
        <time>2017-09-04T15:39:32.000Z</time>
        <extensions>
          <ns3:TrackPointExtension>
            <ns3:atemp>27.0</ns3:atemp>
            <ns3:cad>0</ns3:cad>
          </ns3:TrackPointExtension>
        </extensions>
      </trkpt>
      <trkpt lat="43.26861404813826084136962890625" lon="-109.68232861720025539398193359375">
        <ele>3804.60009765625</ele>
        <time>2017-09-04T15:39:44.000Z</time>
        <extensions>
          <ns3:TrackPointExtension>
            <ns3:atemp>27.0</ns3:atemp>
            <ns3:cad>0</ns3:cad>
          </ns3:TrackPointExtension>
        </extensions>
      </trkpt>
      <trkpt lat="43.2686640881001949310302734375" lon="-109.68234387226402759552001953125">
        <ele>3805.60009765625</ele>
        <time>2017-09-04T15:39:58.000Z</time>
        <extensions>
          <ns3:TrackPointExtension>
            <ns3:atemp>27.0</ns3:atemp>
            <ns3:cad>0</ns3:cad>
          </ns3:TrackPointExtension>
        </extensions>
      </trkpt>
      <trkpt lat="43.268669284880161285400390625" lon="-109.682466499507427215576171875">
        <ele>3806.800048828125</ele>
        <time>2017-09-04T15:40:29.000Z</time>
        <extensions>
          <ns3:TrackPointExtension>
            <ns3:atemp>27.0</ns3:atemp>
            <ns3:cad>61</ns3:cad>
          </ns3:TrackPointExtension>
        </extensions>
      </trkpt>
      <trkpt lat="43.268669284880161285400390625" lon="-109.68252324499189853668212890625">
        <ele>3807.800048828125</ele>
        <time>2017-09-04T15:40:36.000Z</time>
        <extensions>
          <ns3:TrackPointExtension>
            <ns3:atemp>27.0</ns3:atemp>
            <ns3:cad>0</ns3:cad>
          </ns3:TrackPointExtension>
        </extensions>
      </trkpt>
      <trkpt lat="43.26868110336363315582275390625" lon="-109.68255056999623775482177734375">
        <ele>3809</ele>
        <time>2017-09-04T15:40:50.000Z</time>
        <extensions>
          <ns3:TrackPointExtension>
            <ns3:atemp>27.0</ns3:atemp>
            <ns3:cad>63</ns3:cad>
          </ns3:TrackPointExtension>
        </extensions>
      </trkpt>
      <trkpt lat="43.268709518015384674072265625" lon="-109.682604968547821044921875">
        <ele>3810.39990234375</ele>
        <time>2017-09-04T15:40:58.000Z</time>
        <extensions>
          <ns3:TrackPointExtension>
            <ns3:atemp>27.0</ns3:atemp>
            <ns3:cad>0</ns3:cad>
          </ns3:TrackPointExtension>
        </extensions>
      </trkpt>
      <trkpt lat="43.2687536068260669708251953125" lon="-109.68256548978388309478759765625">
        <ele>3811.39990234375</ele>
        <time>2017-09-04T15:41:03.000Z</time>
        <extensions>
          <ns3:TrackPointExtension>
            <ns3:atemp>27.0</ns3:atemp>
            <ns3:cad>0</ns3:cad>
          </ns3:TrackPointExtension>
        </extensions>
      </trkpt>
      <trkpt lat="43.2688287086784839630126953125" lon="-109.682515449821949005126953125">
        <ele>3812.60009765625</ele>
        <time>2017-09-04T15:41:15.000Z</time>
        <extensions>
          <ns3:TrackPointExtension>
            <ns3:atemp>27.0</ns3:atemp>
            <ns3:cad>0</ns3:cad>
          </ns3:TrackPointExtension>
        </extensions>
      </trkpt>
      <trkpt lat="43.26885494403541088104248046875" lon="-109.68248871155083179473876953125">
        <ele>3813.60009765625</ele>
        <time>2017-09-04T15:41:21.000Z</time>
        <extensions>
          <ns3:TrackPointExtension>
            <ns3:atemp>27.0</ns3:atemp>
            <ns3:cad>61</ns3:cad>
          </ns3:TrackPointExtension>
        </extensions>
      </trkpt>
      <trkpt lat="43.26894144527614116668701171875" lon="-109.68247664161026477813720703125">
        <ele>3814.60009765625</ele>
        <time>2017-09-04T15:41:33.000Z</time>
        <extensions>
          <ns3:TrackPointExtension>
            <ns3:atemp>27.0</ns3:atemp>
            <ns3:cad>0</ns3:cad>
          </ns3:TrackPointExtension>
        </extensions>
      </trkpt>
      <trkpt lat="43.2689668424427509307861328125" lon="-109.6825112588703632354736328125">
        <ele>3815.800048828125</ele>
        <time>2017-09-04T15:41:43.000Z</time>
        <extensions>
          <ns3:TrackPointExtension>
            <ns3:atemp>27.0</ns3:atemp>
            <ns3:cad>40</ns3:cad>
          </ns3:TrackPointExtension>
        </extensions>
      </trkpt>
      <trkpt lat="43.2690281979739665985107421875" lon="-109.6825209818780422210693359375">
        <ele>3816.800048828125</ele>
        <time>2017-09-04T15:41:54.000Z</time>
        <extensions>
          <ns3:TrackPointExtension>
            <ns3:atemp>27.0</ns3:atemp>
            <ns3:cad>61</ns3:cad>
          </ns3:TrackPointExtension>
        </extensions>
      </trkpt>
      <trkpt lat="43.26919491402804851531982421875" lon="-109.68249742873013019561767578125">
        <ele>3817.60009765625</ele>
        <time>2017-09-04T15:42:19.000Z</time>
        <extensions>
          <ns3:TrackPointExtension>
            <ns3:atemp>27.0</ns3:atemp>
            <ns3:cad>0</ns3:cad>
          </ns3:TrackPointExtension>
        </extensions>
      </trkpt>
      <trkpt lat="43.269199691712856292724609375" lon="-109.682496003806591033935546875">
        <ele>3817.800048828125</ele>
        <time>2017-09-04T15:42:20.000Z</time>
        <extensions>
          <ns3:TrackPointExtension>
            <ns3:atemp>27.0</ns3:atemp>
            <ns3:cad>0</ns3:cad>
          </ns3:TrackPointExtension>
        </extensions>
      </trkpt>
      <trkpt lat="43.26923824846744537353515625" lon="-109.6825038827955722808837890625">
        <ele>3818.800048828125</ele>
        <time>2017-09-04T15:42:30.000Z</time>
        <extensions>
          <ns3:TrackPointExtension>
            <ns3:atemp>27.0</ns3:atemp>
            <ns3:cad>63</ns3:cad>
          </ns3:TrackPointExtension>
        </extensions>
      </trkpt>
      <trkpt lat="43.26937663368880748748779296875" lon="-109.68236113898456096649169921875">
        <ele>3818.800048828125</ele>
        <time>2017-09-04T15:42:58.000Z</time>
        <extensions>
          <ns3:TrackPointExtension>
            <ns3:atemp>27.0</ns3:atemp>
            <ns3:cad>61</ns3:cad>
          </ns3:TrackPointExtension>
        </extensions>
      </trkpt>
      <trkpt lat="43.26942332088947296142578125" lon="-109.68226005323231220245361328125">
        <ele>3817.60009765625</ele>
        <time>2017-09-04T15:43:22.000Z</time>
        <extensions>
          <ns3:TrackPointExtension>
            <ns3:atemp>27.0</ns3:atemp>
            <ns3:cad>0</ns3:cad>
          </ns3:TrackPointExtension>
        </extensions>
      </trkpt>
      <trkpt lat="43.26949649490416049957275390625" lon="-109.68203977681696414947509765625">
        <ele>3816.60009765625</ele>
        <time>2017-09-04T15:43:48.000Z</time>
        <extensions>
          <ns3:TrackPointExtension>
            <ns3:atemp>27.0</ns3:atemp>
            <ns3:cad>0</ns3:cad>
          </ns3:TrackPointExtension>
        </extensions>
      </trkpt>
      <trkpt lat="43.26949766837060451507568359375" lon="-109.6820298023521900177001953125">
        <ele>3816.60009765625</ele>
        <time>2017-09-04T15:43:49.000Z</time>
        <extensions>
          <ns3:TrackPointExtension>
            <ns3:atemp>27.0</ns3:atemp>
            <ns3:cad>0</ns3:cad>
          </ns3:TrackPointExtension>
        </extensions>
      </trkpt>
      <trkpt lat="43.26953060925006866455078125" lon="-109.681894518435001373291015625">
        <ele>3815.60009765625</ele>
        <time>2017-09-04T15:44:32.000Z</time>
        <extensions>
          <ns3:TrackPointExtension>
            <ns3:atemp>27.0</ns3:atemp>
            <ns3:cad>0</ns3:cad>
          </ns3:TrackPointExtension>
        </extensions>
      </trkpt>
      <trkpt lat="43.2695324532687664031982421875" lon="-109.6818863041698932647705078125">
        <ele>3815.60009765625</ele>
        <time>2017-09-04T15:44:33.000Z</time>
        <extensions>
          <ns3:TrackPointExtension>
            <ns3:atemp>27.0</ns3:atemp>
            <ns3:cad>0</ns3:cad>
          </ns3:TrackPointExtension>
        </extensions>
      </trkpt>
      <trkpt lat="43.26951493509113788604736328125" lon="-109.68173794448375701904296875">
        <ele>3815.39990234375</ele>
        <time>2017-09-04T15:44:50.000Z</time>
        <extensions>
          <ns3:TrackPointExtension>
            <ns3:atemp>27.0</ns3:atemp>
            <ns3:cad>0</ns3:cad>
          </ns3:TrackPointExtension>
        </extensions>
      </trkpt>
      <trkpt lat="43.26950957067310810089111328125" lon="-109.6817200072109699249267578125">
        <ele>3815</ele>
        <time>2017-09-04T15:44:52.000Z</time>
        <extensions>
          <ns3:TrackPointExtension>
            <ns3:atemp>27.0</ns3:atemp>
            <ns3:cad>49</ns3:cad>
          </ns3:TrackPointExtension>
        </extensions>
      </trkpt>
      <trkpt lat="43.269514851272106170654296875" lon="-109.681698381900787353515625">
        <ele>3814.60009765625</ele>
        <time>2017-09-04T15:44:54.000Z</time>
        <extensions>
          <ns3:TrackPointExtension>
            <ns3:atemp>27.0</ns3:atemp>
            <ns3:cad>61</ns3:cad>
          </ns3:TrackPointExtension>
        </extensions>
      </trkpt>
      <trkpt lat="43.26951946131885051727294921875" lon="-109.68167566694319248199462890625">
        <ele>3814.199951171875</ele>
        <time>2017-09-04T15:44:56.000Z</time>
        <extensions>
          <ns3:TrackPointExtension>
            <ns3:atemp>27.0</ns3:atemp>
            <ns3:cad>61</ns3:cad>
          </ns3:TrackPointExtension>
        </extensions>
      </trkpt>
      <trkpt lat="43.26952214352786540985107421875" lon="-109.681649096310138702392578125">
        <ele>3814</ele>
        <time>2017-09-04T15:44:59.000Z</time>
        <extensions>
          <ns3:TrackPointExtension>
            <ns3:atemp>27.0</ns3:atemp>
            <ns3:cad>61</ns3:cad>
          </ns3:TrackPointExtension>
        </extensions>
      </trkpt>
      <trkpt lat="43.26951812021434307098388671875" lon="-109.68161397613584995269775390625">
        <ele>3814</ele>
        <time>2017-09-04T15:45:03.000Z</time>
        <extensions>
          <ns3:TrackPointExtension>
            <ns3:atemp>27.0</ns3:atemp>
            <ns3:cad>61</ns3:cad>
          </ns3:TrackPointExtension>
        </extensions>
      </trkpt>
      <trkpt lat="43.26954041607677936553955078125" lon="-109.68153946101665496826171875">
        <ele>3813.60009765625</ele>
        <time>2017-09-04T15:45:12.000Z</time>
        <extensions>
          <ns3:TrackPointExtension>
            <ns3:atemp>27.0</ns3:atemp>
            <ns3:cad>0</ns3:cad>
          </ns3:TrackPointExtension>
        </extensions>
      </trkpt>
      <trkpt lat="43.26964133419096469879150390625" lon="-109.6814172528684139251708984375">
        <ele>3814.60009765625</ele>
        <time>2017-09-04T15:45:34.000Z</time>
        <extensions>
          <ns3:TrackPointExtension>
            <ns3:atemp>28.0</ns3:atemp>
            <ns3:cad>61</ns3:cad>
          </ns3:TrackPointExtension>
        </extensions>
      </trkpt>
      <trkpt lat="43.2696984149515628814697265625" lon="-109.6813280694186687469482421875">
        <ele>3815.60009765625</ele>
        <time>2017-09-04T15:45:52.000Z</time>
        <extensions>
          <ns3:TrackPointExtension>
            <ns3:atemp>28.0</ns3:atemp>
            <ns3:cad>60</ns3:cad>
          </ns3:TrackPointExtension>
        </extensions>
      </trkpt>
      <trkpt lat="43.26973420567810535430908203125" lon="-109.6812864951789379119873046875">
        <ele>3816.60009765625</ele>
        <time>2017-09-04T15:45:58.000Z</time>
        <extensions>
          <ns3:TrackPointExtension>
            <ns3:atemp>28.0</ns3:atemp>
            <ns3:cad>60</ns3:cad>
          </ns3:TrackPointExtension>
        </extensions>
      </trkpt>
      <trkpt lat="43.26979841105639934539794921875" lon="-109.68123377300798892974853515625">
        <ele>3817.800048828125</ele>
        <time>2017-09-04T15:46:11.000Z</time>
        <extensions>
          <ns3:TrackPointExtension>
            <ns3:atemp>28.0</ns3:atemp>
            <ns3:cad>61</ns3:cad>
          </ns3:TrackPointExtension>
        </extensions>
      </trkpt>
      <trkpt lat="43.269832022488117218017578125" lon="-109.68123494647443294525146484375">
        <ele>3818.800048828125</ele>
        <time>2017-09-04T15:46:16.000Z</time>
        <extensions>
          <ns3:TrackPointExtension>
            <ns3:atemp>28.0</ns3:atemp>
            <ns3:cad>0</ns3:cad>
          </ns3:TrackPointExtension>
        </extensions>
      </trkpt>
      <trkpt lat="43.269980214536190032958984375" lon="-109.6811064518988132476806640625">
        <ele>3819.39990234375</ele>
        <time>2017-09-04T15:46:50.000Z</time>
        <extensions>
          <ns3:TrackPointExtension>
            <ns3:atemp>28.0</ns3:atemp>
            <ns3:cad>61</ns3:cad>
          </ns3:TrackPointExtension>
        </extensions>
      </trkpt>
      <trkpt lat="43.27005070634186267852783203125" lon="-109.68108952045440673828125">
        <ele>3819.199951171875</ele>
        <time>2017-09-04T15:46:56.000Z</time>
        <extensions>
          <ns3:TrackPointExtension>
            <ns3:atemp>28.0</ns3:atemp>
            <ns3:cad>61</ns3:cad>
          </ns3:TrackPointExtension>
        </extensions>
      </trkpt>
      <trkpt lat="43.2701091282069683074951171875" lon="-109.6810786239802837371826171875">
        <ele>3819.199951171875</ele>
        <time>2017-09-04T15:47:02.000Z</time>
        <extensions>
          <ns3:TrackPointExtension>
            <ns3:atemp>28.0</ns3:atemp>
            <ns3:cad>0</ns3:cad>
          </ns3:TrackPointExtension>
        </extensions>
      </trkpt>
      <trkpt lat="43.27012949623167514801025390625" lon="-109.68102984130382537841796875">
        <ele>3818.800048828125</ele>
        <time>2017-09-04T15:47:08.000Z</time>
        <extensions>
          <ns3:TrackPointExtension>
            <ns3:atemp>28.0</ns3:atemp>
            <ns3:cad>61</ns3:cad>
          </ns3:TrackPointExtension>
        </extensions>
      </trkpt>
      <trkpt lat="43.27012497000396251678466796875" lon="-109.6809770353138446807861328125">
        <ele>3818.199951171875</ele>
        <time>2017-09-04T15:47:13.000Z</time>
        <extensions>
          <ns3:TrackPointExtension>
            <ns3:atemp>28.0</ns3:atemp>
            <ns3:cad>45</ns3:cad>
          </ns3:TrackPointExtension>
        </extensions>
      </trkpt>
      <trkpt lat="43.270139805972576141357421875" lon="-109.6809485368430614471435546875">
        <ele>3817.60009765625</ele>
        <time>2017-09-04T15:47:16.000Z</time>
        <extensions>
          <ns3:TrackPointExtension>
            <ns3:atemp>28.0</ns3:atemp>
            <ns3:cad>45</ns3:cad>
          </ns3:TrackPointExtension>
        </extensions>
      </trkpt>
      <trkpt lat="43.27018464915454387664794921875" lon="-109.68091048300266265869140625">
        <ele>3816.60009765625</ele>
        <time>2017-09-04T15:47:21.000Z</time>
        <extensions>
          <ns3:TrackPointExtension>
            <ns3:atemp>28.0</ns3:atemp>
            <ns3:cad>45</ns3:cad>
          </ns3:TrackPointExtension>
        </extensions>
      </trkpt>
      <trkpt lat="43.27028640545904636383056640625" lon="-109.68085004948079586029052734375">
        <ele>3817.39990234375</ele>
        <time>2017-09-04T15:47:34.000Z</time>
        <extensions>
          <ns3:TrackPointExtension>
            <ns3:atemp>28.0</ns3:atemp>
            <ns3:cad>0</ns3:cad>
          </ns3:TrackPointExtension>
        </extensions>
      </trkpt>
      <trkpt lat="43.2703401334583759307861328125" lon="-109.68079891987144947052001953125">
        <ele>3816.39990234375</ele>
        <time>2017-09-04T15:47:44.000Z</time>
        <extensions>
          <ns3:TrackPointExtension>
            <ns3:atemp>28.0</ns3:atemp>
            <ns3:cad>61</ns3:cad>
          </ns3:TrackPointExtension>
        </extensions>
      </trkpt>
      <trkpt lat="43.27041297219693660736083984375" lon="-109.68071443028748035430908203125">
        <ele>3816</ele>
        <time>2017-09-04T15:47:54.000Z</time>
        <extensions>
          <ns3:TrackPointExtension>
            <ns3:atemp>28.0</ns3:atemp>
            <ns3:cad>78</ns3:cad>
          </ns3:TrackPointExtension>
        </extensions>
      </trkpt>
      <trkpt lat="43.270444236695766448974609375" lon="-109.68068827874958515167236328125">
        <ele>3815.60009765625</ele>
        <time>2017-09-04T15:47:59.000Z</time>
        <extensions>
          <ns3:TrackPointExtension>
            <ns3:atemp>28.0</ns3:atemp>
            <ns3:cad>61</ns3:cad>
          </ns3:TrackPointExtension>
        </extensions>
      </trkpt>
      <trkpt lat="43.2704480923712253570556640625" lon="-109.6806836687028408050537109375">
        <ele>3815.60009765625</ele>
        <time>2017-09-04T15:48:00.000Z</time>
        <extensions>
          <ns3:TrackPointExtension>
            <ns3:atemp>28.0</ns3:atemp>
            <ns3:cad>61</ns3:cad>
          </ns3:TrackPointExtension>
        </extensions>
      </trkpt>
      <trkpt lat="43.27047072350978851318359375" lon="-109.6806605346500873565673828125">
        <ele>3815.199951171875</ele>
        <time>2017-09-04T15:48:03.000Z</time>
        <extensions>
          <ns3:TrackPointExtension>
            <ns3:atemp>28.0</ns3:atemp>
            <ns3:cad>61</ns3:cad>
          </ns3:TrackPointExtension>
        </extensions>
      </trkpt>
      <trkpt lat="43.27053241431713104248046875" lon="-109.68059406615793704986572265625">
        <ele>3814.60009765625</ele>
        <time>2017-09-04T15:48:12.000Z</time>
        <extensions>
          <ns3:TrackPointExtension>
            <ns3:atemp>28.0</ns3:atemp>
            <ns3:cad>61</ns3:cad>
          </ns3:TrackPointExtension>
        </extensions>
      </trkpt>
      <trkpt lat="43.2705476693809032440185546875" lon="-109.68059021048247814178466796875">
        <ele>3814.39990234375</ele>
        <time>2017-09-04T15:48:13.000Z</time>
        <extensions>
          <ns3:TrackPointExtension>
            <ns3:atemp>28.0</ns3:atemp>
            <ns3:cad>61</ns3:cad>
          </ns3:TrackPointExtension>
        </extensions>
      </trkpt>
      <trkpt lat="43.2706509344279766082763671875" lon="-109.6805274300277233123779296875">
        <ele>3813.800048828125</ele>
        <time>2017-09-04T15:48:25.000Z</time>
        <extensions>
          <ns3:TrackPointExtension>
            <ns3:atemp>28.0</ns3:atemp>
            <ns3:cad>61</ns3:cad>
          </ns3:TrackPointExtension>
        </extensions>
      </trkpt>
      <trkpt lat="43.270676247775554656982421875" lon="-109.68049767427146434783935546875">
        <ele>3813.39990234375</ele>
        <time>2017-09-04T15:48:29.000Z</time>
        <extensions>
          <ns3:TrackPointExtension>
            <ns3:atemp>28.0</ns3:atemp>
            <ns3:cad>0</ns3:cad>
          </ns3:TrackPointExtension>
        </extensions>
      </trkpt>
      <trkpt lat="43.27073098160326480865478515625" lon="-109.6804580278694629669189453125">
        <ele>3813.199951171875</ele>
        <time>2017-09-04T15:48:36.000Z</time>
        <extensions>
          <ns3:TrackPointExtension>
            <ns3:atemp>27.0</ns3:atemp>
            <ns3:cad>0</ns3:cad>
          </ns3:TrackPointExtension>
        </extensions>
      </trkpt>
      <trkpt lat="43.2708048261702060699462890625" lon="-109.6803735382854938507080078125">
        <ele>3812.39990234375</ele>
        <time>2017-09-04T15:48:45.000Z</time>
        <extensions>
          <ns3:TrackPointExtension>
            <ns3:atemp>27.0</ns3:atemp>
            <ns3:cad>41</ns3:cad>
          </ns3:TrackPointExtension>
        </extensions>
      </trkpt>
      <trkpt lat="43.27084220945835113525390625" lon="-109.68029382638633251190185546875">
        <ele>3811.60009765625</ele>
        <time>2017-09-04T15:48:54.000Z</time>
        <extensions>
          <ns3:TrackPointExtension>
            <ns3:atemp>27.0</ns3:atemp>
            <ns3:cad>0</ns3:cad>
          </ns3:TrackPointExtension>
        </extensions>
      </trkpt>
      <trkpt lat="43.27085536904633045196533203125" lon="-109.68026868067681789398193359375">
        <ele>3811.199951171875</ele>
        <time>2017-09-04T15:48:56.000Z</time>
        <extensions>
          <ns3:TrackPointExtension>
            <ns3:atemp>27.0</ns3:atemp>
            <ns3:cad>0</ns3:cad>
          </ns3:TrackPointExtension>
        </extensions>
      </trkpt>
      <trkpt lat="43.27086995355784893035888671875" lon="-109.680248312652111053466796875">
        <ele>3811</ele>
        <time>2017-09-04T15:48:58.000Z</time>
        <extensions>
          <ns3:TrackPointExtension>
            <ns3:atemp>27.0</ns3:atemp>
            <ns3:cad>0</ns3:cad>
          </ns3:TrackPointExtension>
        </extensions>
      </trkpt>
      <trkpt lat="43.27091303654015064239501953125" lon="-109.68019056133925914764404296875">
        <ele>3810.199951171875</ele>
        <time>2017-09-04T15:49:05.000Z</time>
        <extensions>
          <ns3:TrackPointExtension>
            <ns3:atemp>27.0</ns3:atemp>
            <ns3:cad>61</ns3:cad>
          </ns3:TrackPointExtension>
        </extensions>
      </trkpt>
      <trkpt lat="43.27091907151043415069580078125" lon="-109.6801827661693096160888671875">
        <ele>3810</ele>
        <time>2017-09-04T15:49:06.000Z</time>
        <extensions>
          <ns3:TrackPointExtension>
            <ns3:atemp>27.0</ns3:atemp>
            <ns3:cad>61</ns3:cad>
          </ns3:TrackPointExtension>
        </extensions>
      </trkpt>
      <trkpt lat="43.27094941399991512298583984375" lon="-109.68015217222273349761962890625">
        <ele>3809.60009765625</ele>
        <time>2017-09-04T15:49:11.000Z</time>
        <extensions>
          <ns3:TrackPointExtension>
            <ns3:atemp>27.0</ns3:atemp>
            <ns3:cad>61</ns3:cad>
          </ns3:TrackPointExtension>
        </extensions>
      </trkpt>
      <trkpt lat="43.2709768228232860565185546875" lon="-109.68013440258800983428955078125">
        <ele>3809.60009765625</ele>
        <time>2017-09-04T15:49:14.000Z</time>
        <extensions>
          <ns3:TrackPointExtension>
            <ns3:atemp>27.0</ns3:atemp>
            <ns3:cad>61</ns3:cad>
          </ns3:TrackPointExtension>
        </extensions>
      </trkpt>
      <trkpt lat="43.271056115627288818359375" lon="-109.68009752221405506134033203125">
        <ele>3809.60009765625</ele>
        <time>2017-09-04T15:49:22.000Z</time>
        <extensions>
          <ns3:TrackPointExtension>
            <ns3:atemp>27.0</ns3:atemp>
            <ns3:cad>61</ns3:cad>
          </ns3:TrackPointExtension>
        </extensions>
      </trkpt>
      <trkpt lat="43.27111537568271160125732421875" lon="-109.68007497489452362060546875">
        <ele>3809.39990234375</ele>
        <time>2017-09-04T15:49:27.000Z</time>
        <extensions>
          <ns3:TrackPointExtension>
            <ns3:atemp>27.0</ns3:atemp>
            <ns3:cad>49</ns3:cad>
          </ns3:TrackPointExtension>
        </extensions>
      </trkpt>
      <trkpt lat="43.27119835652410984039306640625" lon="-109.68003046698868274688720703125">
        <ele>3810.199951171875</ele>
        <time>2017-09-04T15:49:54.000Z</time>
        <extensions>
          <ns3:TrackPointExtension>
            <ns3:atemp>26.0</ns3:atemp>
            <ns3:cad>63</ns3:cad>
          </ns3:TrackPointExtension>
        </extensions>
      </trkpt>
      <trkpt lat="43.27130648307502269744873046875" lon="-109.68000465072691440582275390625">
        <ele>3811.199951171875</ele>
        <time>2017-09-04T15:50:07.000Z</time>
        <extensions>
          <ns3:TrackPointExtension>
            <ns3:atemp>26.0</ns3:atemp>
            <ns3:cad>63</ns3:cad>
          </ns3:TrackPointExtension>
        </extensions>
      </trkpt>
      <trkpt lat="43.27132500708103179931640625" lon="-109.6799685247242450714111328125">
        <ele>3811.60009765625</ele>
        <time>2017-09-04T15:50:12.000Z</time>
        <extensions>
          <ns3:TrackPointExtension>
            <ns3:atemp>26.0</ns3:atemp>
            <ns3:cad>63</ns3:cad>
          </ns3:TrackPointExtension>
        </extensions>
      </trkpt>
      <trkpt lat="43.27136255800724029541015625" lon="-109.67993893660604953765869140625">
        <ele>3812.39990234375</ele>
        <time>2017-09-04T15:50:18.000Z</time>
        <extensions>
          <ns3:TrackPointExtension>
            <ns3:atemp>26.0</ns3:atemp>
            <ns3:cad>46</ns3:cad>
          </ns3:TrackPointExtension>
        </extensions>
      </trkpt>
      <trkpt lat="43.271372951567173004150390625" lon="-109.6799118630588054656982421875">
        <ele>3812.60009765625</ele>
        <time>2017-09-04T15:50:20.000Z</time>
        <extensions>
          <ns3:TrackPointExtension>
            <ns3:atemp>26.0</ns3:atemp>
            <ns3:cad>44</ns3:cad>
          </ns3:TrackPointExtension>
        </extensions>
      </trkpt>
      <trkpt lat="43.27138527296483516693115234375" lon="-109.67987305484712123870849609375">
        <ele>3813</ele>
        <time>2017-09-04T15:50:23.000Z</time>
        <extensions>
          <ns3:TrackPointExtension>
            <ns3:atemp>26.0</ns3:atemp>
            <ns3:cad>44</ns3:cad>
          </ns3:TrackPointExtension>
        </extensions>
      </trkpt>
      <trkpt lat="43.271392397582530975341796875" lon="-109.67983181588351726531982421875">
        <ele>3813.199951171875</ele>
        <time>2017-09-04T15:50:26.000Z</time>
        <extensions>
          <ns3:TrackPointExtension>
            <ns3:atemp>26.0</ns3:atemp>
            <ns3:cad>44</ns3:cad>
          </ns3:TrackPointExtension>
        </extensions>
      </trkpt>
      <trkpt lat="43.271361552178859710693359375" lon="-109.67972092330455780029296875">
        <ele>3812.60009765625</ele>
        <time>2017-09-04T15:50:34.000Z</time>
        <extensions>
          <ns3:TrackPointExtension>
            <ns3:atemp>26.0</ns3:atemp>
            <ns3:cad>53</ns3:cad>
          </ns3:TrackPointExtension>
        </extensions>
      </trkpt>
      <trkpt lat="43.2713509909808635711669921875" lon="-109.6796773374080657958984375">
        <ele>3812.199951171875</ele>
        <time>2017-09-04T15:50:37.000Z</time>
        <extensions>
          <ns3:TrackPointExtension>
            <ns3:atemp>26.0</ns3:atemp>
            <ns3:cad>49</ns3:cad>
          </ns3:TrackPointExtension>
        </extensions>
      </trkpt>
      <trkpt lat="43.271344117820262908935546875" lon="-109.6796478331089019775390625">
        <ele>3812</ele>
        <time>2017-09-04T15:50:40.000Z</time>
        <extensions>
          <ns3:TrackPointExtension>
            <ns3:atemp>26.0</ns3:atemp>
            <ns3:cad>56</ns3:cad>
          </ns3:TrackPointExtension>
        </extensions>
      </trkpt>
      <trkpt lat="43.27135317027568817138671875" lon="-109.6796034090220928192138671875">
        <ele>3811.60009765625</ele>
        <time>2017-09-04T15:50:44.000Z</time>
        <extensions>
          <ns3:TrackPointExtension>
            <ns3:atemp>26.0</ns3:atemp>
            <ns3:cad>48</ns3:cad>
          </ns3:TrackPointExtension>
        </extensions>
      </trkpt>
      <trkpt lat="43.271356858313083648681640625" lon="-109.67956812120974063873291015625">
        <ele>3811.39990234375</ele>
        <time>2017-09-04T15:50:47.000Z</time>
        <extensions>
          <ns3:TrackPointExtension>
            <ns3:atemp>26.0</ns3:atemp>
            <ns3:cad>46</ns3:cad>
          </ns3:TrackPointExtension>
        </extensions>
      </trkpt>
      <trkpt lat="43.271381668746471405029296875" lon="-109.67938371933996677398681640625">
        <ele>3811.199951171875</ele>
        <time>2017-09-04T15:51:00.000Z</time>
        <extensions>
          <ns3:TrackPointExtension>
            <ns3:atemp>26.0</ns3:atemp>
            <ns3:cad>46</ns3:cad>
          </ns3:TrackPointExtension>
        </extensions>
      </trkpt>
      <trkpt lat="43.27139197848737239837646484375" lon="-109.67930383980274200439453125">
        <ele>3810.199951171875</ele>
        <time>2017-09-04T15:51:04.000Z</time>
        <extensions>
          <ns3:TrackPointExtension>
            <ns3:atemp>26.0</ns3:atemp>
            <ns3:cad>46</ns3:cad>
          </ns3:TrackPointExtension>
        </extensions>
      </trkpt>
      <trkpt lat="43.2713751308619976043701171875" lon="-109.67919210903346538543701171875">
        <ele>3809.39990234375</ele>
        <time>2017-09-04T15:51:12.000Z</time>
        <extensions>
          <ns3:TrackPointExtension>
            <ns3:atemp>26.0</ns3:atemp>
            <ns3:cad>51</ns3:cad>
          </ns3:TrackPointExtension>
        </extensions>
      </trkpt>
      <trkpt lat="43.27137529850006103515625" lon="-109.6791829727590084075927734375">
        <ele>3809.199951171875</ele>
        <time>2017-09-04T15:51:13.000Z</time>
        <extensions>
          <ns3:TrackPointExtension>
            <ns3:atemp>26.0</ns3:atemp>
            <ns3:cad>51</ns3:cad>
          </ns3:TrackPointExtension>
        </extensions>
      </trkpt>
      <trkpt lat="43.27137462794780731201171875" lon="-109.67917232774198055267333984375">
        <ele>3809</ele>
        <time>2017-09-04T15:51:14.000Z</time>
        <extensions>
          <ns3:TrackPointExtension>
            <ns3:atemp>26.0</ns3:atemp>
            <ns3:cad>51</ns3:cad>
          </ns3:TrackPointExtension>
        </extensions>
      </trkpt>
      <trkpt lat="43.271355517208576202392578125" lon="-109.67912941239774227142333984375">
        <ele>3808.39990234375</ele>
        <time>2017-09-04T15:51:19.000Z</time>
        <extensions>
          <ns3:TrackPointExtension>
            <ns3:atemp>26.0</ns3:atemp>
            <ns3:cad>51</ns3:cad>
          </ns3:TrackPointExtension>
        </extensions>
      </trkpt>
      <trkpt lat="43.27133934013545513153076171875" lon="-109.679123461246490478515625">
        <ele>3808</ele>
        <time>2017-09-04T15:51:22.000Z</time>
        <extensions>
          <ns3:TrackPointExtension>
            <ns3:atemp>26.0</ns3:atemp>
            <ns3:cad>0</ns3:cad>
          </ns3:TrackPointExtension>
        </extensions>
      </trkpt>
      <trkpt lat="43.27131939120590686798095703125" lon="-109.67909923754632472991943359375">
        <ele>3807</ele>
        <time>2017-09-04T15:51:27.000Z</time>
        <extensions>
          <ns3:TrackPointExtension>
            <ns3:atemp>27.0</ns3:atemp>
            <ns3:cad>54</ns3:cad>
          </ns3:TrackPointExtension>
        </extensions>
      </trkpt>
      <trkpt lat="43.2712976820766925811767578125" lon="-109.67905984260141849517822265625">
        <ele>3805.800048828125</ele>
        <time>2017-09-04T15:51:33.000Z</time>
        <extensions>
          <ns3:TrackPointExtension>
            <ns3:atemp>27.0</ns3:atemp>
            <ns3:cad>54</ns3:cad>
          </ns3:TrackPointExtension>
        </extensions>
      </trkpt>
      <trkpt lat="43.27129374258220195770263671875" lon="-109.6789948828518390655517578125">
        <ele>3804.60009765625</ele>
        <time>2017-09-04T15:51:38.000Z</time>
        <extensions>
          <ns3:TrackPointExtension>
            <ns3:atemp>27.0</ns3:atemp>
            <ns3:cad>54</ns3:cad>
          </ns3:TrackPointExtension>
        </extensions>
      </trkpt>
      <trkpt lat="43.27129223383963108062744140625" lon="-109.67890963889658451080322265625">
        <ele>3803.60009765625</ele>
        <time>2017-09-04T15:51:45.000Z</time>
        <extensions>
          <ns3:TrackPointExtension>
            <ns3:atemp>27.0</ns3:atemp>
            <ns3:cad>48</ns3:cad>
          </ns3:TrackPointExtension>
        </extensions>
      </trkpt>
      <trkpt lat="43.271275050938129425048828125" lon="-109.67882280237972736358642578125">
        <ele>3802.39990234375</ele>
        <time>2017-09-04T15:52:15.000Z</time>
        <extensions>
          <ns3:TrackPointExtension>
            <ns3:atemp>27.0</ns3:atemp>
            <ns3:cad>0</ns3:cad>
          </ns3:TrackPointExtension>
        </extensions>
      </trkpt>
      <trkpt lat="43.2712685130536556243896484375" lon="-109.6787920407950878143310546875">
        <ele>3801.199951171875</ele>
        <time>2017-09-04T15:52:21.000Z</time>
        <extensions>
          <ns3:TrackPointExtension>
            <ns3:atemp>27.0</ns3:atemp>
            <ns3:cad>63</ns3:cad>
          </ns3:TrackPointExtension>
        </extensions>
      </trkpt>
      <trkpt lat="43.271271698176860809326171875" lon="-109.67876597307622432708740234375">
        <ele>3801.199951171875</ele>
        <time>2017-09-04T15:52:23.000Z</time>
        <extensions>
          <ns3:TrackPointExtension>
            <ns3:atemp>27.0</ns3:atemp>
            <ns3:cad>63</ns3:cad>
          </ns3:TrackPointExtension>
        </extensions>
      </trkpt>
      <trkpt lat="43.2712693512439727783203125" lon="-109.67873395420610904693603515625">
        <ele>3801.199951171875</ele>
        <time>2017-09-04T15:52:25.000Z</time>
        <extensions>
          <ns3:TrackPointExtension>
            <ns3:atemp>27.0</ns3:atemp>
            <ns3:cad>63</ns3:cad>
          </ns3:TrackPointExtension>
        </extensions>
      </trkpt>
      <trkpt lat="43.27126088552176952362060546875" lon="-109.67870034277439117431640625">
        <ele>3801.199951171875</ele>
        <time>2017-09-04T15:52:27.000Z</time>
        <extensions>
          <ns3:TrackPointExtension>
            <ns3:atemp>27.0</ns3:atemp>
            <ns3:cad>63</ns3:cad>
          </ns3:TrackPointExtension>
        </extensions>
      </trkpt>
      <trkpt lat="43.27126457355916500091552734375" lon="-109.67852734029293060302734375">
        <ele>3800.199951171875</ele>
        <time>2017-09-04T15:52:40.000Z</time>
        <extensions>
          <ns3:TrackPointExtension>
            <ns3:atemp>27.0</ns3:atemp>
            <ns3:cad>52</ns3:cad>
          </ns3:TrackPointExtension>
        </extensions>
      </trkpt>
      <trkpt lat="43.2712827622890472412109375" lon="-109.67829532921314239501953125">
        <ele>3799.60009765625</ele>
        <time>2017-09-04T15:52:58.000Z</time>
        <extensions>
          <ns3:TrackPointExtension>
            <ns3:atemp>27.0</ns3:atemp>
            <ns3:cad>61</ns3:cad>
          </ns3:TrackPointExtension>
        </extensions>
      </trkpt>
      <trkpt lat="43.27126608230173587799072265625" lon="-109.67827211134135723114013671875">
        <ele>3799.60009765625</ele>
        <time>2017-09-04T15:53:01.000Z</time>
        <extensions>
          <ns3:TrackPointExtension>
            <ns3:atemp>27.0</ns3:atemp>
            <ns3:cad>46</ns3:cad>
          </ns3:TrackPointExtension>
        </extensions>
      </trkpt>
      <trkpt lat="43.27125904150307178497314453125" lon="-109.6782384999096393585205078125">
        <ele>3799.39990234375</ele>
        <time>2017-09-04T15:53:04.000Z</time>
        <extensions>
          <ns3:TrackPointExtension>
            <ns3:atemp>27.0</ns3:atemp>
            <ns3:cad>46</ns3:cad>
          </ns3:TrackPointExtension>
        </extensions>
      </trkpt>
      <trkpt lat="43.2712581194937229156494140625" lon="-109.67822131700813770294189453125">
        <ele>3799</ele>
        <time>2017-09-04T15:53:05.000Z</time>
        <extensions>
          <ns3:TrackPointExtension>
            <ns3:atemp>27.0</ns3:atemp>
            <ns3:cad>46</ns3:cad>
          </ns3:TrackPointExtension>
        </extensions>
      </trkpt>
      <trkpt lat="43.27125887386500835418701171875" lon="-109.67820354737341403961181640625">
        <ele>3798.60009765625</ele>
        <time>2017-09-04T15:53:06.000Z</time>
        <extensions>
          <ns3:TrackPointExtension>
            <ns3:atemp>27.0</ns3:atemp>
            <ns3:cad>46</ns3:cad>
          </ns3:TrackPointExtension>
        </extensions>
      </trkpt>
      <trkpt lat="43.27126692049205303192138671875" lon="-109.678178317844867706298828125">
        <ele>3798.199951171875</ele>
        <time>2017-09-04T15:53:08.000Z</time>
        <extensions>
          <ns3:TrackPointExtension>
            <ns3:atemp>27.0</ns3:atemp>
            <ns3:cad>46</ns3:cad>
          </ns3:TrackPointExtension>
        </extensions>
      </trkpt>
      <trkpt lat="43.271271027624607086181640625" lon="-109.67816918157041072845458984375">
        <ele>3798</ele>
        <time>2017-09-04T15:53:09.000Z</time>
        <extensions>
          <ns3:TrackPointExtension>
            <ns3:atemp>27.0</ns3:atemp>
            <ns3:cad>46</ns3:cad>
          </ns3:TrackPointExtension>
        </extensions>
      </trkpt>
      <trkpt lat="43.271388709545135498046875" lon="-109.677977152168750762939453125">
        <ele>3797.800048828125</ele>
        <time>2017-09-04T15:53:24.000Z</time>
        <extensions>
          <ns3:TrackPointExtension>
            <ns3:atemp>27.0</ns3:atemp>
            <ns3:cad>52</ns3:cad>
          </ns3:TrackPointExtension>
        </extensions>
      </trkpt>
      <trkpt lat="43.27149054966866970062255859375" lon="-109.67791504226624965667724609375">
        <ele>3797.39990234375</ele>
        <time>2017-09-04T15:53:57.000Z</time>
        <extensions>
          <ns3:TrackPointExtension>
            <ns3:atemp>27.0</ns3:atemp>
            <ns3:cad>61</ns3:cad>
          </ns3:TrackPointExtension>
        </extensions>
      </trkpt>
      <trkpt lat="43.27158593572676181793212890625" lon="-109.67782602645456790924072265625">
        <ele>3799</ele>
        <time>2017-09-04T15:54:12.000Z</time>
        <extensions>
          <ns3:TrackPointExtension>
            <ns3:atemp>27.0</ns3:atemp>
            <ns3:cad>61</ns3:cad>
          </ns3:TrackPointExtension>
        </extensions>
      </trkpt>
      <trkpt lat="43.2715967483818531036376953125" lon="-109.6778173930943012237548828125">
        <ele>3799.39990234375</ele>
        <time>2017-09-04T15:54:14.000Z</time>
        <extensions>
          <ns3:TrackPointExtension>
            <ns3:atemp>27.0</ns3:atemp>
            <ns3:cad>69</ns3:cad>
          </ns3:TrackPointExtension>
        </extensions>
      </trkpt>
      <trkpt lat="43.27161007560789585113525390625" lon="-109.6777878887951374053955078125">
        <ele>3800</ele>
        <time>2017-09-04T15:54:18.000Z</time>
        <extensions>
          <ns3:TrackPointExtension>
            <ns3:atemp>27.0</ns3:atemp>
            <ns3:cad>0</ns3:cad>
          </ns3:TrackPointExtension>
        </extensions>
      </trkpt>
      <trkpt lat="43.27161292545497417449951171875" lon="-109.677764587104320526123046875">
        <ele>3800.39990234375</ele>
        <time>2017-09-04T15:54:20.000Z</time>
        <extensions>
          <ns3:TrackPointExtension>
            <ns3:atemp>27.0</ns3:atemp>
            <ns3:cad>62</ns3:cad>
          </ns3:TrackPointExtension>
        </extensions>
      </trkpt>
      <trkpt lat="43.2716218940913677215576171875" lon="-109.6777436323463916778564453125">
        <ele>3800.60009765625</ele>
        <time>2017-09-04T15:54:22.000Z</time>
        <extensions>
          <ns3:TrackPointExtension>
            <ns3:atemp>27.0</ns3:atemp>
            <ns3:cad>61</ns3:cad>
          </ns3:TrackPointExtension>
        </extensions>
      </trkpt>
      <trkpt lat="43.27162834815680980682373046875" lon="-109.67771102674305438995361328125">
        <ele>3800.60009765625</ele>
        <time>2017-09-04T15:54:25.000Z</time>
        <extensions>
          <ns3:TrackPointExtension>
            <ns3:atemp>27.0</ns3:atemp>
            <ns3:cad>0</ns3:cad>
          </ns3:TrackPointExtension>
        </extensions>
      </trkpt>
      <trkpt lat="43.2716393284499645233154296875" lon="-109.67767917551100254058837890625">
        <ele>3800.800048828125</ele>
        <time>2017-09-04T15:54:28.000Z</time>
        <extensions>
          <ns3:TrackPointExtension>
            <ns3:atemp>27.0</ns3:atemp>
            <ns3:cad>0</ns3:cad>
          </ns3:TrackPointExtension>
        </extensions>
      </trkpt>
      <trkpt lat="43.27163639478385448455810546875" lon="-109.67766140587627887725830078125">
        <ele>3800.60009765625</ele>
        <time>2017-09-04T15:54:30.000Z</time>
        <extensions>
          <ns3:TrackPointExtension>
            <ns3:atemp>27.0</ns3:atemp>
            <ns3:cad>0</ns3:cad>
          </ns3:TrackPointExtension>
        </extensions>
      </trkpt>
      <trkpt lat="43.2716394960880279541015625" lon="-109.67763684689998626708984375">
        <ele>3800.60009765625</ele>
        <time>2017-09-04T15:54:32.000Z</time>
        <extensions>
          <ns3:TrackPointExtension>
            <ns3:atemp>27.0</ns3:atemp>
            <ns3:cad>0</ns3:cad>
          </ns3:TrackPointExtension>
        </extensions>
      </trkpt>
      <trkpt lat="43.27164712361991405487060546875" lon="-109.67761228792369365692138671875">
        <ele>3800.60009765625</ele>
        <time>2017-09-04T15:54:34.000Z</time>
        <extensions>
          <ns3:TrackPointExtension>
            <ns3:atemp>27.0</ns3:atemp>
            <ns3:cad>0</ns3:cad>
          </ns3:TrackPointExtension>
        </extensions>
      </trkpt>
      <trkpt lat="43.27164611779153347015380859375" lon="-109.6775605715811252593994140625">
        <ele>3800.800048828125</ele>
        <time>2017-09-04T15:54:39.000Z</time>
        <extensions>
          <ns3:TrackPointExtension>
            <ns3:atemp>27.0</ns3:atemp>
            <ns3:cad>61</ns3:cad>
          </ns3:TrackPointExtension>
        </extensions>
      </trkpt>
      <trkpt lat="43.271651901304721832275390625" lon="-109.677529893815517425537109375">
        <ele>3801</ele>
        <time>2017-09-04T15:54:42.000Z</time>
        <extensions>
          <ns3:TrackPointExtension>
            <ns3:atemp>27.0</ns3:atemp>
            <ns3:cad>61</ns3:cad>
          </ns3:TrackPointExtension>
        </extensions>
      </trkpt>
      <trkpt lat="43.27167570590972900390625" lon="-109.67747348360717296600341796875">
        <ele>3800.800048828125</ele>
        <time>2017-09-04T15:54:48.000Z</time>
        <extensions>
          <ns3:TrackPointExtension>
            <ns3:atemp>27.0</ns3:atemp>
            <ns3:cad>0</ns3:cad>
          </ns3:TrackPointExtension>
        </extensions>
      </trkpt>
      <trkpt lat="43.27170143835246562957763671875" lon="-109.6774445660412311553955078125">
        <ele>3800.800048828125</ele>
        <time>2017-09-04T15:54:52.000Z</time>
        <extensions>
          <ns3:TrackPointExtension>
            <ns3:atemp>27.0</ns3:atemp>
            <ns3:cad>63</ns3:cad>
          </ns3:TrackPointExtension>
        </extensions>
      </trkpt>
      <trkpt lat="43.27172054909169673919677734375" lon="-109.67735479585826396942138671875">
        <ele>3799</ele>
        <time>2017-09-04T15:55:08.000Z</time>
        <extensions>
          <ns3:TrackPointExtension>
            <ns3:atemp>27.0</ns3:atemp>
            <ns3:cad>62</ns3:cad>
          </ns3:TrackPointExtension>
        </extensions>
      </trkpt>
      <trkpt lat="43.27174133621156215667724609375" lon="-109.67726762406527996063232421875">
        <ele>3798</ele>
        <time>2017-09-04T15:55:16.000Z</time>
        <extensions>
          <ns3:TrackPointExtension>
            <ns3:atemp>27.0</ns3:atemp>
            <ns3:cad>47</ns3:cad>
          </ns3:TrackPointExtension>
        </extensions>
      </trkpt>
      <trkpt lat="43.2717402465641498565673828125" lon="-109.67724784277379512786865234375">
        <ele>3797.60009765625</ele>
        <time>2017-09-04T15:55:18.000Z</time>
        <extensions>
          <ns3:TrackPointExtension>
            <ns3:atemp>27.0</ns3:atemp>
            <ns3:cad>47</ns3:cad>
          </ns3:TrackPointExtension>
        </extensions>
      </trkpt>
      <trkpt lat="43.271753154695034027099609375" lon="-109.677216075360774993896484375">
        <ele>3796.60009765625</ele>
        <time>2017-09-04T15:55:21.000Z</time>
        <extensions>
          <ns3:TrackPointExtension>
            <ns3:atemp>27.0</ns3:atemp>
            <ns3:cad>47</ns3:cad>
          </ns3:TrackPointExtension>
        </extensions>
      </trkpt>
      <trkpt lat="43.27176447026431560516357421875" lon="-109.6772061847150325775146484375">
        <ele>3795.39990234375</ele>
        <time>2017-09-04T15:55:23.000Z</time>
        <extensions>
          <ns3:TrackPointExtension>
            <ns3:atemp>27.0</ns3:atemp>
            <ns3:cad>47</ns3:cad>
          </ns3:TrackPointExtension>
        </extensions>
      </trkpt>
      <trkpt lat="43.27177603729069232940673828125" lon="-109.67703175731003284454345703125">
        <ele>3794.199951171875</ele>
        <time>2017-09-04T15:55:45.000Z</time>
        <extensions>
          <ns3:TrackPointExtension>
            <ns3:atemp>27.0</ns3:atemp>
            <ns3:cad>43</ns3:cad>
          </ns3:TrackPointExtension>
        </extensions>
      </trkpt>
      <trkpt lat="43.27175625599920749664306640625" lon="-109.67696688137948513031005859375">
        <ele>3793.199951171875</ele>
        <time>2017-09-04T15:55:58.000Z</time>
        <extensions>
          <ns3:TrackPointExtension>
            <ns3:atemp>27.0</ns3:atemp>
            <ns3:cad>0</ns3:cad>
          </ns3:TrackPointExtension>
        </extensions>
      </trkpt>
      <trkpt lat="43.27179229818284511566162109375" lon="-109.67691474594175815582275390625">
        <ele>3792.199951171875</ele>
        <time>2017-09-04T15:56:07.000Z</time>
        <extensions>
          <ns3:TrackPointExtension>
            <ns3:atemp>27.0</ns3:atemp>
            <ns3:cad>63</ns3:cad>
          </ns3:TrackPointExtension>
        </extensions>
      </trkpt>
      <trkpt lat="43.27181526459753513336181640625" lon="-109.67682438902556896209716796875">
        <ele>3791</ele>
        <time>2017-09-04T15:56:16.000Z</time>
        <extensions>
          <ns3:TrackPointExtension>
            <ns3:atemp>27.0</ns3:atemp>
            <ns3:cad>63</ns3:cad>
          </ns3:TrackPointExtension>
        </extensions>
      </trkpt>
      <trkpt lat="43.271844349801540374755859375" lon="-109.6767260693013668060302734375">
        <ele>3790</ele>
        <time>2017-09-04T15:56:24.000Z</time>
        <extensions>
          <ns3:TrackPointExtension>
            <ns3:atemp>27.0</ns3:atemp>
            <ns3:cad>63</ns3:cad>
          </ns3:TrackPointExtension>
        </extensions>
      </trkpt>
      <trkpt lat="43.2718592695891857147216796875" lon="-109.6766979061067104339599609375">
        <ele>3788.800048828125</ele>
        <time>2017-09-04T15:56:32.000Z</time>
        <extensions>
          <ns3:TrackPointExtension>
            <ns3:atemp>27.0</ns3:atemp>
            <ns3:cad>61</ns3:cad>
          </ns3:TrackPointExtension>
        </extensions>
      </trkpt>
      <trkpt lat="43.27187209390103816986083984375" lon="-109.6766295097768306732177734375">
        <ele>3787.800048828125</ele>
        <time>2017-09-04T15:56:41.000Z</time>
        <extensions>
          <ns3:TrackPointExtension>
            <ns3:atemp>27.0</ns3:atemp>
            <ns3:cad>0</ns3:cad>
          </ns3:TrackPointExtension>
        </extensions>
      </trkpt>
      <trkpt lat="43.2718669809401035308837890625" lon="-109.67657695524394512176513671875">
        <ele>3786.800048828125</ele>
        <time>2017-09-04T15:56:56.000Z</time>
        <extensions>
          <ns3:TrackPointExtension>
            <ns3:atemp>27.0</ns3:atemp>
            <ns3:cad>61</ns3:cad>
          </ns3:TrackPointExtension>
        </extensions>
      </trkpt>
      <trkpt lat="43.27186102978885173797607421875" lon="-109.67653940431773662567138671875">
        <ele>3785.60009765625</ele>
        <time>2017-09-04T15:57:04.000Z</time>
        <extensions>
          <ns3:TrackPointExtension>
            <ns3:atemp>28.0</ns3:atemp>
            <ns3:cad>0</ns3:cad>
          </ns3:TrackPointExtension>
        </extensions>
      </trkpt>
      <trkpt lat="43.2719052024185657501220703125" lon="-109.676475785672664642333984375">
        <ele>3785.39990234375</ele>
        <time>2017-09-04T15:57:18.000Z</time>
        <extensions>
          <ns3:TrackPointExtension>
            <ns3:atemp>28.0</ns3:atemp>
            <ns3:cad>61</ns3:cad>
          </ns3:TrackPointExtension>
        </extensions>
      </trkpt>
      <trkpt lat="43.27194459736347198486328125" lon="-109.6764481253921985626220703125">
        <ele>3784.60009765625</ele>
        <time>2017-09-04T15:57:27.000Z</time>
        <extensions>
          <ns3:TrackPointExtension>
            <ns3:atemp>28.0</ns3:atemp>
            <ns3:cad>0</ns3:cad>
          </ns3:TrackPointExtension>
        </extensions>
      </trkpt>
      <trkpt lat="43.27195574529469013214111328125" lon="-109.67641434632241725921630859375">
        <ele>3784.60009765625</ele>
        <time>2017-09-04T15:57:30.000Z</time>
        <extensions>
          <ns3:TrackPointExtension>
            <ns3:atemp>28.0</ns3:atemp>
            <ns3:cad>0</ns3:cad>
          </ns3:TrackPointExtension>
        </extensions>
      </trkpt>
      <trkpt lat="43.27206068672239780426025390625" lon="-109.67628040350973606109619140625">
        <ele>3784.39990234375</ele>
        <time>2017-09-04T15:58:06.000Z</time>
        <extensions>
          <ns3:TrackPointExtension>
            <ns3:atemp>28.0</ns3:atemp>
            <ns3:cad>61</ns3:cad>
          </ns3:TrackPointExtension>
        </extensions>
      </trkpt>
      <trkpt lat="43.272064961493015289306640625" lon="-109.67620664276182651519775390625">
        <ele>3783.800048828125</ele>
        <time>2017-09-04T15:58:14.000Z</time>
        <extensions>
          <ns3:TrackPointExtension>
            <ns3:atemp>28.0</ns3:atemp>
            <ns3:cad>0</ns3:cad>
          </ns3:TrackPointExtension>
        </extensions>
      </trkpt>
      <trkpt lat="43.27206085436046123504638671875" lon="-109.67619784176349639892578125">
        <ele>3783.60009765625</ele>
        <time>2017-09-04T15:58:15.000Z</time>
        <extensions>
          <ns3:TrackPointExtension>
            <ns3:atemp>28.0</ns3:atemp>
            <ns3:cad>0</ns3:cad>
          </ns3:TrackPointExtension>
        </extensions>
      </trkpt>
      <trkpt lat="43.27207108028233051300048828125" lon="-109.67614444904029369354248046875">
        <ele>3782.39990234375</ele>
        <time>2017-09-04T15:58:21.000Z</time>
        <extensions>
          <ns3:TrackPointExtension>
            <ns3:atemp>28.0</ns3:atemp>
            <ns3:cad>0</ns3:cad>
          </ns3:TrackPointExtension>
        </extensions>
      </trkpt>
      <trkpt lat="43.272103182971477508544921875" lon="-109.6760417707264423370361328125">
        <ele>3781.39990234375</ele>
        <time>2017-09-04T15:58:35.000Z</time>
        <extensions>
          <ns3:TrackPointExtension>
            <ns3:atemp>28.0</ns3:atemp>
            <ns3:cad>0</ns3:cad>
          </ns3:TrackPointExtension>
        </extensions>
      </trkpt>
      <trkpt lat="43.27211801894009113311767578125" lon="-109.67599173076450824737548828125">
        <ele>3780.199951171875</ele>
        <time>2017-09-04T15:58:40.000Z</time>
        <extensions>
          <ns3:TrackPointExtension>
            <ns3:atemp>28.0</ns3:atemp>
            <ns3:cad>43</ns3:cad>
          </ns3:TrackPointExtension>
        </extensions>
      </trkpt>
      <trkpt lat="43.2721412368118762969970703125" lon="-109.6759450435638427734375">
        <ele>3779.199951171875</ele>
        <time>2017-09-04T15:58:46.000Z</time>
        <extensions>
          <ns3:TrackPointExtension>
            <ns3:atemp>28.0</ns3:atemp>
            <ns3:cad>45</ns3:cad>
          </ns3:TrackPointExtension>
        </extensions>
      </trkpt>
      <trkpt lat="43.272235281765460968017578125" lon="-109.67582392506301403045654296875">
        <ele>3778.199951171875</ele>
        <time>2017-09-04T15:59:13.000Z</time>
        <extensions>
          <ns3:TrackPointExtension>
            <ns3:atemp>28.0</ns3:atemp>
            <ns3:cad>0</ns3:cad>
          </ns3:TrackPointExtension>
        </extensions>
      </trkpt>
      <trkpt lat="43.2723846472799777984619140625" lon="-109.67569383792579174041748046875">
        <ele>3778.199951171875</ele>
        <time>2017-09-04T16:00:10.000Z</time>
        <extensions>
          <ns3:TrackPointExtension>
            <ns3:atemp>28.0</ns3:atemp>
            <ns3:cad>0</ns3:cad>
          </ns3:TrackPointExtension>
        </extensions>
      </trkpt>
      <trkpt lat="43.2724919356405735015869140625" lon="-109.67551245354115962982177734375">
        <ele>3778.199951171875</ele>
        <time>2017-09-04T16:01:02.000Z</time>
        <extensions>
          <ns3:TrackPointExtension>
            <ns3:atemp>28.0</ns3:atemp>
            <ns3:cad>0</ns3:cad>
          </ns3:TrackPointExtension>
        </extensions>
      </trkpt>
      <trkpt lat="43.2724812068045139312744140625" lon="-109.67538387514650821685791015625">
        <ele>3778.199951171875</ele>
        <time>2017-09-04T16:01:33.000Z</time>
        <extensions>
          <ns3:TrackPointExtension>
            <ns3:atemp>28.0</ns3:atemp>
            <ns3:cad>61</ns3:cad>
          </ns3:TrackPointExtension>
        </extensions>
      </trkpt>
      <trkpt lat="43.27248866669833660125732421875" lon="-109.67535026371479034423828125">
        <ele>3777</ele>
        <time>2017-09-04T16:01:36.000Z</time>
        <extensions>
          <ns3:TrackPointExtension>
            <ns3:atemp>28.0</ns3:atemp>
            <ns3:cad>61</ns3:cad>
          </ns3:TrackPointExtension>
        </extensions>
      </trkpt>
      <trkpt lat="43.2724956236779689788818359375" lon="-109.6753269620239734649658203125">
        <ele>3775.800048828125</ele>
        <time>2017-09-04T16:01:38.000Z</time>
        <extensions>
          <ns3:TrackPointExtension>
            <ns3:atemp>28.0</ns3:atemp>
            <ns3:cad>61</ns3:cad>
          </ns3:TrackPointExtension>
        </extensions>
      </trkpt>
      <trkpt lat="43.2725070230662822723388671875" lon="-109.67529452405869960784912109375">
        <ele>3775.39990234375</ele>
        <time>2017-09-04T16:01:41.000Z</time>
        <extensions>
          <ns3:TrackPointExtension>
            <ns3:atemp>28.0</ns3:atemp>
            <ns3:cad>61</ns3:cad>
          </ns3:TrackPointExtension>
        </extensions>
      </trkpt>
      <trkpt lat="43.27252328395843505859375" lon="-109.67525026760995388031005859375">
        <ele>3774.800048828125</ele>
        <time>2017-09-04T16:01:47.000Z</time>
        <extensions>
          <ns3:TrackPointExtension>
            <ns3:atemp>27.0</ns3:atemp>
            <ns3:cad>0</ns3:cad>
          </ns3:TrackPointExtension>
        </extensions>
      </trkpt>
      <trkpt lat="43.27255689539015293121337890625" lon="-109.6751589886844158172607421875">
        <ele>3774.199951171875</ele>
        <time>2017-09-04T16:01:55.000Z</time>
        <extensions>
          <ns3:TrackPointExtension>
            <ns3:atemp>27.0</ns3:atemp>
            <ns3:cad>51</ns3:cad>
          </ns3:TrackPointExtension>
        </extensions>
      </trkpt>
      <trkpt lat="43.27257030643522739410400390625" lon="-109.6751194261014461517333984375">
        <ele>3774.39990234375</ele>
        <time>2017-09-04T16:01:59.000Z</time>
        <extensions>
          <ns3:TrackPointExtension>
            <ns3:atemp>27.0</ns3:atemp>
            <ns3:cad>0</ns3:cad>
          </ns3:TrackPointExtension>
        </extensions>
      </trkpt>
      <trkpt lat="43.27258036471903324127197265625" lon="-109.67510484158992767333984375">
        <ele>3774.60009765625</ele>
        <time>2017-09-04T16:02:01.000Z</time>
        <extensions>
          <ns3:TrackPointExtension>
            <ns3:atemp>27.0</ns3:atemp>
            <ns3:cad>0</ns3:cad>
          </ns3:TrackPointExtension>
        </extensions>
      </trkpt>
      <trkpt lat="43.27258908189833164215087890625" lon="-109.6750791929662227630615234375">
        <ele>3774.800048828125</ele>
        <time>2017-09-04T16:02:04.000Z</time>
        <extensions>
          <ns3:TrackPointExtension>
            <ns3:atemp>27.0</ns3:atemp>
            <ns3:cad>0</ns3:cad>
          </ns3:TrackPointExtension>
        </extensions>
      </trkpt>
      <trkpt lat="43.2726384513080120086669921875" lon="-109.6750490181148052215576171875">
        <ele>3775.60009765625</ele>
        <time>2017-09-04T16:02:40.000Z</time>
        <extensions>
          <ns3:TrackPointExtension>
            <ns3:atemp>27.0</ns3:atemp>
            <ns3:cad>0</ns3:cad>
          </ns3:TrackPointExtension>
        </extensions>
      </trkpt>
      <trkpt lat="43.27264507301151752471923828125" lon="-109.6750587411224842071533203125">
        <ele>3775.800048828125</ele>
        <time>2017-09-04T16:02:52.000Z</time>
        <extensions>
          <ns3:TrackPointExtension>
            <ns3:atemp>26.0</ns3:atemp>
            <ns3:cad>0</ns3:cad>
          </ns3:TrackPointExtension>
        </extensions>
      </trkpt>
      <trkpt lat="43.27260618098080158233642578125" lon="-109.67505656182765960693359375">
        <ele>3776.199951171875</ele>
        <time>2017-09-04T16:03:45.000Z</time>
        <extensions>
          <ns3:TrackPointExtension>
            <ns3:atemp>26.0</ns3:atemp>
            <ns3:cad>61</ns3:cad>
          </ns3:TrackPointExtension>
        </extensions>
      </trkpt>
      <trkpt lat="43.2726012356579303741455078125" lon="-109.67503468506038188934326171875">
        <ele>3776.199951171875</ele>
        <time>2017-09-04T16:06:06.000Z</time>
        <extensions>
          <ns3:TrackPointExtension>
            <ns3:atemp>25.0</ns3:atemp>
            <ns3:cad>0</ns3:cad>
          </ns3:TrackPointExtension>
        </extensions>
      </trkpt>
      <trkpt lat="43.27263836748898029327392578125" lon="-109.6750433184206485748291015625">
        <ele>3776.199951171875</ele>
        <time>2017-09-04T16:08:14.000Z</time>
        <extensions>
          <ns3:TrackPointExtension>
            <ns3:atemp>25.0</ns3:atemp>
            <ns3:cad>0</ns3:cad>
          </ns3:TrackPointExtension>
        </extensions>
      </trkpt>
      <trkpt lat="43.27259059064090251922607421875" lon="-109.67500962316989898681640625">
        <ele>3776.199951171875</ele>
        <time>2017-09-04T16:09:38.000Z</time>
        <extensions>
          <ns3:TrackPointExtension>
            <ns3:atemp>26.0</ns3:atemp>
            <ns3:cad>0</ns3:cad>
          </ns3:TrackPointExtension>
        </extensions>
      </trkpt>
      <trkpt lat="43.272598050534725189208984375" lon="-109.67504239641129970550537109375">
        <ele>3776.199951171875</ele>
        <time>2017-09-04T16:10:30.000Z</time>
        <extensions>
          <ns3:TrackPointExtension>
            <ns3:atemp>27.0</ns3:atemp>
            <ns3:cad>0</ns3:cad>
          </ns3:TrackPointExtension>
        </extensions>
      </trkpt>
      <trkpt lat="43.27254247851669788360595703125" lon="-109.6750356070697307586669921875">
        <ele>3776.199951171875</ele>
        <time>2017-09-04T16:10:49.000Z</time>
        <extensions>
          <ns3:TrackPointExtension>
            <ns3:atemp>27.0</ns3:atemp>
            <ns3:cad>0</ns3:cad>
          </ns3:TrackPointExtension>
        </extensions>
      </trkpt>
      <trkpt lat="43.27262646518647670745849609375" lon="-109.6751029975712299346923828125">
        <ele>3776.60009765625</ele>
        <time>2017-09-04T16:12:24.000Z</time>
        <extensions>
          <ns3:TrackPointExtension>
            <ns3:atemp>27.0</ns3:atemp>
            <ns3:cad>61</ns3:cad>
          </ns3:TrackPointExtension>
        </extensions>
      </trkpt>
      <trkpt lat="43.2726350985467433929443359375" lon="-109.6751046739518642425537109375">
        <ele>3776.60009765625</ele>
        <time>2017-09-04T16:12:25.000Z</time>
        <extensions>
          <ns3:TrackPointExtension>
            <ns3:atemp>27.0</ns3:atemp>
            <ns3:cad>61</ns3:cad>
          </ns3:TrackPointExtension>
        </extensions>
      </trkpt>
      <trkpt lat="43.27264322899281978607177734375" lon="-109.6751063503324985504150390625">
        <ele>3776.800048828125</ele>
        <time>2017-09-04T16:12:27.000Z</time>
        <extensions>
          <ns3:TrackPointExtension>
            <ns3:atemp>27.0</ns3:atemp>
            <ns3:cad>61</ns3:cad>
          </ns3:TrackPointExtension>
        </extensions>
      </trkpt>
      <trkpt lat="43.27266653068363666534423828125" lon="-109.67517114244401454925537109375">
        <ele>3778</ele>
        <time>2017-09-04T16:12:41.000Z</time>
        <extensions>
          <ns3:TrackPointExtension>
            <ns3:atemp>27.0</ns3:atemp>
            <ns3:cad>0</ns3:cad>
          </ns3:TrackPointExtension>
        </extensions>
      </trkpt>
      <trkpt lat="43.27268312685191631317138671875" lon="-109.6752143092453479766845703125">
        <ele>3779</ele>
        <time>2017-09-04T16:12:48.000Z</time>
        <extensions>
          <ns3:TrackPointExtension>
            <ns3:atemp>27.0</ns3:atemp>
            <ns3:cad>0</ns3:cad>
          </ns3:TrackPointExtension>
        </extensions>
      </trkpt>
      <trkpt lat="43.27267508022487163543701171875" lon="-109.67525529675185680389404296875">
        <ele>3780.199951171875</ele>
        <time>2017-09-04T16:12:55.000Z</time>
        <extensions>
          <ns3:TrackPointExtension>
            <ns3:atemp>27.0</ns3:atemp>
            <ns3:cad>0</ns3:cad>
          </ns3:TrackPointExtension>
        </extensions>
      </trkpt>
      <trkpt lat="43.27266703359782695770263671875" lon="-109.67533157207071781158447265625">
        <ele>3781.199951171875</ele>
        <time>2017-09-04T16:13:07.000Z</time>
        <extensions>
          <ns3:TrackPointExtension>
            <ns3:atemp>27.0</ns3:atemp>
            <ns3:cad>0</ns3:cad>
          </ns3:TrackPointExtension>
        </extensions>
      </trkpt>
      <trkpt lat="43.27267424203455448150634765625" lon="-109.675339199602603912353515625">
        <ele>3782.199951171875</ele>
        <time>2017-09-04T16:13:11.000Z</time>
        <extensions>
          <ns3:TrackPointExtension>
            <ns3:atemp>27.0</ns3:atemp>
            <ns3:cad>0</ns3:cad>
          </ns3:TrackPointExtension>
        </extensions>
      </trkpt>
      <trkpt lat="43.2726917602121829986572265625" lon="-109.67542243190109729766845703125">
        <ele>3783.60009765625</ele>
        <time>2017-09-04T16:13:36.000Z</time>
        <extensions>
          <ns3:TrackPointExtension>
            <ns3:atemp>27.0</ns3:atemp>
            <ns3:cad>61</ns3:cad>
          </ns3:TrackPointExtension>
        </extensions>
      </trkpt>
      <trkpt lat="43.27275839634239673614501953125" lon="-109.67539125122129917144775390625">
        <ele>3784.60009765625</ele>
        <time>2017-09-04T16:13:48.000Z</time>
        <extensions>
          <ns3:TrackPointExtension>
            <ns3:atemp>27.0</ns3:atemp>
            <ns3:cad>0</ns3:cad>
          </ns3:TrackPointExtension>
        </extensions>
      </trkpt>
      <trkpt lat="43.2728523574769496917724609375" lon="-109.6754342503845691680908203125">
        <ele>3785.60009765625</ele>
        <time>2017-09-04T16:14:08.000Z</time>
        <extensions>
          <ns3:TrackPointExtension>
            <ns3:atemp>28.0</ns3:atemp>
            <ns3:cad>0</ns3:cad>
          </ns3:TrackPointExtension>
        </extensions>
      </trkpt>
      <trkpt lat="43.27287892811000347137451171875" lon="-109.67543818987905979156494140625">
        <ele>3786.800048828125</ele>
        <time>2017-09-04T16:14:18.000Z</time>
        <extensions>
          <ns3:TrackPointExtension>
            <ns3:atemp>28.0</ns3:atemp>
            <ns3:cad>61</ns3:cad>
          </ns3:TrackPointExtension>
        </extensions>
      </trkpt>
      <trkpt lat="43.272909857332706451416015625" lon="-109.67545478604733943939208984375">
        <ele>3788</ele>
        <time>2017-09-04T16:14:23.000Z</time>
        <extensions>
          <ns3:TrackPointExtension>
            <ns3:atemp>28.0</ns3:atemp>
            <ns3:cad>59</ns3:cad>
          </ns3:TrackPointExtension>
        </extensions>
      </trkpt>
      <trkpt lat="43.27293391339480876922607421875" lon="-109.67552435584366321563720703125">
        <ele>3789</ele>
        <time>2017-09-04T16:14:36.000Z</time>
        <extensions>
          <ns3:TrackPointExtension>
            <ns3:atemp>28.0</ns3:atemp>
            <ns3:cad>0</ns3:cad>
          </ns3:TrackPointExtension>
        </extensions>
      </trkpt>
      <trkpt lat="43.272938020527362823486328125" lon="-109.675526283681392669677734375">
        <ele>3789.60009765625</ele>
        <time>2017-09-04T16:14:40.000Z</time>
        <extensions>
          <ns3:TrackPointExtension>
            <ns3:atemp>28.0</ns3:atemp>
            <ns3:cad>0</ns3:cad>
          </ns3:TrackPointExtension>
        </extensions>
      </trkpt>
      <trkpt lat="43.27298839576542377471923828125" lon="-109.67547808773815631866455078125">
        <ele>3788</ele>
        <time>2017-09-04T16:15:30.000Z</time>
        <extensions>
          <ns3:TrackPointExtension>
            <ns3:atemp>28.0</ns3:atemp>
            <ns3:cad>0</ns3:cad>
          </ns3:TrackPointExtension>
        </extensions>
      </trkpt>
      <trkpt lat="43.2730085961520671844482421875" lon="-109.67550851404666900634765625">
        <ele>3786.800048828125</ele>
        <time>2017-09-04T16:16:03.000Z</time>
        <extensions>
          <ns3:TrackPointExtension>
            <ns3:atemp>28.0</ns3:atemp>
            <ns3:cad>0</ns3:cad>
          </ns3:TrackPointExtension>
        </extensions>
      </trkpt>
      <trkpt lat="43.27302695252001285552978515625" lon="-109.67553206719458103179931640625">
        <ele>3785.800048828125</ele>
        <time>2017-09-04T16:16:16.000Z</time>
        <extensions>
          <ns3:TrackPointExtension>
            <ns3:atemp>28.0</ns3:atemp>
            <ns3:cad>0</ns3:cad>
          </ns3:TrackPointExtension>
        </extensions>
      </trkpt>
      <trkpt lat="43.2730515114963054656982421875" lon="-109.67557414434850215911865234375">
        <ele>3784.60009765625</ele>
        <time>2017-09-04T16:16:35.000Z</time>
        <extensions>
          <ns3:TrackPointExtension>
            <ns3:atemp>28.0</ns3:atemp>
            <ns3:cad>0</ns3:cad>
          </ns3:TrackPointExtension>
        </extensions>
      </trkpt>
      <trkpt lat="43.27309082262217998504638671875" lon="-109.67558654956519603729248046875">
        <ele>3783.39990234375</ele>
        <time>2017-09-04T16:16:46.000Z</time>
        <extensions>
          <ns3:TrackPointExtension>
            <ns3:atemp>28.0</ns3:atemp>
            <ns3:cad>0</ns3:cad>
          </ns3:TrackPointExtension>
        </extensions>
      </trkpt>
      <trkpt lat="43.2731789164245128631591796875" lon="-109.675763659179210662841796875">
        <ele>3782.39990234375</ele>
        <time>2017-09-04T16:17:27.000Z</time>
        <extensions>
          <ns3:TrackPointExtension>
            <ns3:atemp>28.0</ns3:atemp>
            <ns3:cad>0</ns3:cad>
          </ns3:TrackPointExtension>
        </extensions>
      </trkpt>
      <trkpt lat="43.27327958308160305023193359375" lon="-109.67582241632044315338134765625">
        <ele>3781.800048828125</ele>
        <time>2017-09-04T16:17:38.000Z</time>
        <extensions>
          <ns3:TrackPointExtension>
            <ns3:atemp>28.0</ns3:atemp>
            <ns3:cad>58</ns3:cad>
          </ns3:TrackPointExtension>
        </extensions>
      </trkpt>
      <trkpt lat="43.27329240739345550537109375" lon="-109.67582761310040950775146484375">
        <ele>3781.199951171875</ele>
        <time>2017-09-04T16:17:40.000Z</time>
        <extensions>
          <ns3:TrackPointExtension>
            <ns3:atemp>28.0</ns3:atemp>
            <ns3:cad>58</ns3:cad>
          </ns3:TrackPointExtension>
        </extensions>
      </trkpt>
      <trkpt lat="43.27331528998911380767822265625" lon="-109.67583398334681987762451171875">
        <ele>3780.199951171875</ele>
        <time>2017-09-04T16:17:46.000Z</time>
        <extensions>
          <ns3:TrackPointExtension>
            <ns3:atemp>28.0</ns3:atemp>
            <ns3:cad>0</ns3:cad>
          </ns3:TrackPointExtension>
        </extensions>
      </trkpt>
      <trkpt lat="43.27326784841716289520263671875" lon="-109.67585192061960697174072265625">
        <ele>3780.199951171875</ele>
        <time>2017-09-04T16:18:01.000Z</time>
        <extensions>
          <ns3:TrackPointExtension>
            <ns3:atemp>28.0</ns3:atemp>
            <ns3:cad>61</ns3:cad>
          </ns3:TrackPointExtension>
        </extensions>
      </trkpt>
      <trkpt lat="43.27327723614871501922607421875" lon="-109.67590992338955402374267578125">
        <ele>3781.199951171875</ele>
        <time>2017-09-04T16:18:07.000Z</time>
        <extensions>
          <ns3:TrackPointExtension>
            <ns3:atemp>28.0</ns3:atemp>
            <ns3:cad>61</ns3:cad>
          </ns3:TrackPointExtension>
        </extensions>
      </trkpt>
      <trkpt lat="43.2732962630689144134521484375" lon="-109.67596373520791530609130859375">
        <ele>3782.39990234375</ele>
        <time>2017-09-04T16:18:13.000Z</time>
        <extensions>
          <ns3:TrackPointExtension>
            <ns3:atemp>28.0</ns3:atemp>
            <ns3:cad>0</ns3:cad>
          </ns3:TrackPointExtension>
        </extensions>
      </trkpt>
      <trkpt lat="43.27324144542217254638671875" lon="-109.6757990308105945587158203125">
        <ele>3781.39990234375</ele>
        <time>2017-09-04T16:18:36.000Z</time>
        <extensions>
          <ns3:TrackPointExtension>
            <ns3:atemp>28.0</ns3:atemp>
            <ns3:cad>0</ns3:cad>
          </ns3:TrackPointExtension>
        </extensions>
      </trkpt>
      <trkpt lat="43.27321772463619709014892578125" lon="-109.67574379406869411468505859375">
        <ele>3780.199951171875</ele>
        <time>2017-09-04T16:18:46.000Z</time>
        <extensions>
          <ns3:TrackPointExtension>
            <ns3:atemp>28.0</ns3:atemp>
            <ns3:cad>0</ns3:cad>
          </ns3:TrackPointExtension>
        </extensions>
      </trkpt>
      <trkpt lat="43.273228704929351806640625" lon="-109.6757318079471588134765625">
        <ele>3779</ele>
        <time>2017-09-04T16:19:04.000Z</time>
        <extensions>
          <ns3:TrackPointExtension>
            <ns3:atemp>28.0</ns3:atemp>
            <ns3:cad>0</ns3:cad>
          </ns3:TrackPointExtension>
        </extensions>
      </trkpt>
      <trkpt lat="43.27323867939412593841552734375" lon="-109.67572510242462158203125">
        <ele>3777.800048828125</ele>
        <time>2017-09-04T16:19:16.000Z</time>
        <extensions>
          <ns3:TrackPointExtension>
            <ns3:atemp>28.0</ns3:atemp>
            <ns3:cad>61</ns3:cad>
          </ns3:TrackPointExtension>
        </extensions>
      </trkpt>
      <trkpt lat="43.2732282020151615142822265625" lon="-109.67571110464632511138916015625">
        <ele>3776.800048828125</ele>
        <time>2017-09-04T16:19:21.000Z</time>
        <extensions>
          <ns3:TrackPointExtension>
            <ns3:atemp>28.0</ns3:atemp>
            <ns3:cad>0</ns3:cad>
          </ns3:TrackPointExtension>
        </extensions>
      </trkpt>
      <trkpt lat="43.27323163859546184539794921875" lon="-109.67570020817220211029052734375">
        <ele>3775.60009765625</ele>
        <time>2017-09-04T16:19:29.000Z</time>
        <extensions>
          <ns3:TrackPointExtension>
            <ns3:atemp>28.0</ns3:atemp>
            <ns3:cad>61</ns3:cad>
          </ns3:TrackPointExtension>
        </extensions>
      </trkpt>
      <trkpt lat="43.27322074212133884429931640625" lon="-109.67568428255617618560791015625">
        <ele>3774.60009765625</ele>
        <time>2017-09-04T16:19:37.000Z</time>
        <extensions>
          <ns3:TrackPointExtension>
            <ns3:atemp>28.0</ns3:atemp>
            <ns3:cad>61</ns3:cad>
          </ns3:TrackPointExtension>
        </extensions>
      </trkpt>
      <trkpt lat="43.27322208322584629058837890625" lon="-109.67566751874983310699462890625">
        <ele>3773.60009765625</ele>
        <time>2017-09-04T16:19:53.000Z</time>
        <extensions>
          <ns3:TrackPointExtension>
            <ns3:atemp>28.0</ns3:atemp>
            <ns3:cad>0</ns3:cad>
          </ns3:TrackPointExtension>
        </extensions>
      </trkpt>
      <trkpt lat="43.2732171379029750823974609375" lon="-109.67563080601394176483154296875">
        <ele>3772.39990234375</ele>
        <time>2017-09-04T16:20:01.000Z</time>
        <extensions>
          <ns3:TrackPointExtension>
            <ns3:atemp>28.0</ns3:atemp>
            <ns3:cad>0</ns3:cad>
          </ns3:TrackPointExtension>
        </extensions>
      </trkpt>
      <trkpt lat="43.27321998775005340576171875" lon="-109.67561169527471065521240234375">
        <ele>3771.39990234375</ele>
        <time>2017-09-04T16:20:16.000Z</time>
        <extensions>
          <ns3:TrackPointExtension>
            <ns3:atemp>28.0</ns3:atemp>
            <ns3:cad>0</ns3:cad>
          </ns3:TrackPointExtension>
        </extensions>
      </trkpt>
      <trkpt lat="43.2732339017093181610107421875" lon="-109.67560046352446079254150390625">
        <ele>3770.39990234375</ele>
        <time>2017-09-04T16:20:22.000Z</time>
        <extensions>
          <ns3:TrackPointExtension>
            <ns3:atemp>28.0</ns3:atemp>
            <ns3:cad>0</ns3:cad>
          </ns3:TrackPointExtension>
        </extensions>
      </trkpt>
      <trkpt lat="43.27323113568127155303955078125" lon="-109.6756290458142757415771484375">
        <ele>3769.199951171875</ele>
        <time>2017-09-04T16:20:36.000Z</time>
        <extensions>
          <ns3:TrackPointExtension>
            <ns3:atemp>29.0</ns3:atemp>
            <ns3:cad>61</ns3:cad>
          </ns3:TrackPointExtension>
        </extensions>
      </trkpt>
      <trkpt lat="43.273236751556396484375" lon="-109.6756317280232906341552734375">
        <ele>3768.800048828125</ele>
        <time>2017-09-04T16:20:46.000Z</time>
        <extensions>
          <ns3:TrackPointExtension>
            <ns3:atemp>29.0</ns3:atemp>
            <ns3:cad>0</ns3:cad>
          </ns3:TrackPointExtension>
        </extensions>
      </trkpt>
      <trkpt lat="43.27326784841716289520263671875" lon="-109.675610102713108062744140625">
        <ele>3768.199951171875</ele>
        <time>2017-09-04T16:20:51.000Z</time>
        <extensions>
          <ns3:TrackPointExtension>
            <ns3:atemp>29.0</ns3:atemp>
            <ns3:cad>0</ns3:cad>
          </ns3:TrackPointExtension>
        </extensions>
      </trkpt>
      <trkpt lat="43.2732751406729221343994140625" lon="-109.67559174634516239166259765625">
        <ele>3767.199951171875</ele>
        <time>2017-09-04T16:21:05.000Z</time>
        <extensions>
          <ns3:TrackPointExtension>
            <ns3:atemp>29.0</ns3:atemp>
            <ns3:cad>0</ns3:cad>
          </ns3:TrackPointExtension>
        </extensions>
      </trkpt>
      <trkpt lat="43.27327522449195384979248046875" lon="-109.67558068223297595977783203125">
        <ele>3766.199951171875</ele>
        <time>2017-09-04T16:21:14.000Z</time>
        <extensions>
          <ns3:TrackPointExtension>
            <ns3:atemp>29.0</ns3:atemp>
            <ns3:cad>0</ns3:cad>
          </ns3:TrackPointExtension>
        </extensions>
      </trkpt>
      <trkpt lat="43.27325485646724700927734375" lon="-109.67556039802730083465576171875">
        <ele>3765.199951171875</ele>
        <time>2017-09-04T16:21:35.000Z</time>
        <extensions>
          <ns3:TrackPointExtension>
            <ns3:atemp>29.0</ns3:atemp>
            <ns3:cad>0</ns3:cad>
          </ns3:TrackPointExtension>
        </extensions>
      </trkpt>
      <trkpt lat="43.273379914462566375732421875" lon="-109.67555168084800243377685546875">
        <ele>3764</ele>
        <time>2017-09-04T16:21:56.000Z</time>
        <extensions>
          <ns3:TrackPointExtension>
            <ns3:atemp>29.0</ns3:atemp>
            <ns3:cad>0</ns3:cad>
          </ns3:TrackPointExtension>
        </extensions>
      </trkpt>
      <trkpt lat="43.27335787005722522735595703125" lon="-109.6755244396626949310302734375">
        <ele>3763.800048828125</ele>
        <time>2017-09-04T16:21:59.000Z</time>
        <extensions>
          <ns3:TrackPointExtension>
            <ns3:atemp>29.0</ns3:atemp>
            <ns3:cad>0</ns3:cad>
          </ns3:TrackPointExtension>
        </extensions>
      </trkpt>
      <trkpt lat="43.273353092372417449951171875" lon="-109.6754904091358184814453125">
        <ele>3763</ele>
        <time>2017-09-04T16:22:04.000Z</time>
        <extensions>
          <ns3:TrackPointExtension>
            <ns3:atemp>29.0</ns3:atemp>
            <ns3:cad>0</ns3:cad>
          </ns3:TrackPointExtension>
        </extensions>
      </trkpt>
      <trkpt lat="43.27334881760179996490478515625" lon="-109.675509519875049591064453125">
        <ele>3761.800048828125</ele>
        <time>2017-09-04T16:22:08.000Z</time>
        <extensions>
          <ns3:TrackPointExtension>
            <ns3:atemp>29.0</ns3:atemp>
            <ns3:cad>0</ns3:cad>
          </ns3:TrackPointExtension>
        </extensions>
      </trkpt>
      <trkpt lat="43.27337245456874370574951171875" lon="-109.67550985515117645263671875">
        <ele>3760.800048828125</ele>
        <time>2017-09-04T16:22:18.000Z</time>
        <extensions>
          <ns3:TrackPointExtension>
            <ns3:atemp>29.0</ns3:atemp>
            <ns3:cad>61</ns3:cad>
          </ns3:TrackPointExtension>
        </extensions>
      </trkpt>
      <trkpt lat="43.2733787409961223602294921875" lon="-109.675503484904766082763671875">
        <ele>3759.800048828125</ele>
        <time>2017-09-04T16:22:40.000Z</time>
        <extensions>
          <ns3:TrackPointExtension>
            <ns3:atemp>29.0</ns3:atemp>
            <ns3:cad>61</ns3:cad>
          </ns3:TrackPointExtension>
        </extensions>
      </trkpt>
      <trkpt lat="43.27338066883385181427001953125" lon="-109.67548546381294727325439453125">
        <ele>3758.800048828125</ele>
        <time>2017-09-04T16:22:54.000Z</time>
        <extensions>
          <ns3:TrackPointExtension>
            <ns3:atemp>29.0</ns3:atemp>
            <ns3:cad>0</ns3:cad>
          </ns3:TrackPointExtension>
        </extensions>
      </trkpt>
      <trkpt lat="43.273391984403133392333984375" lon="-109.675489403307437896728515625">
        <ele>3757.60009765625</ele>
        <time>2017-09-04T16:23:04.000Z</time>
        <extensions>
          <ns3:TrackPointExtension>
            <ns3:atemp>29.0</ns3:atemp>
            <ns3:cad>0</ns3:cad>
          </ns3:TrackPointExtension>
        </extensions>
      </trkpt>
      <trkpt lat="43.27342140488326549530029296875" lon="-109.67548848129808902740478515625">
        <ele>3756.60009765625</ele>
        <time>2017-09-04T16:23:14.000Z</time>
        <extensions>
          <ns3:TrackPointExtension>
            <ns3:atemp>29.0</ns3:atemp>
            <ns3:cad>63</ns3:cad>
          </ns3:TrackPointExtension>
        </extensions>
      </trkpt>
      <trkpt lat="43.27341469936072826385498046875" lon="-109.6754516847431659698486328125">
        <ele>3755.60009765625</ele>
        <time>2017-09-04T16:23:26.000Z</time>
        <extensions>
          <ns3:TrackPointExtension>
            <ns3:atemp>29.0</ns3:atemp>
            <ns3:cad>0</ns3:cad>
          </ns3:TrackPointExtension>
        </extensions>
      </trkpt>
      <trkpt lat="43.2734273560345172882080078125" lon="-109.67544279992580413818359375">
        <ele>3754.60009765625</ele>
        <time>2017-09-04T16:23:32.000Z</time>
        <extensions>
          <ns3:TrackPointExtension>
            <ns3:atemp>29.0</ns3:atemp>
            <ns3:cad>0</ns3:cad>
          </ns3:TrackPointExtension>
        </extensions>
      </trkpt>
      <trkpt lat="43.273428194224834442138671875" lon="-109.67544640414416790008544921875">
        <ele>3753.39990234375</ele>
        <time>2017-09-04T16:23:36.000Z</time>
        <extensions>
          <ns3:TrackPointExtension>
            <ns3:atemp>29.0</ns3:atemp>
            <ns3:cad>0</ns3:cad>
          </ns3:TrackPointExtension>
        </extensions>
      </trkpt>
      <trkpt lat="43.273460380733013153076171875" lon="-109.67545931227505207061767578125">
        <ele>3752.39990234375</ele>
        <time>2017-09-04T16:23:44.000Z</time>
        <extensions>
          <ns3:TrackPointExtension>
            <ns3:atemp>29.0</ns3:atemp>
            <ns3:cad>0</ns3:cad>
          </ns3:TrackPointExtension>
        </extensions>
      </trkpt>
      <trkpt lat="43.27348644845187664031982421875" lon="-109.675485379993915557861328125">
        <ele>3751.39990234375</ele>
        <time>2017-09-04T16:23:57.000Z</time>
        <extensions>
          <ns3:TrackPointExtension>
            <ns3:atemp>29.0</ns3:atemp>
            <ns3:cad>0</ns3:cad>
          </ns3:TrackPointExtension>
        </extensions>
      </trkpt>
      <trkpt lat="43.2735329680144786834716796875" lon="-109.6754563786089420318603515625">
        <ele>3750.199951171875</ele>
        <time>2017-09-04T16:24:06.000Z</time>
        <extensions>
          <ns3:TrackPointExtension>
            <ns3:atemp>28.0</ns3:atemp>
            <ns3:cad>0</ns3:cad>
          </ns3:TrackPointExtension>
        </extensions>
      </trkpt>
      <trkpt lat="43.27351762913167476654052734375" lon="-109.67544556595385074615478515625">
        <ele>3749.199951171875</ele>
        <time>2017-09-04T16:24:20.000Z</time>
        <extensions>
          <ns3:TrackPointExtension>
            <ns3:atemp>28.0</ns3:atemp>
            <ns3:cad>0</ns3:cad>
          </ns3:TrackPointExtension>
        </extensions>
      </trkpt>
      <trkpt lat="43.27355367131531238555908203125" lon="-109.6754600666463375091552734375">
        <ele>3748.199951171875</ele>
        <time>2017-09-04T16:24:27.000Z</time>
        <extensions>
          <ns3:TrackPointExtension>
            <ns3:atemp>28.0</ns3:atemp>
            <ns3:cad>0</ns3:cad>
          </ns3:TrackPointExtension>
        </extensions>
      </trkpt>
      <trkpt lat="43.27356473542749881744384765625" lon="-109.67542125843465328216552734375">
        <ele>3747.199951171875</ele>
        <time>2017-09-04T16:24:40.000Z</time>
        <extensions>
          <ns3:TrackPointExtension>
            <ns3:atemp>29.0</ns3:atemp>
            <ns3:cad>61</ns3:cad>
          </ns3:TrackPointExtension>
        </extensions>
      </trkpt>
      <trkpt lat="43.273593485355377197265625" lon="-109.67548563145101070404052734375">
        <ele>3746</ele>
        <time>2017-09-04T16:24:51.000Z</time>
        <extensions>
          <ns3:TrackPointExtension>
            <ns3:atemp>29.0</ns3:atemp>
            <ns3:cad>0</ns3:cad>
          </ns3:TrackPointExtension>
        </extensions>
      </trkpt>
      <trkpt lat="43.27361318282783031463623046875" lon="-109.67552117072045803070068359375">
        <ele>3745</ele>
        <time>2017-09-04T16:25:07.000Z</time>
        <extensions>
          <ns3:TrackPointExtension>
            <ns3:atemp>29.0</ns3:atemp>
            <ns3:cad>0</ns3:cad>
          </ns3:TrackPointExtension>
        </extensions>
      </trkpt>
      <trkpt lat="43.273623995482921600341796875" lon="-109.675538353621959686279296875">
        <ele>3743.800048828125</ele>
        <time>2017-09-04T16:25:19.000Z</time>
        <extensions>
          <ns3:TrackPointExtension>
            <ns3:atemp>29.0</ns3:atemp>
            <ns3:cad>61</ns3:cad>
          </ns3:TrackPointExtension>
        </extensions>
      </trkpt>
      <trkpt lat="43.273640088737010955810546875" lon="-109.6755365096032619476318359375">
        <ele>3742.800048828125</ele>
        <time>2017-09-04T16:25:24.000Z</time>
        <extensions>
          <ns3:TrackPointExtension>
            <ns3:atemp>29.0</ns3:atemp>
            <ns3:cad>0</ns3:cad>
          </ns3:TrackPointExtension>
        </extensions>
      </trkpt>
      <trkpt lat="43.2736640609800815582275390625" lon="-109.67554698698222637176513671875">
        <ele>3741.800048828125</ele>
        <time>2017-09-04T16:25:36.000Z</time>
        <extensions>
          <ns3:TrackPointExtension>
            <ns3:atemp>29.0</ns3:atemp>
            <ns3:cad>0</ns3:cad>
          </ns3:TrackPointExtension>
        </extensions>
      </trkpt>
      <trkpt lat="43.27369750477373600006103515625" lon="-109.6755118668079376220703125">
        <ele>3740.800048828125</ele>
        <time>2017-09-04T16:25:48.000Z</time>
        <extensions>
          <ns3:TrackPointExtension>
            <ns3:atemp>29.0</ns3:atemp>
            <ns3:cad>61</ns3:cad>
          </ns3:TrackPointExtension>
        </extensions>
      </trkpt>
      <trkpt lat="43.2737093232572078704833984375" lon="-109.675505496561527252197265625">
        <ele>3739.800048828125</ele>
        <time>2017-09-04T16:25:52.000Z</time>
        <extensions>
          <ns3:TrackPointExtension>
            <ns3:atemp>29.0</ns3:atemp>
            <ns3:cad>0</ns3:cad>
          </ns3:TrackPointExtension>
        </extensions>
      </trkpt>
      <trkpt lat="43.27372516505420207977294921875" lon="-109.6754925884306430816650390625">
        <ele>3738.60009765625</ele>
        <time>2017-09-04T16:26:04.000Z</time>
        <extensions>
          <ns3:TrackPointExtension>
            <ns3:atemp>29.0</ns3:atemp>
            <ns3:cad>0</ns3:cad>
          </ns3:TrackPointExtension>
        </extensions>
      </trkpt>
      <trkpt lat="43.2737314514815807342529296875" lon="-109.67545486986637115478515625">
        <ele>3737.39990234375</ele>
        <time>2017-09-04T16:26:19.000Z</time>
        <extensions>
          <ns3:TrackPointExtension>
            <ns3:atemp>29.0</ns3:atemp>
            <ns3:cad>0</ns3:cad>
          </ns3:TrackPointExtension>
        </extensions>
      </trkpt>
      <trkpt lat="43.2737361453473567962646484375" lon="-109.675455875694751739501953125">
        <ele>3736.199951171875</ele>
        <time>2017-09-04T16:26:25.000Z</time>
        <extensions>
          <ns3:TrackPointExtension>
            <ns3:atemp>29.0</ns3:atemp>
            <ns3:cad>0</ns3:cad>
          </ns3:TrackPointExtension>
        </extensions>
      </trkpt>
      <trkpt lat="43.27375651337206363677978515625" lon="-109.675446487963199615478515625">
        <ele>3735.199951171875</ele>
        <time>2017-09-04T16:26:32.000Z</time>
        <extensions>
          <ns3:TrackPointExtension>
            <ns3:atemp>29.0</ns3:atemp>
            <ns3:cad>0</ns3:cad>
          </ns3:TrackPointExtension>
        </extensions>
      </trkpt>
      <trkpt lat="43.27377981506288051605224609375" lon="-109.67544171027839183807373046875">
        <ele>3734.199951171875</ele>
        <time>2017-09-04T16:26:37.000Z</time>
        <extensions>
          <ns3:TrackPointExtension>
            <ns3:atemp>29.0</ns3:atemp>
            <ns3:cad>0</ns3:cad>
          </ns3:TrackPointExtension>
        </extensions>
      </trkpt>
      <trkpt lat="43.27380739152431488037109375" lon="-109.675464592874050140380859375">
        <ele>3733</ele>
        <time>2017-09-04T16:26:44.000Z</time>
        <extensions>
          <ns3:TrackPointExtension>
            <ns3:atemp>29.0</ns3:atemp>
            <ns3:cad>0</ns3:cad>
          </ns3:TrackPointExtension>
        </extensions>
      </trkpt>
      <trkpt lat="43.273856677114963531494140625" lon="-109.675499461591243743896484375">
        <ele>3732</ele>
        <time>2017-09-04T16:27:16.000Z</time>
        <extensions>
          <ns3:TrackPointExtension>
            <ns3:atemp>28.0</ns3:atemp>
            <ns3:cad>61</ns3:cad>
          </ns3:TrackPointExtension>
        </extensions>
      </trkpt>
      <trkpt lat="43.27386916615068912506103515625" lon="-109.67551999725401401519775390625">
        <ele>3730.800048828125</ele>
        <time>2017-09-04T16:27:21.000Z</time>
        <extensions>
          <ns3:TrackPointExtension>
            <ns3:atemp>28.0</ns3:atemp>
            <ns3:cad>0</ns3:cad>
          </ns3:TrackPointExtension>
        </extensions>
      </trkpt>
      <trkpt lat="43.27393286861479282379150390625" lon="-109.6755519323050975799560546875">
        <ele>3731</ele>
        <time>2017-09-04T16:27:29.000Z</time>
        <extensions>
          <ns3:TrackPointExtension>
            <ns3:atemp>28.0</ns3:atemp>
            <ns3:cad>0</ns3:cad>
          </ns3:TrackPointExtension>
        </extensions>
      </trkpt>
      <trkpt lat="43.27393789775669574737548828125" lon="-109.67563935555517673492431640625">
        <ele>3731.800048828125</ele>
        <time>2017-09-04T16:27:56.000Z</time>
        <extensions>
          <ns3:TrackPointExtension>
            <ns3:atemp>28.0</ns3:atemp>
            <ns3:cad>61</ns3:cad>
          </ns3:TrackPointExtension>
        </extensions>
      </trkpt>
      <trkpt lat="43.27394912950694561004638671875" lon="-109.6756875514984130859375">
        <ele>3733</ele>
        <time>2017-09-04T16:28:03.000Z</time>
        <extensions>
          <ns3:TrackPointExtension>
            <ns3:atemp>28.0</ns3:atemp>
            <ns3:cad>0</ns3:cad>
          </ns3:TrackPointExtension>
        </extensions>
      </trkpt>
      <trkpt lat="43.273951895534992218017578125" lon="-109.6757346577942371368408203125">
        <ele>3734</ele>
        <time>2017-09-04T16:28:16.000Z</time>
        <extensions>
          <ns3:TrackPointExtension>
            <ns3:atemp>28.0</ns3:atemp>
            <ns3:cad>0</ns3:cad>
          </ns3:TrackPointExtension>
        </extensions>
      </trkpt>
      <trkpt lat="43.2739624567329883575439453125" lon="-109.67580280266702175140380859375">
        <ele>3735</ele>
        <time>2017-09-04T16:28:30.000Z</time>
        <extensions>
          <ns3:TrackPointExtension>
            <ns3:atemp>28.0</ns3:atemp>
            <ns3:cad>61</ns3:cad>
          </ns3:TrackPointExtension>
        </extensions>
      </trkpt>
      <trkpt lat="43.2739770412445068359375" lon="-109.6758563630282878875732421875">
        <ele>3736.199951171875</ele>
        <time>2017-09-04T16:28:38.000Z</time>
        <extensions>
          <ns3:TrackPointExtension>
            <ns3:atemp>28.0</ns3:atemp>
            <ns3:cad>0</ns3:cad>
          </ns3:TrackPointExtension>
        </extensions>
      </trkpt>
      <trkpt lat="43.274079971015453338623046875" lon="-109.6758727915585041046142578125">
        <ele>3735</ele>
        <time>2017-09-04T16:29:00.000Z</time>
        <extensions>
          <ns3:TrackPointExtension>
            <ns3:atemp>28.0</ns3:atemp>
            <ns3:cad>61</ns3:cad>
          </ns3:TrackPointExtension>
        </extensions>
      </trkpt>
      <trkpt lat="43.27409111894667148590087890625" lon="-109.6758194826543331146240234375">
        <ele>3734</ele>
        <time>2017-09-04T16:29:35.000Z</time>
        <extensions>
          <ns3:TrackPointExtension>
            <ns3:atemp>29.0</ns3:atemp>
            <ns3:cad>0</ns3:cad>
          </ns3:TrackPointExtension>
        </extensions>
      </trkpt>
      <trkpt lat="43.274098746478557586669921875" lon="-109.6758122742176055908203125">
        <ele>3732.800048828125</ele>
        <time>2017-09-04T16:29:42.000Z</time>
        <extensions>
          <ns3:TrackPointExtension>
            <ns3:atemp>29.0</ns3:atemp>
            <ns3:cad>61</ns3:cad>
          </ns3:TrackPointExtension>
        </extensions>
      </trkpt>
      <trkpt lat="43.27417829073965549468994140625" lon="-109.6758369170129299163818359375">
        <ele>3731.800048828125</ele>
        <time>2017-09-04T16:29:57.000Z</time>
        <extensions>
          <ns3:TrackPointExtension>
            <ns3:atemp>29.0</ns3:atemp>
            <ns3:cad>0</ns3:cad>
          </ns3:TrackPointExtension>
        </extensions>
      </trkpt>
      <trkpt lat="43.27418382279574871063232421875" lon="-109.67583364807069301605224609375">
        <ele>3730.60009765625</ele>
        <time>2017-09-04T16:30:19.000Z</time>
        <extensions>
          <ns3:TrackPointExtension>
            <ns3:atemp>29.0</ns3:atemp>
            <ns3:cad>0</ns3:cad>
          </ns3:TrackPointExtension>
        </extensions>
      </trkpt>
      <trkpt lat="43.2742759399116039276123046875" lon="-109.6758292056620121002197265625">
        <ele>3729.60009765625</ele>
        <time>2017-09-04T16:31:14.000Z</time>
        <extensions>
          <ns3:TrackPointExtension>
            <ns3:atemp>29.0</ns3:atemp>
            <ns3:cad>0</ns3:cad>
          </ns3:TrackPointExtension>
        </extensions>
      </trkpt>
      <trkpt lat="43.27438163571059703826904296875" lon="-109.67582057230174541473388671875">
        <ele>3730</ele>
        <time>2017-09-04T16:31:47.000Z</time>
        <extensions>
          <ns3:TrackPointExtension>
            <ns3:atemp>28.0</ns3:atemp>
            <ns3:cad>0</ns3:cad>
          </ns3:TrackPointExtension>
        </extensions>
      </trkpt>
      <trkpt lat="43.27451423741877079010009765625" lon="-109.67577514238655567169189453125">
        <ele>3730</ele>
        <time>2017-09-04T16:32:09.000Z</time>
        <extensions>
          <ns3:TrackPointExtension>
            <ns3:atemp>28.0</ns3:atemp>
            <ns3:cad>62</ns3:cad>
          </ns3:TrackPointExtension>
        </extensions>
      </trkpt>
      <trkpt lat="43.27455128543078899383544921875" lon="-109.67575435526669025421142578125">
        <ele>3730.199951171875</ele>
        <time>2017-09-04T16:32:14.000Z</time>
        <extensions>
          <ns3:TrackPointExtension>
            <ns3:atemp>28.0</ns3:atemp>
            <ns3:cad>62</ns3:cad>
          </ns3:TrackPointExtension>
        </extensions>
      </trkpt>
      <trkpt lat="43.27462546527385711669921875" lon="-109.67562829144299030303955078125">
        <ele>3730.60009765625</ele>
        <time>2017-09-04T16:32:52.000Z</time>
        <extensions>
          <ns3:TrackPointExtension>
            <ns3:atemp>28.0</ns3:atemp>
            <ns3:cad>61</ns3:cad>
          </ns3:TrackPointExtension>
        </extensions>
      </trkpt>
      <trkpt lat="43.2748071849346160888671875" lon="-109.6755683608353137969970703125">
        <ele>3731.199951171875</ele>
        <time>2017-09-04T16:33:16.000Z</time>
        <extensions>
          <ns3:TrackPointExtension>
            <ns3:atemp>28.0</ns3:atemp>
            <ns3:cad>0</ns3:cad>
          </ns3:TrackPointExtension>
        </extensions>
      </trkpt>
      <trkpt lat="43.27485613524913787841796875" lon="-109.67556911520659923553466796875">
        <ele>3731.800048828125</ele>
        <time>2017-09-04T16:33:21.000Z</time>
        <extensions>
          <ns3:TrackPointExtension>
            <ns3:atemp>28.0</ns3:atemp>
            <ns3:cad>61</ns3:cad>
          </ns3:TrackPointExtension>
        </extensions>
      </trkpt>
      <trkpt lat="43.27488698065280914306640625" lon="-109.6755593083798885345458984375">
        <ele>3732.800048828125</ele>
        <time>2017-09-04T16:33:25.000Z</time>
        <extensions>
          <ns3:TrackPointExtension>
            <ns3:atemp>28.0</ns3:atemp>
            <ns3:cad>61</ns3:cad>
          </ns3:TrackPointExtension>
        </extensions>
      </trkpt>
      <trkpt lat="43.27488773502409458160400390625" lon="-109.67555805109441280364990234375">
        <ele>3733</ele>
        <time>2017-09-04T16:33:26.000Z</time>
        <extensions>
          <ns3:TrackPointExtension>
            <ns3:atemp>28.0</ns3:atemp>
            <ns3:cad>61</ns3:cad>
          </ns3:TrackPointExtension>
        </extensions>
      </trkpt>
      <trkpt lat="43.2749287225306034088134765625" lon="-109.67555872164666652679443359375">
        <ele>3734</ele>
        <time>2017-09-04T16:33:38.000Z</time>
        <extensions>
          <ns3:TrackPointExtension>
            <ns3:atemp>28.0</ns3:atemp>
            <ns3:cad>61</ns3:cad>
          </ns3:TrackPointExtension>
        </extensions>
      </trkpt>
      <trkpt lat="43.27495680190622806549072265625" lon="-109.6755703724920749664306640625">
        <ele>3735</ele>
        <time>2017-09-04T16:33:45.000Z</time>
        <extensions>
          <ns3:TrackPointExtension>
            <ns3:atemp>28.0</ns3:atemp>
            <ns3:cad>0</ns3:cad>
          </ns3:TrackPointExtension>
        </extensions>
      </trkpt>
      <trkpt lat="43.2749934308230876922607421875" lon="-109.67559593729674816131591796875">
        <ele>3736.199951171875</ele>
        <time>2017-09-04T16:33:58.000Z</time>
        <extensions>
          <ns3:TrackPointExtension>
            <ns3:atemp>28.0</ns3:atemp>
            <ns3:cad>61</ns3:cad>
          </ns3:TrackPointExtension>
        </extensions>
      </trkpt>
      <trkpt lat="43.27503123320639133453369140625" lon="-109.6756095997989177703857421875">
        <ele>3737</ele>
        <time>2017-09-04T16:34:04.000Z</time>
        <extensions>
          <ns3:TrackPointExtension>
            <ns3:atemp>28.0</ns3:atemp>
            <ns3:cad>61</ns3:cad>
          </ns3:TrackPointExtension>
        </extensions>
      </trkpt>
      <trkpt lat="43.2750383578240871429443359375" lon="-109.6756072528660297393798828125">
        <ele>3737.199951171875</ele>
        <time>2017-09-04T16:34:06.000Z</time>
        <extensions>
          <ns3:TrackPointExtension>
            <ns3:atemp>28.0</ns3:atemp>
            <ns3:cad>0</ns3:cad>
          </ns3:TrackPointExtension>
        </extensions>
      </trkpt>
      <trkpt lat="43.27506761066615581512451171875" lon="-109.67566835694015026092529296875">
        <ele>3738.199951171875</ele>
        <time>2017-09-04T16:34:24.000Z</time>
        <extensions>
          <ns3:TrackPointExtension>
            <ns3:atemp>28.0</ns3:atemp>
            <ns3:cad>61</ns3:cad>
          </ns3:TrackPointExtension>
        </extensions>
      </trkpt>
      <trkpt lat="43.27506911940872669219970703125" lon="-109.675674140453338623046875">
        <ele>3739.60009765625</ele>
        <time>2017-09-04T16:34:30.000Z</time>
        <extensions>
          <ns3:TrackPointExtension>
            <ns3:atemp>28.0</ns3:atemp>
            <ns3:cad>0</ns3:cad>
          </ns3:TrackPointExtension>
        </extensions>
      </trkpt>
      <trkpt lat="43.2751114480197429656982421875" lon="-109.67573516070842742919921875">
        <ele>3740.60009765625</ele>
        <time>2017-09-04T16:34:41.000Z</time>
        <extensions>
          <ns3:TrackPointExtension>
            <ns3:atemp>28.0</ns3:atemp>
            <ns3:cad>61</ns3:cad>
          </ns3:TrackPointExtension>
        </extensions>
      </trkpt>
      <trkpt lat="43.275130055844783782958984375" lon="-109.67574681155383586883544921875">
        <ele>3741.60009765625</ele>
        <time>2017-09-04T16:34:47.000Z</time>
        <extensions>
          <ns3:TrackPointExtension>
            <ns3:atemp>28.0</ns3:atemp>
            <ns3:cad>0</ns3:cad>
          </ns3:TrackPointExtension>
        </extensions>
      </trkpt>
      <trkpt lat="43.2751934230327606201171875" lon="-109.67581353150308132171630859375">
        <ele>3742.800048828125</ele>
        <time>2017-09-04T16:35:04.000Z</time>
        <extensions>
          <ns3:TrackPointExtension>
            <ns3:atemp>28.0</ns3:atemp>
            <ns3:cad>0</ns3:cad>
          </ns3:TrackPointExtension>
        </extensions>
      </trkpt>
      <trkpt lat="43.2752019725739955902099609375" lon="-109.6758793294429779052734375">
        <ele>3744</ele>
        <time>2017-09-04T16:35:13.000Z</time>
        <extensions>
          <ns3:TrackPointExtension>
            <ns3:atemp>28.0</ns3:atemp>
            <ns3:cad>0</ns3:cad>
          </ns3:TrackPointExtension>
        </extensions>
      </trkpt>
      <trkpt lat="43.2752348296344280242919921875" lon="-109.67591595835983753204345703125">
        <ele>3745</ele>
        <time>2017-09-04T16:35:19.000Z</time>
        <extensions>
          <ns3:TrackPointExtension>
            <ns3:atemp>28.0</ns3:atemp>
            <ns3:cad>61</ns3:cad>
          </ns3:TrackPointExtension>
        </extensions>
      </trkpt>
      <trkpt lat="43.27539601363241672515869140625" lon="-109.67602081596851348876953125">
        <ele>3745.60009765625</ele>
        <time>2017-09-04T16:35:41.000Z</time>
        <extensions>
          <ns3:TrackPointExtension>
            <ns3:atemp>28.0</ns3:atemp>
            <ns3:cad>61</ns3:cad>
          </ns3:TrackPointExtension>
        </extensions>
      </trkpt>
      <trkpt lat="43.275476060807704925537109375" lon="-109.6761601231992244720458984375">
        <ele>3746</ele>
        <time>2017-09-04T16:35:51.000Z</time>
        <extensions>
          <ns3:TrackPointExtension>
            <ns3:atemp>28.0</ns3:atemp>
            <ns3:cad>0</ns3:cad>
          </ns3:TrackPointExtension>
        </extensions>
      </trkpt>
      <trkpt lat="43.2754832692444324493408203125" lon="-109.6761715225875377655029296875">
        <ele>3746</ele>
        <time>2017-09-04T16:35:52.000Z</time>
        <extensions>
          <ns3:TrackPointExtension>
            <ns3:atemp>28.0</ns3:atemp>
            <ns3:cad>0</ns3:cad>
          </ns3:TrackPointExtension>
        </extensions>
      </trkpt>
      <trkpt lat="43.275501541793346405029296875" lon="-109.67609968967735767364501953125">
        <ele>3746</ele>
        <time>2017-09-04T16:36:06.000Z</time>
        <extensions>
          <ns3:TrackPointExtension>
            <ns3:atemp>28.0</ns3:atemp>
            <ns3:cad>61</ns3:cad>
          </ns3:TrackPointExtension>
        </extensions>
      </trkpt>
      <trkpt lat="43.27547899447381496429443359375" lon="-109.67605526559054851531982421875">
        <ele>3745</ele>
        <time>2017-09-04T16:36:42.000Z</time>
        <extensions>
          <ns3:TrackPointExtension>
            <ns3:atemp>27.0</ns3:atemp>
            <ns3:cad>0</ns3:cad>
          </ns3:TrackPointExtension>
        </extensions>
      </trkpt>
      <trkpt lat="43.27546893619000911712646484375" lon="-109.6760012023150920867919921875">
        <ele>3745.199951171875</ele>
        <time>2017-09-04T16:39:14.000Z</time>
        <extensions>
          <ns3:TrackPointExtension>
            <ns3:atemp>28.0</ns3:atemp>
            <ns3:cad>0</ns3:cad>
          </ns3:TrackPointExtension>
        </extensions>
      </trkpt>
      <trkpt lat="43.27546642161905765533447265625" lon="-109.67602173797786235809326171875">
        <ele>3745.199951171875</ele>
        <time>2017-09-04T16:39:32.000Z</time>
        <extensions>
          <ns3:TrackPointExtension>
            <ns3:atemp>29.0</ns3:atemp>
            <ns3:cad>0</ns3:cad>
          </ns3:TrackPointExtension>
        </extensions>
      </trkpt>
      <trkpt lat="43.27547212131321430206298828125" lon="-109.676065742969512939453125">
        <ele>3745.199951171875</ele>
        <time>2017-09-04T16:40:41.000Z</time>
        <extensions>
          <ns3:TrackPointExtension>
            <ns3:atemp>30.0</ns3:atemp>
            <ns3:cad>61</ns3:cad>
          </ns3:TrackPointExtension>
        </extensions>
      </trkpt>
      <trkpt lat="43.27551327645778656005859375" lon="-109.6760729514062404632568359375">
        <ele>3745.199951171875</ele>
        <time>2017-09-04T16:41:16.000Z</time>
        <extensions>
          <ns3:TrackPointExtension>
            <ns3:atemp>30.0</ns3:atemp>
            <ns3:cad>61</ns3:cad>
          </ns3:TrackPointExtension>
        </extensions>
      </trkpt>
      <trkpt lat="43.27552123926579952239990234375" lon="-109.67612542212009429931640625">
        <ele>3745.199951171875</ele>
        <time>2017-09-04T16:41:21.000Z</time>
        <extensions>
          <ns3:TrackPointExtension>
            <ns3:atemp>30.0</ns3:atemp>
            <ns3:cad>0</ns3:cad>
          </ns3:TrackPointExtension>
        </extensions>
      </trkpt>
      <trkpt lat="43.27552911825478076934814453125" lon="-109.6761604584753513336181640625">
        <ele>3745.60009765625</ele>
        <time>2017-09-04T16:41:24.000Z</time>
        <extensions>
          <ns3:TrackPointExtension>
            <ns3:atemp>30.0</ns3:atemp>
            <ns3:cad>0</ns3:cad>
          </ns3:TrackPointExtension>
        </extensions>
      </trkpt>
      <trkpt lat="43.27553314156830310821533203125" lon="-109.67622156254947185516357421875">
        <ele>3745.199951171875</ele>
        <time>2017-09-04T16:41:30.000Z</time>
        <extensions>
          <ns3:TrackPointExtension>
            <ns3:atemp>30.0</ns3:atemp>
            <ns3:cad>0</ns3:cad>
          </ns3:TrackPointExtension>
        </extensions>
      </trkpt>
      <trkpt lat="43.27551654540002346038818359375" lon="-109.67627252452075481414794921875">
        <ele>3743.800048828125</ele>
        <time>2017-09-04T16:41:37.000Z</time>
        <extensions>
          <ns3:TrackPointExtension>
            <ns3:atemp>29.0</ns3:atemp>
            <ns3:cad>0</ns3:cad>
          </ns3:TrackPointExtension>
        </extensions>
      </trkpt>
      <trkpt lat="43.275518976151943206787109375" lon="-109.676279313862323760986328125">
        <ele>3743.800048828125</ele>
        <time>2017-09-04T16:41:38.000Z</time>
        <extensions>
          <ns3:TrackPointExtension>
            <ns3:atemp>29.0</ns3:atemp>
            <ns3:cad>0</ns3:cad>
          </ns3:TrackPointExtension>
        </extensions>
      </trkpt>
      <trkpt lat="43.27553984709084033966064453125" lon="-109.67637562192976474761962890625">
        <ele>3743</ele>
        <time>2017-09-04T16:41:48.000Z</time>
        <extensions>
          <ns3:TrackPointExtension>
            <ns3:atemp>29.0</ns3:atemp>
            <ns3:cad>61</ns3:cad>
          </ns3:TrackPointExtension>
        </extensions>
      </trkpt>
      <trkpt lat="43.27554319985210895538330078125" lon="-109.67638869769871234893798828125">
        <ele>3742.800048828125</ele>
        <time>2017-09-04T16:41:49.000Z</time>
        <extensions>
          <ns3:TrackPointExtension>
            <ns3:atemp>29.0</ns3:atemp>
            <ns3:cad>0</ns3:cad>
          </ns3:TrackPointExtension>
        </extensions>
      </trkpt>
      <trkpt lat="43.27556264586746692657470703125" lon="-109.6764182858169078826904296875">
        <ele>3742.800048828125</ele>
        <time>2017-09-04T16:41:52.000Z</time>
        <extensions>
          <ns3:TrackPointExtension>
            <ns3:atemp>29.0</ns3:atemp>
            <ns3:cad>0</ns3:cad>
          </ns3:TrackPointExtension>
        </extensions>
      </trkpt>
      <trkpt lat="43.275575973093509674072265625" lon="-109.6764394082129001617431640625">
        <ele>3743</ele>
        <time>2017-09-04T16:41:55.000Z</time>
        <extensions>
          <ns3:TrackPointExtension>
            <ns3:atemp>29.0</ns3:atemp>
            <ns3:cad>0</ns3:cad>
          </ns3:TrackPointExtension>
        </extensions>
      </trkpt>
      <trkpt lat="43.275572955608367919921875" lon="-109.67643798328936100006103515625">
        <ele>3743</ele>
        <time>2017-09-04T16:41:58.000Z</time>
        <extensions>
          <ns3:TrackPointExtension>
            <ns3:atemp>29.0</ns3:atemp>
            <ns3:cad>0</ns3:cad>
          </ns3:TrackPointExtension>
        </extensions>
      </trkpt>
      <trkpt lat="43.27559332363307476043701171875" lon="-109.67645759694278240203857421875">
        <ele>3743.199951171875</ele>
        <time>2017-09-04T16:42:05.000Z</time>
        <extensions>
          <ns3:TrackPointExtension>
            <ns3:atemp>29.0</ns3:atemp>
            <ns3:cad>61</ns3:cad>
          </ns3:TrackPointExtension>
        </extensions>
      </trkpt>
      <trkpt lat="43.27559852041304111480712890625" lon="-109.67647654004395008087158203125">
        <ele>3743</ele>
        <time>2017-09-04T16:42:07.000Z</time>
        <extensions>
          <ns3:TrackPointExtension>
            <ns3:atemp>29.0</ns3:atemp>
            <ns3:cad>61</ns3:cad>
          </ns3:TrackPointExtension>
        </extensions>
      </trkpt>
      <trkpt lat="43.2756167091429233551025390625" lon="-109.67653102241456508636474609375">
        <ele>3743</ele>
        <time>2017-09-04T16:42:11.000Z</time>
        <extensions>
          <ns3:TrackPointExtension>
            <ns3:atemp>29.0</ns3:atemp>
            <ns3:cad>61</ns3:cad>
          </ns3:TrackPointExtension>
        </extensions>
      </trkpt>
      <trkpt lat="43.2756163738667964935302734375" lon="-109.67656790278851985931396484375">
        <ele>3743.39990234375</ele>
        <time>2017-09-04T16:42:14.000Z</time>
        <extensions>
          <ns3:TrackPointExtension>
            <ns3:atemp>29.0</ns3:atemp>
            <ns3:cad>56</ns3:cad>
          </ns3:TrackPointExtension>
        </extensions>
      </trkpt>
      <trkpt lat="43.27562618069350719451904296875" lon="-109.67668692581355571746826171875">
        <ele>3744</ele>
        <time>2017-09-04T16:42:19.000Z</time>
        <extensions>
          <ns3:TrackPointExtension>
            <ns3:atemp>29.0</ns3:atemp>
            <ns3:cad>55</ns3:cad>
          </ns3:TrackPointExtension>
        </extensions>
      </trkpt>
      <trkpt lat="43.2757092453539371490478515625" lon="-109.67686864547431468963623046875">
        <ele>3745</ele>
        <time>2017-09-04T16:42:35.000Z</time>
        <extensions>
          <ns3:TrackPointExtension>
            <ns3:atemp>29.0</ns3:atemp>
            <ns3:cad>61</ns3:cad>
          </ns3:TrackPointExtension>
        </extensions>
      </trkpt>
      <trkpt lat="43.275783173739910125732421875" lon="-109.67708607204258441925048828125">
        <ele>3745.199951171875</ele>
        <time>2017-09-04T16:42:51.000Z</time>
        <extensions>
          <ns3:TrackPointExtension>
            <ns3:atemp>29.0</ns3:atemp>
            <ns3:cad>61</ns3:cad>
          </ns3:TrackPointExtension>
        </extensions>
      </trkpt>
      <trkpt lat="43.27580102719366550445556640625" lon="-109.67714927159249782562255859375">
        <ele>3745</ele>
        <time>2017-09-04T16:42:58.000Z</time>
        <extensions>
          <ns3:TrackPointExtension>
            <ns3:atemp>29.0</ns3:atemp>
            <ns3:cad>61</ns3:cad>
          </ns3:TrackPointExtension>
        </extensions>
      </trkpt>
      <trkpt lat="43.27586959116160869598388671875" lon="-109.677377678453922271728515625">
        <ele>3746</ele>
        <time>2017-09-04T16:43:14.000Z</time>
        <extensions>
          <ns3:TrackPointExtension>
            <ns3:atemp>29.0</ns3:atemp>
            <ns3:cad>0</ns3:cad>
          </ns3:TrackPointExtension>
        </extensions>
      </trkpt>
      <trkpt lat="43.27587227337062358856201171875" lon="-109.67739201150834560394287109375">
        <ele>3746</ele>
        <time>2017-09-04T16:43:15.000Z</time>
        <extensions>
          <ns3:TrackPointExtension>
            <ns3:atemp>29.0</ns3:atemp>
            <ns3:cad>0</ns3:cad>
          </ns3:TrackPointExtension>
        </extensions>
      </trkpt>
      <trkpt lat="43.2759684138000011444091796875" lon="-109.67760759405791759490966796875">
        <ele>3745.60009765625</ele>
        <time>2017-09-04T16:43:30.000Z</time>
        <extensions>
          <ns3:TrackPointExtension>
            <ns3:atemp>29.0</ns3:atemp>
            <ns3:cad>61</ns3:cad>
          </ns3:TrackPointExtension>
        </extensions>
      </trkpt>
      <trkpt lat="43.275995068252086639404296875" lon="-109.6776715479791164398193359375">
        <ele>3745.60009765625</ele>
        <time>2017-09-04T16:43:36.000Z</time>
        <extensions>
          <ns3:TrackPointExtension>
            <ns3:atemp>29.0</ns3:atemp>
            <ns3:cad>0</ns3:cad>
          </ns3:TrackPointExtension>
        </extensions>
      </trkpt>
      <trkpt lat="43.27606321312487125396728515625" lon="-109.677763916552066802978515625">
        <ele>3745.39990234375</ele>
        <time>2017-09-04T16:43:48.000Z</time>
        <extensions>
          <ns3:TrackPointExtension>
            <ns3:atemp>29.0</ns3:atemp>
            <ns3:cad>0</ns3:cad>
          </ns3:TrackPointExtension>
        </extensions>
      </trkpt>
      <trkpt lat="43.27610830776393413543701171875" lon="-109.6777969412505626678466796875">
        <ele>3745</ele>
        <time>2017-09-04T16:43:59.000Z</time>
        <extensions>
          <ns3:TrackPointExtension>
            <ns3:atemp>29.0</ns3:atemp>
            <ns3:cad>0</ns3:cad>
          </ns3:TrackPointExtension>
        </extensions>
      </trkpt>
      <trkpt lat="43.27611166052520275115966796875" lon="-109.6778480708599090576171875">
        <ele>3743.800048828125</ele>
        <time>2017-09-04T16:44:18.000Z</time>
        <extensions>
          <ns3:TrackPointExtension>
            <ns3:atemp>29.0</ns3:atemp>
            <ns3:cad>0</ns3:cad>
          </ns3:TrackPointExtension>
        </extensions>
      </trkpt>
      <trkpt lat="43.27610872685909271240234375" lon="-109.67785033397376537322998046875">
        <ele>3743.800048828125</ele>
        <time>2017-09-04T16:44:21.000Z</time>
        <extensions>
          <ns3:TrackPointExtension>
            <ns3:atemp>29.0</ns3:atemp>
            <ns3:cad>0</ns3:cad>
          </ns3:TrackPointExtension>
        </extensions>
      </trkpt>
      <trkpt lat="43.27618123032152652740478515625" lon="-109.6778727136552333831787109375">
        <ele>3742.800048828125</ele>
        <time>2017-09-04T16:45:00.000Z</time>
        <extensions>
          <ns3:TrackPointExtension>
            <ns3:atemp>28.0</ns3:atemp>
            <ns3:cad>61</ns3:cad>
          </ns3:TrackPointExtension>
        </extensions>
      </trkpt>
      <trkpt lat="43.27631659805774688720703125" lon="-109.6779042296111583709716796875">
        <ele>3741.800048828125</ele>
        <time>2017-09-04T16:45:13.000Z</time>
        <extensions>
          <ns3:TrackPointExtension>
            <ns3:atemp>28.0</ns3:atemp>
            <ns3:cad>47</ns3:cad>
          </ns3:TrackPointExtension>
        </extensions>
      </trkpt>
      <trkpt lat="43.2763254828751087188720703125" lon="-109.67790699563920497894287109375">
        <ele>3741.60009765625</ele>
        <time>2017-09-04T16:45:14.000Z</time>
        <extensions>
          <ns3:TrackPointExtension>
            <ns3:atemp>28.0</ns3:atemp>
            <ns3:cad>47</ns3:cad>
          </ns3:TrackPointExtension>
        </extensions>
      </trkpt>
      <trkpt lat="43.276388682425022125244140625" lon="-109.6779166348278522491455078125">
        <ele>3740.60009765625</ele>
        <time>2017-09-04T16:45:21.000Z</time>
        <extensions>
          <ns3:TrackPointExtension>
            <ns3:atemp>28.0</ns3:atemp>
            <ns3:cad>61</ns3:cad>
          </ns3:TrackPointExtension>
        </extensions>
      </trkpt>
      <trkpt lat="43.276399411261081695556640625" lon="-109.67791504226624965667724609375">
        <ele>3740.39990234375</ele>
        <time>2017-09-04T16:45:22.000Z</time>
        <extensions>
          <ns3:TrackPointExtension>
            <ns3:atemp>28.0</ns3:atemp>
            <ns3:cad>61</ns3:cad>
          </ns3:TrackPointExtension>
        </extensions>
      </trkpt>
      <trkpt lat="43.27643151395022869110107421875" lon="-109.6779240109026432037353515625">
        <ele>3739.199951171875</ele>
        <time>2017-09-04T16:45:25.000Z</time>
        <extensions>
          <ns3:TrackPointExtension>
            <ns3:atemp>28.0</ns3:atemp>
            <ns3:cad>61</ns3:cad>
          </ns3:TrackPointExtension>
        </extensions>
      </trkpt>
      <trkpt lat="43.27648331411182880401611328125" lon="-109.67793717049062252044677734375">
        <ele>3738.199951171875</ele>
        <time>2017-09-04T16:45:30.000Z</time>
        <extensions>
          <ns3:TrackPointExtension>
            <ns3:atemp>27.0</ns3:atemp>
            <ns3:cad>46</ns3:cad>
          </ns3:TrackPointExtension>
        </extensions>
      </trkpt>
      <trkpt lat="43.2765184342861175537109375" lon="-109.67795460484921932220458984375">
        <ele>3737.199951171875</ele>
        <time>2017-09-04T16:45:33.000Z</time>
        <extensions>
          <ns3:TrackPointExtension>
            <ns3:atemp>27.0</ns3:atemp>
            <ns3:cad>47</ns3:cad>
          </ns3:TrackPointExtension>
        </extensions>
      </trkpt>
      <trkpt lat="43.2765534706413745880126953125" lon="-109.67796784825623035430908203125">
        <ele>3736.800048828125</ele>
        <time>2017-09-04T16:45:36.000Z</time>
        <extensions>
          <ns3:TrackPointExtension>
            <ns3:atemp>27.0</ns3:atemp>
            <ns3:cad>47</ns3:cad>
          </ns3:TrackPointExtension>
        </extensions>
      </trkpt>
      <trkpt lat="43.2765881717205047607421875" lon="-109.67797270976006984710693359375">
        <ele>3736</ele>
        <time>2017-09-04T16:45:39.000Z</time>
        <extensions>
          <ns3:TrackPointExtension>
            <ns3:atemp>27.0</ns3:atemp>
            <ns3:cad>47</ns3:cad>
          </ns3:TrackPointExtension>
        </extensions>
      </trkpt>
      <trkpt lat="43.27667458914220333099365234375" lon="-109.67803607694804668426513671875">
        <ele>3735</ele>
        <time>2017-09-04T16:45:46.000Z</time>
        <extensions>
          <ns3:TrackPointExtension>
            <ns3:atemp>27.0</ns3:atemp>
            <ns3:cad>47</ns3:cad>
          </ns3:TrackPointExtension>
        </extensions>
      </trkpt>
      <trkpt lat="43.2767281495034694671630859375" lon="-109.67804831452667713165283203125">
        <ele>3734</ele>
        <time>2017-09-04T16:45:51.000Z</time>
        <extensions>
          <ns3:TrackPointExtension>
            <ns3:atemp>27.0</ns3:atemp>
            <ns3:cad>47</ns3:cad>
          </ns3:TrackPointExtension>
        </extensions>
      </trkpt>
      <trkpt lat="43.276736028492450714111328125" lon="-109.67805149964988231658935546875">
        <ele>3733.800048828125</ele>
        <time>2017-09-04T16:45:52.000Z</time>
        <extensions>
          <ns3:TrackPointExtension>
            <ns3:atemp>27.0</ns3:atemp>
            <ns3:cad>47</ns3:cad>
          </ns3:TrackPointExtension>
        </extensions>
      </trkpt>
      <trkpt lat="43.27681414783000946044921875" lon="-109.6780477277934551239013671875">
        <ele>3732.60009765625</ele>
        <time>2017-09-04T16:45:59.000Z</time>
        <extensions>
          <ns3:TrackPointExtension>
            <ns3:atemp>27.0</ns3:atemp>
            <ns3:cad>61</ns3:cad>
          </ns3:TrackPointExtension>
        </extensions>
      </trkpt>
      <trkpt lat="43.2768563926219940185546875" lon="-109.6780438721179962158203125">
        <ele>3731.60009765625</ele>
        <time>2017-09-04T16:46:03.000Z</time>
        <extensions>
          <ns3:TrackPointExtension>
            <ns3:atemp>27.0</ns3:atemp>
            <ns3:cad>58</ns3:cad>
          </ns3:TrackPointExtension>
        </extensions>
      </trkpt>
      <trkpt lat="43.27693576924502849578857421875" lon="-109.67805661261081695556640625">
        <ele>3730.39990234375</ele>
        <time>2017-09-04T16:46:10.000Z</time>
        <extensions>
          <ns3:TrackPointExtension>
            <ns3:atemp>27.0</ns3:atemp>
            <ns3:cad>56</ns3:cad>
          </ns3:TrackPointExtension>
        </extensions>
      </trkpt>
      <trkpt lat="43.2770238630473613739013671875" lon="-109.678048901259899139404296875">
        <ele>3729.199951171875</ele>
        <time>2017-09-04T16:46:18.000Z</time>
        <extensions>
          <ns3:TrackPointExtension>
            <ns3:atemp>27.0</ns3:atemp>
            <ns3:cad>51</ns3:cad>
          </ns3:TrackPointExtension>
        </extensions>
      </trkpt>
      <trkpt lat="43.2770295627415180206298828125" lon="-109.6780430339276790618896484375">
        <ele>3729.199951171875</ele>
        <time>2017-09-04T16:46:19.000Z</time>
        <extensions>
          <ns3:TrackPointExtension>
            <ns3:atemp>27.0</ns3:atemp>
            <ns3:cad>51</ns3:cad>
          </ns3:TrackPointExtension>
        </extensions>
      </trkpt>
      <trkpt lat="43.27702880837023258209228515625" lon="-109.678035490214824676513671875">
        <ele>3728.800048828125</ele>
        <time>2017-09-04T16:46:22.000Z</time>
        <extensions>
          <ns3:TrackPointExtension>
            <ns3:atemp>27.0</ns3:atemp>
            <ns3:cad>0</ns3:cad>
          </ns3:TrackPointExtension>
        </extensions>
      </trkpt>
      <trkpt lat="43.2770240306854248046875" lon="-109.6780272759497165679931640625">
        <ele>3728.39990234375</ele>
        <time>2017-09-04T16:46:25.000Z</time>
        <extensions>
          <ns3:TrackPointExtension>
            <ns3:atemp>27.0</ns3:atemp>
            <ns3:cad>0</ns3:cad>
          </ns3:TrackPointExtension>
        </extensions>
      </trkpt>
      <trkpt lat="43.27706803567707538604736328125" lon="-109.67802585102617740631103515625">
        <ele>3728.199951171875</ele>
        <time>2017-09-04T16:46:28.000Z</time>
        <extensions>
          <ns3:TrackPointExtension>
            <ns3:atemp>27.0</ns3:atemp>
            <ns3:cad>0</ns3:cad>
          </ns3:TrackPointExtension>
        </extensions>
      </trkpt>
      <trkpt lat="43.27707340009510517120361328125" lon="-109.6780235879123210906982421875">
        <ele>3728.199951171875</ele>
        <time>2017-09-04T16:46:29.000Z</time>
        <extensions>
          <ns3:TrackPointExtension>
            <ns3:atemp>27.0</ns3:atemp>
            <ns3:cad>0</ns3:cad>
          </ns3:TrackPointExtension>
        </extensions>
      </trkpt>
      <trkpt lat="43.27707700431346893310546875" lon="-109.67802685685455799102783203125">
        <ele>3728.199951171875</ele>
        <time>2017-09-04T16:46:33.000Z</time>
        <extensions>
          <ns3:TrackPointExtension>
            <ns3:atemp>27.0</ns3:atemp>
            <ns3:cad>0</ns3:cad>
          </ns3:TrackPointExtension>
        </extensions>
      </trkpt>
      <trkpt lat="43.2770946063101291656494140625" lon="-109.67805569060146808624267578125">
        <ele>3727.60009765625</ele>
        <time>2017-09-04T16:46:42.000Z</time>
        <extensions>
          <ns3:TrackPointExtension>
            <ns3:atemp>27.0</ns3:atemp>
            <ns3:cad>56</ns3:cad>
          </ns3:TrackPointExtension>
        </extensions>
      </trkpt>
      <trkpt lat="43.27713324688374996185302734375" lon="-109.67805250547826290130615234375">
        <ele>3727.199951171875</ele>
        <time>2017-09-04T16:46:46.000Z</time>
        <extensions>
          <ns3:TrackPointExtension>
            <ns3:atemp>27.0</ns3:atemp>
            <ns3:cad>57</ns3:cad>
          </ns3:TrackPointExtension>
        </extensions>
      </trkpt>
      <trkpt lat="43.2772367633879184722900390625" lon="-109.67803909443318843841552734375">
        <ele>3726.199951171875</ele>
        <time>2017-09-04T16:46:54.000Z</time>
        <extensions>
          <ns3:TrackPointExtension>
            <ns3:atemp>27.0</ns3:atemp>
            <ns3:cad>57</ns3:cad>
          </ns3:TrackPointExtension>
        </extensions>
      </trkpt>
      <trkpt lat="43.2773594744503498077392578125" lon="-109.67799433507025241851806640625">
        <ele>3725</ele>
        <time>2017-09-04T16:47:06.000Z</time>
        <extensions>
          <ns3:TrackPointExtension>
            <ns3:atemp>27.0</ns3:atemp>
            <ns3:cad>61</ns3:cad>
          </ns3:TrackPointExtension>
        </extensions>
      </trkpt>
      <trkpt lat="43.27743432484567165374755859375" lon="-109.67796667478978633880615234375">
        <ele>3724.199951171875</ele>
        <time>2017-09-04T16:47:14.000Z</time>
        <extensions>
          <ns3:TrackPointExtension>
            <ns3:atemp>27.0</ns3:atemp>
            <ns3:cad>56</ns3:cad>
          </ns3:TrackPointExtension>
        </extensions>
      </trkpt>
      <trkpt lat="43.27756323851644992828369140625" lon="-109.677927196025848388671875">
        <ele>3724</ele>
        <time>2017-09-04T16:47:25.000Z</time>
        <extensions>
          <ns3:TrackPointExtension>
            <ns3:atemp>27.0</ns3:atemp>
            <ns3:cad>52</ns3:cad>
          </ns3:TrackPointExtension>
        </extensions>
      </trkpt>
      <trkpt lat="43.27774881385266780853271484375" lon="-109.67793566174805164337158203125">
        <ele>3723.800048828125</ele>
        <time>2017-09-04T16:47:40.000Z</time>
        <extensions>
          <ns3:TrackPointExtension>
            <ns3:atemp>27.0</ns3:atemp>
            <ns3:cad>52</ns3:cad>
          </ns3:TrackPointExtension>
        </extensions>
      </trkpt>
      <trkpt lat="43.27775937505066394805908203125" lon="-109.67793264426290988922119140625">
        <ele>3724</ele>
        <time>2017-09-04T16:47:42.000Z</time>
        <extensions>
          <ns3:TrackPointExtension>
            <ns3:atemp>27.0</ns3:atemp>
            <ns3:cad>52</ns3:cad>
          </ns3:TrackPointExtension>
        </extensions>
      </trkpt>
      <trkpt lat="43.27775920741260051727294921875" lon="-109.67795846052467823028564453125">
        <ele>3724.199951171875</ele>
        <time>2017-09-04T16:47:49.000Z</time>
        <extensions>
          <ns3:TrackPointExtension>
            <ns3:atemp>27.0</ns3:atemp>
            <ns3:cad>0</ns3:cad>
          </ns3:TrackPointExtension>
        </extensions>
      </trkpt>
      <trkpt lat="43.27781603671610355377197265625" lon="-109.677962400019168853759765625">
        <ele>3723.800048828125</ele>
        <time>2017-09-04T16:47:55.000Z</time>
        <extensions>
          <ns3:TrackPointExtension>
            <ns3:atemp>27.0</ns3:atemp>
            <ns3:cad>61</ns3:cad>
          </ns3:TrackPointExtension>
        </extensions>
      </trkpt>
      <trkpt lat="43.2779975049197673797607421875" lon="-109.67799584381282329559326171875">
        <ele>3724</ele>
        <time>2017-09-04T16:48:11.000Z</time>
        <extensions>
          <ns3:TrackPointExtension>
            <ns3:atemp>27.0</ns3:atemp>
            <ns3:cad>57</ns3:cad>
          </ns3:TrackPointExtension>
        </extensions>
      </trkpt>
      <trkpt lat="43.27805156819522380828857421875" lon="-109.6780068241059780120849609375">
        <ele>3725</ele>
        <time>2017-09-04T16:48:15.000Z</time>
        <extensions>
          <ns3:TrackPointExtension>
            <ns3:atemp>27.0</ns3:atemp>
            <ns3:cad>57</ns3:cad>
          </ns3:TrackPointExtension>
        </extensions>
      </trkpt>
      <trkpt lat="43.278233371675014495849609375" lon="-109.67802920378744602203369140625">
        <ele>3724.199951171875</ele>
        <time>2017-09-04T16:48:30.000Z</time>
        <extensions>
          <ns3:TrackPointExtension>
            <ns3:atemp>27.0</ns3:atemp>
            <ns3:cad>60</ns3:cad>
          </ns3:TrackPointExtension>
        </extensions>
      </trkpt>
      <trkpt lat="43.2782472856342792510986328125" lon="-109.6780302934348583221435546875">
        <ele>3724</ele>
        <time>2017-09-04T16:48:31.000Z</time>
        <extensions>
          <ns3:TrackPointExtension>
            <ns3:atemp>27.0</ns3:atemp>
            <ns3:cad>60</ns3:cad>
          </ns3:TrackPointExtension>
        </extensions>
      </trkpt>
      <trkpt lat="43.27841098420321941375732421875" lon="-109.67809542082250118255615234375">
        <ele>3725</ele>
        <time>2017-09-04T16:48:45.000Z</time>
        <extensions>
          <ns3:TrackPointExtension>
            <ns3:atemp>27.0</ns3:atemp>
            <ns3:cad>61</ns3:cad>
          </ns3:TrackPointExtension>
        </extensions>
      </trkpt>
      <trkpt lat="43.2784638740122318267822265625" lon="-109.67810665257275104522705078125">
        <ele>3725</ele>
        <time>2017-09-04T16:48:50.000Z</time>
        <extensions>
          <ns3:TrackPointExtension>
            <ns3:atemp>27.0</ns3:atemp>
            <ns3:cad>0</ns3:cad>
          </ns3:TrackPointExtension>
        </extensions>
      </trkpt>
      <trkpt lat="43.27847334556281566619873046875" lon="-109.67810967005789279937744140625">
        <ele>3725</ele>
        <time>2017-09-04T16:48:53.000Z</time>
        <extensions>
          <ns3:TrackPointExtension>
            <ns3:atemp>27.0</ns3:atemp>
            <ns3:cad>0</ns3:cad>
          </ns3:TrackPointExtension>
        </extensions>
      </trkpt>
      <trkpt lat="43.27849128283560276031494140625" lon="-109.6781030483543872833251953125">
        <ele>3725</ele>
        <time>2017-09-04T16:48:58.000Z</time>
        <extensions>
          <ns3:TrackPointExtension>
            <ns3:atemp>27.0</ns3:atemp>
            <ns3:cad>0</ns3:cad>
          </ns3:TrackPointExtension>
        </extensions>
      </trkpt>
      <trkpt lat="43.2785507105290889739990234375" lon="-109.678109250962734222412109375">
        <ele>3724.60009765625</ele>
        <time>2017-09-04T16:49:01.000Z</time>
        <extensions>
          <ns3:TrackPointExtension>
            <ns3:atemp>27.0</ns3:atemp>
            <ns3:cad>0</ns3:cad>
          </ns3:TrackPointExtension>
        </extensions>
      </trkpt>
      <trkpt lat="43.2787334360182285308837890625" lon="-109.678125679492950439453125">
        <ele>3725</ele>
        <time>2017-09-04T16:49:16.000Z</time>
        <extensions>
          <ns3:TrackPointExtension>
            <ns3:atemp>27.0</ns3:atemp>
            <ns3:cad>0</ns3:cad>
          </ns3:TrackPointExtension>
        </extensions>
      </trkpt>
      <trkpt lat="43.27891909517347812652587890625" lon="-109.67816364951431751251220703125">
        <ele>3725.800048828125</ele>
        <time>2017-09-04T16:49:33.000Z</time>
        <extensions>
          <ns3:TrackPointExtension>
            <ns3:atemp>27.0</ns3:atemp>
            <ns3:cad>0</ns3:cad>
          </ns3:TrackPointExtension>
        </extensions>
      </trkpt>
      <trkpt lat="43.27893250621855258941650390625" lon="-109.67816448770463466644287109375">
        <ele>3726.39990234375</ele>
        <time>2017-09-04T16:49:34.000Z</time>
        <extensions>
          <ns3:TrackPointExtension>
            <ns3:atemp>27.0</ns3:atemp>
            <ns3:cad>0</ns3:cad>
          </ns3:TrackPointExtension>
        </extensions>
      </trkpt>
      <trkpt lat="43.2790251262485980987548828125" lon="-109.67819566838443279266357421875">
        <ele>3726.60009765625</ele>
        <time>2017-09-04T16:49:44.000Z</time>
        <extensions>
          <ns3:TrackPointExtension>
            <ns3:atemp>26.0</ns3:atemp>
            <ns3:cad>0</ns3:cad>
          </ns3:TrackPointExtension>
        </extensions>
      </trkpt>
      <trkpt lat="43.27916233800351619720458984375" lon="-109.67821846716105937957763671875">
        <ele>3726.60009765625</ele>
        <time>2017-09-04T16:50:18.000Z</time>
        <extensions>
          <ns3:TrackPointExtension>
            <ns3:atemp>26.0</ns3:atemp>
            <ns3:cad>61</ns3:cad>
          </ns3:TrackPointExtension>
        </extensions>
      </trkpt>
      <trkpt lat="43.27934355475008487701416015625" lon="-109.6781939081847667694091796875">
        <ele>3726.800048828125</ele>
        <time>2017-09-04T16:50:34.000Z</time>
        <extensions>
          <ns3:TrackPointExtension>
            <ns3:atemp>26.0</ns3:atemp>
            <ns3:cad>63</ns3:cad>
          </ns3:TrackPointExtension>
        </extensions>
      </trkpt>
      <trkpt lat="43.27940574847161769866943359375" lon="-109.6781726181507110595703125">
        <ele>3726.800048828125</ele>
        <time>2017-09-04T16:50:43.000Z</time>
        <extensions>
          <ns3:TrackPointExtension>
            <ns3:atemp>26.0</ns3:atemp>
            <ns3:cad>0</ns3:cad>
          </ns3:TrackPointExtension>
        </extensions>
      </trkpt>
      <trkpt lat="43.27944271266460418701171875" lon="-109.6781617216765880584716796875">
        <ele>3726.60009765625</ele>
        <time>2017-09-04T16:50:50.000Z</time>
        <extensions>
          <ns3:TrackPointExtension>
            <ns3:atemp>26.0</ns3:atemp>
            <ns3:cad>0</ns3:cad>
          </ns3:TrackPointExtension>
        </extensions>
      </trkpt>
      <trkpt lat="43.2794849574565887451171875" lon="-109.678134061396121978759765625">
        <ele>3726.60009765625</ele>
        <time>2017-09-04T16:50:55.000Z</time>
        <extensions>
          <ns3:TrackPointExtension>
            <ns3:atemp>26.0</ns3:atemp>
            <ns3:cad>61</ns3:cad>
          </ns3:TrackPointExtension>
        </extensions>
      </trkpt>
      <trkpt lat="43.27953097410500049591064453125" lon="-109.67811553739011287689208984375">
        <ele>3727</ele>
        <time>2017-09-04T16:51:00.000Z</time>
        <extensions>
          <ns3:TrackPointExtension>
            <ns3:atemp>26.0</ns3:atemp>
            <ns3:cad>0</ns3:cad>
          </ns3:TrackPointExtension>
        </extensions>
      </trkpt>
      <trkpt lat="43.279559724032878875732421875" lon="-109.6781047247350215911865234375">
        <ele>3727</ele>
        <time>2017-09-04T16:51:03.000Z</time>
        <extensions>
          <ns3:TrackPointExtension>
            <ns3:atemp>26.0</ns3:atemp>
            <ns3:cad>0</ns3:cad>
          </ns3:TrackPointExtension>
        </extensions>
      </trkpt>
      <trkpt lat="43.279596269130706787109375" lon="-109.678095169365406036376953125">
        <ele>3727.39990234375</ele>
        <time>2017-09-04T16:51:07.000Z</time>
        <extensions>
          <ns3:TrackPointExtension>
            <ns3:atemp>26.0</ns3:atemp>
            <ns3:cad>0</ns3:cad>
          </ns3:TrackPointExtension>
        </extensions>
      </trkpt>
      <trkpt lat="43.279601298272609710693359375" lon="-109.67809357680380344390869140625">
        <ele>3727.60009765625</ele>
        <time>2017-09-04T16:51:08.000Z</time>
        <extensions>
          <ns3:TrackPointExtension>
            <ns3:atemp>26.0</ns3:atemp>
            <ns3:cad>0</ns3:cad>
          </ns3:TrackPointExtension>
        </extensions>
      </trkpt>
      <trkpt lat="43.27968872152268886566162109375" lon="-109.67804144136607646942138671875">
        <ele>3728.199951171875</ele>
        <time>2017-09-04T16:51:26.000Z</time>
        <extensions>
          <ns3:TrackPointExtension>
            <ns3:atemp>26.0</ns3:atemp>
            <ns3:cad>0</ns3:cad>
          </ns3:TrackPointExtension>
        </extensions>
      </trkpt>
      <trkpt lat="43.2797043956816196441650390625" lon="-109.678039848804473876953125">
        <ele>3728.199951171875</ele>
        <time>2017-09-04T16:51:28.000Z</time>
        <extensions>
          <ns3:TrackPointExtension>
            <ns3:atemp>26.0</ns3:atemp>
            <ns3:cad>0</ns3:cad>
          </ns3:TrackPointExtension>
        </extensions>
      </trkpt>
      <trkpt lat="43.2797236740589141845703125" lon="-109.678034819662570953369140625">
        <ele>3728.39990234375</ele>
        <time>2017-09-04T16:51:30.000Z</time>
        <extensions>
          <ns3:TrackPointExtension>
            <ns3:atemp>26.0</ns3:atemp>
            <ns3:cad>0</ns3:cad>
          </ns3:TrackPointExtension>
        </extensions>
      </trkpt>
      <trkpt lat="43.2797335647046566009521484375" lon="-109.67803423292934894561767578125">
        <ele>3728.39990234375</ele>
        <time>2017-09-04T16:51:31.000Z</time>
        <extensions>
          <ns3:TrackPointExtension>
            <ns3:atemp>26.0</ns3:atemp>
            <ns3:cad>0</ns3:cad>
          </ns3:TrackPointExtension>
        </extensions>
      </trkpt>
      <trkpt lat="43.27983858995139598846435546875" lon="-109.6780170500278472900390625">
        <ele>3729.60009765625</ele>
        <time>2017-09-04T16:51:43.000Z</time>
        <extensions>
          <ns3:TrackPointExtension>
            <ns3:atemp>26.0</ns3:atemp>
            <ns3:cad>0</ns3:cad>
          </ns3:TrackPointExtension>
        </extensions>
      </trkpt>
      <trkpt lat="43.279885612428188323974609375" lon="-109.6780021302402019500732421875">
        <ele>3730</ele>
        <time>2017-09-04T16:51:50.000Z</time>
        <extensions>
          <ns3:TrackPointExtension>
            <ns3:atemp>26.0</ns3:atemp>
            <ns3:cad>0</ns3:cad>
          </ns3:TrackPointExtension>
        </extensions>
      </trkpt>
      <trkpt lat="43.27992944978177547454833984375" lon="-109.67798612080514430999755859375">
        <ele>3730.39990234375</ele>
        <time>2017-09-04T16:52:07.000Z</time>
        <extensions>
          <ns3:TrackPointExtension>
            <ns3:atemp>26.0</ns3:atemp>
            <ns3:cad>0</ns3:cad>
          </ns3:TrackPointExtension>
        </extensions>
      </trkpt>
      <trkpt lat="43.2799766398966312408447265625" lon="-109.677969776093959808349609375">
        <ele>3730.60009765625</ele>
        <time>2017-09-04T16:52:18.000Z</time>
        <extensions>
          <ns3:TrackPointExtension>
            <ns3:atemp>26.0</ns3:atemp>
            <ns3:cad>61</ns3:cad>
          </ns3:TrackPointExtension>
        </extensions>
      </trkpt>
      <trkpt lat="43.280019722878932952880859375" lon="-109.677934236824512481689453125">
        <ele>3731</ele>
        <time>2017-09-04T16:52:25.000Z</time>
        <extensions>
          <ns3:TrackPointExtension>
            <ns3:atemp>26.0</ns3:atemp>
            <ns3:cad>61</ns3:cad>
          </ns3:TrackPointExtension>
        </extensions>
      </trkpt>
      <trkpt lat="43.2800758816301822662353515625" lon="-109.6779069118201732635498046875">
        <ele>3731.60009765625</ele>
        <time>2017-09-04T16:52:33.000Z</time>
        <extensions>
          <ns3:TrackPointExtension>
            <ns3:atemp>26.0</ns3:atemp>
            <ns3:cad>61</ns3:cad>
          </ns3:TrackPointExtension>
        </extensions>
      </trkpt>
      <trkpt lat="43.2801275141537189483642578125" lon="-109.67788361012935638427734375">
        <ele>3732</ele>
        <time>2017-09-04T16:52:39.000Z</time>
        <extensions>
          <ns3:TrackPointExtension>
            <ns3:atemp>26.0</ns3:atemp>
            <ns3:cad>63</ns3:cad>
          </ns3:TrackPointExtension>
        </extensions>
      </trkpt>
      <trkpt lat="43.28015928156673908233642578125" lon="-109.67786709778010845184326171875">
        <ele>3732.60009765625</ele>
        <time>2017-09-04T16:52:43.000Z</time>
        <extensions>
          <ns3:TrackPointExtension>
            <ns3:atemp>26.0</ns3:atemp>
            <ns3:cad>0</ns3:cad>
          </ns3:TrackPointExtension>
        </extensions>
      </trkpt>
      <trkpt lat="43.2801741175353527069091796875" lon="-109.677865840494632720947265625">
        <ele>3732.800048828125</ele>
        <time>2017-09-04T16:52:45.000Z</time>
        <extensions>
          <ns3:TrackPointExtension>
            <ns3:atemp>26.0</ns3:atemp>
            <ns3:cad>0</ns3:cad>
          </ns3:TrackPointExtension>
        </extensions>
      </trkpt>
      <trkpt lat="43.2801828347146511077880859375" lon="-109.677860476076602935791015625">
        <ele>3732.800048828125</ele>
        <time>2017-09-04T16:52:46.000Z</time>
        <extensions>
          <ns3:TrackPointExtension>
            <ns3:atemp>26.0</ns3:atemp>
            <ns3:cad>0</ns3:cad>
          </ns3:TrackPointExtension>
        </extensions>
      </trkpt>
      <trkpt lat="43.28020446002483367919921875" lon="-109.67785402201116085052490234375">
        <ele>3733.199951171875</ele>
        <time>2017-09-04T16:52:48.000Z</time>
        <extensions>
          <ns3:TrackPointExtension>
            <ns3:atemp>26.0</ns3:atemp>
            <ns3:cad>0</ns3:cad>
          </ns3:TrackPointExtension>
        </extensions>
      </trkpt>
      <trkpt lat="43.28023270703852176666259765625" lon="-109.6778388507664203643798828125">
        <ele>3733.39990234375</ele>
        <time>2017-09-04T16:52:52.000Z</time>
        <extensions>
          <ns3:TrackPointExtension>
            <ns3:atemp>26.0</ns3:atemp>
            <ns3:cad>61</ns3:cad>
          </ns3:TrackPointExtension>
        </extensions>
      </trkpt>
      <trkpt lat="43.28027746640145778656005859375" lon="-109.67781546525657176971435546875">
        <ele>3733.60009765625</ele>
        <time>2017-09-04T16:52:59.000Z</time>
        <extensions>
          <ns3:TrackPointExtension>
            <ns3:atemp>26.0</ns3:atemp>
            <ns3:cad>0</ns3:cad>
          </ns3:TrackPointExtension>
        </extensions>
      </trkpt>
      <trkpt lat="43.28030797652900218963623046875" lon="-109.6778026409447193145751953125">
        <ele>3733.800048828125</ele>
        <time>2017-09-04T16:53:03.000Z</time>
        <extensions>
          <ns3:TrackPointExtension>
            <ns3:atemp>26.0</ns3:atemp>
            <ns3:cad>0</ns3:cad>
          </ns3:TrackPointExtension>
        </extensions>
      </trkpt>
      <trkpt lat="43.28035826794803142547607421875" lon="-109.67778344638645648956298828125">
        <ele>3734.199951171875</ele>
        <time>2017-09-04T16:53:10.000Z</time>
        <extensions>
          <ns3:TrackPointExtension>
            <ns3:atemp>26.0</ns3:atemp>
            <ns3:cad>0</ns3:cad>
          </ns3:TrackPointExtension>
        </extensions>
      </trkpt>
      <trkpt lat="43.28039883635938167572021484375" lon="-109.6777526848018169403076171875">
        <ele>3734.800048828125</ele>
        <time>2017-09-04T16:53:18.000Z</time>
        <extensions>
          <ns3:TrackPointExtension>
            <ns3:atemp>26.0</ns3:atemp>
            <ns3:cad>61</ns3:cad>
          </ns3:TrackPointExtension>
        </extensions>
      </trkpt>
      <trkpt lat="43.28040964901447296142578125" lon="-109.67774908058345317840576171875">
        <ele>3734.800048828125</ele>
        <time>2017-09-04T16:53:19.000Z</time>
        <extensions>
          <ns3:TrackPointExtension>
            <ns3:atemp>26.0</ns3:atemp>
            <ns3:cad>61</ns3:cad>
          </ns3:TrackPointExtension>
        </extensions>
      </trkpt>
      <trkpt lat="43.280490450561046600341796875" lon="-109.6777050755918025970458984375">
        <ele>3735.199951171875</ele>
        <time>2017-09-04T16:53:31.000Z</time>
        <extensions>
          <ns3:TrackPointExtension>
            <ns3:atemp>26.0</ns3:atemp>
            <ns3:cad>61</ns3:cad>
          </ns3:TrackPointExtension>
        </extensions>
      </trkpt>
      <trkpt lat="43.28052406199276447296142578125" lon="-109.67767934314906597137451171875">
        <ele>3735.800048828125</ele>
        <time>2017-09-04T16:53:36.000Z</time>
        <extensions>
          <ns3:TrackPointExtension>
            <ns3:atemp>26.0</ns3:atemp>
            <ns3:cad>0</ns3:cad>
          </ns3:TrackPointExtension>
        </extensions>
      </trkpt>
      <trkpt lat="43.28059195540845394134521484375" lon="-109.67764330096542835235595703125">
        <ele>3737</ele>
        <time>2017-09-04T16:53:48.000Z</time>
        <extensions>
          <ns3:TrackPointExtension>
            <ns3:atemp>26.0</ns3:atemp>
            <ns3:cad>0</ns3:cad>
          </ns3:TrackPointExtension>
        </extensions>
      </trkpt>
      <trkpt lat="43.28065909445285797119140625" lon="-109.6776068396866321563720703125">
        <ele>3738</ele>
        <time>2017-09-04T16:54:12.000Z</time>
        <extensions>
          <ns3:TrackPointExtension>
            <ns3:atemp>26.0</ns3:atemp>
            <ns3:cad>0</ns3:cad>
          </ns3:TrackPointExtension>
        </extensions>
      </trkpt>
      <trkpt lat="43.28066982328891754150390625" lon="-109.6775806881487369537353515625">
        <ele>3739.199951171875</ele>
        <time>2017-09-04T16:54:19.000Z</time>
        <extensions>
          <ns3:TrackPointExtension>
            <ns3:atemp>26.0</ns3:atemp>
            <ns3:cad>0</ns3:cad>
          </ns3:TrackPointExtension>
        </extensions>
      </trkpt>
      <trkpt lat="43.2807648740708827972412109375" lon="-109.67751170508563518524169921875">
        <ele>3740.199951171875</ele>
        <time>2017-09-04T16:54:38.000Z</time>
        <extensions>
          <ns3:TrackPointExtension>
            <ns3:atemp>26.0</ns3:atemp>
            <ns3:cad>61</ns3:cad>
          </ns3:TrackPointExtension>
        </extensions>
      </trkpt>
      <trkpt lat="43.28090627677738666534423828125" lon="-109.67736200429499149322509765625">
        <ele>3741</ele>
        <time>2017-09-04T16:55:04.000Z</time>
        <extensions>
          <ns3:TrackPointExtension>
            <ns3:atemp>25.0</ns3:atemp>
            <ns3:cad>0</ns3:cad>
          </ns3:TrackPointExtension>
        </extensions>
      </trkpt>
      <trkpt lat="43.2809194363653659820556640625" lon="-109.67734046280384063720703125">
        <ele>3741.199951171875</ele>
        <time>2017-09-04T16:55:06.000Z</time>
        <extensions>
          <ns3:TrackPointExtension>
            <ns3:atemp>25.0</ns3:atemp>
            <ns3:cad>0</ns3:cad>
          </ns3:TrackPointExtension>
        </extensions>
      </trkpt>
      <trkpt lat="43.2810441590845584869384765625" lon="-109.67720878310501575469970703125">
        <ele>3742.39990234375</ele>
        <time>2017-09-04T16:55:23.000Z</time>
        <extensions>
          <ns3:TrackPointExtension>
            <ns3:atemp>25.0</ns3:atemp>
            <ns3:cad>61</ns3:cad>
          </ns3:TrackPointExtension>
        </extensions>
      </trkpt>
      <trkpt lat="43.28106687404215335845947265625" lon="-109.67718883417546749114990234375">
        <ele>3742.39990234375</ele>
        <time>2017-09-04T16:55:27.000Z</time>
        <extensions>
          <ns3:TrackPointExtension>
            <ns3:atemp>25.0</ns3:atemp>
            <ns3:cad>61</ns3:cad>
          </ns3:TrackPointExtension>
        </extensions>
      </trkpt>
      <trkpt lat="43.28107475303113460540771484375" lon="-109.6771736629307270050048828125">
        <ele>3742.60009765625</ele>
        <time>2017-09-04T16:55:29.000Z</time>
        <extensions>
          <ns3:TrackPointExtension>
            <ns3:atemp>25.0</ns3:atemp>
            <ns3:cad>0</ns3:cad>
          </ns3:TrackPointExtension>
        </extensions>
      </trkpt>
      <trkpt lat="43.2811672054231166839599609375" lon="-109.6771233715116977691650390625">
        <ele>3743.199951171875</ele>
        <time>2017-09-04T16:55:40.000Z</time>
        <extensions>
          <ns3:TrackPointExtension>
            <ns3:atemp>25.0</ns3:atemp>
            <ns3:cad>0</ns3:cad>
          </ns3:TrackPointExtension>
        </extensions>
      </trkpt>
      <trkpt lat="43.28118388541042804718017578125" lon="-109.677115492522716522216796875">
        <ele>3743.199951171875</ele>
        <time>2017-09-04T16:55:42.000Z</time>
        <extensions>
          <ns3:TrackPointExtension>
            <ns3:atemp>25.0</ns3:atemp>
            <ns3:cad>0</ns3:cad>
          </ns3:TrackPointExtension>
        </extensions>
      </trkpt>
      <trkpt lat="43.28119662590324878692626953125" lon="-109.6771050989627838134765625">
        <ele>3743.199951171875</ele>
        <time>2017-09-04T16:55:44.000Z</time>
        <extensions>
          <ns3:TrackPointExtension>
            <ns3:atemp>25.0</ns3:atemp>
            <ns3:cad>0</ns3:cad>
          </ns3:TrackPointExtension>
        </extensions>
      </trkpt>
      <trkpt lat="43.28129611909389495849609375" lon="-109.67699370346963405609130859375">
        <ele>3743.39990234375</ele>
        <time>2017-09-04T16:56:02.000Z</time>
        <extensions>
          <ns3:TrackPointExtension>
            <ns3:atemp>25.0</ns3:atemp>
            <ns3:cad>0</ns3:cad>
          </ns3:TrackPointExtension>
        </extensions>
      </trkpt>
      <trkpt lat="43.2812885753810405731201171875" lon="-109.67689546756446361541748046875">
        <ele>3744.39990234375</ele>
        <time>2017-09-04T16:56:53.000Z</time>
        <extensions>
          <ns3:TrackPointExtension>
            <ns3:atemp>25.0</ns3:atemp>
            <ns3:cad>0</ns3:cad>
          </ns3:TrackPointExtension>
        </extensions>
      </trkpt>
      <trkpt lat="43.28133844770491123199462890625" lon="-109.6768863312900066375732421875">
        <ele>3743.60009765625</ele>
        <time>2017-09-04T16:58:20.000Z</time>
        <extensions>
          <ns3:TrackPointExtension>
            <ns3:atemp>26.0</ns3:atemp>
            <ns3:cad>0</ns3:cad>
          </ns3:TrackPointExtension>
        </extensions>
      </trkpt>
      <trkpt lat="43.281329311430454254150390625" lon="-109.67676638625562191009521484375">
        <ele>3743.60009765625</ele>
        <time>2017-09-04T16:59:01.000Z</time>
        <extensions>
          <ns3:TrackPointExtension>
            <ns3:atemp>26.0</ns3:atemp>
            <ns3:cad>61</ns3:cad>
          </ns3:TrackPointExtension>
        </extensions>
      </trkpt>
      <trkpt lat="43.281471468508243560791015625" lon="-109.67662028968334197998046875">
        <ele>3743.800048828125</ele>
        <time>2017-09-04T16:59:13.000Z</time>
        <extensions>
          <ns3:TrackPointExtension>
            <ns3:atemp>26.0</ns3:atemp>
            <ns3:cad>51</ns3:cad>
          </ns3:TrackPointExtension>
        </extensions>
      </trkpt>
      <trkpt lat="43.2815246097743511199951171875" lon="-109.67658030800521373748779296875">
        <ele>3744.60009765625</ele>
        <time>2017-09-04T16:59:19.000Z</time>
        <extensions>
          <ns3:TrackPointExtension>
            <ns3:atemp>26.0</ns3:atemp>
            <ns3:cad>51</ns3:cad>
          </ns3:TrackPointExtension>
        </extensions>
      </trkpt>
      <trkpt lat="43.2815551199018955230712890625" lon="-109.67655147425830364227294921875">
        <ele>3745</ele>
        <time>2017-09-04T16:59:23.000Z</time>
        <extensions>
          <ns3:TrackPointExtension>
            <ns3:atemp>26.0</ns3:atemp>
            <ns3:cad>0</ns3:cad>
          </ns3:TrackPointExtension>
        </extensions>
      </trkpt>
      <trkpt lat="43.28160432167351245880126953125" lon="-109.6765510551631450653076171875">
        <ele>3745.199951171875</ele>
        <time>2017-09-04T16:59:34.000Z</time>
        <extensions>
          <ns3:TrackPointExtension>
            <ns3:atemp>26.0</ns3:atemp>
            <ns3:cad>61</ns3:cad>
          </ns3:TrackPointExtension>
        </extensions>
      </trkpt>
      <trkpt lat="43.28166785649955272674560546875" lon="-109.67647452838718891143798828125">
        <ele>3745.39990234375</ele>
        <time>2017-09-04T16:59:43.000Z</time>
        <extensions>
          <ns3:TrackPointExtension>
            <ns3:atemp>26.0</ns3:atemp>
            <ns3:cad>61</ns3:cad>
          </ns3:TrackPointExtension>
        </extensions>
      </trkpt>
      <trkpt lat="43.28167791478335857391357421875" lon="-109.67646212317049503326416015625">
        <ele>3745.60009765625</ele>
        <time>2017-09-04T16:59:46.000Z</time>
        <extensions>
          <ns3:TrackPointExtension>
            <ns3:atemp>26.0</ns3:atemp>
            <ns3:cad>61</ns3:cad>
          </ns3:TrackPointExtension>
        </extensions>
      </trkpt>
      <trkpt lat="43.28170423395931720733642578125" lon="-109.676412753760814666748046875">
        <ele>3745.800048828125</ele>
        <time>2017-09-04T16:59:51.000Z</time>
        <extensions>
          <ns3:TrackPointExtension>
            <ns3:atemp>26.0</ns3:atemp>
            <ns3:cad>61</ns3:cad>
          </ns3:TrackPointExtension>
        </extensions>
      </trkpt>
      <trkpt lat="43.2817120291292667388916015625" lon="-109.67639070935547351837158203125">
        <ele>3745.800048828125</ele>
        <time>2017-09-04T16:59:53.000Z</time>
        <extensions>
          <ns3:TrackPointExtension>
            <ns3:atemp>26.0</ns3:atemp>
            <ns3:cad>61</ns3:cad>
          </ns3:TrackPointExtension>
        </extensions>
      </trkpt>
      <trkpt lat="43.28174446709454059600830078125" lon="-109.6763478778302669525146484375">
        <ele>3745.199951171875</ele>
        <time>2017-09-04T16:59:58.000Z</time>
        <extensions>
          <ns3:TrackPointExtension>
            <ns3:atemp>26.0</ns3:atemp>
            <ns3:cad>61</ns3:cad>
          </ns3:TrackPointExtension>
        </extensions>
      </trkpt>
      <trkpt lat="43.28176039271056652069091796875" lon="-109.67634913511574268341064453125">
        <ele>3745.199951171875</ele>
        <time>2017-09-04T17:00:00.000Z</time>
        <extensions>
          <ns3:TrackPointExtension>
            <ns3:atemp>26.0</ns3:atemp>
            <ns3:cad>0</ns3:cad>
          </ns3:TrackPointExtension>
        </extensions>
      </trkpt>
      <trkpt lat="43.28178503550589084625244140625" lon="-109.67634133994579315185546875">
        <ele>3745.60009765625</ele>
        <time>2017-09-04T17:00:04.000Z</time>
        <extensions>
          <ns3:TrackPointExtension>
            <ns3:atemp>26.0</ns3:atemp>
            <ns3:cad>0</ns3:cad>
          </ns3:TrackPointExtension>
        </extensions>
      </trkpt>
      <trkpt lat="43.281809426844120025634765625" lon="-109.6763364784419536590576171875">
        <ele>3746.60009765625</ele>
        <time>2017-09-04T17:00:09.000Z</time>
        <extensions>
          <ns3:TrackPointExtension>
            <ns3:atemp>26.0</ns3:atemp>
            <ns3:cad>0</ns3:cad>
          </ns3:TrackPointExtension>
        </extensions>
      </trkpt>
      <trkpt lat="43.2818763144314289093017578125" lon="-109.67629976570606231689453125">
        <ele>3746.800048828125</ele>
        <time>2017-09-04T17:00:24.000Z</time>
        <extensions>
          <ns3:TrackPointExtension>
            <ns3:atemp>26.0</ns3:atemp>
            <ns3:cad>61</ns3:cad>
          </ns3:TrackPointExtension>
        </extensions>
      </trkpt>
      <trkpt lat="43.28201830387115478515625" lon="-109.67629867605865001678466796875">
        <ele>3747.800048828125</ele>
        <time>2017-09-04T17:00:43.000Z</time>
        <extensions>
          <ns3:TrackPointExtension>
            <ns3:atemp>25.0</ns3:atemp>
            <ns3:cad>0</ns3:cad>
          </ns3:TrackPointExtension>
        </extensions>
      </trkpt>
      <trkpt lat="43.2820764742791652679443359375" lon="-109.6763515658676624298095703125">
        <ele>3748.800048828125</ele>
        <time>2017-09-04T17:00:53.000Z</time>
        <extensions>
          <ns3:TrackPointExtension>
            <ns3:atemp>25.0</ns3:atemp>
            <ns3:cad>0</ns3:cad>
          </ns3:TrackPointExtension>
        </extensions>
      </trkpt>
      <trkpt lat="43.28212299384176731109619140625" lon="-109.676342345774173736572265625">
        <ele>3750</ele>
        <time>2017-09-04T17:01:00.000Z</time>
        <extensions>
          <ns3:TrackPointExtension>
            <ns3:atemp>25.0</ns3:atemp>
            <ns3:cad>0</ns3:cad>
          </ns3:TrackPointExtension>
        </extensions>
      </trkpt>
      <trkpt lat="43.28216473571956157684326171875" lon="-109.67633471824228763580322265625">
        <ele>3751</ele>
        <time>2017-09-04T17:01:09.000Z</time>
        <extensions>
          <ns3:TrackPointExtension>
            <ns3:atemp>25.0</ns3:atemp>
            <ns3:cad>0</ns3:cad>
          </ns3:TrackPointExtension>
        </extensions>
      </trkpt>
      <trkpt lat="43.2822127640247344970703125" lon="-109.67634259723126888275146484375">
        <ele>3752.199951171875</ele>
        <time>2017-09-04T17:01:19.000Z</time>
        <extensions>
          <ns3:TrackPointExtension>
            <ns3:atemp>25.0</ns3:atemp>
            <ns3:cad>0</ns3:cad>
          </ns3:TrackPointExtension>
        </extensions>
      </trkpt>
      <trkpt lat="43.2822498120367527008056640625" lon="-109.67633052729070186614990234375">
        <ele>3753.199951171875</ele>
        <time>2017-09-04T17:01:25.000Z</time>
        <extensions>
          <ns3:TrackPointExtension>
            <ns3:atemp>25.0</ns3:atemp>
            <ns3:cad>0</ns3:cad>
          </ns3:TrackPointExtension>
        </extensions>
      </trkpt>
      <trkpt lat="43.28231661580502986907958984375" lon="-109.67635433189570903778076171875">
        <ele>3754.199951171875</ele>
        <time>2017-09-04T17:01:37.000Z</time>
        <extensions>
          <ns3:TrackPointExtension>
            <ns3:atemp>25.0</ns3:atemp>
            <ns3:cad>0</ns3:cad>
          </ns3:TrackPointExtension>
        </extensions>
      </trkpt>
      <trkpt lat="43.28236489556729793548583984375" lon="-109.67638903297483921051025390625">
        <ele>3755.39990234375</ele>
        <time>2017-09-04T17:01:46.000Z</time>
        <extensions>
          <ns3:TrackPointExtension>
            <ns3:atemp>25.0</ns3:atemp>
            <ns3:cad>0</ns3:cad>
          </ns3:TrackPointExtension>
        </extensions>
      </trkpt>
      <trkpt lat="43.2824120856821537017822265625" lon="-109.676404707133769989013671875">
        <ele>3756.39990234375</ele>
        <time>2017-09-04T17:01:55.000Z</time>
        <extensions>
          <ns3:TrackPointExtension>
            <ns3:atemp>25.0</ns3:atemp>
            <ns3:cad>0</ns3:cad>
          </ns3:TrackPointExtension>
        </extensions>
      </trkpt>
      <trkpt lat="43.2824496366083621978759765625" lon="-109.6764270029962062835693359375">
        <ele>3757.60009765625</ele>
        <time>2017-09-04T17:02:04.000Z</time>
        <extensions>
          <ns3:TrackPointExtension>
            <ns3:atemp>25.0</ns3:atemp>
            <ns3:cad>0</ns3:cad>
          </ns3:TrackPointExtension>
        </extensions>
      </trkpt>
      <trkpt lat="43.28249615617096424102783203125" lon="-109.676441587507724761962890625">
        <ele>3758.60009765625</ele>
        <time>2017-09-04T17:02:12.000Z</time>
        <extensions>
          <ns3:TrackPointExtension>
            <ns3:atemp>25.0</ns3:atemp>
            <ns3:cad>0</ns3:cad>
          </ns3:TrackPointExtension>
        </extensions>
      </trkpt>
      <trkpt lat="43.28257419168949127197265625" lon="-109.67645776458084583282470703125">
        <ele>3759.60009765625</ele>
        <time>2017-09-04T17:02:26.000Z</time>
        <extensions>
          <ns3:TrackPointExtension>
            <ns3:atemp>25.0</ns3:atemp>
            <ns3:cad>64</ns3:cad>
          </ns3:TrackPointExtension>
        </extensions>
      </trkpt>
      <trkpt lat="43.2826280035078525543212890625" lon="-109.67646111734211444854736328125">
        <ele>3760.800048828125</ele>
        <time>2017-09-04T17:02:34.000Z</time>
        <extensions>
          <ns3:TrackPointExtension>
            <ns3:atemp>25.0</ns3:atemp>
            <ns3:cad>61</ns3:cad>
          </ns3:TrackPointExtension>
        </extensions>
      </trkpt>
      <trkpt lat="43.2827386446297168731689453125" lon="-109.67649581842124462127685546875">
        <ele>3761.800048828125</ele>
        <time>2017-09-04T17:02:52.000Z</time>
        <extensions>
          <ns3:TrackPointExtension>
            <ns3:atemp>25.0</ns3:atemp>
            <ns3:cad>0</ns3:cad>
          </ns3:TrackPointExtension>
        </extensions>
      </trkpt>
      <trkpt lat="43.28285314142704010009765625" lon="-109.67649732716381549835205078125">
        <ele>3763</ele>
        <time>2017-09-04T17:03:09.000Z</time>
        <extensions>
          <ns3:TrackPointExtension>
            <ns3:atemp>25.0</ns3:atemp>
            <ns3:cad>0</ns3:cad>
          </ns3:TrackPointExtension>
        </extensions>
      </trkpt>
      <trkpt lat="43.28290485776960849761962890625" lon="-109.676491878926753997802734375">
        <ele>3763.800048828125</ele>
        <time>2017-09-04T17:03:15.000Z</time>
        <extensions>
          <ns3:TrackPointExtension>
            <ns3:atemp>25.0</ns3:atemp>
            <ns3:cad>0</ns3:cad>
          </ns3:TrackPointExtension>
        </extensions>
      </trkpt>
      <trkpt lat="43.28297727741301059722900390625" lon="-109.6765158511698246002197265625">
        <ele>3764</ele>
        <time>2017-09-04T17:03:25.000Z</time>
        <extensions>
          <ns3:TrackPointExtension>
            <ns3:atemp>25.0</ns3:atemp>
            <ns3:cad>0</ns3:cad>
          </ns3:TrackPointExtension>
        </extensions>
      </trkpt>
      <trkpt lat="43.28308045864105224609375" lon="-109.676541499793529510498046875">
        <ele>3765</ele>
        <time>2017-09-04T17:03:43.000Z</time>
        <extensions>
          <ns3:TrackPointExtension>
            <ns3:atemp>25.0</ns3:atemp>
            <ns3:cad>61</ns3:cad>
          </ns3:TrackPointExtension>
        </extensions>
      </trkpt>
      <trkpt lat="43.2831537164747714996337890625" lon="-109.67656639404594898223876953125">
        <ele>3766.199951171875</ele>
        <time>2017-09-04T17:03:55.000Z</time>
        <extensions>
          <ns3:TrackPointExtension>
            <ns3:atemp>24.0</ns3:atemp>
            <ns3:cad>0</ns3:cad>
          </ns3:TrackPointExtension>
        </extensions>
      </trkpt>
      <trkpt lat="43.28328036703169345855712890625" lon="-109.6765815652906894683837890625">
        <ele>3767.199951171875</ele>
        <time>2017-09-04T17:04:15.000Z</time>
        <extensions>
          <ns3:TrackPointExtension>
            <ns3:atemp>24.0</ns3:atemp>
            <ns3:cad>0</ns3:cad>
          </ns3:TrackPointExtension>
        </extensions>
      </trkpt>
      <trkpt lat="43.28332445584237575531005859375" lon="-109.67658483423292636871337890625">
        <ele>3768.39990234375</ele>
        <time>2017-09-04T17:04:21.000Z</time>
        <extensions>
          <ns3:TrackPointExtension>
            <ns3:atemp>24.0</ns3:atemp>
            <ns3:cad>0</ns3:cad>
          </ns3:TrackPointExtension>
        </extensions>
      </trkpt>
      <trkpt lat="43.28338463790714740753173828125" lon="-109.67658164910972118377685546875">
        <ele>3769.39990234375</ele>
        <time>2017-09-04T17:04:29.000Z</time>
        <extensions>
          <ns3:TrackPointExtension>
            <ns3:atemp>24.0</ns3:atemp>
            <ns3:cad>61</ns3:cad>
          </ns3:TrackPointExtension>
        </extensions>
      </trkpt>
      <trkpt lat="43.28347650356590747833251953125" lon="-109.67658340930938720703125">
        <ele>3770.60009765625</ele>
        <time>2017-09-04T17:04:44.000Z</time>
        <extensions>
          <ns3:TrackPointExtension>
            <ns3:atemp>24.0</ns3:atemp>
            <ns3:cad>42</ns3:cad>
          </ns3:TrackPointExtension>
        </extensions>
      </trkpt>
      <trkpt lat="43.283566273748874664306640625" lon="-109.6765969879925251007080078125">
        <ele>3771.60009765625</ele>
        <time>2017-09-04T17:05:00.000Z</time>
        <extensions>
          <ns3:TrackPointExtension>
            <ns3:atemp>24.0</ns3:atemp>
            <ns3:cad>61</ns3:cad>
          </ns3:TrackPointExtension>
        </extensions>
      </trkpt>
      <trkpt lat="43.28368437476456165313720703125" lon="-109.6766115725040435791015625">
        <ele>3772.60009765625</ele>
        <time>2017-09-04T17:05:18.000Z</time>
        <extensions>
          <ns3:TrackPointExtension>
            <ns3:atemp>24.0</ns3:atemp>
            <ns3:cad>61</ns3:cad>
          </ns3:TrackPointExtension>
        </extensions>
      </trkpt>
      <trkpt lat="43.2837260328233242034912109375" lon="-109.67662892304360866546630859375">
        <ele>3773.60009765625</ele>
        <time>2017-09-04T17:05:23.000Z</time>
        <extensions>
          <ns3:TrackPointExtension>
            <ns3:atemp>24.0</ns3:atemp>
            <ns3:cad>61</ns3:cad>
          </ns3:TrackPointExtension>
        </extensions>
      </trkpt>
      <trkpt lat="43.28384430147707462310791015625" lon="-109.676650799810886383056640625">
        <ele>3775</ele>
        <time>2017-09-04T17:05:37.000Z</time>
        <extensions>
          <ns3:TrackPointExtension>
            <ns3:atemp>24.0</ns3:atemp>
            <ns3:cad>0</ns3:cad>
          </ns3:TrackPointExtension>
        </extensions>
      </trkpt>
      <trkpt lat="43.2839895598590373992919921875" lon="-109.67666563577950000762939453125">
        <ele>3776</ele>
        <time>2017-09-04T17:06:09.000Z</time>
        <extensions>
          <ns3:TrackPointExtension>
            <ns3:atemp>24.0</ns3:atemp>
            <ns3:cad>0</ns3:cad>
          </ns3:TrackPointExtension>
        </extensions>
      </trkpt>
      <trkpt lat="43.28409357927739620208740234375" lon="-109.67669145204126834869384765625">
        <ele>3775.60009765625</ele>
        <time>2017-09-04T17:06:29.000Z</time>
        <extensions>
          <ns3:TrackPointExtension>
            <ns3:atemp>24.0</ns3:atemp>
            <ns3:cad>61</ns3:cad>
          </ns3:TrackPointExtension>
        </extensions>
      </trkpt>
      <trkpt lat="43.28405602835118770599365234375" lon="-109.67672866769134998321533203125">
        <ele>3777</ele>
        <time>2017-09-04T17:06:52.000Z</time>
        <extensions>
          <ns3:TrackPointExtension>
            <ns3:atemp>24.0</ns3:atemp>
            <ns3:cad>0</ns3:cad>
          </ns3:TrackPointExtension>
        </extensions>
      </trkpt>
      <trkpt lat="43.284169100224971771240234375" lon="-109.6767076291143894195556640625">
        <ele>3776.39990234375</ele>
        <time>2017-09-04T17:07:35.000Z</time>
        <extensions>
          <ns3:TrackPointExtension>
            <ns3:atemp>24.0</ns3:atemp>
            <ns3:cad>0</ns3:cad>
          </ns3:TrackPointExtension>
        </extensions>
      </trkpt>
      <trkpt lat="43.2842165417969226837158203125" lon="-109.676701091229915618896484375">
        <ele>3776.60009765625</ele>
        <time>2017-09-04T17:07:39.000Z</time>
        <extensions>
          <ns3:TrackPointExtension>
            <ns3:atemp>24.0</ns3:atemp>
            <ns3:cad>0</ns3:cad>
          </ns3:TrackPointExtension>
        </extensions>
      </trkpt>
      <trkpt lat="43.28423875384032726287841796875" lon="-109.67670016922056674957275390625">
        <ele>3777</ele>
        <time>2017-09-04T17:07:42.000Z</time>
        <extensions>
          <ns3:TrackPointExtension>
            <ns3:atemp>24.0</ns3:atemp>
            <ns3:cad>61</ns3:cad>
          </ns3:TrackPointExtension>
        </extensions>
      </trkpt>
      <trkpt lat="43.2842755503952503204345703125" lon="-109.6766974031925201416015625">
        <ele>3777.39990234375</ele>
        <time>2017-09-04T17:07:46.000Z</time>
        <extensions>
          <ns3:TrackPointExtension>
            <ns3:atemp>24.0</ns3:atemp>
            <ns3:cad>0</ns3:cad>
          </ns3:TrackPointExtension>
        </extensions>
      </trkpt>
      <trkpt lat="43.28427747823297977447509765625" lon="-109.676695726811885833740234375">
        <ele>3777.60009765625</ele>
        <time>2017-09-04T17:07:48.000Z</time>
        <extensions>
          <ns3:TrackPointExtension>
            <ns3:atemp>24.0</ns3:atemp>
            <ns3:cad>0</ns3:cad>
          </ns3:TrackPointExtension>
        </extensions>
      </trkpt>
      <trkpt lat="43.284334056079387664794921875" lon="-109.67668642289936542510986328125">
        <ele>3777.60009765625</ele>
        <time>2017-09-04T17:07:55.000Z</time>
        <extensions>
          <ns3:TrackPointExtension>
            <ns3:atemp>24.0</ns3:atemp>
            <ns3:cad>0</ns3:cad>
          </ns3:TrackPointExtension>
        </extensions>
      </trkpt>
      <trkpt lat="43.2844113372266292572021484375" lon="-109.67667770572006702423095703125">
        <ele>3777.60009765625</ele>
        <time>2017-09-04T17:08:03.000Z</time>
        <extensions>
          <ns3:TrackPointExtension>
            <ns3:atemp>24.0</ns3:atemp>
            <ns3:cad>61</ns3:cad>
          </ns3:TrackPointExtension>
        </extensions>
      </trkpt>
      <trkpt lat="43.28442483209073543548583984375" lon="-109.676678292453289031982421875">
        <ele>3778</ele>
        <time>2017-09-04T17:08:05.000Z</time>
        <extensions>
          <ns3:TrackPointExtension>
            <ns3:atemp>24.0</ns3:atemp>
            <ns3:cad>61</ns3:cad>
          </ns3:TrackPointExtension>
        </extensions>
      </trkpt>
      <trkpt lat="43.2844733633100986480712890625" lon="-109.676672257483005523681640625">
        <ele>3778.39990234375</ele>
        <time>2017-09-04T17:08:10.000Z</time>
        <extensions>
          <ns3:TrackPointExtension>
            <ns3:atemp>24.0</ns3:atemp>
            <ns3:cad>0</ns3:cad>
          </ns3:TrackPointExtension>
        </extensions>
      </trkpt>
      <trkpt lat="43.284552991390228271484375" lon="-109.67663814313709735870361328125">
        <ele>3779</ele>
        <time>2017-09-04T17:08:19.000Z</time>
        <extensions>
          <ns3:TrackPointExtension>
            <ns3:atemp>24.0</ns3:atemp>
            <ns3:cad>0</ns3:cad>
          </ns3:TrackPointExtension>
        </extensions>
      </trkpt>
      <trkpt lat="43.2845709286630153656005859375" lon="-109.67662288807332515716552734375">
        <ele>3779.199951171875</ele>
        <time>2017-09-04T17:08:22.000Z</time>
        <extensions>
          <ns3:TrackPointExtension>
            <ns3:atemp>24.0</ns3:atemp>
            <ns3:cad>0</ns3:cad>
          </ns3:TrackPointExtension>
        </extensions>
      </trkpt>
      <trkpt lat="43.28457788564264774322509765625" lon="-109.67661618255078792572021484375">
        <ele>3779.39990234375</ele>
        <time>2017-09-04T17:08:24.000Z</time>
        <extensions>
          <ns3:TrackPointExtension>
            <ns3:atemp>24.0</ns3:atemp>
            <ns3:cad>0</ns3:cad>
          </ns3:TrackPointExtension>
        </extensions>
      </trkpt>
      <trkpt lat="43.28459431417286396026611328125" lon="-109.6766134165227413177490234375">
        <ele>3779.39990234375</ele>
        <time>2017-09-04T17:08:26.000Z</time>
        <extensions>
          <ns3:TrackPointExtension>
            <ns3:atemp>24.0</ns3:atemp>
            <ns3:cad>0</ns3:cad>
          </ns3:TrackPointExtension>
        </extensions>
      </trkpt>
      <trkpt lat="43.2846399955451488494873046875" lon="-109.67660394497215747833251953125">
        <ele>3779.60009765625</ele>
        <time>2017-09-04T17:08:32.000Z</time>
        <extensions>
          <ns3:TrackPointExtension>
            <ns3:atemp>24.0</ns3:atemp>
            <ns3:cad>0</ns3:cad>
          </ns3:TrackPointExtension>
        </extensions>
      </trkpt>
      <trkpt lat="43.28464686870574951171875" lon="-109.676600508391857147216796875">
        <ele>3779.800048828125</ele>
        <time>2017-09-04T17:08:34.000Z</time>
        <extensions>
          <ns3:TrackPointExtension>
            <ns3:atemp>24.0</ns3:atemp>
            <ns3:cad>0</ns3:cad>
          </ns3:TrackPointExtension>
        </extensions>
      </trkpt>
      <trkpt lat="43.28466229140758514404296875" lon="-109.67659992165863513946533203125">
        <ele>3780.199951171875</ele>
        <time>2017-09-04T17:08:37.000Z</time>
        <extensions>
          <ns3:TrackPointExtension>
            <ns3:atemp>24.0</ns3:atemp>
            <ns3:cad>0</ns3:cad>
          </ns3:TrackPointExtension>
        </extensions>
      </trkpt>
      <trkpt lat="43.28471803106367588043212890625" lon="-109.6765740215778350830078125">
        <ele>3781.199951171875</ele>
        <time>2017-09-04T17:08:49.000Z</time>
        <extensions>
          <ns3:TrackPointExtension>
            <ns3:atemp>24.0</ns3:atemp>
            <ns3:cad>61</ns3:cad>
          </ns3:TrackPointExtension>
        </extensions>
      </trkpt>
      <trkpt lat="43.284825570881366729736328125" lon="-109.676524735987186431884765625">
        <ele>3782.199951171875</ele>
        <time>2017-09-04T17:09:05.000Z</time>
        <extensions>
          <ns3:TrackPointExtension>
            <ns3:atemp>24.0</ns3:atemp>
            <ns3:cad>0</ns3:cad>
          </ns3:TrackPointExtension>
        </extensions>
      </trkpt>
      <trkpt lat="43.28489740379154682159423828125" lon="-109.676471762359142303466796875">
        <ele>3783.199951171875</ele>
        <time>2017-09-04T17:09:16.000Z</time>
        <extensions>
          <ns3:TrackPointExtension>
            <ns3:atemp>24.0</ns3:atemp>
            <ns3:cad>0</ns3:cad>
          </ns3:TrackPointExtension>
        </extensions>
      </trkpt>
      <trkpt lat="43.28499731607735157012939453125" lon="-109.67643312178552150726318359375">
        <ele>3784.199951171875</ele>
        <time>2017-09-04T17:09:30.000Z</time>
        <extensions>
          <ns3:TrackPointExtension>
            <ns3:atemp>24.0</ns3:atemp>
            <ns3:cad>0</ns3:cad>
          </ns3:TrackPointExtension>
        </extensions>
      </trkpt>
      <trkpt lat="43.28503352589905261993408203125" lon="-109.67641174793243408203125">
        <ele>3785.39990234375</ele>
        <time>2017-09-04T17:09:39.000Z</time>
        <extensions>
          <ns3:TrackPointExtension>
            <ns3:atemp>24.0</ns3:atemp>
            <ns3:cad>61</ns3:cad>
          </ns3:TrackPointExtension>
        </extensions>
      </trkpt>
      <trkpt lat="43.2851068675518035888671875" lon="-109.67636975459754467010498046875">
        <ele>3786.39990234375</ele>
        <time>2017-09-04T17:10:07.000Z</time>
        <extensions>
          <ns3:TrackPointExtension>
            <ns3:atemp>24.0</ns3:atemp>
            <ns3:cad>0</ns3:cad>
          </ns3:TrackPointExtension>
        </extensions>
      </trkpt>
      <trkpt lat="43.285239972174167633056640625" lon="-109.676306135952472686767578125">
        <ele>3787.39990234375</ele>
        <time>2017-09-04T17:10:27.000Z</time>
        <extensions>
          <ns3:TrackPointExtension>
            <ns3:atemp>24.0</ns3:atemp>
            <ns3:cad>61</ns3:cad>
          </ns3:TrackPointExtension>
        </extensions>
      </trkpt>
      <trkpt lat="43.28526453115046024322509765625" lon="-109.67628576792776584625244140625">
        <ele>3787.39990234375</ele>
        <time>2017-09-04T17:10:30.000Z</time>
        <extensions>
          <ns3:TrackPointExtension>
            <ns3:atemp>24.0</ns3:atemp>
            <ns3:cad>0</ns3:cad>
          </ns3:TrackPointExtension>
        </extensions>
      </trkpt>
      <trkpt lat="43.2853765971958637237548828125" lon="-109.67620261944830417633056640625">
        <ele>3788.199951171875</ele>
        <time>2017-09-04T17:10:45.000Z</time>
        <extensions>
          <ns3:TrackPointExtension>
            <ns3:atemp>24.0</ns3:atemp>
            <ns3:cad>0</ns3:cad>
          </ns3:TrackPointExtension>
        </extensions>
      </trkpt>
      <trkpt lat="43.2853900082409381866455078125" lon="-109.67619423754513263702392578125">
        <ele>3788.199951171875</ele>
        <time>2017-09-04T17:10:47.000Z</time>
        <extensions>
          <ns3:TrackPointExtension>
            <ns3:atemp>24.0</ns3:atemp>
            <ns3:cad>61</ns3:cad>
          </ns3:TrackPointExtension>
        </extensions>
      </trkpt>
      <trkpt lat="43.28544105403125286102294921875" lon="-109.67614159919321537017822265625">
        <ele>3788.39990234375</ele>
        <time>2017-09-04T17:11:17.000Z</time>
        <extensions>
          <ns3:TrackPointExtension>
            <ns3:atemp>24.0</ns3:atemp>
            <ns3:cad>0</ns3:cad>
          </ns3:TrackPointExtension>
        </extensions>
      </trkpt>
      <trkpt lat="43.2854828797280788421630859375" lon="-109.676096253097057342529296875">
        <ele>3788</ele>
        <time>2017-09-04T17:11:39.000Z</time>
        <extensions>
          <ns3:TrackPointExtension>
            <ns3:atemp>24.0</ns3:atemp>
            <ns3:cad>61</ns3:cad>
          </ns3:TrackPointExtension>
        </extensions>
      </trkpt>
      <trkpt lat="43.28563618473708629608154296875" lon="-109.67596993781626224517822265625">
        <ele>3788</ele>
        <time>2017-09-04T17:11:54.000Z</time>
        <extensions>
          <ns3:TrackPointExtension>
            <ns3:atemp>24.0</ns3:atemp>
            <ns3:cad>0</ns3:cad>
          </ns3:TrackPointExtension>
        </extensions>
      </trkpt>
      <trkpt lat="43.285715393722057342529296875" lon="-109.6759348176419734954833984375">
        <ele>3787.800048828125</ele>
        <time>2017-09-04T17:12:00.000Z</time>
        <extensions>
          <ns3:TrackPointExtension>
            <ns3:atemp>24.0</ns3:atemp>
            <ns3:cad>0</ns3:cad>
          </ns3:TrackPointExtension>
        </extensions>
      </trkpt>
      <trkpt lat="43.28571363352239131927490234375" lon="-109.67588393948972225189208984375">
        <ele>3787.800048828125</ele>
        <time>2017-09-04T17:12:09.000Z</time>
        <extensions>
          <ns3:TrackPointExtension>
            <ns3:atemp>24.0</ns3:atemp>
            <ns3:cad>61</ns3:cad>
          </ns3:TrackPointExtension>
        </extensions>
      </trkpt>
      <trkpt lat="43.28573240898549556732177734375" lon="-109.6758784912526607513427734375">
        <ele>3787.800048828125</ele>
        <time>2017-09-04T17:12:11.000Z</time>
        <extensions>
          <ns3:TrackPointExtension>
            <ns3:atemp>24.0</ns3:atemp>
            <ns3:cad>61</ns3:cad>
          </ns3:TrackPointExtension>
        </extensions>
      </trkpt>
      <trkpt lat="43.28575839288532733917236328125" lon="-109.6757245995104312896728515625">
        <ele>3787.39990234375</ele>
        <time>2017-09-04T17:12:58.000Z</time>
        <extensions>
          <ns3:TrackPointExtension>
            <ns3:atemp>24.0</ns3:atemp>
            <ns3:cad>61</ns3:cad>
          </ns3:TrackPointExtension>
        </extensions>
      </trkpt>
      <trkpt lat="43.28576526604592800140380859375" lon="-109.67568822205066680908203125">
        <ele>3787.199951171875</ele>
        <time>2017-09-04T17:13:02.000Z</time>
        <extensions>
          <ns3:TrackPointExtension>
            <ns3:atemp>24.0</ns3:atemp>
            <ns3:cad>61</ns3:cad>
          </ns3:TrackPointExtension>
        </extensions>
      </trkpt>
      <trkpt lat="43.2857708819210529327392578125" lon="-109.675660394132137298583984375">
        <ele>3787.199951171875</ele>
        <time>2017-09-04T17:13:04.000Z</time>
        <extensions>
          <ns3:TrackPointExtension>
            <ns3:atemp>24.0</ns3:atemp>
            <ns3:cad>61</ns3:cad>
          </ns3:TrackPointExtension>
        </extensions>
      </trkpt>
      <trkpt lat="43.28585176728665828704833984375" lon="-109.67553726397454738616943359375">
        <ele>3788</ele>
        <time>2017-09-04T17:13:18.000Z</time>
        <extensions>
          <ns3:TrackPointExtension>
            <ns3:atemp>25.0</ns3:atemp>
            <ns3:cad>45</ns3:cad>
          </ns3:TrackPointExtension>
        </extensions>
      </trkpt>
      <trkpt lat="43.2858640886843204498291015625" lon="-109.675511531531810760498046875">
        <ele>3788.199951171875</ele>
        <time>2017-09-04T17:13:21.000Z</time>
        <extensions>
          <ns3:TrackPointExtension>
            <ns3:atemp>25.0</ns3:atemp>
            <ns3:cad>0</ns3:cad>
          </ns3:TrackPointExtension>
        </extensions>
      </trkpt>
      <trkpt lat="43.28588009811937808990478515625" lon="-109.67547230422496795654296875">
        <ele>3787.800048828125</ele>
        <time>2017-09-04T17:13:25.000Z</time>
        <extensions>
          <ns3:TrackPointExtension>
            <ns3:atemp>25.0</ns3:atemp>
            <ns3:cad>0</ns3:cad>
          </ns3:TrackPointExtension>
        </extensions>
      </trkpt>
      <trkpt lat="43.2858818583190441131591796875" lon="-109.6754557080566883087158203125">
        <ele>3787.39990234375</ele>
        <time>2017-09-04T17:13:27.000Z</time>
        <extensions>
          <ns3:TrackPointExtension>
            <ns3:atemp>25.0</ns3:atemp>
            <ns3:cad>52</ns3:cad>
          </ns3:TrackPointExtension>
        </extensions>
      </trkpt>
      <trkpt lat="43.2859509252011775970458984375" lon="-109.67538203112781047821044921875">
        <ele>3787.60009765625</ele>
        <time>2017-09-04T17:13:34.000Z</time>
        <extensions>
          <ns3:TrackPointExtension>
            <ns3:atemp>24.0</ns3:atemp>
            <ns3:cad>0</ns3:cad>
          </ns3:TrackPointExtension>
        </extensions>
      </trkpt>
      <trkpt lat="43.28595536760985851287841796875" lon="-109.67536141164600849151611328125">
        <ele>3787.60009765625</ele>
        <time>2017-09-04T17:13:36.000Z</time>
        <extensions>
          <ns3:TrackPointExtension>
            <ns3:atemp>24.0</ns3:atemp>
            <ns3:cad>0</ns3:cad>
          </ns3:TrackPointExtension>
        </extensions>
      </trkpt>
      <trkpt lat="43.28602083027362823486328125" lon="-109.67524909414350986480712890625">
        <ele>3788.39990234375</ele>
        <time>2017-09-04T17:14:01.000Z</time>
        <extensions>
          <ns3:TrackPointExtension>
            <ns3:atemp>25.0</ns3:atemp>
            <ns3:cad>0</ns3:cad>
          </ns3:TrackPointExtension>
        </extensions>
      </trkpt>
      <trkpt lat="43.28615535981953144073486328125" lon="-109.67520316131412982940673828125">
        <ele>3789</ele>
        <time>2017-09-04T17:14:07.000Z</time>
        <extensions>
          <ns3:TrackPointExtension>
            <ns3:atemp>25.0</ns3:atemp>
            <ns3:cad>0</ns3:cad>
          </ns3:TrackPointExtension>
        </extensions>
      </trkpt>
      <trkpt lat="43.28619961626827716827392578125" lon="-109.67518690042197704315185546875">
        <ele>3789.39990234375</ele>
        <time>2017-09-04T17:14:12.000Z</time>
        <extensions>
          <ns3:TrackPointExtension>
            <ns3:atemp>25.0</ns3:atemp>
            <ns3:cad>61</ns3:cad>
          </ns3:TrackPointExtension>
        </extensions>
      </trkpt>
      <trkpt lat="43.2862419448792934417724609375" lon="-109.67518421821296215057373046875">
        <ele>3790.39990234375</ele>
        <time>2017-09-04T17:14:17.000Z</time>
        <extensions>
          <ns3:TrackPointExtension>
            <ns3:atemp>25.0</ns3:atemp>
            <ns3:cad>61</ns3:cad>
          </ns3:TrackPointExtension>
        </extensions>
      </trkpt>
      <trkpt lat="43.28625057823956012725830078125" lon="-109.675180613994598388671875">
        <ele>3790.60009765625</ele>
        <time>2017-09-04T17:14:18.000Z</time>
        <extensions>
          <ns3:TrackPointExtension>
            <ns3:atemp>25.0</ns3:atemp>
            <ns3:cad>61</ns3:cad>
          </ns3:TrackPointExtension>
        </extensions>
      </trkpt>
      <trkpt lat="43.286255188286304473876953125" lon="-109.67517717741429805755615234375">
        <ele>3790.800048828125</ele>
        <time>2017-09-04T17:14:19.000Z</time>
        <extensions>
          <ns3:TrackPointExtension>
            <ns3:atemp>25.0</ns3:atemp>
            <ns3:cad>61</ns3:cad>
          </ns3:TrackPointExtension>
        </extensions>
      </trkpt>
      <trkpt lat="43.28638904727995395660400390625" lon="-109.675105512142181396484375">
        <ele>3790</ele>
        <time>2017-09-04T17:14:48.000Z</time>
        <extensions>
          <ns3:TrackPointExtension>
            <ns3:atemp>24.0</ns3:atemp>
            <ns3:cad>61</ns3:cad>
          </ns3:TrackPointExtension>
        </extensions>
      </trkpt>
      <trkpt lat="43.286397345364093780517578125" lon="-109.67510073445737361907958984375">
        <ele>3790</ele>
        <time>2017-09-04T17:14:49.000Z</time>
        <extensions>
          <ns3:TrackPointExtension>
            <ns3:atemp>24.0</ns3:atemp>
            <ns3:cad>0</ns3:cad>
          </ns3:TrackPointExtension>
        </extensions>
      </trkpt>
      <trkpt lat="43.28643900342285633087158203125" lon="-109.67510039918124675750732421875">
        <ele>3789.60009765625</ele>
        <time>2017-09-04T17:14:54.000Z</time>
        <extensions>
          <ns3:TrackPointExtension>
            <ns3:atemp>24.0</ns3:atemp>
            <ns3:cad>61</ns3:cad>
          </ns3:TrackPointExtension>
        </extensions>
      </trkpt>
      <trkpt lat="43.286453001201152801513671875" lon="-109.6750905923545360565185546875">
        <ele>3789.60009765625</ele>
        <time>2017-09-04T17:14:56.000Z</time>
        <extensions>
          <ns3:TrackPointExtension>
            <ns3:atemp>24.0</ns3:atemp>
            <ns3:cad>61</ns3:cad>
          </ns3:TrackPointExtension>
        </extensions>
      </trkpt>
      <trkpt lat="43.28649549745023250579833984375" lon="-109.675035439431667327880859375">
        <ele>3790.800048828125</ele>
        <time>2017-09-04T17:15:06.000Z</time>
        <extensions>
          <ns3:TrackPointExtension>
            <ns3:atemp>24.0</ns3:atemp>
            <ns3:cad>0</ns3:cad>
          </ns3:TrackPointExtension>
        </extensions>
      </trkpt>
      <trkpt lat="43.28657872974872589111328125" lon="-109.674972407519817352294921875">
        <ele>3792</ele>
        <time>2017-09-04T17:15:20.000Z</time>
        <extensions>
          <ns3:TrackPointExtension>
            <ns3:atemp>24.0</ns3:atemp>
            <ns3:cad>61</ns3:cad>
          </ns3:TrackPointExtension>
        </extensions>
      </trkpt>
      <trkpt lat="43.286715187132358551025390625" lon="-109.67498724348843097686767578125">
        <ele>3793</ele>
        <time>2017-09-04T17:15:35.000Z</time>
        <extensions>
          <ns3:TrackPointExtension>
            <ns3:atemp>24.0</ns3:atemp>
            <ns3:cad>61</ns3:cad>
          </ns3:TrackPointExtension>
        </extensions>
      </trkpt>
      <trkpt lat="43.286758102476596832275390625" lon="-109.67498472891747951507568359375">
        <ele>3794</ele>
        <time>2017-09-04T17:15:45.000Z</time>
        <extensions>
          <ns3:TrackPointExtension>
            <ns3:atemp>24.0</ns3:atemp>
            <ns3:cad>0</ns3:cad>
          </ns3:TrackPointExtension>
        </extensions>
      </trkpt>
      <trkpt lat="43.286757431924343109130859375" lon="-109.6749769337475299835205078125">
        <ele>3795</ele>
        <time>2017-09-04T17:15:49.000Z</time>
        <extensions>
          <ns3:TrackPointExtension>
            <ns3:atemp>24.0</ns3:atemp>
            <ns3:cad>0</ns3:cad>
          </ns3:TrackPointExtension>
        </extensions>
      </trkpt>
      <trkpt lat="43.28683244995772838592529296875" lon="-109.675018005073070526123046875">
        <ele>3795.39990234375</ele>
        <time>2017-09-04T17:16:01.000Z</time>
        <extensions>
          <ns3:TrackPointExtension>
            <ns3:atemp>24.0</ns3:atemp>
            <ns3:cad>61</ns3:cad>
          </ns3:TrackPointExtension>
        </extensions>
      </trkpt>
      <trkpt lat="43.2868451066315174102783203125" lon="-109.6750466711819171905517578125">
        <ele>3796.199951171875</ele>
        <time>2017-09-04T17:16:04.000Z</time>
        <extensions>
          <ns3:TrackPointExtension>
            <ns3:atemp>24.0</ns3:atemp>
            <ns3:cad>66</ns3:cad>
          </ns3:TrackPointExtension>
        </extensions>
      </trkpt>
      <trkpt lat="43.28693303279578685760498046875" lon="-109.67511498369276523590087890625">
        <ele>3797.199951171875</ele>
        <time>2017-09-04T17:16:20.000Z</time>
        <extensions>
          <ns3:TrackPointExtension>
            <ns3:atemp>23.0</ns3:atemp>
            <ns3:cad>0</ns3:cad>
          </ns3:TrackPointExtension>
        </extensions>
      </trkpt>
      <trkpt lat="43.286945857107639312744140625" lon="-109.67505144886672496795654296875">
        <ele>3798.39990234375</ele>
        <time>2017-09-04T17:16:27.000Z</time>
        <extensions>
          <ns3:TrackPointExtension>
            <ns3:atemp>23.0</ns3:atemp>
            <ns3:cad>0</ns3:cad>
          </ns3:TrackPointExtension>
        </extensions>
      </trkpt>
      <trkpt lat="43.28704384155571460723876953125" lon="-109.674992859363555908203125">
        <ele>3799.39990234375</ele>
        <time>2017-09-04T17:16:52.000Z</time>
        <extensions>
          <ns3:TrackPointExtension>
            <ns3:atemp>23.0</ns3:atemp>
            <ns3:cad>0</ns3:cad>
          </ns3:TrackPointExtension>
        </extensions>
      </trkpt>
      <trkpt lat="43.287131600081920623779296875" lon="-109.67503108084201812744140625">
        <ele>3800.60009765625</ele>
        <time>2017-09-04T17:17:08.000Z</time>
        <extensions>
          <ns3:TrackPointExtension>
            <ns3:atemp>23.0</ns3:atemp>
            <ns3:cad>61</ns3:cad>
          </ns3:TrackPointExtension>
        </extensions>
      </trkpt>
      <trkpt lat="43.28717359341681003570556640625" lon="-109.67501942999660968780517578125">
        <ele>3801.800048828125</ele>
        <time>2017-09-04T17:17:15.000Z</time>
        <extensions>
          <ns3:TrackPointExtension>
            <ns3:atemp>23.0</ns3:atemp>
            <ns3:cad>61</ns3:cad>
          </ns3:TrackPointExtension>
        </extensions>
      </trkpt>
      <trkpt lat="43.28720142133533954620361328125" lon="-109.67499076388776302337646484375">
        <ele>3802.800048828125</ele>
        <time>2017-09-04T17:17:23.000Z</time>
        <extensions>
          <ns3:TrackPointExtension>
            <ns3:atemp>23.0</ns3:atemp>
            <ns3:cad>0</ns3:cad>
          </ns3:TrackPointExtension>
        </extensions>
      </trkpt>
      <trkpt lat="43.28722388483583927154541015625" lon="-109.67498489655554294586181640625">
        <ele>3803.800048828125</ele>
        <time>2017-09-04T17:17:30.000Z</time>
        <extensions>
          <ns3:TrackPointExtension>
            <ns3:atemp>23.0</ns3:atemp>
            <ns3:cad>61</ns3:cad>
          </ns3:TrackPointExtension>
        </extensions>
      </trkpt>
      <trkpt lat="43.28727719374001026153564453125" lon="-109.67501658014953136444091796875">
        <ele>3804.800048828125</ele>
        <time>2017-09-04T17:17:39.000Z</time>
        <extensions>
          <ns3:TrackPointExtension>
            <ns3:atemp>23.0</ns3:atemp>
            <ns3:cad>0</ns3:cad>
          </ns3:TrackPointExtension>
        </extensions>
      </trkpt>
      <trkpt lat="43.2873208634555339813232421875" lon="-109.67500534839928150177001953125">
        <ele>3806</ele>
        <time>2017-09-04T17:17:49.000Z</time>
        <extensions>
          <ns3:TrackPointExtension>
            <ns3:atemp>23.0</ns3:atemp>
            <ns3:cad>61</ns3:cad>
          </ns3:TrackPointExtension>
        </extensions>
      </trkpt>
      <trkpt lat="43.2873490266501903533935546875" lon="-109.6749722398817539215087890625">
        <ele>3807</ele>
        <time>2017-09-04T17:17:57.000Z</time>
        <extensions>
          <ns3:TrackPointExtension>
            <ns3:atemp>23.0</ns3:atemp>
            <ns3:cad>61</ns3:cad>
          </ns3:TrackPointExtension>
        </extensions>
      </trkpt>
      <trkpt lat="43.287403173744678497314453125" lon="-109.67490912415087223052978515625">
        <ele>3808</ele>
        <time>2017-09-04T17:18:08.000Z</time>
        <extensions>
          <ns3:TrackPointExtension>
            <ns3:atemp>23.0</ns3:atemp>
            <ns3:cad>0</ns3:cad>
          </ns3:TrackPointExtension>
        </extensions>
      </trkpt>
      <trkpt lat="43.2875176705420017242431640625" lon="-109.67486000619828701019287109375">
        <ele>3809.39990234375</ele>
        <time>2017-09-04T17:18:27.000Z</time>
        <extensions>
          <ns3:TrackPointExtension>
            <ns3:atemp>23.0</ns3:atemp>
            <ns3:cad>0</ns3:cad>
          </ns3:TrackPointExtension>
        </extensions>
      </trkpt>
      <trkpt lat="43.28758430667221546173095703125" lon="-109.67485598288476467132568359375">
        <ele>3810.39990234375</ele>
        <time>2017-09-04T17:18:33.000Z</time>
        <extensions>
          <ns3:TrackPointExtension>
            <ns3:atemp>23.0</ns3:atemp>
            <ns3:cad>61</ns3:cad>
          </ns3:TrackPointExtension>
        </extensions>
      </trkpt>
      <trkpt lat="43.28761347569525241851806640625" lon="-109.67481826432049274444580078125">
        <ele>3811.60009765625</ele>
        <time>2017-09-04T17:18:50.000Z</time>
        <extensions>
          <ns3:TrackPointExtension>
            <ns3:atemp>23.0</ns3:atemp>
            <ns3:cad>0</ns3:cad>
          </ns3:TrackPointExtension>
        </extensions>
      </trkpt>
      <trkpt lat="43.287624455988407135009765625" lon="-109.67481516301631927490234375">
        <ele>3811.39990234375</ele>
        <time>2017-09-04T17:18:52.000Z</time>
        <extensions>
          <ns3:TrackPointExtension>
            <ns3:atemp>23.0</ns3:atemp>
            <ns3:cad>61</ns3:cad>
          </ns3:TrackPointExtension>
        </extensions>
      </trkpt>
      <trkpt lat="43.287781365215778350830078125" lon="-109.67483586631715297698974609375">
        <ele>3812.60009765625</ele>
        <time>2017-09-04T17:19:08.000Z</time>
        <extensions>
          <ns3:TrackPointExtension>
            <ns3:atemp>23.0</ns3:atemp>
            <ns3:cad>0</ns3:cad>
          </ns3:TrackPointExtension>
        </extensions>
      </trkpt>
      <trkpt lat="43.28781254589557647705078125" lon="-109.67485271394252777099609375">
        <ele>3813</ele>
        <time>2017-09-04T17:19:11.000Z</time>
        <extensions>
          <ns3:TrackPointExtension>
            <ns3:atemp>23.0</ns3:atemp>
            <ns3:cad>61</ns3:cad>
          </ns3:TrackPointExtension>
        </extensions>
      </trkpt>
      <trkpt lat="43.28785604797303676605224609375" lon="-109.67484458349645137786865234375">
        <ele>3813.199951171875</ele>
        <time>2017-09-04T17:19:17.000Z</time>
        <extensions>
          <ns3:TrackPointExtension>
            <ns3:atemp>23.0</ns3:atemp>
            <ns3:cad>61</ns3:cad>
          </ns3:TrackPointExtension>
        </extensions>
      </trkpt>
      <trkpt lat="43.28793860971927642822265625" lon="-109.674860425293445587158203125">
        <ele>3813.60009765625</ele>
        <time>2017-09-04T17:19:26.000Z</time>
        <extensions>
          <ns3:TrackPointExtension>
            <ns3:atemp>23.0</ns3:atemp>
            <ns3:cad>0</ns3:cad>
          </ns3:TrackPointExtension>
        </extensions>
      </trkpt>
      <trkpt lat="43.2879982888698577880859375" lon="-109.67485983856022357940673828125">
        <ele>3814.39990234375</ele>
        <time>2017-09-04T17:19:32.000Z</time>
        <extensions>
          <ns3:TrackPointExtension>
            <ns3:atemp>23.0</ns3:atemp>
            <ns3:cad>0</ns3:cad>
          </ns3:TrackPointExtension>
        </extensions>
      </trkpt>
      <trkpt lat="43.28802485950291156768798828125" lon="-109.67484475113451480865478515625">
        <ele>3814.60009765625</ele>
        <time>2017-09-04T17:19:35.000Z</time>
        <extensions>
          <ns3:TrackPointExtension>
            <ns3:atemp>23.0</ns3:atemp>
            <ns3:cad>0</ns3:cad>
          </ns3:TrackPointExtension>
        </extensions>
      </trkpt>
      <trkpt lat="43.28804380260407924652099609375" lon="-109.674836955964565277099609375">
        <ele>3815</ele>
        <time>2017-09-04T17:19:38.000Z</time>
        <extensions>
          <ns3:TrackPointExtension>
            <ns3:atemp>23.0</ns3:atemp>
            <ns3:cad>0</ns3:cad>
          </ns3:TrackPointExtension>
        </extensions>
      </trkpt>
      <trkpt lat="43.28808319754898548126220703125" lon="-109.67483930289745330810546875">
        <ele>3815.800048828125</ele>
        <time>2017-09-04T17:19:43.000Z</time>
        <extensions>
          <ns3:TrackPointExtension>
            <ns3:atemp>23.0</ns3:atemp>
            <ns3:cad>0</ns3:cad>
          </ns3:TrackPointExtension>
        </extensions>
      </trkpt>
      <trkpt lat="43.2881841994822025299072265625" lon="-109.6748716570436954498291015625">
        <ele>3816.800048828125</ele>
        <time>2017-09-04T17:19:53.000Z</time>
        <extensions>
          <ns3:TrackPointExtension>
            <ns3:atemp>23.0</ns3:atemp>
            <ns3:cad>0</ns3:cad>
          </ns3:TrackPointExtension>
        </extensions>
      </trkpt>
      <trkpt lat="43.28833515755832195281982421875" lon="-109.67489705421030521392822265625">
        <ele>3817.800048828125</ele>
        <time>2017-09-04T17:20:14.000Z</time>
        <extensions>
          <ns3:TrackPointExtension>
            <ns3:atemp>23.0</ns3:atemp>
            <ns3:cad>79</ns3:cad>
          </ns3:TrackPointExtension>
        </extensions>
      </trkpt>
      <trkpt lat="43.28838008455932140350341796875" lon="-109.6749199368059635162353515625">
        <ele>3818.60009765625</ele>
        <time>2017-09-04T17:20:19.000Z</time>
        <extensions>
          <ns3:TrackPointExtension>
            <ns3:atemp>23.0</ns3:atemp>
            <ns3:cad>79</ns3:cad>
          </ns3:TrackPointExtension>
        </extensions>
      </trkpt>
      <trkpt lat="43.288386203348636627197265625" lon="-109.67492111027240753173828125">
        <ele>3819</ele>
        <time>2017-09-04T17:20:20.000Z</time>
        <extensions>
          <ns3:TrackPointExtension>
            <ns3:atemp>23.0</ns3:atemp>
            <ns3:cad>72</ns3:cad>
          </ns3:TrackPointExtension>
        </extensions>
      </trkpt>
      <trkpt lat="43.28846960328519344329833984375" lon="-109.67493192292749881744384765625">
        <ele>3820</ele>
        <time>2017-09-04T17:20:30.000Z</time>
        <extensions>
          <ns3:TrackPointExtension>
            <ns3:atemp>23.0</ns3:atemp>
            <ns3:cad>71</ns3:cad>
          </ns3:TrackPointExtension>
        </extensions>
      </trkpt>
      <trkpt lat="43.28856892883777618408203125" lon="-109.67494617216289043426513671875">
        <ele>3821</ele>
        <time>2017-09-04T17:20:51.000Z</time>
        <extensions>
          <ns3:TrackPointExtension>
            <ns3:atemp>23.0</ns3:atemp>
            <ns3:cad>61</ns3:cad>
          </ns3:TrackPointExtension>
        </extensions>
      </trkpt>
      <trkpt lat="43.2886247523128986358642578125" lon="-109.67496461234986782073974609375">
        <ele>3822.199951171875</ele>
        <time>2017-09-04T17:21:00.000Z</time>
        <extensions>
          <ns3:TrackPointExtension>
            <ns3:atemp>23.0</ns3:atemp>
            <ns3:cad>0</ns3:cad>
          </ns3:TrackPointExtension>
        </extensions>
      </trkpt>
      <trkpt lat="43.28870840370655059814453125" lon="-109.6749930270016193389892578125">
        <ele>3823.199951171875</ele>
        <time>2017-09-04T17:21:23.000Z</time>
        <extensions>
          <ns3:TrackPointExtension>
            <ns3:atemp>23.0</ns3:atemp>
            <ns3:cad>0</ns3:cad>
          </ns3:TrackPointExtension>
        </extensions>
      </trkpt>
      <trkpt lat="43.28874863684177398681640625" lon="-109.675005935132503509521484375">
        <ele>3824.39990234375</ele>
        <time>2017-09-04T17:21:32.000Z</time>
        <extensions>
          <ns3:TrackPointExtension>
            <ns3:atemp>23.0</ns3:atemp>
            <ns3:cad>0</ns3:cad>
          </ns3:TrackPointExtension>
        </extensions>
      </trkpt>
      <trkpt lat="43.2887813262641429901123046875" lon="-109.6750034205615520477294921875">
        <ele>3825.39990234375</ele>
        <time>2017-09-04T17:21:36.000Z</time>
        <extensions>
          <ns3:TrackPointExtension>
            <ns3:atemp>23.0</ns3:atemp>
            <ns3:cad>0</ns3:cad>
          </ns3:TrackPointExtension>
        </extensions>
      </trkpt>
      <trkpt lat="43.2888768799602985382080078125" lon="-109.67501976527273654937744140625">
        <ele>3826.39990234375</ele>
        <time>2017-09-04T17:21:50.000Z</time>
        <extensions>
          <ns3:TrackPointExtension>
            <ns3:atemp>23.0</ns3:atemp>
            <ns3:cad>0</ns3:cad>
          </ns3:TrackPointExtension>
        </extensions>
      </trkpt>
      <trkpt lat="43.28890965320169925689697265625" lon="-109.67501725070178508758544921875">
        <ele>3827.60009765625</ele>
        <time>2017-09-04T17:22:00.000Z</time>
        <extensions>
          <ns3:TrackPointExtension>
            <ns3:atemp>23.0</ns3:atemp>
            <ns3:cad>0</ns3:cad>
          </ns3:TrackPointExtension>
        </extensions>
      </trkpt>
      <trkpt lat="43.2889477908611297607421875" lon="-109.6750275604426860809326171875">
        <ele>3828.60009765625</ele>
        <time>2017-09-04T17:22:13.000Z</time>
        <extensions>
          <ns3:TrackPointExtension>
            <ns3:atemp>23.0</ns3:atemp>
            <ns3:cad>0</ns3:cad>
          </ns3:TrackPointExtension>
        </extensions>
      </trkpt>
      <trkpt lat="43.28904636204242706298828125" lon="-109.6750322543084621429443359375">
        <ele>3829.199951171875</ele>
        <time>2017-09-04T17:22:37.000Z</time>
        <extensions>
          <ns3:TrackPointExtension>
            <ns3:atemp>23.0</ns3:atemp>
            <ns3:cad>0</ns3:cad>
          </ns3:TrackPointExtension>
        </extensions>
      </trkpt>
      <trkpt lat="43.28915172256529331207275390625" lon="-109.67506988905370235443115234375">
        <ele>3829.60009765625</ele>
        <time>2017-09-04T17:22:53.000Z</time>
        <extensions>
          <ns3:TrackPointExtension>
            <ns3:atemp>23.0</ns3:atemp>
            <ns3:cad>0</ns3:cad>
          </ns3:TrackPointExtension>
        </extensions>
      </trkpt>
      <trkpt lat="43.2892723381519317626953125" lon="-109.67511364258825778961181640625">
        <ele>3830.60009765625</ele>
        <time>2017-09-04T17:23:07.000Z</time>
        <extensions>
          <ns3:TrackPointExtension>
            <ns3:atemp>23.0</ns3:atemp>
            <ns3:cad>0</ns3:cad>
          </ns3:TrackPointExtension>
        </extensions>
      </trkpt>
      <trkpt lat="43.289308212697505950927734375" lon="-109.6750962920486927032470703125">
        <ele>3831.800048828125</ele>
        <time>2017-09-04T17:23:14.000Z</time>
        <extensions>
          <ns3:TrackPointExtension>
            <ns3:atemp>23.0</ns3:atemp>
            <ns3:cad>61</ns3:cad>
          </ns3:TrackPointExtension>
        </extensions>
      </trkpt>
      <trkpt lat="43.28939446248114109039306640625" lon="-109.67511448077857494354248046875">
        <ele>3832.800048828125</ele>
        <time>2017-09-04T17:23:24.000Z</time>
        <extensions>
          <ns3:TrackPointExtension>
            <ns3:atemp>23.0</ns3:atemp>
            <ns3:cad>0</ns3:cad>
          </ns3:TrackPointExtension>
        </extensions>
      </trkpt>
      <trkpt lat="43.28946746885776519775390625" lon="-109.67510358430445194244384765625">
        <ele>3833.800048828125</ele>
        <time>2017-09-04T17:23:32.000Z</time>
        <extensions>
          <ns3:TrackPointExtension>
            <ns3:atemp>23.0</ns3:atemp>
            <ns3:cad>0</ns3:cad>
          </ns3:TrackPointExtension>
        </extensions>
      </trkpt>
      <trkpt lat="43.28962580300867557525634765625" lon="-109.67506100423634052276611328125">
        <ele>3834.39990234375</ele>
        <time>2017-09-04T17:23:52.000Z</time>
        <extensions>
          <ns3:TrackPointExtension>
            <ns3:atemp>23.0</ns3:atemp>
            <ns3:cad>0</ns3:cad>
          </ns3:TrackPointExtension>
        </extensions>
      </trkpt>
      <trkpt lat="43.2897009886801242828369140625" lon="-109.6750386245548725128173828125">
        <ele>3834.800048828125</ele>
        <time>2017-09-04T17:24:02.000Z</time>
        <extensions>
          <ns3:TrackPointExtension>
            <ns3:atemp>22.0</ns3:atemp>
            <ns3:cad>61</ns3:cad>
          </ns3:TrackPointExtension>
        </extensions>
      </trkpt>
      <trkpt lat="43.28974180854856967926025390625" lon="-109.67502328567206859588623046875">
        <ele>3835.199951171875</ele>
        <time>2017-09-04T17:24:06.000Z</time>
        <extensions>
          <ns3:TrackPointExtension>
            <ns3:atemp>23.0</ns3:atemp>
            <ns3:cad>61</ns3:cad>
          </ns3:TrackPointExtension>
        </extensions>
      </trkpt>
      <trkpt lat="43.2897667028009891510009765625" lon="-109.6750218607485294342041015625">
        <ele>3835.39990234375</ele>
        <time>2017-09-04T17:24:08.000Z</time>
        <extensions>
          <ns3:TrackPointExtension>
            <ns3:atemp>23.0</ns3:atemp>
            <ns3:cad>61</ns3:cad>
          </ns3:TrackPointExtension>
        </extensions>
      </trkpt>
      <trkpt lat="43.28988027758896350860595703125" lon="-109.6750490181148052215576171875">
        <ele>3835.60009765625</ele>
        <time>2017-09-04T17:24:18.000Z</time>
        <extensions>
          <ns3:TrackPointExtension>
            <ns3:atemp>23.0</ns3:atemp>
            <ns3:cad>61</ns3:cad>
          </ns3:TrackPointExtension>
        </extensions>
      </trkpt>
      <trkpt lat="43.289897628128528594970703125" lon="-109.67504206113517284393310546875">
        <ele>3836</ele>
        <time>2017-09-04T17:24:20.000Z</time>
        <extensions>
          <ns3:TrackPointExtension>
            <ns3:atemp>23.0</ns3:atemp>
            <ns3:cad>61</ns3:cad>
          </ns3:TrackPointExtension>
        </extensions>
      </trkpt>
      <trkpt lat="43.289994187653064727783203125" lon="-109.67497609555721282958984375">
        <ele>3837</ele>
        <time>2017-09-04T17:24:34.000Z</time>
        <extensions>
          <ns3:TrackPointExtension>
            <ns3:atemp>22.0</ns3:atemp>
            <ns3:cad>0</ns3:cad>
          </ns3:TrackPointExtension>
        </extensions>
      </trkpt>
      <trkpt lat="43.29005629755556583404541015625" lon="-109.67494382523000240325927734375">
        <ele>3837.39990234375</ele>
        <time>2017-09-04T17:24:41.000Z</time>
        <extensions>
          <ns3:TrackPointExtension>
            <ns3:atemp>22.0</ns3:atemp>
            <ns3:cad>47</ns3:cad>
          </ns3:TrackPointExtension>
        </extensions>
      </trkpt>
      <trkpt lat="43.29006920568645000457763671875" lon="-109.67494784854352474212646484375">
        <ele>3837.60009765625</ele>
        <time>2017-09-04T17:24:43.000Z</time>
        <extensions>
          <ns3:TrackPointExtension>
            <ns3:atemp>22.0</ns3:atemp>
            <ns3:cad>47</ns3:cad>
          </ns3:TrackPointExtension>
        </extensions>
      </trkpt>
      <trkpt lat="43.29007876105606555938720703125" lon="-109.67495254240930080413818359375">
        <ele>3838</ele>
        <time>2017-09-04T17:24:45.000Z</time>
        <extensions>
          <ns3:TrackPointExtension>
            <ns3:atemp>22.0</ns3:atemp>
            <ns3:cad>58</ns3:cad>
          </ns3:TrackPointExtension>
        </extensions>
      </trkpt>
      <trkpt lat="43.29010742716491222381591796875" lon="-109.67496545054018497467041015625">
        <ele>3838.39990234375</ele>
        <time>2017-09-04T17:24:48.000Z</time>
        <extensions>
          <ns3:TrackPointExtension>
            <ns3:atemp>22.0</ns3:atemp>
            <ns3:cad>58</ns3:cad>
          </ns3:TrackPointExtension>
        </extensions>
      </trkpt>
      <trkpt lat="43.290200717747211456298828125" lon="-109.67500551603734493255615234375">
        <ele>3839.199951171875</ele>
        <time>2017-09-04T17:25:00.000Z</time>
        <extensions>
          <ns3:TrackPointExtension>
            <ns3:atemp>22.0</ns3:atemp>
            <ns3:cad>65</ns3:cad>
          </ns3:TrackPointExtension>
        </extensions>
      </trkpt>
      <trkpt lat="43.2902407832443714141845703125" lon="-109.6750168316066265106201171875">
        <ele>3839.60009765625</ele>
        <time>2017-09-04T17:25:06.000Z</time>
        <extensions>
          <ns3:TrackPointExtension>
            <ns3:atemp>22.0</ns3:atemp>
            <ns3:cad>65</ns3:cad>
          </ns3:TrackPointExtension>
        </extensions>
      </trkpt>
      <trkpt lat="43.2903762347996234893798828125" lon="-109.67487073503434658050537109375">
        <ele>3840.199951171875</ele>
        <time>2017-09-04T17:25:26.000Z</time>
        <extensions>
          <ns3:TrackPointExtension>
            <ns3:atemp>22.0</ns3:atemp>
            <ns3:cad>61</ns3:cad>
          </ns3:TrackPointExtension>
        </extensions>
      </trkpt>
      <trkpt lat="43.29038201831281185150146484375" lon="-109.6748726628720760345458984375">
        <ele>3840.199951171875</ele>
        <time>2017-09-04T17:25:27.000Z</time>
        <extensions>
          <ns3:TrackPointExtension>
            <ns3:atemp>22.0</ns3:atemp>
            <ns3:cad>61</ns3:cad>
          </ns3:TrackPointExtension>
        </extensions>
      </trkpt>
      <trkpt lat="43.29052937217056751251220703125" lon="-109.67479010112583637237548828125">
        <ele>3840.800048828125</ele>
        <time>2017-09-04T17:25:46.000Z</time>
        <extensions>
          <ns3:TrackPointExtension>
            <ns3:atemp>23.0</ns3:atemp>
            <ns3:cad>65</ns3:cad>
          </ns3:TrackPointExtension>
        </extensions>
      </trkpt>
      <trkpt lat="43.2906025461852550506591796875" lon="-109.6747952140867710113525390625">
        <ele>3841</ele>
        <time>2017-09-04T17:25:51.000Z</time>
        <extensions>
          <ns3:TrackPointExtension>
            <ns3:atemp>22.0</ns3:atemp>
            <ns3:cad>0</ns3:cad>
          </ns3:TrackPointExtension>
        </extensions>
      </trkpt>
      <trkpt lat="43.29066985286772251129150390625" lon="-109.67476529069244861602783203125">
        <ele>3841.39990234375</ele>
        <time>2017-09-04T17:26:01.000Z</time>
        <extensions>
          <ns3:TrackPointExtension>
            <ns3:atemp>22.0</ns3:atemp>
            <ns3:cad>61</ns3:cad>
          </ns3:TrackPointExtension>
        </extensions>
      </trkpt>
      <trkpt lat="43.29085626639425754547119140625" lon="-109.674733020365238189697265625">
        <ele>3841.800048828125</ele>
        <time>2017-09-04T17:26:21.000Z</time>
        <extensions>
          <ns3:TrackPointExtension>
            <ns3:atemp>22.0</ns3:atemp>
            <ns3:cad>0</ns3:cad>
          </ns3:TrackPointExtension>
        </extensions>
      </trkpt>
      <trkpt lat="43.2908949069678783416748046875" lon="-109.67474081553518772125244140625">
        <ele>3842.39990234375</ele>
        <time>2017-09-04T17:26:24.000Z</time>
        <extensions>
          <ns3:TrackPointExtension>
            <ns3:atemp>22.0</ns3:atemp>
            <ns3:cad>0</ns3:cad>
          </ns3:TrackPointExtension>
        </extensions>
      </trkpt>
      <trkpt lat="43.29100261442363262176513671875" lon="-109.67472128570079803466796875">
        <ele>3843</ele>
        <time>2017-09-04T17:26:37.000Z</time>
        <extensions>
          <ns3:TrackPointExtension>
            <ns3:atemp>22.0</ns3:atemp>
            <ns3:cad>61</ns3:cad>
          </ns3:TrackPointExtension>
        </extensions>
      </trkpt>
      <trkpt lat="43.29103094525635242462158203125" lon="-109.674720279872417449951171875">
        <ele>3843.39990234375</ele>
        <time>2017-09-04T17:26:41.000Z</time>
        <extensions>
          <ns3:TrackPointExtension>
            <ns3:atemp>22.0</ns3:atemp>
            <ns3:cad>0</ns3:cad>
          </ns3:TrackPointExtension>
        </extensions>
      </trkpt>
      <trkpt lat="43.29118165187537670135498046875" lon="-109.67464945279061794281005859375">
        <ele>3843.800048828125</ele>
        <time>2017-09-04T17:27:21.000Z</time>
        <extensions>
          <ns3:TrackPointExtension>
            <ns3:atemp>22.0</ns3:atemp>
            <ns3:cad>0</ns3:cad>
          </ns3:TrackPointExtension>
        </extensions>
      </trkpt>
      <trkpt lat="43.2912264950573444366455078125" lon="-109.6746025979518890380859375">
        <ele>3844.39990234375</ele>
        <time>2017-09-04T17:27:27.000Z</time>
        <extensions>
          <ns3:TrackPointExtension>
            <ns3:atemp>22.0</ns3:atemp>
            <ns3:cad>61</ns3:cad>
          </ns3:TrackPointExtension>
        </extensions>
      </trkpt>
      <trkpt lat="43.29123596660792827606201171875" lon="-109.67458977364003658294677734375">
        <ele>3844.39990234375</ele>
        <time>2017-09-04T17:27:28.000Z</time>
        <extensions>
          <ns3:TrackPointExtension>
            <ns3:atemp>22.0</ns3:atemp>
            <ns3:cad>61</ns3:cad>
          </ns3:TrackPointExtension>
        </extensions>
      </trkpt>
      <trkpt lat="43.29125809483230113983154296875" lon="-109.6745873428881168365478515625">
        <ele>3844.60009765625</ele>
        <time>2017-09-04T17:27:29.000Z</time>
        <extensions>
          <ns3:TrackPointExtension>
            <ns3:atemp>22.0</ns3:atemp>
            <ns3:cad>0</ns3:cad>
          </ns3:TrackPointExtension>
        </extensions>
      </trkpt>
      <trkpt lat="43.29139907844364643096923828125" lon="-109.674574770033359527587890625">
        <ele>3844</ele>
        <time>2017-09-04T17:27:45.000Z</time>
        <extensions>
          <ns3:TrackPointExtension>
            <ns3:atemp>22.0</ns3:atemp>
            <ns3:cad>0</ns3:cad>
          </ns3:TrackPointExtension>
        </extensions>
      </trkpt>
      <trkpt lat="43.29154827632009983062744140625" lon="-109.6745409071445465087890625">
        <ele>3845.199951171875</ele>
        <time>2017-09-04T17:28:14.000Z</time>
        <extensions>
          <ns3:TrackPointExtension>
            <ns3:atemp>22.0</ns3:atemp>
            <ns3:cad>61</ns3:cad>
          </ns3:TrackPointExtension>
        </extensions>
      </trkpt>
      <trkpt lat="43.29161583445966243743896484375" lon="-109.67454291880130767822265625">
        <ele>3845</ele>
        <time>2017-09-04T17:28:19.000Z</time>
        <extensions>
          <ns3:TrackPointExtension>
            <ns3:atemp>22.0</ns3:atemp>
            <ns3:cad>0</ns3:cad>
          </ns3:TrackPointExtension>
        </extensions>
      </trkpt>
      <trkpt lat="43.2916435785591602325439453125" lon="-109.6745343692600727081298828125">
        <ele>3845.39990234375</ele>
        <time>2017-09-04T17:28:24.000Z</time>
        <extensions>
          <ns3:TrackPointExtension>
            <ns3:atemp>22.0</ns3:atemp>
            <ns3:cad>61</ns3:cad>
          </ns3:TrackPointExtension>
        </extensions>
      </trkpt>
      <trkpt lat="43.29166025854647159576416015625" lon="-109.67453579418361186981201171875">
        <ele>3845.199951171875</ele>
        <time>2017-09-04T17:28:27.000Z</time>
        <extensions>
          <ns3:TrackPointExtension>
            <ns3:atemp>22.0</ns3:atemp>
            <ns3:cad>61</ns3:cad>
          </ns3:TrackPointExtension>
        </extensions>
      </trkpt>
      <trkpt lat="43.2916861586272716522216796875" lon="-109.674503691494464874267578125">
        <ele>3845.60009765625</ele>
        <time>2017-09-04T17:28:33.000Z</time>
        <extensions>
          <ns3:TrackPointExtension>
            <ns3:atemp>22.0</ns3:atemp>
            <ns3:cad>61</ns3:cad>
          </ns3:TrackPointExtension>
        </extensions>
      </trkpt>
      <trkpt lat="43.2917840592563152313232421875" lon="-109.67450863681733608245849609375">
        <ele>3846</ele>
        <time>2017-09-04T17:28:44.000Z</time>
        <extensions>
          <ns3:TrackPointExtension>
            <ns3:atemp>22.0</ns3:atemp>
            <ns3:cad>61</ns3:cad>
          </ns3:TrackPointExtension>
        </extensions>
      </trkpt>
      <trkpt lat="43.29186268150806427001953125" lon="-109.67441794462502002716064453125">
        <ele>3846.60009765625</ele>
        <time>2017-09-04T17:29:28.000Z</time>
        <extensions>
          <ns3:TrackPointExtension>
            <ns3:atemp>22.0</ns3:atemp>
            <ns3:cad>0</ns3:cad>
          </ns3:TrackPointExtension>
        </extensions>
      </trkpt>
      <trkpt lat="43.29188103787600994110107421875" lon="-109.674407131969928741455078125">
        <ele>3846.39990234375</ele>
        <time>2017-09-04T17:29:38.000Z</time>
        <extensions>
          <ns3:TrackPointExtension>
            <ns3:atemp>22.0</ns3:atemp>
            <ns3:cad>0</ns3:cad>
          </ns3:TrackPointExtension>
        </extensions>
      </trkpt>
      <trkpt lat="43.29232913441956043243408203125" lon="-109.67447728849947452545166015625">
        <ele>3846.60009765625</ele>
        <time>2017-09-04T17:48:32.000Z</time>
        <extensions>
          <ns3:TrackPointExtension>
            <ns3:atemp>27.0</ns3:atemp>
            <ns3:cad>45</ns3:cad>
          </ns3:TrackPointExtension>
        </extensions>
      </trkpt>
      <trkpt lat="43.292400799691677093505859375" lon="-109.67451534233987331390380859375">
        <ele>3847.800048828125</ele>
        <time>2017-09-04T17:48:45.000Z</time>
        <extensions>
          <ns3:TrackPointExtension>
            <ns3:atemp>27.0</ns3:atemp>
            <ns3:cad>0</ns3:cad>
          </ns3:TrackPointExtension>
        </extensions>
      </trkpt>
      <trkpt lat="43.29245888628065586090087890625" lon="-109.674546606838703155517578125">
        <ele>3848.800048828125</ele>
        <time>2017-09-04T17:48:56.000Z</time>
        <extensions>
          <ns3:TrackPointExtension>
            <ns3:atemp>27.0</ns3:atemp>
            <ns3:cad>61</ns3:cad>
          </ns3:TrackPointExtension>
        </extensions>
      </trkpt>
      <trkpt lat="43.29259048216044902801513671875" lon="-109.67472019605338573455810546875">
        <ele>3848.800048828125</ele>
        <time>2017-09-04T17:49:19.000Z</time>
        <extensions>
          <ns3:TrackPointExtension>
            <ns3:atemp>27.0</ns3:atemp>
            <ns3:cad>0</ns3:cad>
          </ns3:TrackPointExtension>
        </extensions>
      </trkpt>
      <trkpt lat="43.29266466200351715087890625" lon="-109.674791358411312103271484375">
        <ele>3849.800048828125</ele>
        <time>2017-09-04T17:49:28.000Z</time>
        <extensions>
          <ns3:TrackPointExtension>
            <ns3:atemp>27.0</ns3:atemp>
            <ns3:cad>61</ns3:cad>
          </ns3:TrackPointExtension>
        </extensions>
      </trkpt>
      <trkpt lat="43.2928106747567653656005859375" lon="-109.674941562116146087646484375">
        <ele>3850.60009765625</ele>
        <time>2017-09-04T17:49:46.000Z</time>
        <extensions>
          <ns3:TrackPointExtension>
            <ns3:atemp>27.0</ns3:atemp>
            <ns3:cad>0</ns3:cad>
          </ns3:TrackPointExtension>
        </extensions>
      </trkpt>
      <trkpt lat="43.2929608784615993499755859375" lon="-109.67509838752448558807373046875">
        <ele>3849.800048828125</ele>
        <time>2017-09-04T17:50:04.000Z</time>
        <extensions>
          <ns3:TrackPointExtension>
            <ns3:atemp>27.0</ns3:atemp>
            <ns3:cad>52</ns3:cad>
          </ns3:TrackPointExtension>
        </extensions>
      </trkpt>
      <trkpt lat="43.29312776215374469757080078125" lon="-109.67519997619092464447021484375">
        <ele>3850.199951171875</ele>
        <time>2017-09-04T17:50:21.000Z</time>
        <extensions>
          <ns3:TrackPointExtension>
            <ns3:atemp>26.0</ns3:atemp>
            <ns3:cad>43</ns3:cad>
          </ns3:TrackPointExtension>
        </extensions>
      </trkpt>
      <trkpt lat="43.29318677075207233428955078125" lon="-109.6752293966710567474365234375">
        <ele>3851</ele>
        <time>2017-09-04T17:50:27.000Z</time>
        <extensions>
          <ns3:TrackPointExtension>
            <ns3:atemp>26.0</ns3:atemp>
            <ns3:cad>47</ns3:cad>
          </ns3:TrackPointExtension>
        </extensions>
      </trkpt>
      <trkpt lat="43.29326472245156764984130859375" lon="-109.6753249503672122955322265625">
        <ele>3851.60009765625</ele>
        <time>2017-09-04T17:50:38.000Z</time>
        <extensions>
          <ns3:TrackPointExtension>
            <ns3:atemp>26.0</ns3:atemp>
            <ns3:cad>44</ns3:cad>
          </ns3:TrackPointExtension>
        </extensions>
      </trkpt>
      <trkpt lat="43.2934272475540637969970703125" lon="-109.6754560433328151702880859375">
        <ele>3851.60009765625</ele>
        <time>2017-09-04T17:50:55.000Z</time>
        <extensions>
          <ns3:TrackPointExtension>
            <ns3:atemp>26.0</ns3:atemp>
            <ns3:cad>51</ns3:cad>
          </ns3:TrackPointExtension>
        </extensions>
      </trkpt>
      <trkpt lat="43.2934966497123241424560546875" lon="-109.67551647685468196868896484375">
        <ele>3852.39990234375</ele>
        <time>2017-09-04T17:51:02.000Z</time>
        <extensions>
          <ns3:TrackPointExtension>
            <ns3:atemp>26.0</ns3:atemp>
            <ns3:cad>50</ns3:cad>
          </ns3:TrackPointExtension>
        </extensions>
      </trkpt>
      <trkpt lat="43.2936807163059711456298828125" lon="-109.67558495700359344482421875">
        <ele>3852</ele>
        <time>2017-09-04T17:51:22.000Z</time>
        <extensions>
          <ns3:TrackPointExtension>
            <ns3:atemp>26.0</ns3:atemp>
            <ns3:cad>61</ns3:cad>
          </ns3:TrackPointExtension>
        </extensions>
      </trkpt>
      <trkpt lat="43.2938185147941112518310546875" lon="-109.675553105771541595458984375">
        <ele>3851.800048828125</ele>
        <time>2017-09-04T17:51:37.000Z</time>
        <extensions>
          <ns3:TrackPointExtension>
            <ns3:atemp>25.0</ns3:atemp>
            <ns3:cad>54</ns3:cad>
          </ns3:TrackPointExtension>
        </extensions>
      </trkpt>
      <trkpt lat="43.29395371489226818084716796875" lon="-109.675461910665035247802734375">
        <ele>3852.39990234375</ele>
        <time>2017-09-04T17:51:51.000Z</time>
        <extensions>
          <ns3:TrackPointExtension>
            <ns3:atemp>25.0</ns3:atemp>
            <ns3:cad>51</ns3:cad>
          </ns3:TrackPointExtension>
        </extensions>
      </trkpt>
      <trkpt lat="43.29413191415369510650634765625" lon="-109.6753977052867412567138671875">
        <ele>3852.39990234375</ele>
        <time>2017-09-04T17:52:07.000Z</time>
        <extensions>
          <ns3:TrackPointExtension>
            <ns3:atemp>25.0</ns3:atemp>
            <ns3:cad>54</ns3:cad>
          </ns3:TrackPointExtension>
        </extensions>
      </trkpt>
      <trkpt lat="43.294309861958026885986328125" lon="-109.67538647353649139404296875">
        <ele>3853.199951171875</ele>
        <time>2017-09-04T17:52:24.000Z</time>
        <extensions>
          <ns3:TrackPointExtension>
            <ns3:atemp>25.0</ns3:atemp>
            <ns3:cad>51</ns3:cad>
          </ns3:TrackPointExtension>
        </extensions>
      </trkpt>
      <trkpt lat="43.2943442277610301971435546875" lon="-109.67536040581762790679931640625">
        <ele>3853</ele>
        <time>2017-09-04T17:52:29.000Z</time>
        <extensions>
          <ns3:TrackPointExtension>
            <ns3:atemp>25.0</ns3:atemp>
            <ns3:cad>51</ns3:cad>
          </ns3:TrackPointExtension>
        </extensions>
      </trkpt>
      <trkpt lat="43.294378928840160369873046875" lon="-109.6753524430096149444580078125">
        <ele>3852.60009765625</ele>
        <time>2017-09-04T17:52:33.000Z</time>
        <extensions>
          <ns3:TrackPointExtension>
            <ns3:atemp>25.0</ns3:atemp>
            <ns3:cad>61</ns3:cad>
          </ns3:TrackPointExtension>
        </extensions>
      </trkpt>
      <trkpt lat="43.29447372816503047943115234375" lon="-109.67537314631044864654541015625">
        <ele>3853.39990234375</ele>
        <time>2017-09-04T17:52:43.000Z</time>
        <extensions>
          <ns3:TrackPointExtension>
            <ns3:atemp>25.0</ns3:atemp>
            <ns3:cad>0</ns3:cad>
          </ns3:TrackPointExtension>
        </extensions>
      </trkpt>
      <trkpt lat="43.2944964431226253509521484375" lon="-109.67537197284400463104248046875">
        <ele>3853.39990234375</ele>
        <time>2017-09-04T17:52:45.000Z</time>
        <extensions>
          <ns3:TrackPointExtension>
            <ns3:atemp>25.0</ns3:atemp>
            <ns3:cad>0</ns3:cad>
          </ns3:TrackPointExtension>
        </extensions>
      </trkpt>
      <trkpt lat="43.294541202485561370849609375" lon="-109.67536811716854572296142578125">
        <ele>3853.39990234375</ele>
        <time>2017-09-04T17:52:50.000Z</time>
        <extensions>
          <ns3:TrackPointExtension>
            <ns3:atemp>25.0</ns3:atemp>
            <ns3:cad>0</ns3:cad>
          </ns3:TrackPointExtension>
        </extensions>
      </trkpt>
      <trkpt lat="43.29455805011093616485595703125" lon="-109.67536694370210170745849609375">
        <ele>3853.39990234375</ele>
        <time>2017-09-04T17:52:53.000Z</time>
        <extensions>
          <ns3:TrackPointExtension>
            <ns3:atemp>25.0</ns3:atemp>
            <ns3:cad>61</ns3:cad>
          </ns3:TrackPointExtension>
        </extensions>
      </trkpt>
      <trkpt lat="43.294577412307262420654296875" lon="-109.67536962591111660003662109375">
        <ele>3853.39990234375</ele>
        <time>2017-09-04T17:52:55.000Z</time>
        <extensions>
          <ns3:TrackPointExtension>
            <ns3:atemp>25.0</ns3:atemp>
            <ns3:cad>0</ns3:cad>
          </ns3:TrackPointExtension>
        </extensions>
      </trkpt>
      <trkpt lat="43.2946657575666904449462890625" lon="-109.6753376908600330352783203125">
        <ele>3852.800048828125</ele>
        <time>2017-09-04T17:53:07.000Z</time>
        <extensions>
          <ns3:TrackPointExtension>
            <ns3:atemp>25.0</ns3:atemp>
            <ns3:cad>0</ns3:cad>
          </ns3:TrackPointExtension>
        </extensions>
      </trkpt>
      <trkpt lat="43.29471177421510219573974609375" lon="-109.67532813549041748046875">
        <ele>3853.60009765625</ele>
        <time>2017-09-04T17:53:13.000Z</time>
        <extensions>
          <ns3:TrackPointExtension>
            <ns3:atemp>25.0</ns3:atemp>
            <ns3:cad>61</ns3:cad>
          </ns3:TrackPointExtension>
        </extensions>
      </trkpt>
      <trkpt lat="43.2948773168027400970458984375" lon="-109.67527692206203937530517578125">
        <ele>3853.60009765625</ele>
        <time>2017-09-04T17:53:32.000Z</time>
        <extensions>
          <ns3:TrackPointExtension>
            <ns3:atemp>24.0</ns3:atemp>
            <ns3:cad>51</ns3:cad>
          </ns3:TrackPointExtension>
        </extensions>
      </trkpt>
      <trkpt lat="43.2950288616120815277099609375" lon="-109.6752946078777313232421875">
        <ele>3853.800048828125</ele>
        <time>2017-09-04T17:53:47.000Z</time>
        <extensions>
          <ns3:TrackPointExtension>
            <ns3:atemp>24.0</ns3:atemp>
            <ns3:cad>47</ns3:cad>
          </ns3:TrackPointExtension>
        </extensions>
      </trkpt>
      <trkpt lat="43.29520932398736476898193359375" lon="-109.67525630258023738861083984375">
        <ele>3853.60009765625</ele>
        <time>2017-09-04T17:54:05.000Z</time>
        <extensions>
          <ns3:TrackPointExtension>
            <ns3:atemp>24.0</ns3:atemp>
            <ns3:cad>15</ns3:cad>
          </ns3:TrackPointExtension>
        </extensions>
      </trkpt>
      <trkpt lat="43.2952759601175785064697265625" lon="-109.6752454899251461029052734375">
        <ele>3853.60009765625</ele>
        <time>2017-09-04T17:54:13.000Z</time>
        <extensions>
          <ns3:TrackPointExtension>
            <ns3:atemp>24.0</ns3:atemp>
            <ns3:cad>0</ns3:cad>
          </ns3:TrackPointExtension>
        </extensions>
      </trkpt>
      <trkpt lat="43.2952769659459590911865234375" lon="-109.67524775303900241851806640625">
        <ele>3853.60009765625</ele>
        <time>2017-09-04T17:54:31.000Z</time>
        <extensions>
          <ns3:TrackPointExtension>
            <ns3:atemp>24.0</ns3:atemp>
            <ns3:cad>0</ns3:cad>
          </ns3:TrackPointExtension>
        </extensions>
      </trkpt>
      <trkpt lat="43.2952885329723358154296875" lon="-109.6752562187612056732177734375">
        <ele>3852.199951171875</ele>
        <time>2017-09-04T17:55:11.000Z</time>
        <extensions>
          <ns3:TrackPointExtension>
            <ns3:atemp>24.0</ns3:atemp>
            <ns3:cad>0</ns3:cad>
          </ns3:TrackPointExtension>
        </extensions>
      </trkpt>
      <trkpt lat="43.2952705956995487213134765625" lon="-109.67527725733816623687744140625">
        <ele>3853.199951171875</ele>
        <time>2017-09-04T17:55:44.000Z</time>
        <extensions>
          <ns3:TrackPointExtension>
            <ns3:atemp>24.0</ns3:atemp>
            <ns3:cad>0</ns3:cad>
          </ns3:TrackPointExtension>
        </extensions>
      </trkpt>
      <trkpt lat="43.29528342001140117645263671875" lon="-109.675255380570888519287109375">
        <ele>3854.199951171875</ele>
        <time>2017-09-04T17:56:14.000Z</time>
        <extensions>
          <ns3:TrackPointExtension>
            <ns3:atemp>24.0</ns3:atemp>
            <ns3:cad>61</ns3:cad>
          </ns3:TrackPointExtension>
        </extensions>
      </trkpt>
      <trkpt lat="43.295277468860149383544921875" lon="-109.6752511896193027496337890625">
        <ele>3853</ele>
        <time>2017-09-04T17:56:43.000Z</time>
        <extensions>
          <ns3:TrackPointExtension>
            <ns3:atemp>24.0</ns3:atemp>
            <ns3:cad>0</ns3:cad>
          </ns3:TrackPointExtension>
        </extensions>
      </trkpt>
      <trkpt lat="43.295330107212066650390625" lon="-109.675239957869052886962890625">
        <ele>3853</ele>
        <time>2017-09-04T17:57:34.000Z</time>
        <extensions>
          <ns3:TrackPointExtension>
            <ns3:atemp>24.0</ns3:atemp>
            <ns3:cad>61</ns3:cad>
          </ns3:TrackPointExtension>
        </extensions>
      </trkpt>
      <trkpt lat="43.29551040194928646087646484375" lon="-109.67524423263967037200927734375">
        <ele>3853</ele>
        <time>2017-09-04T17:57:51.000Z</time>
        <extensions>
          <ns3:TrackPointExtension>
            <ns3:atemp>24.0</ns3:atemp>
            <ns3:cad>0</ns3:cad>
          </ns3:TrackPointExtension>
        </extensions>
      </trkpt>
      <trkpt lat="43.295532949268817901611328125" lon="-109.67523836530745029449462890625">
        <ele>3853.39990234375</ele>
        <time>2017-09-04T17:57:53.000Z</time>
        <extensions>
          <ns3:TrackPointExtension>
            <ns3:atemp>24.0</ns3:atemp>
            <ns3:cad>49</ns3:cad>
          </ns3:TrackPointExtension>
        </extensions>
      </trkpt>
      <trkpt lat="43.29555482603609561920166015625" lon="-109.67517214827239513397216796875">
        <ele>3854.199951171875</ele>
        <time>2017-09-04T17:57:59.000Z</time>
        <extensions>
          <ns3:TrackPointExtension>
            <ns3:atemp>24.0</ns3:atemp>
            <ns3:cad>52</ns3:cad>
          </ns3:TrackPointExtension>
        </extensions>
      </trkpt>
      <trkpt lat="43.2955862581729888916015625" lon="-109.6751539595425128936767578125">
        <ele>3854</ele>
        <time>2017-09-04T17:58:03.000Z</time>
        <extensions>
          <ns3:TrackPointExtension>
            <ns3:atemp>24.0</ns3:atemp>
            <ns3:cad>51</ns3:cad>
          </ns3:TrackPointExtension>
        </extensions>
      </trkpt>
      <trkpt lat="43.29561643302440643310546875" lon="-109.67514649964869022369384765625">
        <ele>3853.60009765625</ele>
        <time>2017-09-04T17:58:06.000Z</time>
        <extensions>
          <ns3:TrackPointExtension>
            <ns3:atemp>24.0</ns3:atemp>
            <ns3:cad>61</ns3:cad>
          </ns3:TrackPointExtension>
        </extensions>
      </trkpt>
      <trkpt lat="43.29578449018299579620361328125" lon="-109.67508916743099689483642578125">
        <ele>3854.39990234375</ele>
        <time>2017-09-04T17:58:32.000Z</time>
        <extensions>
          <ns3:TrackPointExtension>
            <ns3:atemp>24.0</ns3:atemp>
            <ns3:cad>61</ns3:cad>
          </ns3:TrackPointExtension>
        </extensions>
      </trkpt>
      <trkpt lat="43.2958834804594516754150390625" lon="-109.6749915182590484619140625">
        <ele>3855.199951171875</ele>
        <time>2017-09-04T17:58:47.000Z</time>
        <extensions>
          <ns3:TrackPointExtension>
            <ns3:atemp>24.0</ns3:atemp>
            <ns3:cad>61</ns3:cad>
          </ns3:TrackPointExtension>
        </extensions>
      </trkpt>
      <trkpt lat="43.295898735523223876953125" lon="-109.674991182982921600341796875">
        <ele>3855.199951171875</ele>
        <time>2017-09-04T17:58:49.000Z</time>
        <extensions>
          <ns3:TrackPointExtension>
            <ns3:atemp>24.0</ns3:atemp>
            <ns3:cad>0</ns3:cad>
          </ns3:TrackPointExtension>
        </extensions>
      </trkpt>
      <trkpt lat="43.29597006551921367645263671875" lon="-109.6749283187091350555419921875">
        <ele>3855.199951171875</ele>
        <time>2017-09-04T17:59:00.000Z</time>
        <extensions>
          <ns3:TrackPointExtension>
            <ns3:atemp>24.0</ns3:atemp>
            <ns3:cad>0</ns3:cad>
          </ns3:TrackPointExtension>
        </extensions>
      </trkpt>
      <trkpt lat="43.29613233916461467742919921875" lon="-109.67498070560395717620849609375">
        <ele>3855.199951171875</ele>
        <time>2017-09-04T17:59:57.000Z</time>
        <extensions>
          <ns3:TrackPointExtension>
            <ns3:atemp>24.0</ns3:atemp>
            <ns3:cad>61</ns3:cad>
          </ns3:TrackPointExtension>
        </extensions>
      </trkpt>
      <trkpt lat="43.2962271384894847869873046875" lon="-109.6749432384967803955078125">
        <ele>3856.39990234375</ele>
        <time>2017-09-04T18:00:12.000Z</time>
        <extensions>
          <ns3:TrackPointExtension>
            <ns3:atemp>24.0</ns3:atemp>
            <ns3:cad>0</ns3:cad>
          </ns3:TrackPointExtension>
        </extensions>
      </trkpt>
      <trkpt lat="43.2963454909622669219970703125" lon="-109.6747543103992938995361328125">
        <ele>3856.39990234375</ele>
        <time>2017-09-04T18:00:45.000Z</time>
        <extensions>
          <ns3:TrackPointExtension>
            <ns3:atemp>24.0</ns3:atemp>
            <ns3:cad>61</ns3:cad>
          </ns3:TrackPointExtension>
        </extensions>
      </trkpt>
      <trkpt lat="43.296501897275447845458984375" lon="-109.6746232174336910247802734375">
        <ele>3857.199951171875</ele>
        <time>2017-09-04T18:01:12.000Z</time>
        <extensions>
          <ns3:TrackPointExtension>
            <ns3:atemp>24.0</ns3:atemp>
            <ns3:cad>0</ns3:cad>
          </ns3:TrackPointExtension>
        </extensions>
      </trkpt>
      <trkpt lat="43.29650692641735076904296875" lon="-109.6746165119111537933349609375">
        <ele>3857.39990234375</ele>
        <time>2017-09-04T18:01:13.000Z</time>
        <extensions>
          <ns3:TrackPointExtension>
            <ns3:atemp>24.0</ns3:atemp>
            <ns3:cad>0</ns3:cad>
          </ns3:TrackPointExtension>
        </extensions>
      </trkpt>
      <trkpt lat="43.29657959751784801483154296875" lon="-109.6745008416473865509033203125">
        <ele>3858.60009765625</ele>
        <time>2017-09-04T18:01:30.000Z</time>
        <extensions>
          <ns3:TrackPointExtension>
            <ns3:atemp>24.0</ns3:atemp>
            <ns3:cad>0</ns3:cad>
          </ns3:TrackPointExtension>
        </extensions>
      </trkpt>
      <trkpt lat="43.29674824140965938568115234375" lon="-109.67447510920464992523193359375">
        <ele>3859</ele>
        <time>2017-09-04T18:02:20.000Z</time>
        <extensions>
          <ns3:TrackPointExtension>
            <ns3:atemp>23.0</ns3:atemp>
            <ns3:cad>61</ns3:cad>
          </ns3:TrackPointExtension>
        </extensions>
      </trkpt>
      <trkpt lat="43.29681093804538249969482421875" lon="-109.67447460629045963287353515625">
        <ele>3859.60009765625</ele>
        <time>2017-09-04T18:02:29.000Z</time>
        <extensions>
          <ns3:TrackPointExtension>
            <ns3:atemp>23.0</ns3:atemp>
            <ns3:cad>0</ns3:cad>
          </ns3:TrackPointExtension>
        </extensions>
      </trkpt>
      <trkpt lat="43.29681479372084140777587890625" lon="-109.67443873174488544464111328125">
        <ele>3860</ele>
        <time>2017-09-04T18:02:32.000Z</time>
        <extensions>
          <ns3:TrackPointExtension>
            <ns3:atemp>23.0</ns3:atemp>
            <ns3:cad>62</ns3:cad>
          </ns3:TrackPointExtension>
        </extensions>
      </trkpt>
      <trkpt lat="43.2968173921108245849609375" lon="-109.67441459186375141143798828125">
        <ele>3860.39990234375</ele>
        <time>2017-09-04T18:02:35.000Z</time>
        <extensions>
          <ns3:TrackPointExtension>
            <ns3:atemp>23.0</ns3:atemp>
            <ns3:cad>62</ns3:cad>
          </ns3:TrackPointExtension>
        </extensions>
      </trkpt>
      <trkpt lat="43.29681898467242717742919921875" lon="-109.6744156815111637115478515625">
        <ele>3860.800048828125</ele>
        <time>2017-09-04T18:02:36.000Z</time>
        <extensions>
          <ns3:TrackPointExtension>
            <ns3:atemp>23.0</ns3:atemp>
            <ns3:cad>0</ns3:cad>
          </ns3:TrackPointExtension>
        </extensions>
      </trkpt>
      <trkpt lat="43.296912945806980133056640625" lon="-109.6742498874664306640625">
        <ele>3861.800048828125</ele>
        <time>2017-09-04T18:03:24.000Z</time>
        <extensions>
          <ns3:TrackPointExtension>
            <ns3:atemp>23.0</ns3:atemp>
            <ns3:cad>0</ns3:cad>
          </ns3:TrackPointExtension>
        </extensions>
      </trkpt>
      <trkpt lat="43.2969509996473789215087890625" lon="-109.6741994284093379974365234375">
        <ele>3862.800048828125</ele>
        <time>2017-09-04T18:03:32.000Z</time>
        <extensions>
          <ns3:TrackPointExtension>
            <ns3:atemp>23.0</ns3:atemp>
            <ns3:cad>61</ns3:cad>
          </ns3:TrackPointExtension>
        </extensions>
      </trkpt>
      <trkpt lat="43.297048397362232208251953125" lon="-109.67420806176960468292236328125">
        <ele>3862.800048828125</ele>
        <time>2017-09-04T18:04:17.000Z</time>
        <extensions>
          <ns3:TrackPointExtension>
            <ns3:atemp>23.0</ns3:atemp>
            <ns3:cad>61</ns3:cad>
          </ns3:TrackPointExtension>
        </extensions>
      </trkpt>
      <trkpt lat="43.29707949422299861907958984375" lon="-109.674183838069438934326171875">
        <ele>3864</ele>
        <time>2017-09-04T18:04:24.000Z</time>
        <extensions>
          <ns3:TrackPointExtension>
            <ns3:atemp>23.0</ns3:atemp>
            <ns3:cad>61</ns3:cad>
          </ns3:TrackPointExtension>
        </extensions>
      </trkpt>
      <trkpt lat="43.2971578650176525115966796875" lon="-109.674174450337886810302734375">
        <ele>3864.199951171875</ele>
        <time>2017-09-04T18:04:39.000Z</time>
        <extensions>
          <ns3:TrackPointExtension>
            <ns3:atemp>23.0</ns3:atemp>
            <ns3:cad>0</ns3:cad>
          </ns3:TrackPointExtension>
        </extensions>
      </trkpt>
      <trkpt lat="43.2971796579658985137939453125" lon="-109.67417352832853794097900390625">
        <ele>3865</ele>
        <time>2017-09-04T18:04:43.000Z</time>
        <extensions>
          <ns3:TrackPointExtension>
            <ns3:atemp>23.0</ns3:atemp>
            <ns3:cad>0</ns3:cad>
          </ns3:TrackPointExtension>
        </extensions>
      </trkpt>
      <trkpt lat="43.2972219027578830718994140625" lon="-109.6741518191993236541748046875">
        <ele>3866</ele>
        <time>2017-09-04T18:04:56.000Z</time>
        <extensions>
          <ns3:TrackPointExtension>
            <ns3:atemp>23.0</ns3:atemp>
            <ns3:cad>0</ns3:cad>
          </ns3:TrackPointExtension>
        </extensions>
      </trkpt>
      <trkpt lat="43.29731158912181854248046875" lon="-109.67415290884673595428466796875">
        <ele>3867</ele>
        <time>2017-09-04T18:05:14.000Z</time>
        <extensions>
          <ns3:TrackPointExtension>
            <ns3:atemp>22.0</ns3:atemp>
            <ns3:cad>0</ns3:cad>
          </ns3:TrackPointExtension>
        </extensions>
      </trkpt>
      <trkpt lat="43.297357521951198577880859375" lon="-109.67416598461568355560302734375">
        <ele>3868.199951171875</ele>
        <time>2017-09-04T18:05:25.000Z</time>
        <extensions>
          <ns3:TrackPointExtension>
            <ns3:atemp>22.0</ns3:atemp>
            <ns3:cad>0</ns3:cad>
          </ns3:TrackPointExtension>
        </extensions>
      </trkpt>
      <trkpt lat="43.29743991605937480926513671875" lon="-109.67419280670583248138427734375">
        <ele>3869.199951171875</ele>
        <time>2017-09-04T18:05:40.000Z</time>
        <extensions>
          <ns3:TrackPointExtension>
            <ns3:atemp>22.0</ns3:atemp>
            <ns3:cad>0</ns3:cad>
          </ns3:TrackPointExtension>
        </extensions>
      </trkpt>
      <trkpt lat="43.29751267097890377044677734375" lon="-109.67421233654022216796875">
        <ele>3870.199951171875</ele>
        <time>2017-09-04T18:06:00.000Z</time>
        <extensions>
          <ns3:TrackPointExtension>
            <ns3:atemp>22.0</ns3:atemp>
            <ns3:cad>0</ns3:cad>
          </ns3:TrackPointExtension>
        </extensions>
      </trkpt>
      <trkpt lat="43.29752524383366107940673828125" lon="-109.6741975843906402587890625">
        <ele>3871.199951171875</ele>
        <time>2017-09-04T18:06:11.000Z</time>
        <extensions>
          <ns3:TrackPointExtension>
            <ns3:atemp>22.0</ns3:atemp>
            <ns3:cad>0</ns3:cad>
          </ns3:TrackPointExtension>
        </extensions>
      </trkpt>
      <trkpt lat="43.29752775840461254119873046875" lon="-109.674193561077117919921875">
        <ele>3871.199951171875</ele>
        <time>2017-09-04T18:06:12.000Z</time>
        <extensions>
          <ns3:TrackPointExtension>
            <ns3:atemp>22.0</ns3:atemp>
            <ns3:cad>0</ns3:cad>
          </ns3:TrackPointExtension>
        </extensions>
      </trkpt>
      <trkpt lat="43.29754586331546306610107421875" lon="-109.67417604289948940277099609375">
        <ele>3872.199951171875</ele>
        <time>2017-09-04T18:06:17.000Z</time>
        <extensions>
          <ns3:TrackPointExtension>
            <ns3:atemp>22.0</ns3:atemp>
            <ns3:cad>61</ns3:cad>
          </ns3:TrackPointExtension>
        </extensions>
      </trkpt>
      <trkpt lat="43.29757310450077056884765625" lon="-109.674129523336887359619140625">
        <ele>3873.39990234375</ele>
        <time>2017-09-04T18:06:30.000Z</time>
        <extensions>
          <ns3:TrackPointExtension>
            <ns3:atemp>22.0</ns3:atemp>
            <ns3:cad>61</ns3:cad>
          </ns3:TrackPointExtension>
        </extensions>
      </trkpt>
      <trkpt lat="43.2976101525127887725830078125" lon="-109.674137569963932037353515625">
        <ele>3874.39990234375</ele>
        <time>2017-09-04T18:06:39.000Z</time>
        <extensions>
          <ns3:TrackPointExtension>
            <ns3:atemp>22.0</ns3:atemp>
            <ns3:cad>63</ns3:cad>
          </ns3:TrackPointExtension>
        </extensions>
      </trkpt>
      <trkpt lat="43.297637142241001129150390625" lon="-109.6740958280861377716064453125">
        <ele>3875.60009765625</ele>
        <time>2017-09-04T18:06:53.000Z</time>
        <extensions>
          <ns3:TrackPointExtension>
            <ns3:atemp>22.0</ns3:atemp>
            <ns3:cad>61</ns3:cad>
          </ns3:TrackPointExtension>
        </extensions>
      </trkpt>
      <trkpt lat="43.29765784554183483123779296875" lon="-109.67409498989582061767578125">
        <ele>3876.800048828125</ele>
        <time>2017-09-04T18:06:57.000Z</time>
        <extensions>
          <ns3:TrackPointExtension>
            <ns3:atemp>22.0</ns3:atemp>
            <ns3:cad>0</ns3:cad>
          </ns3:TrackPointExtension>
        </extensions>
      </trkpt>
      <trkpt lat="43.29771249555051326751708984375" lon="-109.67408317141234874725341796875">
        <ele>3877.800048828125</ele>
        <time>2017-09-04T18:07:10.000Z</time>
        <extensions>
          <ns3:TrackPointExtension>
            <ns3:atemp>22.0</ns3:atemp>
            <ns3:cad>61</ns3:cad>
          </ns3:TrackPointExtension>
        </extensions>
      </trkpt>
      <trkpt lat="43.297743760049343109130859375" lon="-109.674081243574619293212890625">
        <ele>3878.800048828125</ele>
        <time>2017-09-04T18:07:19.000Z</time>
        <extensions>
          <ns3:TrackPointExtension>
            <ns3:atemp>22.0</ns3:atemp>
            <ns3:cad>0</ns3:cad>
          </ns3:TrackPointExtension>
        </extensions>
      </trkpt>
      <trkpt lat="43.29774434678256511688232421875" lon="-109.67408887110650539398193359375">
        <ele>3879.800048828125</ele>
        <time>2017-09-04T18:07:36.000Z</time>
        <extensions>
          <ns3:TrackPointExtension>
            <ns3:atemp>22.0</ns3:atemp>
            <ns3:cad>0</ns3:cad>
          </ns3:TrackPointExtension>
        </extensions>
      </trkpt>
      <trkpt lat="43.297881223261356353759765625" lon="-109.67406741343438625335693359375">
        <ele>3881</ele>
        <time>2017-09-04T18:08:26.000Z</time>
        <extensions>
          <ns3:TrackPointExtension>
            <ns3:atemp>22.0</ns3:atemp>
            <ns3:cad>61</ns3:cad>
          </ns3:TrackPointExtension>
        </extensions>
      </trkpt>
      <trkpt lat="43.29795976169407367706298828125" lon="-109.67410035431385040283203125">
        <ele>3882</ele>
        <time>2017-09-04T18:08:45.000Z</time>
        <extensions>
          <ns3:TrackPointExtension>
            <ns3:atemp>22.0</ns3:atemp>
            <ns3:cad>0</ns3:cad>
          </ns3:TrackPointExtension>
        </extensions>
      </trkpt>
      <trkpt lat="43.29798859544098377227783203125" lon="-109.6740938164293766021728515625">
        <ele>3883.199951171875</ele>
        <time>2017-09-04T18:08:49.000Z</time>
        <extensions>
          <ns3:TrackPointExtension>
            <ns3:atemp>22.0</ns3:atemp>
            <ns3:cad>0</ns3:cad>
          </ns3:TrackPointExtension>
        </extensions>
      </trkpt>
      <trkpt lat="43.29815204255282878875732421875" lon="-109.67409825883805751800537109375">
        <ele>3884.199951171875</ele>
        <time>2017-09-04T18:09:25.000Z</time>
        <extensions>
          <ns3:TrackPointExtension>
            <ns3:atemp>22.0</ns3:atemp>
            <ns3:cad>0</ns3:cad>
          </ns3:TrackPointExtension>
        </extensions>
      </trkpt>
      <trkpt lat="43.29828347079455852508544921875" lon="-109.6741947345435619354248046875">
        <ele>3883.39990234375</ele>
        <time>2017-09-04T18:10:00.000Z</time>
        <extensions>
          <ns3:TrackPointExtension>
            <ns3:atemp>22.0</ns3:atemp>
            <ns3:cad>61</ns3:cad>
          </ns3:TrackPointExtension>
        </extensions>
      </trkpt>
      <trkpt lat="43.29844591207802295684814453125" lon="-109.67429255135357379913330078125">
        <ele>3883.39990234375</ele>
        <time>2017-09-04T18:10:38.000Z</time>
        <extensions>
          <ns3:TrackPointExtension>
            <ns3:atemp>22.0</ns3:atemp>
            <ns3:cad>61</ns3:cad>
          </ns3:TrackPointExtension>
        </extensions>
      </trkpt>
      <trkpt lat="43.29849737696349620819091796875" lon="-109.6743446029722690582275390625">
        <ele>3884.199951171875</ele>
        <time>2017-09-04T18:10:53.000Z</time>
        <extensions>
          <ns3:TrackPointExtension>
            <ns3:atemp>22.0</ns3:atemp>
            <ns3:cad>0</ns3:cad>
          </ns3:TrackPointExtension>
        </extensions>
      </trkpt>
      <trkpt lat="43.298537693917751312255859375" lon="-109.67430830933153629302978515625">
        <ele>3885.199951171875</ele>
        <time>2017-09-04T18:11:05.000Z</time>
        <extensions>
          <ns3:TrackPointExtension>
            <ns3:atemp>22.0</ns3:atemp>
            <ns3:cad>0</ns3:cad>
          </ns3:TrackPointExtension>
        </extensions>
      </trkpt>
      <trkpt lat="43.2985170744359493255615234375" lon="-109.6743097342550754547119140625">
        <ele>3884.199951171875</ele>
        <time>2017-09-04T18:12:16.000Z</time>
        <extensions>
          <ns3:TrackPointExtension>
            <ns3:atemp>22.0</ns3:atemp>
            <ns3:cad>0</ns3:cad>
          </ns3:TrackPointExtension>
        </extensions>
      </trkpt>
      <trkpt lat="43.29850919544696807861328125" lon="-109.67433379031717777252197265625">
        <ele>3885.199951171875</ele>
        <time>2017-09-04T18:12:26.000Z</time>
        <extensions>
          <ns3:TrackPointExtension>
            <ns3:atemp>22.0</ns3:atemp>
            <ns3:cad>0</ns3:cad>
          </ns3:TrackPointExtension>
        </extensions>
      </trkpt>
      <trkpt lat="43.298516906797885894775390625" lon="-109.67435122467577457427978515625">
        <ele>3884.199951171875</ele>
        <time>2017-09-04T18:12:34.000Z</time>
        <extensions>
          <ns3:TrackPointExtension>
            <ns3:atemp>22.0</ns3:atemp>
            <ns3:cad>0</ns3:cad>
          </ns3:TrackPointExtension>
        </extensions>
      </trkpt>
      <trkpt lat="43.29854180105030536651611328125" lon="-109.674367569386959075927734375">
        <ele>3883</ele>
        <time>2017-09-04T18:13:01.000Z</time>
        <extensions>
          <ns3:TrackPointExtension>
            <ns3:atemp>22.0</ns3:atemp>
            <ns3:cad>0</ns3:cad>
          </ns3:TrackPointExtension>
        </extensions>
      </trkpt>
      <trkpt lat="43.29854431562125682830810546875" lon="-109.6743640489876270294189453125">
        <ele>3884</ele>
        <time>2017-09-04T18:13:24.000Z</time>
        <extensions>
          <ns3:TrackPointExtension>
            <ns3:atemp>22.0</ns3:atemp>
            <ns3:cad>0</ns3:cad>
          </ns3:TrackPointExtension>
        </extensions>
      </trkpt>
      <trkpt lat="43.298653028905391693115234375" lon="-109.67439363710582256317138671875">
        <ele>3883</ele>
        <time>2017-09-04T18:14:02.000Z</time>
        <extensions>
          <ns3:TrackPointExtension>
            <ns3:atemp>22.0</ns3:atemp>
            <ns3:cad>61</ns3:cad>
          </ns3:TrackPointExtension>
        </extensions>
      </trkpt>
      <trkpt lat="43.29868580214679241180419921875" lon="-109.6744014322757720947265625">
        <ele>3881.800048828125</ele>
        <time>2017-09-04T18:14:09.000Z</time>
        <extensions>
          <ns3:TrackPointExtension>
            <ns3:atemp>22.0</ns3:atemp>
            <ns3:cad>61</ns3:cad>
          </ns3:TrackPointExtension>
        </extensions>
      </trkpt>
      <trkpt lat="43.29883231781423091888427734375" lon="-109.67447024770081043243408203125">
        <ele>3881</ele>
        <time>2017-09-04T18:14:50.000Z</time>
        <extensions>
          <ns3:TrackPointExtension>
            <ns3:atemp>21.0</ns3:atemp>
            <ns3:cad>0</ns3:cad>
          </ns3:TrackPointExtension>
        </extensions>
      </trkpt>
      <trkpt lat="43.298857212066650390625" lon="-109.67446647584438323974609375">
        <ele>3880.800048828125</ele>
        <time>2017-09-04T18:14:55.000Z</time>
        <extensions>
          <ns3:TrackPointExtension>
            <ns3:atemp>21.0</ns3:atemp>
            <ns3:cad>0</ns3:cad>
          </ns3:TrackPointExtension>
        </extensions>
      </trkpt>
      <trkpt lat="43.29889275133609771728515625" lon="-109.67443990521132946014404296875">
        <ele>3881.800048828125</ele>
        <time>2017-09-04T18:15:02.000Z</time>
        <extensions>
          <ns3:TrackPointExtension>
            <ns3:atemp>21.0</ns3:atemp>
            <ns3:cad>0</ns3:cad>
          </ns3:TrackPointExtension>
        </extensions>
      </trkpt>
      <trkpt lat="43.298893086612224578857421875" lon="-109.674428589642047882080078125">
        <ele>3882</ele>
        <time>2017-09-04T18:15:04.000Z</time>
        <extensions>
          <ns3:TrackPointExtension>
            <ns3:atemp>21.0</ns3:atemp>
            <ns3:cad>0</ns3:cad>
          </ns3:TrackPointExtension>
        </extensions>
      </trkpt>
      <trkpt lat="43.29892535693943500518798828125" lon="-109.6744113229215145111083984375">
        <ele>3883</ele>
        <time>2017-09-04T18:15:14.000Z</time>
        <extensions>
          <ns3:TrackPointExtension>
            <ns3:atemp>21.0</ns3:atemp>
            <ns3:cad>78</ns3:cad>
          </ns3:TrackPointExtension>
        </extensions>
      </trkpt>
      <trkpt lat="43.29902686178684234619140625" lon="-109.67438290826976299285888671875">
        <ele>3884</ele>
        <time>2017-09-04T18:15:40.000Z</time>
        <extensions>
          <ns3:TrackPointExtension>
            <ns3:atemp>21.0</ns3:atemp>
            <ns3:cad>61</ns3:cad>
          </ns3:TrackPointExtension>
        </extensions>
      </trkpt>
      <trkpt lat="43.29904622398316860198974609375" lon="-109.67438735067844390869140625">
        <ele>3884.199951171875</ele>
        <time>2017-09-04T18:15:42.000Z</time>
        <extensions>
          <ns3:TrackPointExtension>
            <ns3:atemp>21.0</ns3:atemp>
            <ns3:cad>61</ns3:cad>
          </ns3:TrackPointExtension>
        </extensions>
      </trkpt>
      <trkpt lat="43.29906516708433628082275390625" lon="-109.67439615167677402496337890625">
        <ele>3884.39990234375</ele>
        <time>2017-09-04T18:15:44.000Z</time>
        <extensions>
          <ns3:TrackPointExtension>
            <ns3:atemp>21.0</ns3:atemp>
            <ns3:cad>0</ns3:cad>
          </ns3:TrackPointExtension>
        </extensions>
      </trkpt>
      <trkpt lat="43.2991058193147182464599609375" lon="-109.67437787912786006927490234375">
        <ele>3885</ele>
        <time>2017-09-04T18:15:52.000Z</time>
        <extensions>
          <ns3:TrackPointExtension>
            <ns3:atemp>21.0</ns3:atemp>
            <ns3:cad>61</ns3:cad>
          </ns3:TrackPointExtension>
        </extensions>
      </trkpt>
      <trkpt lat="43.2991587929427623748779296875" lon="-109.6743156015872955322265625">
        <ele>3886</ele>
        <time>2017-09-04T18:16:12.000Z</time>
        <extensions>
          <ns3:TrackPointExtension>
            <ns3:atemp>21.0</ns3:atemp>
            <ns3:cad>0</ns3:cad>
          </ns3:TrackPointExtension>
        </extensions>
      </trkpt>
      <trkpt lat="43.2992965914309024810791015625" lon="-109.67427092604339122772216796875">
        <ele>3887.199951171875</ele>
        <time>2017-09-04T18:16:34.000Z</time>
        <extensions>
          <ns3:TrackPointExtension>
            <ns3:atemp>21.0</ns3:atemp>
            <ns3:cad>0</ns3:cad>
          </ns3:TrackPointExtension>
        </extensions>
      </trkpt>
      <trkpt lat="43.2993509061634540557861328125" lon="-109.67426070012152194976806640625">
        <ele>3887.60009765625</ele>
        <time>2017-09-04T18:16:41.000Z</time>
        <extensions>
          <ns3:TrackPointExtension>
            <ns3:atemp>21.0</ns3:atemp>
            <ns3:cad>61</ns3:cad>
          </ns3:TrackPointExtension>
        </extensions>
      </trkpt>
      <trkpt lat="43.29938133247196674346923828125" lon="-109.67424024827778339385986328125">
        <ele>3888</ele>
        <time>2017-09-04T18:16:46.000Z</time>
        <extensions>
          <ns3:TrackPointExtension>
            <ns3:atemp>21.0</ns3:atemp>
            <ns3:cad>61</ns3:cad>
          </ns3:TrackPointExtension>
        </extensions>
      </trkpt>
      <trkpt lat="43.2993871159851551055908203125" lon="-109.67423790134489536285400390625">
        <ele>3888.39990234375</ele>
        <time>2017-09-04T18:16:47.000Z</time>
        <extensions>
          <ns3:TrackPointExtension>
            <ns3:atemp>21.0</ns3:atemp>
            <ns3:cad>0</ns3:cad>
          </ns3:TrackPointExtension>
        </extensions>
      </trkpt>
      <trkpt lat="43.29941268078982830047607421875" lon="-109.67418123967945575714111328125">
        <ele>3888.800048828125</ele>
        <time>2017-09-04T18:18:55.000Z</time>
        <extensions>
          <ns3:TrackPointExtension>
            <ns3:atemp>21.0</ns3:atemp>
            <ns3:cad>61</ns3:cad>
          </ns3:TrackPointExtension>
        </extensions>
      </trkpt>
      <trkpt lat="43.29951477237045764923095703125" lon="-109.67412373982369899749755859375">
        <ele>3892.199951171875</ele>
        <time>2017-09-04T18:19:15.000Z</time>
        <extensions>
          <ns3:TrackPointExtension>
            <ns3:atemp>21.0</ns3:atemp>
            <ns3:cad>0</ns3:cad>
          </ns3:TrackPointExtension>
        </extensions>
      </trkpt>
      <trkpt lat="43.29952298663556575775146484375" lon="-109.6741186268627643585205078125">
        <ele>3891.39990234375</ele>
        <time>2017-09-04T18:19:16.000Z</time>
        <extensions>
          <ns3:TrackPointExtension>
            <ns3:atemp>21.0</ns3:atemp>
            <ns3:cad>0</ns3:cad>
          </ns3:TrackPointExtension>
        </extensions>
      </trkpt>
      <trkpt lat="43.299528770148754119873046875" lon="-109.67411586083471775054931640625">
        <ele>3890.800048828125</ele>
        <time>2017-09-04T18:19:17.000Z</time>
        <extensions>
          <ns3:TrackPointExtension>
            <ns3:atemp>21.0</ns3:atemp>
            <ns3:cad>0</ns3:cad>
          </ns3:TrackPointExtension>
        </extensions>
      </trkpt>
      <trkpt lat="43.2995505630970001220703125" lon="-109.6741156093776226043701171875">
        <ele>3889.60009765625</ele>
        <time>2017-09-04T18:19:20.000Z</time>
        <extensions>
          <ns3:TrackPointExtension>
            <ns3:atemp>21.0</ns3:atemp>
            <ns3:cad>0</ns3:cad>
          </ns3:TrackPointExtension>
        </extensions>
      </trkpt>
      <trkpt lat="43.29955852590501308441162109375" lon="-109.6741203032433986663818359375">
        <ele>3889.800048828125</ele>
        <time>2017-09-04T18:19:21.000Z</time>
        <extensions>
          <ns3:TrackPointExtension>
            <ns3:atemp>21.0</ns3:atemp>
            <ns3:cad>0</ns3:cad>
          </ns3:TrackPointExtension>
        </extensions>
      </trkpt>
      <trkpt lat="43.299588449299335479736328125" lon="-109.67413614504039287567138671875">
        <ele>3889.60009765625</ele>
        <time>2017-09-04T18:19:24.000Z</time>
        <extensions>
          <ns3:TrackPointExtension>
            <ns3:atemp>21.0</ns3:atemp>
            <ns3:cad>61</ns3:cad>
          </ns3:TrackPointExtension>
        </extensions>
      </trkpt>
      <trkpt lat="43.2996449433267116546630859375" lon="-109.67415156774222850799560546875">
        <ele>3889.39990234375</ele>
        <time>2017-09-04T18:19:32.000Z</time>
        <extensions>
          <ns3:TrackPointExtension>
            <ns3:atemp>21.0</ns3:atemp>
            <ns3:cad>0</ns3:cad>
          </ns3:TrackPointExtension>
        </extensions>
      </trkpt>
      <trkpt lat="43.29974560998380184173583984375" lon="-109.6742054633796215057373046875">
        <ele>3889</ele>
        <time>2017-09-04T18:19:55.000Z</time>
        <extensions>
          <ns3:TrackPointExtension>
            <ns3:atemp>21.0</ns3:atemp>
            <ns3:cad>0</ns3:cad>
          </ns3:TrackPointExtension>
        </extensions>
      </trkpt>
      <trkpt lat="43.29980025999248027801513671875" lon="-109.67421728186309337615966796875">
        <ele>3888.800048828125</ele>
        <time>2017-09-04T18:20:02.000Z</time>
        <extensions>
          <ns3:TrackPointExtension>
            <ns3:atemp>21.0</ns3:atemp>
            <ns3:cad>0</ns3:cad>
          </ns3:TrackPointExtension>
        </extensions>
      </trkpt>
      <trkpt lat="43.29992665909230709075927734375" lon="-109.6742121689021587371826171875">
        <ele>3889.199951171875</ele>
        <time>2017-09-04T18:20:17.000Z</time>
        <extensions>
          <ns3:TrackPointExtension>
            <ns3:atemp>21.0</ns3:atemp>
            <ns3:cad>49</ns3:cad>
          </ns3:TrackPointExtension>
        </extensions>
      </trkpt>
      <trkpt lat="43.30010510981082916259765625" lon="-109.67420496046543121337890625">
        <ele>3889.800048828125</ele>
        <time>2017-09-04T18:20:43.000Z</time>
        <extensions>
          <ns3:TrackPointExtension>
            <ns3:atemp>21.0</ns3:atemp>
            <ns3:cad>61</ns3:cad>
          </ns3:TrackPointExtension>
        </extensions>
      </trkpt>
      <trkpt lat="43.3001290820538997650146484375" lon="-109.67419087886810302734375">
        <ele>3890.800048828125</ele>
        <time>2017-09-04T18:20:47.000Z</time>
        <extensions>
          <ns3:TrackPointExtension>
            <ns3:atemp>21.0</ns3:atemp>
            <ns3:cad>61</ns3:cad>
          </ns3:TrackPointExtension>
        </extensions>
      </trkpt>
      <trkpt lat="43.30021298490464687347412109375" lon="-109.67416011728346347808837890625">
        <ele>3892</ele>
        <time>2017-09-04T18:20:57.000Z</time>
        <extensions>
          <ns3:TrackPointExtension>
            <ns3:atemp>21.0</ns3:atemp>
            <ns3:cad>0</ns3:cad>
          </ns3:TrackPointExtension>
        </extensions>
      </trkpt>
      <trkpt lat="43.300234861671924591064453125" lon="-109.6741333790123462677001953125">
        <ele>3893</ele>
        <time>2017-09-04T18:21:08.000Z</time>
        <extensions>
          <ns3:TrackPointExtension>
            <ns3:atemp>21.0</ns3:atemp>
            <ns3:cad>0</ns3:cad>
          </ns3:TrackPointExtension>
        </extensions>
      </trkpt>
      <trkpt lat="43.30027584917843341827392578125" lon="-109.67411150224506855010986328125">
        <ele>3894</ele>
        <time>2017-09-04T18:21:17.000Z</time>
        <extensions>
          <ns3:TrackPointExtension>
            <ns3:atemp>21.0</ns3:atemp>
            <ns3:cad>0</ns3:cad>
          </ns3:TrackPointExtension>
        </extensions>
      </trkpt>
      <trkpt lat="43.30037861131131649017333984375" lon="-109.67412407509982585906982421875">
        <ele>3895.199951171875</ele>
        <time>2017-09-04T18:21:33.000Z</time>
        <extensions>
          <ns3:TrackPointExtension>
            <ns3:atemp>21.0</ns3:atemp>
            <ns3:cad>61</ns3:cad>
          </ns3:TrackPointExtension>
        </extensions>
      </trkpt>
      <trkpt lat="43.3004566468298435211181640625" lon="-109.67417201958596706390380859375">
        <ele>3894.800048828125</ele>
        <time>2017-09-04T18:22:11.000Z</time>
        <extensions>
          <ns3:TrackPointExtension>
            <ns3:atemp>21.0</ns3:atemp>
            <ns3:cad>61</ns3:cad>
          </ns3:TrackPointExtension>
        </extensions>
      </trkpt>
      <trkpt lat="43.30050836317241191864013671875" lon="-109.67422298155725002288818359375">
        <ele>3894.199951171875</ele>
        <time>2017-09-04T18:22:30.000Z</time>
        <extensions>
          <ns3:TrackPointExtension>
            <ns3:atemp>21.0</ns3:atemp>
            <ns3:cad>61</ns3:cad>
          </ns3:TrackPointExtension>
        </extensions>
      </trkpt>
      <trkpt lat="43.30063886940479278564453125" lon="-109.6742752008140087127685546875">
        <ele>3894.800048828125</ele>
        <time>2017-09-04T18:23:19.000Z</time>
        <extensions>
          <ns3:TrackPointExtension>
            <ns3:atemp>21.0</ns3:atemp>
            <ns3:cad>0</ns3:cad>
          </ns3:TrackPointExtension>
        </extensions>
      </trkpt>
      <trkpt lat="43.3006450720131397247314453125" lon="-109.674271680414676666259765625">
        <ele>3895.39990234375</ele>
        <time>2017-09-04T18:23:42.000Z</time>
        <extensions>
          <ns3:TrackPointExtension>
            <ns3:atemp>21.0</ns3:atemp>
            <ns3:cad>0</ns3:cad>
          </ns3:TrackPointExtension>
        </extensions>
      </trkpt>
      <trkpt lat="43.300676085054874420166015625" lon="-109.674290455877780914306640625">
        <ele>3894.199951171875</ele>
        <time>2017-09-04T18:24:18.000Z</time>
        <extensions>
          <ns3:TrackPointExtension>
            <ns3:atemp>21.0</ns3:atemp>
            <ns3:cad>61</ns3:cad>
          </ns3:TrackPointExtension>
        </extensions>
      </trkpt>
      <trkpt lat="43.3007020689547061920166015625" lon="-109.6743171103298664093017578125">
        <ele>3893.199951171875</ele>
        <time>2017-09-04T18:24:27.000Z</time>
        <extensions>
          <ns3:TrackPointExtension>
            <ns3:atemp>21.0</ns3:atemp>
            <ns3:cad>0</ns3:cad>
          </ns3:TrackPointExtension>
        </extensions>
      </trkpt>
      <trkpt lat="43.3007443137466907501220703125" lon="-109.67434703372418880462646484375">
        <ele>3892.800048828125</ele>
        <time>2017-09-04T18:24:32.000Z</time>
        <extensions>
          <ns3:TrackPointExtension>
            <ns3:atemp>21.0</ns3:atemp>
            <ns3:cad>0</ns3:cad>
          </ns3:TrackPointExtension>
        </extensions>
      </trkpt>
      <trkpt lat="43.300898373126983642578125" lon="-109.67432959936559200286865234375">
        <ele>3894.39990234375</ele>
        <time>2017-09-04T18:25:03.000Z</time>
        <extensions>
          <ns3:TrackPointExtension>
            <ns3:atemp>21.0</ns3:atemp>
            <ns3:cad>0</ns3:cad>
          </ns3:TrackPointExtension>
        </extensions>
      </trkpt>
      <trkpt lat="43.3009411208331584930419921875" lon="-109.67435474507510662078857421875">
        <ele>3895.39990234375</ele>
        <time>2017-09-04T18:25:11.000Z</time>
        <extensions>
          <ns3:TrackPointExtension>
            <ns3:atemp>21.0</ns3:atemp>
            <ns3:cad>0</ns3:cad>
          </ns3:TrackPointExtension>
        </extensions>
      </trkpt>
      <trkpt lat="43.30099987797439098358154296875" lon="-109.67433228157460689544677734375">
        <ele>3896.60009765625</ele>
        <time>2017-09-04T18:25:20.000Z</time>
        <extensions>
          <ns3:TrackPointExtension>
            <ns3:atemp>21.0</ns3:atemp>
            <ns3:cad>0</ns3:cad>
          </ns3:TrackPointExtension>
        </extensions>
      </trkpt>
      <trkpt lat="43.301028795540332794189453125" lon="-109.67428299598395824432373046875">
        <ele>3897.800048828125</ele>
        <time>2017-09-04T18:25:32.000Z</time>
        <extensions>
          <ns3:TrackPointExtension>
            <ns3:atemp>21.0</ns3:atemp>
            <ns3:cad>61</ns3:cad>
          </ns3:TrackPointExtension>
        </extensions>
      </trkpt>
      <trkpt lat="43.30103809945285320281982421875" lon="-109.6742966584861278533935546875">
        <ele>3898.800048828125</ele>
        <time>2017-09-04T18:25:36.000Z</time>
        <extensions>
          <ns3:TrackPointExtension>
            <ns3:atemp>21.0</ns3:atemp>
            <ns3:cad>0</ns3:cad>
          </ns3:TrackPointExtension>
        </extensions>
      </trkpt>
      <trkpt lat="43.30110557377338409423828125" lon="-109.674249552190303802490234375">
        <ele>3899.800048828125</ele>
        <time>2017-09-04T18:26:27.000Z</time>
        <extensions>
          <ns3:TrackPointExtension>
            <ns3:atemp>21.0</ns3:atemp>
            <ns3:cad>0</ns3:cad>
          </ns3:TrackPointExtension>
        </extensions>
      </trkpt>
      <trkpt lat="43.30110498704016208648681640625" lon="-109.674255587160587310791015625">
        <ele>3900.800048828125</ele>
        <time>2017-09-04T18:26:49.000Z</time>
        <extensions>
          <ns3:TrackPointExtension>
            <ns3:atemp>21.0</ns3:atemp>
            <ns3:cad>0</ns3:cad>
          </ns3:TrackPointExtension>
        </extensions>
      </trkpt>
      <trkpt lat="43.30117673613131046295166015625" lon="-109.674182832241058349609375">
        <ele>3901.800048828125</ele>
        <time>2017-09-04T18:27:23.000Z</time>
        <extensions>
          <ns3:TrackPointExtension>
            <ns3:atemp>21.0</ns3:atemp>
            <ns3:cad>0</ns3:cad>
          </ns3:TrackPointExtension>
        </extensions>
      </trkpt>
      <trkpt lat="43.30127731896936893463134765625" lon="-109.67415357939898967742919921875">
        <ele>3903</ele>
        <time>2017-09-04T18:27:42.000Z</time>
        <extensions>
          <ns3:TrackPointExtension>
            <ns3:atemp>21.0</ns3:atemp>
            <ns3:cad>0</ns3:cad>
          </ns3:TrackPointExtension>
        </extensions>
      </trkpt>
      <trkpt lat="43.301339931786060333251953125" lon="-109.67407596297562122344970703125">
        <ele>3901.800048828125</ele>
        <time>2017-09-04T18:28:13.000Z</time>
        <extensions>
          <ns3:TrackPointExtension>
            <ns3:atemp>21.0</ns3:atemp>
            <ns3:cad>0</ns3:cad>
          </ns3:TrackPointExtension>
        </extensions>
      </trkpt>
      <trkpt lat="43.3014520816504955291748046875" lon="-109.67410303652286529541015625">
        <ele>3903</ele>
        <time>2017-09-04T18:28:49.000Z</time>
        <extensions>
          <ns3:TrackPointExtension>
            <ns3:atemp>21.0</ns3:atemp>
            <ns3:cad>0</ns3:cad>
          </ns3:TrackPointExtension>
        </extensions>
      </trkpt>
      <trkpt lat="43.30157604999840259552001953125" lon="-109.67415274120867252349853515625">
        <ele>3904</ele>
        <time>2017-09-04T18:29:33.000Z</time>
        <extensions>
          <ns3:TrackPointExtension>
            <ns3:atemp>21.0</ns3:atemp>
            <ns3:cad>61</ns3:cad>
          </ns3:TrackPointExtension>
        </extensions>
      </trkpt>
      <trkpt lat="43.3016213960945606231689453125" lon="-109.674150645732879638671875">
        <ele>3905</ele>
        <time>2017-09-04T18:29:50.000Z</time>
        <extensions>
          <ns3:TrackPointExtension>
            <ns3:atemp>21.0</ns3:atemp>
            <ns3:cad>0</ns3:cad>
          </ns3:TrackPointExtension>
        </extensions>
      </trkpt>
      <trkpt lat="43.3016327954828739166259765625" lon="-109.6740983426570892333984375">
        <ele>3905.199951171875</ele>
        <time>2017-09-04T18:31:37.000Z</time>
        <extensions>
          <ns3:TrackPointExtension>
            <ns3:atemp>21.0</ns3:atemp>
            <ns3:cad>0</ns3:cad>
          </ns3:TrackPointExtension>
        </extensions>
      </trkpt>
      <trkpt lat="43.30173949711024761199951171875" lon="-109.67415140010416507720947265625">
        <ele>3904.60009765625</ele>
        <time>2017-09-04T18:32:34.000Z</time>
        <extensions>
          <ns3:TrackPointExtension>
            <ns3:atemp>21.0</ns3:atemp>
            <ns3:cad>0</ns3:cad>
          </ns3:TrackPointExtension>
        </extensions>
      </trkpt>
      <trkpt lat="43.30179221928119659423828125" lon="-109.6741052158176898956298828125">
        <ele>3904</ele>
        <time>2017-09-04T18:32:44.000Z</time>
        <extensions>
          <ns3:TrackPointExtension>
            <ns3:atemp>21.0</ns3:atemp>
            <ns3:cad>0</ns3:cad>
          </ns3:TrackPointExtension>
        </extensions>
      </trkpt>
      <trkpt lat="43.30189322121441364288330078125" lon="-109.6741689182817935943603515625">
        <ele>3902.800048828125</ele>
        <time>2017-09-04T18:33:07.000Z</time>
        <extensions>
          <ns3:TrackPointExtension>
            <ns3:atemp>21.0</ns3:atemp>
            <ns3:cad>0</ns3:cad>
          </ns3:TrackPointExtension>
        </extensions>
      </trkpt>
      <trkpt lat="43.30194552429020404815673828125" lon="-109.67412960715591907501220703125">
        <ele>3902.800048828125</ele>
        <time>2017-09-04T18:33:13.000Z</time>
        <extensions>
          <ns3:TrackPointExtension>
            <ns3:atemp>21.0</ns3:atemp>
            <ns3:cad>0</ns3:cad>
          </ns3:TrackPointExtension>
        </extensions>
      </trkpt>
      <trkpt lat="43.30196312628686428070068359375" lon="-109.67410747893154621124267578125">
        <ele>3904.199951171875</ele>
        <time>2017-09-04T18:33:21.000Z</time>
        <extensions>
          <ns3:TrackPointExtension>
            <ns3:atemp>21.0</ns3:atemp>
            <ns3:cad>0</ns3:cad>
          </ns3:TrackPointExtension>
        </extensions>
      </trkpt>
      <trkpt lat="43.301979638636112213134765625" lon="-109.67410169541835784912109375">
        <ele>3905.199951171875</ele>
        <time>2017-09-04T18:33:27.000Z</time>
        <extensions>
          <ns3:TrackPointExtension>
            <ns3:atemp>21.0</ns3:atemp>
            <ns3:cad>0</ns3:cad>
          </ns3:TrackPointExtension>
        </extensions>
      </trkpt>
      <trkpt lat="43.30201861448585987091064453125" lon="-109.67408400960266590118408203125">
        <ele>3906.199951171875</ele>
        <time>2017-09-04T18:33:37.000Z</time>
        <extensions>
          <ns3:TrackPointExtension>
            <ns3:atemp>21.0</ns3:atemp>
            <ns3:cad>0</ns3:cad>
          </ns3:TrackPointExtension>
        </extensions>
      </trkpt>
      <trkpt lat="43.30211366526782512664794921875" lon="-109.6740301139652729034423828125">
        <ele>3907.199951171875</ele>
        <time>2017-09-04T18:33:59.000Z</time>
        <extensions>
          <ns3:TrackPointExtension>
            <ns3:atemp>21.0</ns3:atemp>
            <ns3:cad>61</ns3:cad>
          </ns3:TrackPointExtension>
        </extensions>
      </trkpt>
      <trkpt lat="43.3021668903529644012451171875" lon="-109.67403455637395381927490234375">
        <ele>3908.199951171875</ele>
        <time>2017-09-04T18:34:11.000Z</time>
        <extensions>
          <ns3:TrackPointExtension>
            <ns3:atemp>21.0</ns3:atemp>
            <ns3:cad>61</ns3:cad>
          </ns3:TrackPointExtension>
        </extensions>
      </trkpt>
      <trkpt lat="43.30221206881105899810791015625" lon="-109.67401477508246898651123046875">
        <ele>3908.60009765625</ele>
        <time>2017-09-04T18:34:19.000Z</time>
        <extensions>
          <ns3:TrackPointExtension>
            <ns3:atemp>21.0</ns3:atemp>
            <ns3:cad>0</ns3:cad>
          </ns3:TrackPointExtension>
        </extensions>
      </trkpt>
      <trkpt lat="43.302348442375659942626953125" lon="-109.67398376204073429107666015625">
        <ele>3908</ele>
        <time>2017-09-04T18:35:28.000Z</time>
        <extensions>
          <ns3:TrackPointExtension>
            <ns3:atemp>21.0</ns3:atemp>
            <ns3:cad>0</ns3:cad>
          </ns3:TrackPointExtension>
        </extensions>
      </trkpt>
      <trkpt lat="43.30236931331455707550048828125" lon="-109.67396146617829799652099609375">
        <ele>3909.39990234375</ele>
        <time>2017-09-04T18:35:34.000Z</time>
        <extensions>
          <ns3:TrackPointExtension>
            <ns3:atemp>21.0</ns3:atemp>
            <ns3:cad>78</ns3:cad>
          </ns3:TrackPointExtension>
        </extensions>
      </trkpt>
      <trkpt lat="43.3024210296571254730224609375" lon="-109.67394755221903324127197265625">
        <ele>3910.60009765625</ele>
        <time>2017-09-04T18:35:46.000Z</time>
        <extensions>
          <ns3:TrackPointExtension>
            <ns3:atemp>21.0</ns3:atemp>
            <ns3:cad>0</ns3:cad>
          </ns3:TrackPointExtension>
        </extensions>
      </trkpt>
      <trkpt lat="43.30243335105478763580322265625" lon="-109.67394000850617885589599609375">
        <ele>3911.60009765625</ele>
        <time>2017-09-04T18:35:51.000Z</time>
        <extensions>
          <ns3:TrackPointExtension>
            <ns3:atemp>21.0</ns3:atemp>
            <ns3:cad>0</ns3:cad>
          </ns3:TrackPointExtension>
        </extensions>
      </trkpt>
      <trkpt lat="43.30253058113157749176025390625" lon="-109.67391804791986942291259765625">
        <ele>3912.60009765625</ele>
        <time>2017-09-04T18:36:25.000Z</time>
        <extensions>
          <ns3:TrackPointExtension>
            <ns3:atemp>21.0</ns3:atemp>
            <ns3:cad>61</ns3:cad>
          </ns3:TrackPointExtension>
        </extensions>
      </trkpt>
      <trkpt lat="43.30255958251655101776123046875" lon="-109.67388980090618133544921875">
        <ele>3913.60009765625</ele>
        <time>2017-09-04T18:36:33.000Z</time>
        <extensions>
          <ns3:TrackPointExtension>
            <ns3:atemp>21.0</ns3:atemp>
            <ns3:cad>0</ns3:cad>
          </ns3:TrackPointExtension>
        </extensions>
      </trkpt>
      <trkpt lat="43.3027080260217189788818359375" lon="-109.67390765435993671417236328125">
        <ele>3914.39990234375</ele>
        <time>2017-09-04T18:37:25.000Z</time>
        <extensions>
          <ns3:TrackPointExtension>
            <ns3:atemp>22.0</ns3:atemp>
            <ns3:cad>0</ns3:cad>
          </ns3:TrackPointExtension>
        </extensions>
      </trkpt>
      <trkpt lat="43.30276091583073139190673828125" lon="-109.67384998686611652374267578125">
        <ele>3914.39990234375</ele>
        <time>2017-09-04T18:37:52.000Z</time>
        <extensions>
          <ns3:TrackPointExtension>
            <ns3:atemp>22.0</ns3:atemp>
            <ns3:cad>61</ns3:cad>
          </ns3:TrackPointExtension>
        </extensions>
      </trkpt>
      <trkpt lat="43.302776254713535308837890625" lon="-109.6738487295806407928466796875">
        <ele>3914.39990234375</ele>
        <time>2017-09-04T18:37:54.000Z</time>
        <extensions>
          <ns3:TrackPointExtension>
            <ns3:atemp>22.0</ns3:atemp>
            <ns3:cad>61</ns3:cad>
          </ns3:TrackPointExtension>
        </extensions>
      </trkpt>
      <trkpt lat="43.302831910550594329833984375" lon="-109.67381277121603488922119140625">
        <ele>3914.800048828125</ele>
        <time>2017-09-04T18:38:06.000Z</time>
        <extensions>
          <ns3:TrackPointExtension>
            <ns3:atemp>22.0</ns3:atemp>
            <ns3:cad>0</ns3:cad>
          </ns3:TrackPointExtension>
        </extensions>
      </trkpt>
      <trkpt lat="43.302862755954265594482421875" lon="-109.673838503658771514892578125">
        <ele>3916</ele>
        <time>2017-09-04T18:38:14.000Z</time>
        <extensions>
          <ns3:TrackPointExtension>
            <ns3:atemp>22.0</ns3:atemp>
            <ns3:cad>61</ns3:cad>
          </ns3:TrackPointExtension>
        </extensions>
      </trkpt>
      <trkpt lat="43.302949927747249603271484375" lon="-109.67382182367146015167236328125">
        <ele>3917</ele>
        <time>2017-09-04T18:38:42.000Z</time>
        <extensions>
          <ns3:TrackPointExtension>
            <ns3:atemp>22.0</ns3:atemp>
            <ns3:cad>0</ns3:cad>
          </ns3:TrackPointExtension>
        </extensions>
      </trkpt>
      <trkpt lat="43.30298672430217266082763671875" lon="-109.673855267465114593505859375">
        <ele>3918</ele>
        <time>2017-09-04T18:38:58.000Z</time>
        <extensions>
          <ns3:TrackPointExtension>
            <ns3:atemp>22.0</ns3:atemp>
            <ns3:cad>61</ns3:cad>
          </ns3:TrackPointExtension>
        </extensions>
      </trkpt>
      <trkpt lat="43.3030074276030063629150390625" lon="-109.6738435328006744384765625">
        <ele>3919</ele>
        <time>2017-09-04T18:39:04.000Z</time>
        <extensions>
          <ns3:TrackPointExtension>
            <ns3:atemp>22.0</ns3:atemp>
            <ns3:cad>0</ns3:cad>
          </ns3:TrackPointExtension>
        </extensions>
      </trkpt>
      <trkpt lat="43.303065262734889984130859375" lon="-109.67388150282204151153564453125">
        <ele>3920.199951171875</ele>
        <time>2017-09-04T18:39:23.000Z</time>
        <extensions>
          <ns3:TrackPointExtension>
            <ns3:atemp>22.0</ns3:atemp>
            <ns3:cad>0</ns3:cad>
          </ns3:TrackPointExtension>
        </extensions>
      </trkpt>
      <trkpt lat="43.3031579665839672088623046875" lon="-109.67390631325542926788330078125">
        <ele>3919</ele>
        <time>2017-09-04T18:39:58.000Z</time>
        <extensions>
          <ns3:TrackPointExtension>
            <ns3:atemp>22.0</ns3:atemp>
            <ns3:cad>0</ns3:cad>
          </ns3:TrackPointExtension>
        </extensions>
      </trkpt>
      <trkpt lat="43.3031956851482391357421875" lon="-109.6739298664033412933349609375">
        <ele>3918.199951171875</ele>
        <time>2017-09-04T18:40:08.000Z</time>
        <extensions>
          <ns3:TrackPointExtension>
            <ns3:atemp>22.0</ns3:atemp>
            <ns3:cad>61</ns3:cad>
          </ns3:TrackPointExtension>
        </extensions>
      </trkpt>
      <trkpt lat="43.303212784230709075927734375" lon="-109.6739258430898189544677734375">
        <ele>3918</ele>
        <time>2017-09-04T18:40:19.000Z</time>
        <extensions>
          <ns3:TrackPointExtension>
            <ns3:atemp>22.0</ns3:atemp>
            <ns3:cad>0</ns3:cad>
          </ns3:TrackPointExtension>
        </extensions>
      </trkpt>
      <trkpt lat="43.3032374270260334014892578125" lon="-109.67400505207479000091552734375">
        <ele>3917</ele>
        <time>2017-09-04T18:40:49.000Z</time>
        <extensions>
          <ns3:TrackPointExtension>
            <ns3:atemp>22.0</ns3:atemp>
            <ns3:cad>0</ns3:cad>
          </ns3:TrackPointExtension>
        </extensions>
      </trkpt>
      <trkpt lat="43.30332535319030284881591796875" lon="-109.674027264118194580078125">
        <ele>3916</ele>
        <time>2017-09-04T18:41:14.000Z</time>
        <extensions>
          <ns3:TrackPointExtension>
            <ns3:atemp>22.0</ns3:atemp>
            <ns3:cad>0</ns3:cad>
          </ns3:TrackPointExtension>
        </extensions>
      </trkpt>
      <trkpt lat="43.3034050650894641876220703125" lon="-109.6740512363612651824951171875">
        <ele>3917</ele>
        <time>2017-09-04T18:41:32.000Z</time>
        <extensions>
          <ns3:TrackPointExtension>
            <ns3:atemp>22.0</ns3:atemp>
            <ns3:cad>0</ns3:cad>
          </ns3:TrackPointExtension>
        </extensions>
      </trkpt>
      <trkpt lat="43.30343641340732574462890625" lon="-109.6740314550697803497314453125">
        <ele>3918</ele>
        <time>2017-09-04T18:41:45.000Z</time>
        <extensions>
          <ns3:TrackPointExtension>
            <ns3:atemp>22.0</ns3:atemp>
            <ns3:cad>0</ns3:cad>
          </ns3:TrackPointExtension>
        </extensions>
      </trkpt>
      <trkpt lat="43.30343716777861118316650390625" lon="-109.674038328230381011962890625">
        <ele>3918</ele>
        <time>2017-09-04T18:41:47.000Z</time>
        <extensions>
          <ns3:TrackPointExtension>
            <ns3:atemp>22.0</ns3:atemp>
            <ns3:cad>0</ns3:cad>
          </ns3:TrackPointExtension>
        </extensions>
      </trkpt>
      <trkpt lat="43.30350774340331554412841796875" lon="-109.67408786527812480926513671875">
        <ele>3917</ele>
        <time>2017-09-04T18:42:19.000Z</time>
        <extensions>
          <ns3:TrackPointExtension>
            <ns3:atemp>22.0</ns3:atemp>
            <ns3:cad>0</ns3:cad>
          </ns3:TrackPointExtension>
        </extensions>
      </trkpt>
      <trkpt lat="43.303467929363250732421875" lon="-109.6741224825382232666015625">
        <ele>3918</ele>
        <time>2017-09-04T18:42:48.000Z</time>
        <extensions>
          <ns3:TrackPointExtension>
            <ns3:atemp>23.0</ns3:atemp>
            <ns3:cad>0</ns3:cad>
          </ns3:TrackPointExtension>
        </extensions>
      </trkpt>
      <trkpt lat="43.3034748025238513946533203125" lon="-109.67412575148046016693115234375">
        <ele>3917</ele>
        <time>2017-09-04T18:42:54.000Z</time>
        <extensions>
          <ns3:TrackPointExtension>
            <ns3:atemp>23.0</ns3:atemp>
            <ns3:cad>0</ns3:cad>
          </ns3:TrackPointExtension>
        </extensions>
      </trkpt>
      <trkpt lat="43.30352165736258029937744140625" lon="-109.67415156774222850799560546875">
        <ele>3916</ele>
        <time>2017-09-04T18:43:10.000Z</time>
        <extensions>
          <ns3:TrackPointExtension>
            <ns3:atemp>23.0</ns3:atemp>
            <ns3:cad>0</ns3:cad>
          </ns3:TrackPointExtension>
        </extensions>
      </trkpt>
      <trkpt lat="43.30350589938461780548095703125" lon="-109.6741493046283721923828125">
        <ele>3914.800048828125</ele>
        <time>2017-09-04T18:43:23.000Z</time>
        <extensions>
          <ns3:TrackPointExtension>
            <ns3:atemp>23.0</ns3:atemp>
            <ns3:cad>0</ns3:cad>
          </ns3:TrackPointExtension>
        </extensions>
      </trkpt>
      <trkpt lat="43.30353171564638614654541015625" lon="-109.6742101572453975677490234375">
        <ele>3913.800048828125</ele>
        <time>2017-09-04T18:43:45.000Z</time>
        <extensions>
          <ns3:TrackPointExtension>
            <ns3:atemp>23.0</ns3:atemp>
            <ns3:cad>61</ns3:cad>
          </ns3:TrackPointExtension>
        </extensions>
      </trkpt>
      <trkpt lat="43.30354261212050914764404296875" lon="-109.67421300709247589111328125">
        <ele>3912.800048828125</ele>
        <time>2017-09-04T18:43:54.000Z</time>
        <extensions>
          <ns3:TrackPointExtension>
            <ns3:atemp>23.0</ns3:atemp>
            <ns3:cad>61</ns3:cad>
          </ns3:TrackPointExtension>
        </extensions>
      </trkpt>
      <trkpt lat="43.30353674478828907012939453125" lon="-109.674223400652408599853515625">
        <ele>3911.60009765625</ele>
        <time>2017-09-04T18:43:58.000Z</time>
        <extensions>
          <ns3:TrackPointExtension>
            <ns3:atemp>23.0</ns3:atemp>
            <ns3:cad>0</ns3:cad>
          </ns3:TrackPointExtension>
        </extensions>
      </trkpt>
      <trkpt lat="43.30355283804237842559814453125" lon="-109.6742718480527400970458984375">
        <ele>3910.60009765625</ele>
        <time>2017-09-04T18:44:18.000Z</time>
        <extensions>
          <ns3:TrackPointExtension>
            <ns3:atemp>23.0</ns3:atemp>
            <ns3:cad>0</ns3:cad>
          </ns3:TrackPointExtension>
        </extensions>
      </trkpt>
      <trkpt lat="43.303582929074764251708984375" lon="-109.67429121024906635284423828125">
        <ele>3911.60009765625</ele>
        <time>2017-09-04T18:44:45.000Z</time>
        <extensions>
          <ns3:TrackPointExtension>
            <ns3:atemp>24.0</ns3:atemp>
            <ns3:cad>0</ns3:cad>
          </ns3:TrackPointExtension>
        </extensions>
      </trkpt>
      <trkpt lat="43.30359541811048984527587890625" lon="-109.6742577664554119110107421875">
        <ele>3912.60009765625</ele>
        <time>2017-09-04T18:44:55.000Z</time>
        <extensions>
          <ns3:TrackPointExtension>
            <ns3:atemp>24.0</ns3:atemp>
            <ns3:cad>0</ns3:cad>
          </ns3:TrackPointExtension>
        </extensions>
      </trkpt>
      <trkpt lat="43.303611092269420623779296875" lon="-109.6742426790297031402587890625">
        <ele>3912.800048828125</ele>
        <time>2017-09-04T18:44:58.000Z</time>
        <extensions>
          <ns3:TrackPointExtension>
            <ns3:atemp>24.0</ns3:atemp>
            <ns3:cad>61</ns3:cad>
          </ns3:TrackPointExtension>
        </extensions>
      </trkpt>
      <trkpt lat="43.3036206476390361785888671875" lon="-109.674240835011005401611328125">
        <ele>3913.800048828125</ele>
        <time>2017-09-04T18:45:07.000Z</time>
        <extensions>
          <ns3:TrackPointExtension>
            <ns3:atemp>24.0</ns3:atemp>
            <ns3:cad>0</ns3:cad>
          </ns3:TrackPointExtension>
        </extensions>
      </trkpt>
      <trkpt lat="43.3036424405872821807861328125" lon="-109.67426874674856662750244140625">
        <ele>3914.800048828125</ele>
        <time>2017-09-04T18:45:20.000Z</time>
        <extensions>
          <ns3:TrackPointExtension>
            <ns3:atemp>24.0</ns3:atemp>
            <ns3:cad>0</ns3:cad>
          </ns3:TrackPointExtension>
        </extensions>
      </trkpt>
      <trkpt lat="43.30368108116090297698974609375" lon="-109.67426556162536144256591796875">
        <ele>3915.800048828125</ele>
        <time>2017-09-04T18:45:35.000Z</time>
        <extensions>
          <ns3:TrackPointExtension>
            <ns3:atemp>24.0</ns3:atemp>
            <ns3:cad>0</ns3:cad>
          </ns3:TrackPointExtension>
        </extensions>
      </trkpt>
      <trkpt lat="43.30374528653919696807861328125" lon="-109.67425868846476078033447265625">
        <ele>3917</ele>
        <time>2017-09-04T18:46:27.000Z</time>
        <extensions>
          <ns3:TrackPointExtension>
            <ns3:atemp>24.0</ns3:atemp>
            <ns3:cad>74</ns3:cad>
          </ns3:TrackPointExtension>
        </extensions>
      </trkpt>
      <trkpt lat="43.3037455379962921142578125" lon="-109.6742319501936435699462890625">
        <ele>3917.39990234375</ele>
        <time>2017-09-04T18:46:29.000Z</time>
        <extensions>
          <ns3:TrackPointExtension>
            <ns3:atemp>24.0</ns3:atemp>
            <ns3:cad>74</ns3:cad>
          </ns3:TrackPointExtension>
        </extensions>
      </trkpt>
      <trkpt lat="43.303749896585941314697265625" lon="-109.67421300709247589111328125">
        <ele>3918</ele>
        <time>2017-09-04T18:46:31.000Z</time>
        <extensions>
          <ns3:TrackPointExtension>
            <ns3:atemp>24.0</ns3:atemp>
            <ns3:cad>74</ns3:cad>
          </ns3:TrackPointExtension>
        </extensions>
      </trkpt>
      <trkpt lat="43.303755261003971099853515625" lon="-109.67420856468379497528076171875">
        <ele>3918.199951171875</ele>
        <time>2017-09-04T18:46:32.000Z</time>
        <extensions>
          <ns3:TrackPointExtension>
            <ns3:atemp>24.0</ns3:atemp>
            <ns3:cad>74</ns3:cad>
          </ns3:TrackPointExtension>
        </extensions>
      </trkpt>
      <trkpt lat="43.30380999483168125152587890625" lon="-109.6742342971265316009521484375">
        <ele>3918.800048828125</ele>
        <time>2017-09-04T18:46:45.000Z</time>
        <extensions>
          <ns3:TrackPointExtension>
            <ns3:atemp>24.0</ns3:atemp>
            <ns3:cad>0</ns3:cad>
          </ns3:TrackPointExtension>
        </extensions>
      </trkpt>
      <trkpt lat="43.30381317995488643646240234375" lon="-109.67424142174422740936279296875">
        <ele>3919.199951171875</ele>
        <time>2017-09-04T18:46:47.000Z</time>
        <extensions>
          <ns3:TrackPointExtension>
            <ns3:atemp>24.0</ns3:atemp>
            <ns3:cad>0</ns3:cad>
          </ns3:TrackPointExtension>
        </extensions>
      </trkpt>
      <trkpt lat="43.3038798160851001739501953125" lon="-109.67423924244940280914306640625">
        <ele>3920.199951171875</ele>
        <time>2017-09-04T18:47:10.000Z</time>
        <extensions>
          <ns3:TrackPointExtension>
            <ns3:atemp>24.0</ns3:atemp>
            <ns3:cad>61</ns3:cad>
          </ns3:TrackPointExtension>
        </extensions>
      </trkpt>
      <trkpt lat="43.30396221019327640533447265625" lon="-109.6742396615445613861083984375">
        <ele>3921</ele>
        <time>2017-09-04T18:47:22.000Z</time>
        <extensions>
          <ns3:TrackPointExtension>
            <ns3:atemp>24.0</ns3:atemp>
            <ns3:cad>61</ns3:cad>
          </ns3:TrackPointExtension>
        </extensions>
      </trkpt>
      <trkpt lat="43.30401602201163768768310546875" lon="-109.6742969937622547149658203125">
        <ele>3919.199951171875</ele>
        <time>2017-09-04T18:47:45.000Z</time>
        <extensions>
          <ns3:TrackPointExtension>
            <ns3:atemp>24.0</ns3:atemp>
            <ns3:cad>0</ns3:cad>
          </ns3:TrackPointExtension>
        </extensions>
      </trkpt>
      <trkpt lat="43.3040177822113037109375" lon="-109.6743278391659259796142578125">
        <ele>3918</ele>
        <time>2017-09-04T18:47:54.000Z</time>
        <extensions>
          <ns3:TrackPointExtension>
            <ns3:atemp>24.0</ns3:atemp>
            <ns3:cad>61</ns3:cad>
          </ns3:TrackPointExtension>
        </extensions>
      </trkpt>
      <trkpt lat="43.30406731925904750823974609375" lon="-109.674304537475109100341796875">
        <ele>3919.199951171875</ele>
        <time>2017-09-04T18:48:22.000Z</time>
        <extensions>
          <ns3:TrackPointExtension>
            <ns3:atemp>24.0</ns3:atemp>
            <ns3:cad>0</ns3:cad>
          </ns3:TrackPointExtension>
        </extensions>
      </trkpt>
      <trkpt lat="43.30413303337991237640380859375" lon="-109.6743285097181797027587890625">
        <ele>3918</ele>
        <time>2017-09-04T18:49:00.000Z</time>
        <extensions>
          <ns3:TrackPointExtension>
            <ns3:atemp>24.0</ns3:atemp>
            <ns3:cad>61</ns3:cad>
          </ns3:TrackPointExtension>
        </extensions>
      </trkpt>
      <trkpt lat="43.3041705004870891571044921875" lon="-109.67434753663837909698486328125">
        <ele>3917</ele>
        <time>2017-09-04T18:49:07.000Z</time>
        <extensions>
          <ns3:TrackPointExtension>
            <ns3:atemp>24.0</ns3:atemp>
            <ns3:cad>0</ns3:cad>
          </ns3:TrackPointExtension>
        </extensions>
      </trkpt>
      <trkpt lat="43.30432967282831668853759765625" lon="-109.67437502928078174591064453125">
        <ele>3917</ele>
        <time>2017-09-04T18:50:00.000Z</time>
        <extensions>
          <ns3:TrackPointExtension>
            <ns3:atemp>24.0</ns3:atemp>
            <ns3:cad>61</ns3:cad>
          </ns3:TrackPointExtension>
        </extensions>
      </trkpt>
      <trkpt lat="43.30445305444300174713134765625" lon="-109.674352146685123443603515625">
        <ele>3921.199951171875</ele>
        <time>2017-09-04T18:51:03.000Z</time>
        <extensions>
          <ns3:TrackPointExtension>
            <ns3:atemp>24.0</ns3:atemp>
            <ns3:cad>0</ns3:cad>
          </ns3:TrackPointExtension>
        </extensions>
      </trkpt>
      <trkpt lat="43.30450200475752353668212890625" lon="-109.67435692436993122100830078125">
        <ele>3920.199951171875</ele>
        <time>2017-09-04T18:51:16.000Z</time>
        <extensions>
          <ns3:TrackPointExtension>
            <ns3:atemp>24.0</ns3:atemp>
            <ns3:cad>61</ns3:cad>
          </ns3:TrackPointExtension>
        </extensions>
      </trkpt>
      <trkpt lat="43.3045528829097747802734375" lon="-109.67436128295958042144775390625">
        <ele>3921.39990234375</ele>
        <time>2017-09-04T18:51:29.000Z</time>
        <extensions>
          <ns3:TrackPointExtension>
            <ns3:atemp>24.0</ns3:atemp>
            <ns3:cad>0</ns3:cad>
          </ns3:TrackPointExtension>
        </extensions>
      </trkpt>
      <trkpt lat="43.30457459203898906707763671875" lon="-109.67435860075056552886962890625">
        <ele>3922.39990234375</ele>
        <time>2017-09-04T18:51:33.000Z</time>
        <extensions>
          <ns3:TrackPointExtension>
            <ns3:atemp>24.0</ns3:atemp>
            <ns3:cad>61</ns3:cad>
          </ns3:TrackPointExtension>
        </extensions>
      </trkpt>
      <trkpt lat="43.30458649434149265289306640625" lon="-109.6743549965322017669677734375">
        <ele>3921.39990234375</ele>
        <time>2017-09-04T18:51:38.000Z</time>
        <extensions>
          <ns3:TrackPointExtension>
            <ns3:atemp>24.0</ns3:atemp>
            <ns3:cad>0</ns3:cad>
          </ns3:TrackPointExtension>
        </extensions>
      </trkpt>
      <trkpt lat="43.304653130471706390380859375" lon="-109.6743710897862911224365234375">
        <ele>3922.39990234375</ele>
        <time>2017-09-04T18:51:59.000Z</time>
        <extensions>
          <ns3:TrackPointExtension>
            <ns3:atemp>24.0</ns3:atemp>
            <ns3:cad>61</ns3:cad>
          </ns3:TrackPointExtension>
        </extensions>
      </trkpt>
      <trkpt lat="43.30465422011911869049072265625" lon="-109.6743714250624179840087890625">
        <ele>3923.39990234375</ele>
        <time>2017-09-04T18:52:02.000Z</time>
        <extensions>
          <ns3:TrackPointExtension>
            <ns3:atemp>24.0</ns3:atemp>
            <ns3:cad>0</ns3:cad>
          </ns3:TrackPointExtension>
        </extensions>
      </trkpt>
      <trkpt lat="43.30468238331377506256103515625" lon="-109.67434803955256938934326171875">
        <ele>3922.39990234375</ele>
        <time>2017-09-04T18:52:19.000Z</time>
        <extensions>
          <ns3:TrackPointExtension>
            <ns3:atemp>24.0</ns3:atemp>
            <ns3:cad>61</ns3:cad>
          </ns3:TrackPointExtension>
        </extensions>
      </trkpt>
      <trkpt lat="43.3047921024262905120849609375" lon="-109.67428299598395824432373046875">
        <ele>3923.39990234375</ele>
        <time>2017-09-04T18:52:36.000Z</time>
        <extensions>
          <ns3:TrackPointExtension>
            <ns3:atemp>24.0</ns3:atemp>
            <ns3:cad>61</ns3:cad>
          </ns3:TrackPointExtension>
        </extensions>
      </trkpt>
      <trkpt lat="43.304824791848659515380859375" lon="-109.6742094866931438446044921875">
        <ele>3924.60009765625</ele>
        <time>2017-09-04T18:52:47.000Z</time>
        <extensions>
          <ns3:TrackPointExtension>
            <ns3:atemp>24.0</ns3:atemp>
            <ns3:cad>61</ns3:cad>
          </ns3:TrackPointExtension>
        </extensions>
      </trkpt>
      <trkpt lat="43.30481749959290027618408203125" lon="-109.67412759549915790557861328125">
        <ele>3925.60009765625</ele>
        <time>2017-09-04T18:52:57.000Z</time>
        <extensions>
          <ns3:TrackPointExtension>
            <ns3:atemp>24.0</ns3:atemp>
            <ns3:cad>61</ns3:cad>
          </ns3:TrackPointExtension>
        </extensions>
      </trkpt>
      <trkpt lat="43.30489578656852245330810546875" lon="-109.67404025606811046600341796875">
        <ele>3926.199951171875</ele>
        <time>2017-09-04T18:54:10.000Z</time>
        <extensions>
          <ns3:TrackPointExtension>
            <ns3:atemp>24.0</ns3:atemp>
            <ns3:cad>0</ns3:cad>
          </ns3:TrackPointExtension>
        </extensions>
      </trkpt>
      <trkpt lat="43.30501087009906768798828125" lon="-109.67399499379098415374755859375">
        <ele>3925.39990234375</ele>
        <time>2017-09-04T18:54:29.000Z</time>
        <extensions>
          <ns3:TrackPointExtension>
            <ns3:atemp>24.0</ns3:atemp>
            <ns3:cad>0</ns3:cad>
          </ns3:TrackPointExtension>
        </extensions>
      </trkpt>
      <trkpt lat="43.30504062585532665252685546875" lon="-109.67399599961936473846435546875">
        <ele>3925.800048828125</ele>
        <time>2017-09-04T18:54:33.000Z</time>
        <extensions>
          <ns3:TrackPointExtension>
            <ns3:atemp>24.0</ns3:atemp>
            <ns3:cad>61</ns3:cad>
          </ns3:TrackPointExtension>
        </extensions>
      </trkpt>
      <trkpt lat="43.3050785958766937255859375" lon="-109.67395953834056854248046875">
        <ele>3926</ele>
        <time>2017-09-04T18:54:37.000Z</time>
        <extensions>
          <ns3:TrackPointExtension>
            <ns3:atemp>24.0</ns3:atemp>
            <ns3:cad>61</ns3:cad>
          </ns3:TrackPointExtension>
        </extensions>
      </trkpt>
      <trkpt lat="43.30509460531175136566162109375" lon="-109.6739291958510875701904296875">
        <ele>3925.800048828125</ele>
        <time>2017-09-04T18:54:40.000Z</time>
        <extensions>
          <ns3:TrackPointExtension>
            <ns3:atemp>24.0</ns3:atemp>
            <ns3:cad>0</ns3:cad>
          </ns3:TrackPointExtension>
        </extensions>
      </trkpt>
      <trkpt lat="43.30511706881225109100341796875" lon="-109.67389382421970367431640625">
        <ele>3925.800048828125</ele>
        <time>2017-09-04T18:54:44.000Z</time>
        <extensions>
          <ns3:TrackPointExtension>
            <ns3:atemp>24.0</ns3:atemp>
            <ns3:cad>61</ns3:cad>
          </ns3:TrackPointExtension>
        </extensions>
      </trkpt>
      <trkpt lat="43.3051384426653385162353515625" lon="-109.67387379147112369537353515625">
        <ele>3925.800048828125</ele>
        <time>2017-09-04T18:54:47.000Z</time>
        <extensions>
          <ns3:TrackPointExtension>
            <ns3:atemp>24.0</ns3:atemp>
            <ns3:cad>61</ns3:cad>
          </ns3:TrackPointExtension>
        </extensions>
      </trkpt>
      <trkpt lat="43.30516937188804149627685546875" lon="-109.67384361661970615386962890625">
        <ele>3926.39990234375</ele>
        <time>2017-09-04T18:54:52.000Z</time>
        <extensions>
          <ns3:TrackPointExtension>
            <ns3:atemp>24.0</ns3:atemp>
            <ns3:cad>61</ns3:cad>
          </ns3:TrackPointExtension>
        </extensions>
      </trkpt>
      <trkpt lat="43.30517716705799102783203125" lon="-109.67383121140301227569580078125">
        <ele>3926.800048828125</ele>
        <time>2017-09-04T18:54:54.000Z</time>
        <extensions>
          <ns3:TrackPointExtension>
            <ns3:atemp>24.0</ns3:atemp>
            <ns3:cad>61</ns3:cad>
          </ns3:TrackPointExtension>
        </extensions>
      </trkpt>
      <trkpt lat="43.305200636386871337890625" lon="-109.673813022673130035400390625">
        <ele>3927</ele>
        <time>2017-09-04T18:54:58.000Z</time>
        <extensions>
          <ns3:TrackPointExtension>
            <ns3:atemp>24.0</ns3:atemp>
            <ns3:cad>0</ns3:cad>
          </ns3:TrackPointExtension>
        </extensions>
      </trkpt>
      <trkpt lat="43.30520859919488430023193359375" lon="-109.67379500158131122589111328125">
        <ele>3927.199951171875</ele>
        <time>2017-09-04T18:55:00.000Z</time>
        <extensions>
          <ns3:TrackPointExtension>
            <ns3:atemp>24.0</ns3:atemp>
            <ns3:cad>0</ns3:cad>
          </ns3:TrackPointExtension>
        </extensions>
      </trkpt>
      <trkpt lat="43.3052098564803600311279296875" lon="-109.6737853623926639556884765625">
        <ele>3927.199951171875</ele>
        <time>2017-09-04T18:55:01.000Z</time>
        <extensions>
          <ns3:TrackPointExtension>
            <ns3:atemp>24.0</ns3:atemp>
            <ns3:cad>0</ns3:cad>
          </ns3:TrackPointExtension>
        </extensions>
      </trkpt>
      <trkpt lat="43.30521295778453350067138671875" lon="-109.6737711131572723388671875">
        <ele>3927.199951171875</ele>
        <time>2017-09-04T18:55:03.000Z</time>
        <extensions>
          <ns3:TrackPointExtension>
            <ns3:atemp>24.0</ns3:atemp>
            <ns3:cad>0</ns3:cad>
          </ns3:TrackPointExtension>
        </extensions>
      </trkpt>
      <trkpt lat="43.30529342405498027801513671875" lon="-109.67369492165744304656982421875">
        <ele>3927.800048828125</ele>
        <time>2017-09-04T18:55:12.000Z</time>
        <extensions>
          <ns3:TrackPointExtension>
            <ns3:atemp>24.0</ns3:atemp>
            <ns3:cad>72</ns3:cad>
          </ns3:TrackPointExtension>
        </extensions>
      </trkpt>
      <trkpt lat="43.3053915761411190032958984375" lon="-109.67357489280402660369873046875">
        <ele>3929</ele>
        <time>2017-09-04T18:55:47.000Z</time>
        <extensions>
          <ns3:TrackPointExtension>
            <ns3:atemp>25.0</ns3:atemp>
            <ns3:cad>0</ns3:cad>
          </ns3:TrackPointExtension>
        </extensions>
      </trkpt>
      <trkpt lat="43.30540590919554233551025390625" lon="-109.67356852255761623382568359375">
        <ele>3930</ele>
        <time>2017-09-04T18:55:55.000Z</time>
        <extensions>
          <ns3:TrackPointExtension>
            <ns3:atemp>25.0</ns3:atemp>
            <ns3:cad>61</ns3:cad>
          </ns3:TrackPointExtension>
        </extensions>
      </trkpt>
      <trkpt lat="43.3054452203214168548583984375" lon="-109.6735868789255619049072265625">
        <ele>3931</ele>
        <time>2017-09-04T18:56:09.000Z</time>
        <extensions>
          <ns3:TrackPointExtension>
            <ns3:atemp>25.0</ns3:atemp>
            <ns3:cad>0</ns3:cad>
          </ns3:TrackPointExtension>
        </extensions>
      </trkpt>
      <trkpt lat="43.3054723776876926422119140625" lon="-109.67352275736629962921142578125">
        <ele>3932.199951171875</ele>
        <time>2017-09-04T18:56:24.000Z</time>
        <extensions>
          <ns3:TrackPointExtension>
            <ns3:atemp>25.0</ns3:atemp>
            <ns3:cad>0</ns3:cad>
          </ns3:TrackPointExtension>
        </extensions>
      </trkpt>
      <trkpt lat="43.305479921400547027587890625" lon="-109.67348168604075908660888671875">
        <ele>3933.199951171875</ele>
        <time>2017-09-04T18:56:36.000Z</time>
        <extensions>
          <ns3:TrackPointExtension>
            <ns3:atemp>25.0</ns3:atemp>
            <ns3:cad>0</ns3:cad>
          </ns3:TrackPointExtension>
        </extensions>
      </trkpt>
      <trkpt lat="43.30550841987133026123046875" lon="-109.67346022836863994598388671875">
        <ele>3934.199951171875</ele>
        <time>2017-09-04T18:56:54.000Z</time>
        <extensions>
          <ns3:TrackPointExtension>
            <ns3:atemp>25.0</ns3:atemp>
            <ns3:cad>61</ns3:cad>
          </ns3:TrackPointExtension>
        </extensions>
      </trkpt>
      <trkpt lat="43.305562399327754974365234375" lon="-109.673495851457118988037109375">
        <ele>3935.199951171875</ele>
        <time>2017-09-04T18:57:06.000Z</time>
        <extensions>
          <ns3:TrackPointExtension>
            <ns3:atemp>25.0</ns3:atemp>
            <ns3:cad>62</ns3:cad>
          </ns3:TrackPointExtension>
        </extensions>
      </trkpt>
      <trkpt lat="43.3055924065411090850830078125" lon="-109.673564918339252471923828125">
        <ele>3936.39990234375</ele>
        <time>2017-09-04T18:57:15.000Z</time>
        <extensions>
          <ns3:TrackPointExtension>
            <ns3:atemp>25.0</ns3:atemp>
            <ns3:cad>62</ns3:cad>
          </ns3:TrackPointExtension>
        </extensions>
      </trkpt>
      <trkpt lat="43.305674381554126739501953125" lon="-109.67361378483474254608154296875">
        <ele>3937.39990234375</ele>
        <time>2017-09-04T18:57:35.000Z</time>
        <extensions>
          <ns3:TrackPointExtension>
            <ns3:atemp>25.0</ns3:atemp>
            <ns3:cad>61</ns3:cad>
          </ns3:TrackPointExtension>
        </extensions>
      </trkpt>
      <trkpt lat="43.30572542734444141387939453125" lon="-109.67365066520869731903076171875">
        <ele>3938.39990234375</ele>
        <time>2017-09-04T18:57:46.000Z</time>
        <extensions>
          <ns3:TrackPointExtension>
            <ns3:atemp>25.0</ns3:atemp>
            <ns3:cad>0</ns3:cad>
          </ns3:TrackPointExtension>
        </extensions>
      </trkpt>
      <trkpt lat="43.30575962550938129425048828125" lon="-109.67371755279600620269775390625">
        <ele>3939.39990234375</ele>
        <time>2017-09-04T18:58:01.000Z</time>
        <extensions>
          <ns3:TrackPointExtension>
            <ns3:atemp>25.0</ns3:atemp>
            <ns3:cad>0</ns3:cad>
          </ns3:TrackPointExtension>
        </extensions>
      </trkpt>
      <trkpt lat="43.30577521584928035736083984375" lon="-109.67375929467380046844482421875">
        <ele>3939.39990234375</ele>
        <time>2017-09-04T18:58:05.000Z</time>
        <extensions>
          <ns3:TrackPointExtension>
            <ns3:atemp>25.0</ns3:atemp>
            <ns3:cad>61</ns3:cad>
          </ns3:TrackPointExtension>
        </extensions>
      </trkpt>
      <trkpt lat="43.30578410066664218902587890625" lon="-109.67377790249884128570556640625">
        <ele>3940.60009765625</ele>
        <time>2017-09-04T18:58:10.000Z</time>
        <extensions>
          <ns3:TrackPointExtension>
            <ns3:atemp>25.0</ns3:atemp>
            <ns3:cad>0</ns3:cad>
          </ns3:TrackPointExtension>
        </extensions>
      </trkpt>
      <trkpt lat="43.30582902766764163970947265625" lon="-109.67373934574425220489501953125">
        <ele>3941.60009765625</ele>
        <time>2017-09-04T18:58:28.000Z</time>
        <extensions>
          <ns3:TrackPointExtension>
            <ns3:atemp>25.0</ns3:atemp>
            <ns3:cad>0</ns3:cad>
          </ns3:TrackPointExtension>
        </extensions>
      </trkpt>
      <trkpt lat="43.3058566041290760040283203125" lon="-109.6737327240407466888427734375">
        <ele>3942.800048828125</ele>
        <time>2017-09-04T18:58:41.000Z</time>
        <extensions>
          <ns3:TrackPointExtension>
            <ns3:atemp>25.0</ns3:atemp>
            <ns3:cad>0</ns3:cad>
          </ns3:TrackPointExtension>
        </extensions>
      </trkpt>
      <trkpt lat="43.305888958275318145751953125" lon="-109.67364077456295490264892578125">
        <ele>3944</ele>
        <time>2017-09-04T18:59:18.000Z</time>
        <extensions>
          <ns3:TrackPointExtension>
            <ns3:atemp>26.0</ns3:atemp>
            <ns3:cad>0</ns3:cad>
          </ns3:TrackPointExtension>
        </extensions>
      </trkpt>
      <trkpt lat="43.30589105375111103057861328125" lon="-109.6735801734030246734619140625">
        <ele>3945</ele>
        <time>2017-09-04T18:59:46.000Z</time>
        <extensions>
          <ns3:TrackPointExtension>
            <ns3:atemp>26.0</ns3:atemp>
            <ns3:cad>0</ns3:cad>
          </ns3:TrackPointExtension>
        </extensions>
      </trkpt>
      <trkpt lat="43.3058810792863368988037109375" lon="-109.6735295467078685760498046875">
        <ele>3945.60009765625</ele>
        <time>2017-09-04T18:59:55.000Z</time>
        <extensions>
          <ns3:TrackPointExtension>
            <ns3:atemp>26.0</ns3:atemp>
            <ns3:cad>61</ns3:cad>
          </ns3:TrackPointExtension>
        </extensions>
      </trkpt>
      <trkpt lat="43.30585953779518604278564453125" lon="-109.67349149286746978759765625">
        <ele>3946.199951171875</ele>
        <time>2017-09-04T19:00:05.000Z</time>
        <extensions>
          <ns3:TrackPointExtension>
            <ns3:atemp>26.0</ns3:atemp>
            <ns3:cad>0</ns3:cad>
          </ns3:TrackPointExtension>
        </extensions>
      </trkpt>
      <trkpt lat="43.3058698475360870361328125" lon="-109.67342535965144634246826171875">
        <ele>3947.800048828125</ele>
        <time>2017-09-04T19:00:35.000Z</time>
        <extensions>
          <ns3:TrackPointExtension>
            <ns3:atemp>27.0</ns3:atemp>
            <ns3:cad>0</ns3:cad>
          </ns3:TrackPointExtension>
        </extensions>
      </trkpt>
      <trkpt lat="43.30587361939251422882080078125" lon="-109.67341161333024501800537109375">
        <ele>3949</ele>
        <time>2017-09-04T19:00:38.000Z</time>
        <extensions>
          <ns3:TrackPointExtension>
            <ns3:atemp>27.0</ns3:atemp>
            <ns3:cad>0</ns3:cad>
          </ns3:TrackPointExtension>
        </extensions>
      </trkpt>
      <trkpt lat="43.305866830050945281982421875" lon="-109.67335863970220088958740234375">
        <ele>3950</ele>
        <time>2017-09-04T19:00:51.000Z</time>
        <extensions>
          <ns3:TrackPointExtension>
            <ns3:atemp>27.0</ns3:atemp>
            <ns3:cad>0</ns3:cad>
          </ns3:TrackPointExtension>
        </extensions>
      </trkpt>
      <trkpt lat="43.30586641095578670501708984375" lon="-109.67331270687282085418701171875">
        <ele>3951.39990234375</ele>
        <time>2017-09-04T19:00:57.000Z</time>
        <extensions>
          <ns3:TrackPointExtension>
            <ns3:atemp>27.0</ns3:atemp>
            <ns3:cad>0</ns3:cad>
          </ns3:TrackPointExtension>
        </extensions>
      </trkpt>
      <trkpt lat="43.30594117753207683563232421875" lon="-109.6732744015753269195556640625">
        <ele>3952.39990234375</ele>
        <time>2017-09-04T19:01:20.000Z</time>
        <extensions>
          <ns3:TrackPointExtension>
            <ns3:atemp>27.0</ns3:atemp>
            <ns3:cad>0</ns3:cad>
          </ns3:TrackPointExtension>
        </extensions>
      </trkpt>
      <trkpt lat="43.3059585280716419219970703125" lon="-109.67329175211489200592041015625">
        <ele>3953.39990234375</ele>
        <time>2017-09-04T19:01:27.000Z</time>
        <extensions>
          <ns3:TrackPointExtension>
            <ns3:atemp>27.0</ns3:atemp>
            <ns3:cad>0</ns3:cad>
          </ns3:TrackPointExtension>
        </extensions>
      </trkpt>
      <trkpt lat="43.3059675805270671844482421875" lon="-109.67330851592123508453369140625">
        <ele>3954.60009765625</ele>
        <time>2017-09-04T19:01:35.000Z</time>
        <extensions>
          <ns3:TrackPointExtension>
            <ns3:atemp>26.0</ns3:atemp>
            <ns3:cad>0</ns3:cad>
          </ns3:TrackPointExtension>
        </extensions>
      </trkpt>
      <trkpt lat="43.30597034655511379241943359375" lon="-109.673333577811717987060546875">
        <ele>3955.60009765625</ele>
        <time>2017-09-04T19:02:07.000Z</time>
        <extensions>
          <ns3:TrackPointExtension>
            <ns3:atemp>26.0</ns3:atemp>
            <ns3:cad>0</ns3:cad>
          </ns3:TrackPointExtension>
        </extensions>
      </trkpt>
      <trkpt lat="43.3060146868228912353515625" lon="-109.67332326807081699371337890625">
        <ele>3954.39990234375</ele>
        <time>2017-09-04T19:03:05.000Z</time>
        <extensions>
          <ns3:TrackPointExtension>
            <ns3:atemp>26.0</ns3:atemp>
            <ns3:cad>0</ns3:cad>
          </ns3:TrackPointExtension>
        </extensions>
      </trkpt>
      <trkpt lat="43.3060353063046932220458984375" lon="-109.6732975356280803680419921875">
        <ele>3955.60009765625</ele>
        <time>2017-09-04T19:03:39.000Z</time>
        <extensions>
          <ns3:TrackPointExtension>
            <ns3:atemp>26.0</ns3:atemp>
            <ns3:cad>61</ns3:cad>
          </ns3:TrackPointExtension>
        </extensions>
      </trkpt>
      <trkpt lat="43.30604192800819873809814453125" lon="-109.67325503937900066375732421875">
        <ele>3956.199951171875</ele>
        <time>2017-09-04T19:03:51.000Z</time>
        <extensions>
          <ns3:TrackPointExtension>
            <ns3:atemp>26.0</ns3:atemp>
            <ns3:cad>61</ns3:cad>
          </ns3:TrackPointExtension>
        </extensions>
      </trkpt>
      <trkpt lat="43.3060389943420886993408203125" lon="-109.67320290394127368927001953125">
        <ele>3956.39990234375</ele>
        <time>2017-09-04T19:03:56.000Z</time>
        <extensions>
          <ns3:TrackPointExtension>
            <ns3:atemp>26.0</ns3:atemp>
            <ns3:cad>61</ns3:cad>
          </ns3:TrackPointExtension>
        </extensions>
      </trkpt>
      <trkpt lat="43.30603547394275665283203125" lon="-109.67316853813827037811279296875">
        <ele>3956.60009765625</ele>
        <time>2017-09-04T19:03:59.000Z</time>
        <extensions>
          <ns3:TrackPointExtension>
            <ns3:atemp>26.0</ns3:atemp>
            <ns3:cad>0</ns3:cad>
          </ns3:TrackPointExtension>
        </extensions>
      </trkpt>
      <trkpt lat="43.306060619652271270751953125" lon="-109.67294834554195404052734375">
        <ele>3956.60009765625</ele>
        <time>2017-09-04T19:04:25.000Z</time>
        <extensions>
          <ns3:TrackPointExtension>
            <ns3:atemp>26.0</ns3:atemp>
            <ns3:cad>61</ns3:cad>
          </ns3:TrackPointExtension>
        </extensions>
      </trkpt>
      <trkpt lat="43.3061231486499309539794921875" lon="-109.6727899275720119476318359375">
        <ele>3957.60009765625</ele>
        <time>2017-09-04T19:04:46.000Z</time>
        <extensions>
          <ns3:TrackPointExtension>
            <ns3:atemp>26.0</ns3:atemp>
            <ns3:cad>0</ns3:cad>
          </ns3:TrackPointExtension>
        </extensions>
      </trkpt>
      <trkpt lat="43.30611820332705974578857421875" lon="-109.67276050709187984466552734375">
        <ele>3958.60009765625</ele>
        <time>2017-09-04T19:05:00.000Z</time>
        <extensions>
          <ns3:TrackPointExtension>
            <ns3:atemp>26.0</ns3:atemp>
            <ns3:cad>0</ns3:cad>
          </ns3:TrackPointExtension>
        </extensions>
      </trkpt>
      <trkpt lat="43.30611384473741054534912109375" lon="-109.67270233668386936187744140625">
        <ele>3959.800048828125</ele>
        <time>2017-09-04T19:05:14.000Z</time>
        <extensions>
          <ns3:TrackPointExtension>
            <ns3:atemp>26.0</ns3:atemp>
            <ns3:cad>61</ns3:cad>
          </ns3:TrackPointExtension>
        </extensions>
      </trkpt>
      <trkpt lat="43.306132368743419647216796875" lon="-109.67268188484013080596923828125">
        <ele>3961</ele>
        <time>2017-09-04T19:05:19.000Z</time>
        <extensions>
          <ns3:TrackPointExtension>
            <ns3:atemp>26.0</ns3:atemp>
            <ns3:cad>0</ns3:cad>
          </ns3:TrackPointExtension>
        </extensions>
      </trkpt>
      <trkpt lat="43.30617318861186504364013671875" lon="-109.67266109772026538848876953125">
        <ele>3962.199951171875</ele>
        <time>2017-09-04T19:05:31.000Z</time>
        <extensions>
          <ns3:TrackPointExtension>
            <ns3:atemp>26.0</ns3:atemp>
            <ns3:cad>61</ns3:cad>
          </ns3:TrackPointExtension>
        </extensions>
      </trkpt>
      <trkpt lat="43.3062290959060192108154296875" lon="-109.67248004861176013946533203125">
        <ele>3963.199951171875</ele>
        <time>2017-09-04T19:05:58.000Z</time>
        <extensions>
          <ns3:TrackPointExtension>
            <ns3:atemp>26.0</ns3:atemp>
            <ns3:cad>0</ns3:cad>
          </ns3:TrackPointExtension>
        </extensions>
      </trkpt>
      <trkpt lat="43.3062257431447505950927734375" lon="-109.67245104722678661346435546875">
        <ele>3964.199951171875</ele>
        <time>2017-09-04T19:06:04.000Z</time>
        <extensions>
          <ns3:TrackPointExtension>
            <ns3:atemp>26.0</ns3:atemp>
            <ns3:cad>0</ns3:cad>
          </ns3:TrackPointExtension>
        </extensions>
      </trkpt>
      <trkpt lat="43.3062301017343997955322265625" lon="-109.67235784046351909637451171875">
        <ele>3965.199951171875</ele>
        <time>2017-09-04T19:06:18.000Z</time>
        <extensions>
          <ns3:TrackPointExtension>
            <ns3:atemp>26.0</ns3:atemp>
            <ns3:cad>61</ns3:cad>
          </ns3:TrackPointExtension>
        </extensions>
      </trkpt>
      <trkpt lat="43.30623940564692020416259765625" lon="-109.6722234785556793212890625">
        <ele>3966.39990234375</ele>
        <time>2017-09-04T19:06:43.000Z</time>
        <extensions>
          <ns3:TrackPointExtension>
            <ns3:atemp>26.0</ns3:atemp>
            <ns3:cad>0</ns3:cad>
          </ns3:TrackPointExtension>
        </extensions>
      </trkpt>
      <trkpt lat="43.30627930350601673126220703125" lon="-109.672230519354343414306640625">
        <ele>3966</ele>
        <time>2017-09-04T19:07:03.000Z</time>
        <extensions>
          <ns3:TrackPointExtension>
            <ns3:atemp>26.0</ns3:atemp>
            <ns3:cad>61</ns3:cad>
          </ns3:TrackPointExtension>
        </extensions>
      </trkpt>
      <trkpt lat="43.3063038624823093414306640625" lon="-109.6722528152167797088623046875">
        <ele>3966</ele>
        <time>2017-09-04T19:07:08.000Z</time>
        <extensions>
          <ns3:TrackPointExtension>
            <ns3:atemp>26.0</ns3:atemp>
            <ns3:cad>0</ns3:cad>
          </ns3:TrackPointExtension>
        </extensions>
      </trkpt>
      <trkpt lat="43.30644023604691028594970703125" lon="-109.67229028232395648956298828125">
        <ele>3967.39990234375</ele>
        <time>2017-09-04T19:07:37.000Z</time>
        <extensions>
          <ns3:TrackPointExtension>
            <ns3:atemp>26.0</ns3:atemp>
            <ns3:cad>0</ns3:cad>
          </ns3:TrackPointExtension>
        </extensions>
      </trkpt>
      <trkpt lat="43.3065217919647693634033203125" lon="-109.67238164506852626800537109375">
        <ele>3968.60009765625</ele>
        <time>2017-09-04T19:08:02.000Z</time>
        <extensions>
          <ns3:TrackPointExtension>
            <ns3:atemp>26.0</ns3:atemp>
            <ns3:cad>0</ns3:cad>
          </ns3:TrackPointExtension>
        </extensions>
      </trkpt>
      <trkpt lat="43.306585662066936492919921875" lon="-109.672433696687221527099609375">
        <ele>3969.60009765625</ele>
        <time>2017-09-04T19:08:32.000Z</time>
        <extensions>
          <ns3:TrackPointExtension>
            <ns3:atemp>26.0</ns3:atemp>
            <ns3:cad>0</ns3:cad>
          </ns3:TrackPointExtension>
        </extensions>
      </trkpt>
      <trkpt lat="43.3066072873771190643310546875" lon="-109.672447778284549713134765625">
        <ele>3970.60009765625</ele>
        <time>2017-09-04T19:08:44.000Z</time>
        <extensions>
          <ns3:TrackPointExtension>
            <ns3:atemp>25.0</ns3:atemp>
            <ns3:cad>61</ns3:cad>
          </ns3:TrackPointExtension>
        </extensions>
      </trkpt>
      <trkpt lat="43.30663016997277736663818359375" lon="-109.672480635344982147216796875">
        <ele>3971.60009765625</ele>
        <time>2017-09-04T19:09:03.000Z</time>
        <extensions>
          <ns3:TrackPointExtension>
            <ns3:atemp>25.0</ns3:atemp>
            <ns3:cad>0</ns3:cad>
          </ns3:TrackPointExtension>
        </extensions>
      </trkpt>
      <trkpt lat="43.306622207164764404296875" lon="-109.67248700559139251708984375">
        <ele>3972.800048828125</ele>
        <time>2017-09-04T19:09:12.000Z</time>
        <extensions>
          <ns3:TrackPointExtension>
            <ns3:atemp>25.0</ns3:atemp>
            <ns3:cad>61</ns3:cad>
          </ns3:TrackPointExtension>
        </extensions>
      </trkpt>
      <trkpt lat="43.306661434471607208251953125" lon="-109.6724442578852176666259765625">
        <ele>3973.800048828125</ele>
        <time>2017-09-04T19:09:25.000Z</time>
        <extensions>
          <ns3:TrackPointExtension>
            <ns3:atemp>25.0</ns3:atemp>
            <ns3:cad>0</ns3:cad>
          </ns3:TrackPointExtension>
        </extensions>
      </trkpt>
      <trkpt lat="43.30665799789130687713623046875" lon="-109.67243445105850696563720703125">
        <ele>3974.800048828125</ele>
        <time>2017-09-04T19:09:30.000Z</time>
        <extensions>
          <ns3:TrackPointExtension>
            <ns3:atemp>26.0</ns3:atemp>
            <ns3:cad>0</ns3:cad>
          </ns3:TrackPointExtension>
        </extensions>
      </trkpt>
      <trkpt lat="43.30668297596275806427001953125" lon="-109.67235918156802654266357421875">
        <ele>3976</ele>
        <time>2017-09-04T19:10:06.000Z</time>
        <extensions>
          <ns3:TrackPointExtension>
            <ns3:atemp>26.0</ns3:atemp>
            <ns3:cad>0</ns3:cad>
          </ns3:TrackPointExtension>
        </extensions>
      </trkpt>
      <trkpt lat="43.306701667606830596923828125" lon="-109.672312997281551361083984375">
        <ele>3977.199951171875</ele>
        <time>2017-09-04T19:10:25.000Z</time>
        <extensions>
          <ns3:TrackPointExtension>
            <ns3:atemp>26.0</ns3:atemp>
            <ns3:cad>61</ns3:cad>
          </ns3:TrackPointExtension>
        </extensions>
      </trkpt>
      <trkpt lat="43.30670602619647979736328125" lon="-109.67226815409958362579345703125">
        <ele>3978.199951171875</ele>
        <time>2017-09-04T19:10:38.000Z</time>
        <extensions>
          <ns3:TrackPointExtension>
            <ns3:atemp>26.0</ns3:atemp>
            <ns3:cad>0</ns3:cad>
          </ns3:TrackPointExtension>
        </extensions>
      </trkpt>
      <trkpt lat="43.30672882497310638427734375" lon="-109.6722695790231227874755859375">
        <ele>3979.199951171875</ele>
        <time>2017-09-04T19:10:42.000Z</time>
        <extensions>
          <ns3:TrackPointExtension>
            <ns3:atemp>26.0</ns3:atemp>
            <ns3:cad>0</ns3:cad>
          </ns3:TrackPointExtension>
        </extensions>
      </trkpt>
      <trkpt lat="43.3067952096462249755859375" lon="-109.67221149243414402008056640625">
        <ele>3980.39990234375</ele>
        <time>2017-09-04T19:11:00.000Z</time>
        <extensions>
          <ns3:TrackPointExtension>
            <ns3:atemp>26.0</ns3:atemp>
            <ns3:cad>61</ns3:cad>
          </ns3:TrackPointExtension>
        </extensions>
      </trkpt>
      <trkpt lat="43.3068113029003143310546875" lon="-109.672188274562358856201171875">
        <ele>3981.39990234375</ele>
        <time>2017-09-04T19:11:05.000Z</time>
        <extensions>
          <ns3:TrackPointExtension>
            <ns3:atemp>26.0</ns3:atemp>
            <ns3:cad>0</ns3:cad>
          </ns3:TrackPointExtension>
        </extensions>
      </trkpt>
      <trkpt lat="43.30683837644755840301513671875" lon="-109.6721592731773853302001953125">
        <ele>3982.60009765625</ele>
        <time>2017-09-04T19:11:23.000Z</time>
        <extensions>
          <ns3:TrackPointExtension>
            <ns3:atemp>26.0</ns3:atemp>
            <ns3:cad>41</ns3:cad>
          </ns3:TrackPointExtension>
        </extensions>
      </trkpt>
      <trkpt lat="43.30686368979513645172119140625" lon="-109.6721388213336467742919921875">
        <ele>3983.800048828125</ele>
        <time>2017-09-04T19:11:28.000Z</time>
        <extensions>
          <ns3:TrackPointExtension>
            <ns3:atemp>26.0</ns3:atemp>
            <ns3:cad>0</ns3:cad>
          </ns3:TrackPointExtension>
        </extensions>
      </trkpt>
      <trkpt lat="43.30694616772234439849853515625" lon="-109.672048129141330718994140625">
        <ele>3984.800048828125</ele>
        <time>2017-09-04T19:12:01.000Z</time>
        <extensions>
          <ns3:TrackPointExtension>
            <ns3:atemp>25.0</ns3:atemp>
            <ns3:cad>0</ns3:cad>
          </ns3:TrackPointExtension>
        </extensions>
      </trkpt>
      <trkpt lat="43.30702864564955234527587890625" lon="-109.67189616523683071136474609375">
        <ele>3985.800048828125</ele>
        <time>2017-09-04T19:12:24.000Z</time>
        <extensions>
          <ns3:TrackPointExtension>
            <ns3:atemp>25.0</ns3:atemp>
            <ns3:cad>0</ns3:cad>
          </ns3:TrackPointExtension>
        </extensions>
      </trkpt>
      <trkpt lat="43.3071242831647396087646484375" lon="-109.67175316996872425079345703125">
        <ele>3987</ele>
        <time>2017-09-04T19:12:50.000Z</time>
        <extensions>
          <ns3:TrackPointExtension>
            <ns3:atemp>25.0</ns3:atemp>
            <ns3:cad>0</ns3:cad>
          </ns3:TrackPointExtension>
        </extensions>
      </trkpt>
      <trkpt lat="43.30724917352199554443359375" lon="-109.67166851274669170379638671875">
        <ele>3986.39990234375</ele>
        <time>2017-09-04T19:14:02.000Z</time>
        <extensions>
          <ns3:TrackPointExtension>
            <ns3:atemp>25.0</ns3:atemp>
            <ns3:cad>0</ns3:cad>
          </ns3:TrackPointExtension>
        </extensions>
      </trkpt>
      <trkpt lat="43.30734129063785076141357421875" lon="-109.671607911586761474609375">
        <ele>3991.39990234375</ele>
        <time>2017-09-04T19:14:24.000Z</time>
        <extensions>
          <ns3:TrackPointExtension>
            <ns3:atemp>26.0</ns3:atemp>
            <ns3:cad>0</ns3:cad>
          </ns3:TrackPointExtension>
        </extensions>
      </trkpt>
      <trkpt lat="43.30734363757073879241943359375" lon="-109.671611599624156951904296875">
        <ele>3992.800048828125</ele>
        <time>2017-09-04T19:14:28.000Z</time>
        <extensions>
          <ns3:TrackPointExtension>
            <ns3:atemp>26.0</ns3:atemp>
            <ns3:cad>0</ns3:cad>
          </ns3:TrackPointExtension>
        </extensions>
      </trkpt>
      <trkpt lat="43.30734749324619770050048828125" lon="-109.67161084525287151336669921875">
        <ele>3991.60009765625</ele>
        <time>2017-09-04T19:14:29.000Z</time>
        <extensions>
          <ns3:TrackPointExtension>
            <ns3:atemp>26.0</ns3:atemp>
            <ns3:cad>61</ns3:cad>
          </ns3:TrackPointExtension>
        </extensions>
      </trkpt>
      <trkpt lat="43.30738864839076995849609375" lon="-109.67166960239410400390625">
        <ele>3991.39990234375</ele>
        <time>2017-09-04T19:15:35.000Z</time>
        <extensions>
          <ns3:TrackPointExtension>
            <ns3:atemp>26.0</ns3:atemp>
            <ns3:cad>61</ns3:cad>
          </ns3:TrackPointExtension>
        </extensions>
      </trkpt>
      <trkpt lat="43.30740717239677906036376953125" lon="-109.67167052440345287322998046875">
        <ele>3993</ele>
        <time>2017-09-04T19:15:38.000Z</time>
        <extensions>
          <ns3:TrackPointExtension>
            <ns3:atemp>26.0</ns3:atemp>
            <ns3:cad>0</ns3:cad>
          </ns3:TrackPointExtension>
        </extensions>
      </trkpt>
      <trkpt lat="43.3074106089770793914794921875" lon="-109.67166088521480560302734375">
        <ele>3994.199951171875</ele>
        <time>2017-09-04T19:15:41.000Z</time>
        <extensions>
          <ns3:TrackPointExtension>
            <ns3:atemp>26.0</ns3:atemp>
            <ns3:cad>0</ns3:cad>
          </ns3:TrackPointExtension>
        </extensions>
      </trkpt>
      <trkpt lat="43.30739677883684635162353515625" lon="-109.671728946268558502197265625">
        <ele>3995.39990234375</ele>
        <time>2017-09-04T19:15:51.000Z</time>
        <extensions>
          <ns3:TrackPointExtension>
            <ns3:atemp>26.0</ns3:atemp>
            <ns3:cad>69</ns3:cad>
          </ns3:TrackPointExtension>
        </extensions>
      </trkpt>
      <trkpt lat="43.307357467710971832275390625" lon="-109.67182240448892116546630859375">
        <ele>3996.39990234375</ele>
        <time>2017-09-04T19:16:01.000Z</time>
        <extensions>
          <ns3:TrackPointExtension>
            <ns3:atemp>26.0</ns3:atemp>
            <ns3:cad>0</ns3:cad>
          </ns3:TrackPointExtension>
        </extensions>
      </trkpt>
      <trkpt lat="43.3073673583567142486572265625" lon="-109.67185408808290958404541015625">
        <ele>3997.39990234375</ele>
        <time>2017-09-04T19:16:09.000Z</time>
        <extensions>
          <ns3:TrackPointExtension>
            <ns3:atemp>26.0</ns3:atemp>
            <ns3:cad>61</ns3:cad>
          </ns3:TrackPointExtension>
        </extensions>
      </trkpt>
      <trkpt lat="43.307384960353374481201171875" lon="-109.6718900464475154876708984375">
        <ele>3998.60009765625</ele>
        <time>2017-09-04T19:16:18.000Z</time>
        <extensions>
          <ns3:TrackPointExtension>
            <ns3:atemp>26.0</ns3:atemp>
            <ns3:cad>0</ns3:cad>
          </ns3:TrackPointExtension>
        </extensions>
      </trkpt>
      <trkpt lat="43.307416476309299468994140625" lon="-109.6719021163880825042724609375">
        <ele>3999.800048828125</ele>
        <time>2017-09-04T19:16:26.000Z</time>
        <extensions>
          <ns3:TrackPointExtension>
            <ns3:atemp>26.0</ns3:atemp>
            <ns3:cad>0</ns3:cad>
          </ns3:TrackPointExtension>
        </extensions>
      </trkpt>
      <trkpt lat="43.30743416212499141693115234375" lon="-109.67189013026654720306396484375">
        <ele>4001</ele>
        <time>2017-09-04T19:16:36.000Z</time>
        <extensions>
          <ns3:TrackPointExtension>
            <ns3:atemp>26.0</ns3:atemp>
            <ns3:cad>0</ns3:cad>
          </ns3:TrackPointExtension>
        </extensions>
      </trkpt>
      <trkpt lat="43.3074174821376800537109375" lon="-109.67193354852497577667236328125">
        <ele>4002.199951171875</ele>
        <time>2017-09-04T19:16:42.000Z</time>
        <extensions>
          <ns3:TrackPointExtension>
            <ns3:atemp>26.0</ns3:atemp>
            <ns3:cad>0</ns3:cad>
          </ns3:TrackPointExtension>
        </extensions>
      </trkpt>
      <trkpt lat="43.30742343328893184661865234375" lon="-109.6719326265156269073486328125">
        <ele>4003.199951171875</ele>
        <time>2017-09-04T19:17:20.000Z</time>
        <extensions>
          <ns3:TrackPointExtension>
            <ns3:atemp>27.0</ns3:atemp>
            <ns3:cad>0</ns3:cad>
          </ns3:TrackPointExtension>
        </extensions>
      </trkpt>
      <trkpt lat="43.30743022263050079345703125" lon="-109.6719410084187984466552734375">
        <ele>4004.39990234375</ele>
        <time>2017-09-04T19:17:30.000Z</time>
        <extensions>
          <ns3:TrackPointExtension>
            <ns3:atemp>27.0</ns3:atemp>
            <ns3:cad>0</ns3:cad>
          </ns3:TrackPointExtension>
        </extensions>
      </trkpt>
      <trkpt lat="43.307439945638179779052734375" lon="-109.6720231510698795318603515625">
        <ele>4005.39990234375</ele>
        <time>2017-09-04T19:17:50.000Z</time>
        <extensions>
          <ns3:TrackPointExtension>
            <ns3:atemp>27.0</ns3:atemp>
            <ns3:cad>62</ns3:cad>
          </ns3:TrackPointExtension>
        </extensions>
      </trkpt>
      <trkpt lat="43.30743919126689434051513671875" lon="-109.67201870866119861602783203125">
        <ele>4006.60009765625</ele>
        <time>2017-09-04T19:17:53.000Z</time>
        <extensions>
          <ns3:TrackPointExtension>
            <ns3:atemp>27.0</ns3:atemp>
            <ns3:cad>61</ns3:cad>
          </ns3:TrackPointExtension>
        </extensions>
      </trkpt>
      <trkpt lat="43.30747573636472225189208984375" lon="-109.67207587324082851409912109375">
        <ele>4007.60009765625</ele>
        <time>2017-09-04T19:18:24.000Z</time>
        <extensions>
          <ns3:TrackPointExtension>
            <ns3:atemp>27.0</ns3:atemp>
            <ns3:cad>0</ns3:cad>
          </ns3:TrackPointExtension>
        </extensions>
      </trkpt>
      <trkpt lat="43.3074840344488620758056640625" lon="-109.67207553796470165252685546875">
        <ele>4008</ele>
        <time>2017-09-04T19:18:27.000Z</time>
        <extensions>
          <ns3:TrackPointExtension>
            <ns3:atemp>27.0</ns3:atemp>
            <ns3:cad>0</ns3:cad>
          </ns3:TrackPointExtension>
        </extensions>
      </trkpt>
      <trkpt lat="43.3074793405830860137939453125" lon="-109.67210386879742145538330078125">
        <ele>4008.800048828125</ele>
        <time>2017-09-04T19:19:11.000Z</time>
        <extensions>
          <ns3:TrackPointExtension>
            <ns3:atemp>28.0</ns3:atemp>
            <ns3:cad>0</ns3:cad>
          </ns3:TrackPointExtension>
        </extensions>
      </trkpt>
      <trkpt lat="43.30749384127557277679443359375" lon="-109.672133289277553558349609375">
        <ele>4010</ele>
        <time>2017-09-04T19:19:16.000Z</time>
        <extensions>
          <ns3:TrackPointExtension>
            <ns3:atemp>28.0</ns3:atemp>
            <ns3:cad>0</ns3:cad>
          </ns3:TrackPointExtension>
        </extensions>
      </trkpt>
      <trkpt lat="43.30751932226121425628662109375" lon="-109.67213186435401439666748046875">
        <ele>4011</ele>
        <time>2017-09-04T19:19:21.000Z</time>
        <extensions>
          <ns3:TrackPointExtension>
            <ns3:atemp>28.0</ns3:atemp>
            <ns3:cad>61</ns3:cad>
          </ns3:TrackPointExtension>
        </extensions>
      </trkpt>
      <trkpt lat="43.30761730670928955078125" lon="-109.67220981605350971221923828125">
        <ele>4012.199951171875</ele>
        <time>2017-09-04T19:19:50.000Z</time>
        <extensions>
          <ns3:TrackPointExtension>
            <ns3:atemp>28.0</ns3:atemp>
            <ns3:cad>0</ns3:cad>
          </ns3:TrackPointExtension>
        </extensions>
      </trkpt>
      <trkpt lat="43.30763683654367923736572265625" lon="-109.6722504682838916778564453125">
        <ele>4013.199951171875</ele>
        <time>2017-09-04T19:20:02.000Z</time>
        <extensions>
          <ns3:TrackPointExtension>
            <ns3:atemp>28.0</ns3:atemp>
            <ns3:cad>0</ns3:cad>
          </ns3:TrackPointExtension>
        </extensions>
      </trkpt>
      <trkpt lat="43.30761856399476528167724609375" lon="-109.6723078005015850067138671875">
        <ele>4014.60009765625</ele>
        <time>2017-09-04T19:20:14.000Z</time>
        <extensions>
          <ns3:TrackPointExtension>
            <ns3:atemp>28.0</ns3:atemp>
            <ns3:cad>61</ns3:cad>
          </ns3:TrackPointExtension>
        </extensions>
      </trkpt>
      <trkpt lat="43.3076134510338306427001953125" lon="-109.67232448048889636993408203125">
        <ele>4015.60009765625</ele>
        <time>2017-09-04T19:20:16.000Z</time>
        <extensions>
          <ns3:TrackPointExtension>
            <ns3:atemp>28.0</ns3:atemp>
            <ns3:cad>61</ns3:cad>
          </ns3:TrackPointExtension>
        </extensions>
      </trkpt>
      <trkpt lat="43.3076134510338306427001953125" lon="-109.672337472438812255859375">
        <ele>4014.39990234375</ele>
        <time>2017-09-04T19:20:23.000Z</time>
        <extensions>
          <ns3:TrackPointExtension>
            <ns3:atemp>28.0</ns3:atemp>
            <ns3:cad>0</ns3:cad>
          </ns3:TrackPointExtension>
        </extensions>
      </trkpt>
      <trkpt lat="43.307648487389087677001953125" lon="-109.67236471362411975860595703125">
        <ele>4014.39990234375</ele>
        <time>2017-09-04T19:20:40.000Z</time>
        <extensions>
          <ns3:TrackPointExtension>
            <ns3:atemp>28.0</ns3:atemp>
            <ns3:cad>61</ns3:cad>
          </ns3:TrackPointExtension>
        </extensions>
      </trkpt>
      <trkpt lat="43.30766516737639904022216796875" lon="-109.67237276025116443634033203125">
        <ele>4015.60009765625</ele>
        <time>2017-09-04T19:20:44.000Z</time>
        <extensions>
          <ns3:TrackPointExtension>
            <ns3:atemp>28.0</ns3:atemp>
            <ns3:cad>0</ns3:cad>
          </ns3:TrackPointExtension>
        </extensions>
      </trkpt>
      <trkpt lat="43.307733647525310516357421875" lon="-109.67235012911260128021240234375">
        <ele>4016.60009765625</ele>
        <time>2017-09-04T19:20:56.000Z</time>
        <extensions>
          <ns3:TrackPointExtension>
            <ns3:atemp>28.0</ns3:atemp>
            <ns3:cad>0</ns3:cad>
          </ns3:TrackPointExtension>
        </extensions>
      </trkpt>
      <trkpt lat="43.30777597613632678985595703125" lon="-109.6722809784114360809326171875">
        <ele>4017.800048828125</ele>
        <time>2017-09-04T19:21:08.000Z</time>
        <extensions>
          <ns3:TrackPointExtension>
            <ns3:atemp>28.0</ns3:atemp>
            <ns3:cad>0</ns3:cad>
          </ns3:TrackPointExtension>
        </extensions>
      </trkpt>
      <trkpt lat="43.307780921459197998046875" lon="-109.6722752787172794342041015625">
        <ele>4018</ele>
        <time>2017-09-04T19:21:09.000Z</time>
        <extensions>
          <ns3:TrackPointExtension>
            <ns3:atemp>28.0</ns3:atemp>
            <ns3:cad>0</ns3:cad>
          </ns3:TrackPointExtension>
        </extensions>
      </trkpt>
      <trkpt lat="43.30780950374901294708251953125" lon="-109.67226170003414154052734375">
        <ele>4016.60009765625</ele>
        <time>2017-09-04T19:21:18.000Z</time>
        <extensions>
          <ns3:TrackPointExtension>
            <ns3:atemp>27.0</ns3:atemp>
            <ns3:cad>61</ns3:cad>
          </ns3:TrackPointExtension>
        </extensions>
      </trkpt>
      <trkpt lat="43.3078233338892459869384765625" lon="-109.6722568385303020477294921875">
        <ele>4016.60009765625</ele>
        <time>2017-09-04T19:21:20.000Z</time>
        <extensions>
          <ns3:TrackPointExtension>
            <ns3:atemp>27.0</ns3:atemp>
            <ns3:cad>61</ns3:cad>
          </ns3:TrackPointExtension>
        </extensions>
      </trkpt>
      <trkpt lat="43.3078384213149547576904296875" lon="-109.67227385379374027252197265625">
        <ele>4016.39990234375</ele>
        <time>2017-09-04T19:21:22.000Z</time>
        <extensions>
          <ns3:TrackPointExtension>
            <ns3:atemp>27.0</ns3:atemp>
            <ns3:cad>63</ns3:cad>
          </ns3:TrackPointExtension>
        </extensions>
      </trkpt>
      <trkpt lat="43.307863064110279083251953125" lon="-109.67226144857704639434814453125">
        <ele>4016.800048828125</ele>
        <time>2017-09-04T19:21:26.000Z</time>
        <extensions>
          <ns3:TrackPointExtension>
            <ns3:atemp>27.0</ns3:atemp>
            <ns3:cad>63</ns3:cad>
          </ns3:TrackPointExtension>
        </extensions>
      </trkpt>
      <trkpt lat="43.30786851234734058380126953125" lon="-109.6722531504929065704345703125">
        <ele>4017.800048828125</ele>
        <time>2017-09-04T19:21:29.000Z</time>
        <extensions>
          <ns3:TrackPointExtension>
            <ns3:atemp>27.0</ns3:atemp>
            <ns3:cad>0</ns3:cad>
          </ns3:TrackPointExtension>
        </extensions>
      </trkpt>
      <trkpt lat="43.30796808935701847076416015625" lon="-109.6720674075186252593994140625">
        <ele>4017.800048828125</ele>
        <time>2017-09-04T19:22:05.000Z</time>
        <extensions>
          <ns3:TrackPointExtension>
            <ns3:atemp>27.0</ns3:atemp>
            <ns3:cad>61</ns3:cad>
          </ns3:TrackPointExtension>
        </extensions>
      </trkpt>
      <trkpt lat="43.3080137707293033599853515625" lon="-109.67207486741244792938232421875">
        <ele>4019</ele>
        <time>2017-09-04T19:22:13.000Z</time>
        <extensions>
          <ns3:TrackPointExtension>
            <ns3:atemp>27.0</ns3:atemp>
            <ns3:cad>46</ns3:cad>
          </ns3:TrackPointExtension>
        </extensions>
      </trkpt>
      <trkpt lat="43.30804042518138885498046875" lon="-109.6720724366605281829833984375">
        <ele>4020</ele>
        <time>2017-09-04T19:22:19.000Z</time>
        <extensions>
          <ns3:TrackPointExtension>
            <ns3:atemp>27.0</ns3:atemp>
            <ns3:cad>42</ns3:cad>
          </ns3:TrackPointExtension>
        </extensions>
      </trkpt>
      <trkpt lat="43.30808510072529315948486328125" lon="-109.672073610126972198486328125">
        <ele>4021.199951171875</ele>
        <time>2017-09-04T19:22:45.000Z</time>
        <extensions>
          <ns3:TrackPointExtension>
            <ns3:atemp>27.0</ns3:atemp>
            <ns3:cad>0</ns3:cad>
          </ns3:TrackPointExtension>
        </extensions>
      </trkpt>
      <trkpt lat="43.30813505686819553375244140625" lon="-109.6720945648849010467529296875">
        <ele>4022.39990234375</ele>
        <time>2017-09-04T19:23:03.000Z</time>
        <extensions>
          <ns3:TrackPointExtension>
            <ns3:atemp>27.0</ns3:atemp>
            <ns3:cad>61</ns3:cad>
          </ns3:TrackPointExtension>
        </extensions>
      </trkpt>
      <trkpt lat="43.30824033357203006744384765625" lon="-109.6720556728541851043701171875">
        <ele>4022.800048828125</ele>
        <time>2017-09-04T19:23:34.000Z</time>
        <extensions>
          <ns3:TrackPointExtension>
            <ns3:atemp>27.0</ns3:atemp>
            <ns3:cad>0</ns3:cad>
          </ns3:TrackPointExtension>
        </extensions>
      </trkpt>
      <trkpt lat="43.30826975405216217041015625" lon="-109.67204921878874301910400390625">
        <ele>4023.39990234375</ele>
        <time>2017-09-04T19:23:44.000Z</time>
        <extensions>
          <ns3:TrackPointExtension>
            <ns3:atemp>27.0</ns3:atemp>
            <ns3:cad>61</ns3:cad>
          </ns3:TrackPointExtension>
        </extensions>
      </trkpt>
      <trkpt lat="43.30829582177102565765380859375" lon="-109.6720747835934162139892578125">
        <ele>4024.39990234375</ele>
        <time>2017-09-04T19:23:51.000Z</time>
        <extensions>
          <ns3:TrackPointExtension>
            <ns3:atemp>27.0</ns3:atemp>
            <ns3:cad>61</ns3:cad>
          </ns3:TrackPointExtension>
        </extensions>
      </trkpt>
      <trkpt lat="43.30834745429456233978271484375" lon="-109.67222004197537899017333984375">
        <ele>4025.800048828125</ele>
        <time>2017-09-04T19:24:13.000Z</time>
        <extensions>
          <ns3:TrackPointExtension>
            <ns3:atemp>26.0</ns3:atemp>
            <ns3:cad>63</ns3:cad>
          </ns3:TrackPointExtension>
        </extensions>
      </trkpt>
      <trkpt lat="43.30836757086217403411865234375" lon="-109.67228877358138561248779296875">
        <ele>4026.800048828125</ele>
        <time>2017-09-04T19:24:24.000Z</time>
        <extensions>
          <ns3:TrackPointExtension>
            <ns3:atemp>26.0</ns3:atemp>
            <ns3:cad>61</ns3:cad>
          </ns3:TrackPointExtension>
        </extensions>
      </trkpt>
      <trkpt lat="43.3084098994731903076171875" lon="-109.672328419983386993408203125">
        <ele>4026.800048828125</ele>
        <time>2017-09-04T19:24:31.000Z</time>
        <extensions>
          <ns3:TrackPointExtension>
            <ns3:atemp>26.0</ns3:atemp>
            <ns3:cad>0</ns3:cad>
          </ns3:TrackPointExtension>
        </extensions>
      </trkpt>
      <trkpt lat="43.3084221370518207550048828125" lon="-109.67234828509390354156494140625">
        <ele>4026.800048828125</ele>
        <time>2017-09-04T19:24:33.000Z</time>
        <extensions>
          <ns3:TrackPointExtension>
            <ns3:atemp>26.0</ns3:atemp>
            <ns3:cad>61</ns3:cad>
          </ns3:TrackPointExtension>
        </extensions>
      </trkpt>
      <trkpt lat="43.30844250507652759552001953125" lon="-109.67234392650425434112548828125">
        <ele>4028.39990234375</ele>
        <time>2017-09-04T19:24:37.000Z</time>
        <extensions>
          <ns3:TrackPointExtension>
            <ns3:atemp>26.0</ns3:atemp>
            <ns3:cad>61</ns3:cad>
          </ns3:TrackPointExtension>
        </extensions>
      </trkpt>
      <trkpt lat="43.3084570057690143585205078125" lon="-109.6723346225917339324951171875">
        <ele>4029.60009765625</ele>
        <time>2017-09-04T19:24:39.000Z</time>
        <extensions>
          <ns3:TrackPointExtension>
            <ns3:atemp>26.0</ns3:atemp>
            <ns3:cad>61</ns3:cad>
          </ns3:TrackPointExtension>
        </extensions>
      </trkpt>
      <trkpt lat="43.30852230079472064971923828125" lon="-109.67231400310993194580078125">
        <ele>4030.60009765625</ele>
        <time>2017-09-04T19:24:54.000Z</time>
        <extensions>
          <ns3:TrackPointExtension>
            <ns3:atemp>26.0</ns3:atemp>
            <ns3:cad>61</ns3:cad>
          </ns3:TrackPointExtension>
        </extensions>
      </trkpt>
      <trkpt lat="43.30856856890022754669189453125" lon="-109.672347195446491241455078125">
        <ele>4031.800048828125</ele>
        <time>2017-09-04T19:25:40.000Z</time>
        <extensions>
          <ns3:TrackPointExtension>
            <ns3:atemp>26.0</ns3:atemp>
            <ns3:cad>61</ns3:cad>
          </ns3:TrackPointExtension>
        </extensions>
      </trkpt>
      <trkpt lat="43.30860326997935771942138671875" lon="-109.67239907942712306976318359375">
        <ele>4032</ele>
        <time>2017-09-04T19:25:46.000Z</time>
        <extensions>
          <ns3:TrackPointExtension>
            <ns3:atemp>25.0</ns3:atemp>
            <ns3:cad>61</ns3:cad>
          </ns3:TrackPointExtension>
        </extensions>
      </trkpt>
      <trkpt lat="43.30861349590122699737548828125" lon="-109.67241483740508556365966796875">
        <ele>4030.39990234375</ele>
        <time>2017-09-04T19:25:49.000Z</time>
        <extensions>
          <ns3:TrackPointExtension>
            <ns3:atemp>25.0</ns3:atemp>
            <ns3:cad>0</ns3:cad>
          </ns3:TrackPointExtension>
        </extensions>
      </trkpt>
      <trkpt lat="43.30862556584179401397705078125" lon="-109.6724261529743671417236328125">
        <ele>4029.199951171875</ele>
        <time>2017-09-04T19:25:52.000Z</time>
        <extensions>
          <ns3:TrackPointExtension>
            <ns3:atemp>25.0</ns3:atemp>
            <ns3:cad>61</ns3:cad>
          </ns3:TrackPointExtension>
        </extensions>
      </trkpt>
      <trkpt lat="43.308638222515583038330078125" lon="-109.67243160121142864227294921875">
        <ele>4030.199951171875</ele>
        <time>2017-09-04T19:26:00.000Z</time>
        <extensions>
          <ns3:TrackPointExtension>
            <ns3:atemp>25.0</ns3:atemp>
            <ns3:cad>0</ns3:cad>
          </ns3:TrackPointExtension>
        </extensions>
      </trkpt>
      <trkpt lat="43.308637551963329315185546875" lon="-109.6724315173923969268798828125">
        <ele>4031.199951171875</ele>
        <time>2017-09-04T19:26:04.000Z</time>
        <extensions>
          <ns3:TrackPointExtension>
            <ns3:atemp>25.0</ns3:atemp>
            <ns3:cad>0</ns3:cad>
          </ns3:TrackPointExtension>
        </extensions>
      </trkpt>
      <trkpt lat="43.30863763578236103057861328125" lon="-109.6724326908588409423828125">
        <ele>4031.60009765625</ele>
        <time>2017-09-04T19:26:09.000Z</time>
        <extensions>
          <ns3:TrackPointExtension>
            <ns3:atemp>25.0</ns3:atemp>
            <ns3:cad>0</ns3:cad>
          </ns3:TrackPointExtension>
        </extensions>
      </trkpt>
      <trkpt lat="43.30863696523010730743408203125" lon="-109.67243210412561893463134765625">
        <ele>4030.199951171875</ele>
        <time>2017-09-04T19:26:17.000Z</time>
        <extensions>
          <ns3:TrackPointExtension>
            <ns3:atemp>25.0</ns3:atemp>
            <ns3:cad>0</ns3:cad>
          </ns3:TrackPointExtension>
        </extensions>
      </trkpt>
      <trkpt lat="43.3086486160755157470703125" lon="-109.67243562452495098114013671875">
        <ele>4029.199951171875</ele>
        <time>2017-09-04T19:26:38.000Z</time>
        <extensions>
          <ns3:TrackPointExtension>
            <ns3:atemp>25.0</ns3:atemp>
            <ns3:cad>0</ns3:cad>
          </ns3:TrackPointExtension>
        </extensions>
      </trkpt>
      <trkpt lat="43.30864182673394680023193359375" lon="-109.6724509634077548980712890625">
        <ele>4030.199951171875</ele>
        <time>2017-09-04T19:26:51.000Z</time>
        <extensions>
          <ns3:TrackPointExtension>
            <ns3:atemp>24.0</ns3:atemp>
            <ns3:cad>0</ns3:cad>
          </ns3:TrackPointExtension>
        </extensions>
      </trkpt>
      <trkpt lat="43.30864928662776947021484375" lon="-109.67245155014097690582275390625">
        <ele>4030.199951171875</ele>
        <time>2017-09-04T19:26:58.000Z</time>
        <extensions>
          <ns3:TrackPointExtension>
            <ns3:atemp>24.0</ns3:atemp>
            <ns3:cad>61</ns3:cad>
          </ns3:TrackPointExtension>
        </extensions>
      </trkpt>
      <trkpt lat="43.30864819698035717010498046875" lon="-109.67245104722678661346435546875">
        <ele>4029</ele>
        <time>2017-09-04T19:27:04.000Z</time>
        <extensions>
          <ns3:TrackPointExtension>
            <ns3:atemp>24.0</ns3:atemp>
            <ns3:cad>0</ns3:cad>
          </ns3:TrackPointExtension>
        </extensions>
      </trkpt>
      <trkpt lat="43.308703601360321044921875" lon="-109.6724382229149341583251953125">
        <ele>4030.39990234375</ele>
        <time>2017-09-04T19:27:15.000Z</time>
        <extensions>
          <ns3:TrackPointExtension>
            <ns3:atemp>24.0</ns3:atemp>
            <ns3:cad>0</ns3:cad>
          </ns3:TrackPointExtension>
        </extensions>
      </trkpt>
      <trkpt lat="43.30871290527284145355224609375" lon="-109.67243663035333156585693359375">
        <ele>4031.60009765625</ele>
        <time>2017-09-04T19:27:18.000Z</time>
        <extensions>
          <ns3:TrackPointExtension>
            <ns3:atemp>24.0</ns3:atemp>
            <ns3:cad>0</ns3:cad>
          </ns3:TrackPointExtension>
        </extensions>
      </trkpt>
      <trkpt lat="43.30875531770288944244384765625" lon="-109.67244199477136135101318359375">
        <ele>4031.60009765625</ele>
        <time>2017-09-04T19:27:46.000Z</time>
        <extensions>
          <ns3:TrackPointExtension>
            <ns3:atemp>23.0</ns3:atemp>
            <ns3:cad>0</ns3:cad>
          </ns3:TrackPointExtension>
        </extensions>
      </trkpt>
      <trkpt lat="43.30875531770288944244384765625" lon="-109.67245792038738727569580078125">
        <ele>4029</ele>
        <time>2017-09-04T19:28:07.000Z</time>
        <extensions>
          <ns3:TrackPointExtension>
            <ns3:atemp>23.0</ns3:atemp>
            <ns3:cad>0</ns3:cad>
          </ns3:TrackPointExtension>
        </extensions>
      </trkpt>
      <trkpt lat="43.3087785355746746063232421875" lon="-109.672500081360340118408203125">
        <ele>4032.199951171875</ele>
        <time>2017-09-04T19:29:08.000Z</time>
        <extensions>
          <ns3:TrackPointExtension>
            <ns3:atemp>24.0</ns3:atemp>
            <ns3:cad>61</ns3:cad>
          </ns3:TrackPointExtension>
        </extensions>
      </trkpt>
      <trkpt lat="43.3087792061269283294677734375" lon="-109.672477953135967254638671875">
        <ele>4031</ele>
        <time>2017-09-04T19:29:12.000Z</time>
        <extensions>
          <ns3:TrackPointExtension>
            <ns3:atemp>24.0</ns3:atemp>
            <ns3:cad>61</ns3:cad>
          </ns3:TrackPointExtension>
        </extensions>
      </trkpt>
      <trkpt lat="43.3087684772908687591552734375" lon="-109.67249731533229351043701171875">
        <ele>4032.199951171875</ele>
        <time>2017-09-04T19:30:25.000Z</time>
        <extensions>
          <ns3:TrackPointExtension>
            <ns3:atemp>24.0</ns3:atemp>
            <ns3:cad>0</ns3:cad>
          </ns3:TrackPointExtension>
        </extensions>
      </trkpt>
      <trkpt lat="43.3087510429322719573974609375" lon="-109.672377370297908782958984375">
        <ele>4033.199951171875</ele>
        <time>2017-09-04T19:31:02.000Z</time>
        <extensions>
          <ns3:TrackPointExtension>
            <ns3:atemp>24.0</ns3:atemp>
            <ns3:cad>0</ns3:cad>
          </ns3:TrackPointExtension>
        </extensions>
      </trkpt>
      <trkpt lat="43.30874945037066936492919921875" lon="-109.6723601035773754119873046875">
        <ele>4033.199951171875</ele>
        <time>2017-09-04T19:31:04.000Z</time>
        <extensions>
          <ns3:TrackPointExtension>
            <ns3:atemp>24.0</ns3:atemp>
            <ns3:cad>0</ns3:cad>
          </ns3:TrackPointExtension>
        </extensions>
      </trkpt>
      <trkpt lat="43.3087678067386150360107421875" lon="-109.67231936752796173095703125">
        <ele>4034.39990234375</ele>
        <time>2017-09-04T19:31:10.000Z</time>
        <extensions>
          <ns3:TrackPointExtension>
            <ns3:atemp>24.0</ns3:atemp>
            <ns3:cad>0</ns3:cad>
          </ns3:TrackPointExtension>
        </extensions>
      </trkpt>
      <trkpt lat="43.3087728358805179595947265625" lon="-109.672280140221118927001953125">
        <ele>4035.39990234375</ele>
        <time>2017-09-04T19:31:16.000Z</time>
        <extensions>
          <ns3:TrackPointExtension>
            <ns3:atemp>24.0</ns3:atemp>
            <ns3:cad>69</ns3:cad>
          </ns3:TrackPointExtension>
        </extensions>
      </trkpt>
      <trkpt lat="43.30876059830188751220703125" lon="-109.6722229756414890289306640625">
        <ele>4036.60009765625</ele>
        <time>2017-09-04T19:31:22.000Z</time>
        <extensions>
          <ns3:TrackPointExtension>
            <ns3:atemp>24.0</ns3:atemp>
            <ns3:cad>0</ns3:cad>
          </ns3:TrackPointExtension>
        </extensions>
      </trkpt>
      <trkpt lat="43.3087849058210849761962890625" lon="-109.672232531011104583740234375">
        <ele>4037.800048828125</ele>
        <time>2017-09-04T19:31:32.000Z</time>
        <extensions>
          <ns3:TrackPointExtension>
            <ns3:atemp>24.0</ns3:atemp>
            <ns3:cad>0</ns3:cad>
          </ns3:TrackPointExtension>
        </extensions>
      </trkpt>
      <trkpt lat="43.3087849058210849761962890625" lon="-109.67223144136369228363037109375">
        <ele>4038.800048828125</ele>
        <time>2017-09-04T19:31:38.000Z</time>
        <extensions>
          <ns3:TrackPointExtension>
            <ns3:atemp>24.0</ns3:atemp>
            <ns3:cad>0</ns3:cad>
          </ns3:TrackPointExtension>
        </extensions>
      </trkpt>
      <trkpt lat="43.3087889291346073150634765625" lon="-109.67216908000409603118896484375">
        <ele>4040.199951171875</ele>
        <time>2017-09-04T19:31:49.000Z</time>
        <extensions>
          <ns3:TrackPointExtension>
            <ns3:atemp>24.0</ns3:atemp>
            <ns3:cad>0</ns3:cad>
          </ns3:TrackPointExtension>
        </extensions>
      </trkpt>
      <trkpt lat="43.30880007706582546234130859375" lon="-109.6721445210278034210205078125">
        <ele>4041.199951171875</ele>
        <time>2017-09-04T19:31:55.000Z</time>
        <extensions>
          <ns3:TrackPointExtension>
            <ns3:atemp>24.0</ns3:atemp>
            <ns3:cad>61</ns3:cad>
          </ns3:TrackPointExtension>
        </extensions>
      </trkpt>
      <trkpt lat="43.30881801433861255645751953125" lon="-109.67211727984249591827392578125">
        <ele>4042.199951171875</ele>
        <time>2017-09-04T19:32:00.000Z</time>
        <extensions>
          <ns3:TrackPointExtension>
            <ns3:atemp>24.0</ns3:atemp>
            <ns3:cad>0</ns3:cad>
          </ns3:TrackPointExtension>
        </extensions>
      </trkpt>
      <trkpt lat="43.3088363707065582275390625" lon="-109.672099091112613677978515625">
        <ele>4043.199951171875</ele>
        <time>2017-09-04T19:32:05.000Z</time>
        <extensions>
          <ns3:TrackPointExtension>
            <ns3:atemp>24.0</ns3:atemp>
            <ns3:cad>0</ns3:cad>
          </ns3:TrackPointExtension>
        </extensions>
      </trkpt>
      <trkpt lat="43.30887970514595508575439453125" lon="-109.67207394540309906005859375">
        <ele>4044.199951171875</ele>
        <time>2017-09-04T19:32:15.000Z</time>
        <extensions>
          <ns3:TrackPointExtension>
            <ns3:atemp>24.0</ns3:atemp>
            <ns3:cad>61</ns3:cad>
          </ns3:TrackPointExtension>
        </extensions>
      </trkpt>
      <trkpt lat="43.3088918589055538177490234375" lon="-109.67206631787121295928955078125">
        <ele>4045.39990234375</ele>
        <time>2017-09-04T19:32:18.000Z</time>
        <extensions>
          <ns3:TrackPointExtension>
            <ns3:atemp>24.0</ns3:atemp>
            <ns3:cad>0</ns3:cad>
          </ns3:TrackPointExtension>
        </extensions>
      </trkpt>
      <trkpt lat="43.30889881588518619537353515625" lon="-109.6720544993877410888671875">
        <ele>4046.60009765625</ele>
        <time>2017-09-04T19:32:26.000Z</time>
        <extensions>
          <ns3:TrackPointExtension>
            <ns3:atemp>25.0</ns3:atemp>
            <ns3:cad>0</ns3:cad>
          </ns3:TrackPointExtension>
        </extensions>
      </trkpt>
      <trkpt lat="43.30886914394795894622802734375" lon="-109.67203714884817600250244140625">
        <ele>4047.800048828125</ele>
        <time>2017-09-04T19:33:46.000Z</time>
        <extensions>
          <ns3:TrackPointExtension>
            <ns3:atemp>25.0</ns3:atemp>
            <ns3:cad>0</ns3:cad>
          </ns3:TrackPointExtension>
        </extensions>
      </trkpt>
      <trkpt lat="43.30890401266515254974365234375" lon="-109.67203781940042972564697265625">
        <ele>4046.800048828125</ele>
        <time>2017-09-04T19:34:33.000Z</time>
        <extensions>
          <ns3:TrackPointExtension>
            <ns3:atemp>25.0</ns3:atemp>
            <ns3:cad>61</ns3:cad>
          </ns3:TrackPointExtension>
        </extensions>
      </trkpt>
      <trkpt lat="43.30893904902040958404541015625" lon="-109.6721327863633632659912109375">
        <ele>4047</ele>
        <time>2017-09-04T19:34:48.000Z</time>
        <extensions>
          <ns3:TrackPointExtension>
            <ns3:atemp>25.0</ns3:atemp>
            <ns3:cad>0</ns3:cad>
          </ns3:TrackPointExtension>
        </extensions>
      </trkpt>
      <trkpt lat="43.30894860439002513885498046875" lon="-109.67214309610426425933837890625">
        <ele>4045.39990234375</ele>
        <time>2017-09-04T19:34:51.000Z</time>
        <extensions>
          <ns3:TrackPointExtension>
            <ns3:atemp>25.0</ns3:atemp>
            <ns3:cad>68</ns3:cad>
          </ns3:TrackPointExtension>
        </extensions>
      </trkpt>
      <trkpt lat="43.3089651167392730712890625" lon="-109.67217385768890380859375">
        <ele>4044.39990234375</ele>
        <time>2017-09-04T19:34:57.000Z</time>
        <extensions>
          <ns3:TrackPointExtension>
            <ns3:atemp>25.0</ns3:atemp>
            <ns3:cad>0</ns3:cad>
          </ns3:TrackPointExtension>
        </extensions>
      </trkpt>
      <trkpt lat="43.3089327625930309295654296875" lon="-109.67218919657170772552490234375">
        <ele>4043.199951171875</ele>
        <time>2017-09-04T19:35:09.000Z</time>
        <extensions>
          <ns3:TrackPointExtension>
            <ns3:atemp>25.0</ns3:atemp>
            <ns3:cad>0</ns3:cad>
          </ns3:TrackPointExtension>
        </extensions>
      </trkpt>
      <trkpt lat="43.30892697907984256744384765625" lon="-109.67218902893364429473876953125">
        <ele>4042</ele>
        <time>2017-09-04T19:35:13.000Z</time>
        <extensions>
          <ns3:TrackPointExtension>
            <ns3:atemp>25.0</ns3:atemp>
            <ns3:cad>0</ns3:cad>
          </ns3:TrackPointExtension>
        </extensions>
      </trkpt>
      <trkpt lat="43.30885581672191619873046875" lon="-109.672225825488567352294921875">
        <ele>4041</ele>
        <time>2017-09-04T19:35:29.000Z</time>
        <extensions>
          <ns3:TrackPointExtension>
            <ns3:atemp>25.0</ns3:atemp>
            <ns3:cad>61</ns3:cad>
          </ns3:TrackPointExtension>
        </extensions>
      </trkpt>
      <trkpt lat="43.30880477093160152435302734375" lon="-109.67225088737905025482177734375">
        <ele>4039.800048828125</ele>
        <time>2017-09-04T19:35:40.000Z</time>
        <extensions>
          <ns3:TrackPointExtension>
            <ns3:atemp>25.0</ns3:atemp>
            <ns3:cad>0</ns3:cad>
          </ns3:TrackPointExtension>
        </extensions>
      </trkpt>
      <trkpt lat="43.30880845896899700164794921875" lon="-109.67230570502579212188720703125">
        <ele>4038.800048828125</ele>
        <time>2017-09-04T19:35:53.000Z</time>
        <extensions>
          <ns3:TrackPointExtension>
            <ns3:atemp>25.0</ns3:atemp>
            <ns3:cad>0</ns3:cad>
          </ns3:TrackPointExtension>
        </extensions>
      </trkpt>
      <trkpt lat="43.30881516449153423309326171875" lon="-109.672325067222118377685546875">
        <ele>4037.800048828125</ele>
        <time>2017-09-04T19:35:57.000Z</time>
        <extensions>
          <ns3:TrackPointExtension>
            <ns3:atemp>25.0</ns3:atemp>
            <ns3:cad>0</ns3:cad>
          </ns3:TrackPointExtension>
        </extensions>
      </trkpt>
      <trkpt lat="43.3087919466197490692138671875" lon="-109.672357253730297088623046875">
        <ele>4036.39990234375</ele>
        <time>2017-09-04T19:36:03.000Z</time>
        <extensions>
          <ns3:TrackPointExtension>
            <ns3:atemp>25.0</ns3:atemp>
            <ns3:cad>58</ns3:cad>
          </ns3:TrackPointExtension>
        </extensions>
      </trkpt>
      <trkpt lat="43.30875213257968425750732421875" lon="-109.672416262328624725341796875">
        <ele>4035.39990234375</ele>
        <time>2017-09-04T19:36:23.000Z</time>
        <extensions>
          <ns3:TrackPointExtension>
            <ns3:atemp>25.0</ns3:atemp>
            <ns3:cad>64</ns3:cad>
          </ns3:TrackPointExtension>
        </extensions>
      </trkpt>
      <trkpt lat="43.308744169771671295166015625" lon="-109.672480635344982147216796875">
        <ele>4034</ele>
        <time>2017-09-04T19:36:32.000Z</time>
        <extensions>
          <ns3:TrackPointExtension>
            <ns3:atemp>25.0</ns3:atemp>
            <ns3:cad>0</ns3:cad>
          </ns3:TrackPointExtension>
        </extensions>
      </trkpt>
      <trkpt lat="43.3087416552007198333740234375" lon="-109.67248641885817050933837890625">
        <ele>4032.39990234375</ele>
        <time>2017-09-04T19:36:34.000Z</time>
        <extensions>
          <ns3:TrackPointExtension>
            <ns3:atemp>25.0</ns3:atemp>
            <ns3:cad>0</ns3:cad>
          </ns3:TrackPointExtension>
        </extensions>
      </trkpt>
      <trkpt lat="43.3087319321930408477783203125" lon="-109.67250167392194271087646484375">
        <ele>4031.39990234375</ele>
        <time>2017-09-04T19:36:47.000Z</time>
        <extensions>
          <ns3:TrackPointExtension>
            <ns3:atemp>25.0</ns3:atemp>
            <ns3:cad>0</ns3:cad>
          </ns3:TrackPointExtension>
        </extensions>
      </trkpt>
      <trkpt lat="43.3087359555065631866455078125" lon="-109.67250988818705081939697265625">
        <ele>4032.60009765625</ele>
        <time>2017-09-04T19:37:01.000Z</time>
        <extensions>
          <ns3:TrackPointExtension>
            <ns3:atemp>25.0</ns3:atemp>
            <ns3:cad>0</ns3:cad>
          </ns3:TrackPointExtension>
        </extensions>
      </trkpt>
      <trkpt lat="43.308726735413074493408203125" lon="-109.6724901907145977020263671875">
        <ele>4033.60009765625</ele>
        <time>2017-09-04T19:37:08.000Z</time>
        <extensions>
          <ns3:TrackPointExtension>
            <ns3:atemp>25.0</ns3:atemp>
            <ns3:cad>61</ns3:cad>
          </ns3:TrackPointExtension>
        </extensions>
      </trkpt>
      <trkpt lat="43.3086984045803546905517578125" lon="-109.67245222069323062896728515625">
        <ele>4032.60009765625</ele>
        <time>2017-09-04T19:38:05.000Z</time>
        <extensions>
          <ns3:TrackPointExtension>
            <ns3:atemp>25.0</ns3:atemp>
            <ns3:cad>0</ns3:cad>
          </ns3:TrackPointExtension>
        </extensions>
      </trkpt>
      <trkpt lat="43.308727741241455078125" lon="-109.67248775996267795562744140625">
        <ele>4032.199951171875</ele>
        <time>2017-09-04T19:40:48.000Z</time>
        <extensions>
          <ns3:TrackPointExtension>
            <ns3:atemp>25.0</ns3:atemp>
            <ns3:cad>0</ns3:cad>
          </ns3:TrackPointExtension>
        </extensions>
      </trkpt>
      <trkpt lat="43.30871894024312496185302734375" lon="-109.67249630950391292572021484375">
        <ele>4033.60009765625</ele>
        <time>2017-09-04T19:42:12.000Z</time>
        <extensions>
          <ns3:TrackPointExtension>
            <ns3:atemp>25.0</ns3:atemp>
            <ns3:cad>0</ns3:cad>
          </ns3:TrackPointExtension>
        </extensions>
      </trkpt>
      <trkpt lat="43.3087235502898693084716796875" lon="-109.67249446548521518707275390625">
        <ele>4032.39990234375</ele>
        <time>2017-09-04T19:42:13.000Z</time>
        <extensions>
          <ns3:TrackPointExtension>
            <ns3:atemp>25.0</ns3:atemp>
            <ns3:cad>0</ns3:cad>
          </ns3:TrackPointExtension>
        </extensions>
      </trkpt>
      <trkpt lat="43.3087554015219211578369140625" lon="-109.67248591594398021697998046875">
        <ele>4032.39990234375</ele>
        <time>2017-09-04T19:42:16.000Z</time>
        <extensions>
          <ns3:TrackPointExtension>
            <ns3:atemp>24.0</ns3:atemp>
            <ns3:cad>0</ns3:cad>
          </ns3:TrackPointExtension>
        </extensions>
      </trkpt>
      <trkpt lat="43.308775015175342559814453125" lon="-109.67248977161943912506103515625">
        <ele>4032.39990234375</ele>
        <time>2017-09-04T19:42:18.000Z</time>
        <extensions>
          <ns3:TrackPointExtension>
            <ns3:atemp>24.0</ns3:atemp>
            <ns3:cad>61</ns3:cad>
          </ns3:TrackPointExtension>
        </extensions>
      </trkpt>
      <trkpt lat="43.30883762799203395843505859375" lon="-109.6725153364241123199462890625">
        <ele>4032.60009765625</ele>
        <time>2017-09-04T19:42:28.000Z</time>
        <extensions>
          <ns3:TrackPointExtension>
            <ns3:atemp>24.0</ns3:atemp>
            <ns3:cad>63</ns3:cad>
          </ns3:TrackPointExtension>
        </extensions>
      </trkpt>
      <trkpt lat="43.30885472707450389862060546875" lon="-109.67251843772828578948974609375">
        <ele>4033</ele>
        <time>2017-09-04T19:42:30.000Z</time>
        <extensions>
          <ns3:TrackPointExtension>
            <ns3:atemp>24.0</ns3:atemp>
            <ns3:cad>63</ns3:cad>
          </ns3:TrackPointExtension>
        </extensions>
      </trkpt>
      <trkpt lat="43.308875598013401031494140625" lon="-109.6725082956254482269287109375">
        <ele>4033.800048828125</ele>
        <time>2017-09-04T19:42:38.000Z</time>
        <extensions>
          <ns3:TrackPointExtension>
            <ns3:atemp>24.0</ns3:atemp>
            <ns3:cad>0</ns3:cad>
          </ns3:TrackPointExtension>
        </extensions>
      </trkpt>
      <trkpt lat="43.308930583298206329345703125" lon="-109.672559760510921478271484375">
        <ele>4033.800048828125</ele>
        <time>2017-09-04T19:42:45.000Z</time>
        <extensions>
          <ns3:TrackPointExtension>
            <ns3:atemp>24.0</ns3:atemp>
            <ns3:cad>61</ns3:cad>
          </ns3:TrackPointExtension>
        </extensions>
      </trkpt>
      <trkpt lat="43.3089676313102245330810546875" lon="-109.672657661139965057373046875">
        <ele>4032.60009765625</ele>
        <time>2017-09-04T19:43:05.000Z</time>
        <extensions>
          <ns3:TrackPointExtension>
            <ns3:atemp>24.0</ns3:atemp>
            <ns3:cad>0</ns3:cad>
          </ns3:TrackPointExtension>
        </extensions>
      </trkpt>
      <trkpt lat="43.3089746721088886260986328125" lon="-109.67266269028186798095703125">
        <ele>4032.39990234375</ele>
        <time>2017-09-04T19:43:06.000Z</time>
        <extensions>
          <ns3:TrackPointExtension>
            <ns3:atemp>24.0</ns3:atemp>
            <ns3:cad>0</ns3:cad>
          </ns3:TrackPointExtension>
        </extensions>
      </trkpt>
      <trkpt lat="43.30900141038000583648681640625" lon="-109.67267886735498905181884765625">
        <ele>4031.39990234375</ele>
        <time>2017-09-04T19:43:09.000Z</time>
        <extensions>
          <ns3:TrackPointExtension>
            <ns3:atemp>24.0</ns3:atemp>
            <ns3:cad>0</ns3:cad>
          </ns3:TrackPointExtension>
        </extensions>
      </trkpt>
      <trkpt lat="43.30901079811155796051025390625" lon="-109.67268808744847774505615234375">
        <ele>4031.199951171875</ele>
        <time>2017-09-04T19:43:10.000Z</time>
        <extensions>
          <ns3:TrackPointExtension>
            <ns3:atemp>24.0</ns3:atemp>
            <ns3:cad>0</ns3:cad>
          </ns3:TrackPointExtension>
        </extensions>
      </trkpt>
      <trkpt lat="43.30905639566481113433837890625" lon="-109.67273754067718982696533203125">
        <ele>4031.199951171875</ele>
        <time>2017-09-04T19:43:16.000Z</time>
        <extensions>
          <ns3:TrackPointExtension>
            <ns3:atemp>24.0</ns3:atemp>
            <ns3:cad>0</ns3:cad>
          </ns3:TrackPointExtension>
        </extensions>
      </trkpt>
      <trkpt lat="43.30907349474728107452392578125" lon="-109.67273100279271602630615234375">
        <ele>4031</ele>
        <time>2017-09-04T19:43:19.000Z</time>
        <extensions>
          <ns3:TrackPointExtension>
            <ns3:atemp>24.0</ns3:atemp>
            <ns3:cad>0</ns3:cad>
          </ns3:TrackPointExtension>
        </extensions>
      </trkpt>
      <trkpt lat="43.3091448247432708740234375" lon="-109.6727574057877063751220703125">
        <ele>4032.39990234375</ele>
        <time>2017-09-04T19:43:34.000Z</time>
        <extensions>
          <ns3:TrackPointExtension>
            <ns3:atemp>24.0</ns3:atemp>
            <ns3:cad>0</ns3:cad>
          </ns3:TrackPointExtension>
        </extensions>
      </trkpt>
      <trkpt lat="43.3092335052788257598876953125" lon="-109.6728214435279369354248046875">
        <ele>4033</ele>
        <time>2017-09-04T19:43:49.000Z</time>
        <extensions>
          <ns3:TrackPointExtension>
            <ns3:atemp>24.0</ns3:atemp>
            <ns3:cad>61</ns3:cad>
          </ns3:TrackPointExtension>
        </extensions>
      </trkpt>
      <trkpt lat="43.3092455752193927764892578125" lon="-109.672804512083530426025390625">
        <ele>4032.60009765625</ele>
        <time>2017-09-04T19:43:51.000Z</time>
        <extensions>
          <ns3:TrackPointExtension>
            <ns3:atemp>24.0</ns3:atemp>
            <ns3:cad>61</ns3:cad>
          </ns3:TrackPointExtension>
        </extensions>
      </trkpt>
      <trkpt lat="43.30927683971822261810302734375" lon="-109.672811217606067657470703125">
        <ele>4031.199951171875</ele>
        <time>2017-09-04T19:43:56.000Z</time>
        <extensions>
          <ns3:TrackPointExtension>
            <ns3:atemp>24.0</ns3:atemp>
            <ns3:cad>61</ns3:cad>
          </ns3:TrackPointExtension>
        </extensions>
      </trkpt>
      <trkpt lat="43.3093293942511081695556640625" lon="-109.67282337136566638946533203125">
        <ele>4030.199951171875</ele>
        <time>2017-09-04T19:44:02.000Z</time>
        <extensions>
          <ns3:TrackPointExtension>
            <ns3:atemp>24.0</ns3:atemp>
            <ns3:cad>0</ns3:cad>
          </ns3:TrackPointExtension>
        </extensions>
      </trkpt>
      <trkpt lat="43.30934221856296062469482421875" lon="-109.672815911471843719482421875">
        <ele>4031.199951171875</ele>
        <time>2017-09-04T19:44:06.000Z</time>
        <extensions>
          <ns3:TrackPointExtension>
            <ns3:atemp>24.0</ns3:atemp>
            <ns3:cad>0</ns3:cad>
          </ns3:TrackPointExtension>
        </extensions>
      </trkpt>
      <trkpt lat="43.3093728125095367431640625" lon="-109.6728231199085712432861328125">
        <ele>4029.800048828125</ele>
        <time>2017-09-04T19:44:11.000Z</time>
        <extensions>
          <ns3:TrackPointExtension>
            <ns3:atemp>24.0</ns3:atemp>
            <ns3:cad>61</ns3:cad>
          </ns3:TrackPointExtension>
        </extensions>
      </trkpt>
      <trkpt lat="43.309438861906528472900390625" lon="-109.67289646156132221221923828125">
        <ele>4030.800048828125</ele>
        <time>2017-09-04T19:44:25.000Z</time>
        <extensions>
          <ns3:TrackPointExtension>
            <ns3:atemp>23.0</ns3:atemp>
            <ns3:cad>0</ns3:cad>
          </ns3:TrackPointExtension>
        </extensions>
      </trkpt>
      <trkpt lat="43.3094648458063602447509765625" lon="-109.6729049272835254669189453125">
        <ele>4029.60009765625</ele>
        <time>2017-09-04T19:44:29.000Z</time>
        <extensions>
          <ns3:TrackPointExtension>
            <ns3:atemp>23.0</ns3:atemp>
            <ns3:cad>0</ns3:cad>
          </ns3:TrackPointExtension>
        </extensions>
      </trkpt>
      <trkpt lat="43.30953449942171573638916015625" lon="-109.67291523702442646026611328125">
        <ele>4028.800048828125</ele>
        <time>2017-09-04T19:44:36.000Z</time>
        <extensions>
          <ns3:TrackPointExtension>
            <ns3:atemp>23.0</ns3:atemp>
            <ns3:cad>0</ns3:cad>
          </ns3:TrackPointExtension>
        </extensions>
      </trkpt>
      <trkpt lat="43.30959384329617023468017578125" lon="-109.67293719761073589324951171875">
        <ele>4029.39990234375</ele>
        <time>2017-09-04T19:44:44.000Z</time>
        <extensions>
          <ns3:TrackPointExtension>
            <ns3:atemp>23.0</ns3:atemp>
            <ns3:cad>45</ns3:cad>
          </ns3:TrackPointExtension>
        </extensions>
      </trkpt>
      <trkpt lat="43.3097669295966625213623046875" lon="-109.67295010574162006378173828125">
        <ele>4030.800048828125</ele>
        <time>2017-09-04T19:45:08.000Z</time>
        <extensions>
          <ns3:TrackPointExtension>
            <ns3:atemp>23.0</ns3:atemp>
            <ns3:cad>61</ns3:cad>
          </ns3:TrackPointExtension>
        </extensions>
      </trkpt>
      <trkpt lat="43.3097853697836399078369140625" lon="-109.67298380099236965179443359375">
        <ele>4031.800048828125</ele>
        <time>2017-09-04T19:45:16.000Z</time>
        <extensions>
          <ns3:TrackPointExtension>
            <ns3:atemp>23.0</ns3:atemp>
            <ns3:cad>0</ns3:cad>
          </ns3:TrackPointExtension>
        </extensions>
      </trkpt>
      <trkpt lat="43.3097863756120204925537109375" lon="-109.6729937754571437835693359375">
        <ele>4032</ele>
        <time>2017-09-04T19:45:17.000Z</time>
        <extensions>
          <ns3:TrackPointExtension>
            <ns3:atemp>23.0</ns3:atemp>
            <ns3:cad>0</ns3:cad>
          </ns3:TrackPointExtension>
        </extensions>
      </trkpt>
      <trkpt lat="43.30979567952454090118408203125" lon="-109.6730618365108966827392578125">
        <ele>4032.199951171875</ele>
        <time>2017-09-04T19:45:24.000Z</time>
        <extensions>
          <ns3:TrackPointExtension>
            <ns3:atemp>23.0</ns3:atemp>
            <ns3:cad>0</ns3:cad>
          </ns3:TrackPointExtension>
        </extensions>
      </trkpt>
      <trkpt lat="43.309823088347911834716796875" lon="-109.6731081046164035797119140625">
        <ele>4031</ele>
        <time>2017-09-04T19:45:30.000Z</time>
        <extensions>
          <ns3:TrackPointExtension>
            <ns3:atemp>23.0</ns3:atemp>
            <ns3:cad>0</ns3:cad>
          </ns3:TrackPointExtension>
        </extensions>
      </trkpt>
      <trkpt lat="43.309826441109180450439453125" lon="-109.67311196029186248779296875">
        <ele>4030.800048828125</ele>
        <time>2017-09-04T19:45:31.000Z</time>
        <extensions>
          <ns3:TrackPointExtension>
            <ns3:atemp>23.0</ns3:atemp>
            <ns3:cad>0</ns3:cad>
          </ns3:TrackPointExtension>
        </extensions>
      </trkpt>
      <trkpt lat="43.3098598010838031768798828125" lon="-109.67316803522408008575439453125">
        <ele>4030.800048828125</ele>
        <time>2017-09-04T19:45:37.000Z</time>
        <extensions>
          <ns3:TrackPointExtension>
            <ns3:atemp>23.0</ns3:atemp>
            <ns3:cad>0</ns3:cad>
          </ns3:TrackPointExtension>
        </extensions>
      </trkpt>
      <trkpt lat="43.30988578498363494873046875" lon="-109.67319988645613193511962890625">
        <ele>4030</ele>
        <time>2017-09-04T19:45:41.000Z</time>
        <extensions>
          <ns3:TrackPointExtension>
            <ns3:atemp>23.0</ns3:atemp>
            <ns3:cad>0</ns3:cad>
          </ns3:TrackPointExtension>
        </extensions>
      </trkpt>
      <trkpt lat="43.30989358015358448028564453125" lon="-109.67320256866514682769775390625">
        <ele>4029.60009765625</ele>
        <time>2017-09-04T19:45:42.000Z</time>
        <extensions>
          <ns3:TrackPointExtension>
            <ns3:atemp>23.0</ns3:atemp>
            <ns3:cad>0</ns3:cad>
          </ns3:TrackPointExtension>
        </extensions>
      </trkpt>
      <trkpt lat="43.3100475557148456573486328125" lon="-109.67332863248884677886962890625">
        <ele>4030.39990234375</ele>
        <time>2017-09-04T19:46:02.000Z</time>
        <extensions>
          <ns3:TrackPointExtension>
            <ns3:atemp>23.0</ns3:atemp>
            <ns3:cad>0</ns3:cad>
          </ns3:TrackPointExtension>
        </extensions>
      </trkpt>
      <trkpt lat="43.31006976775825023651123046875" lon="-109.673324860632419586181640625">
        <ele>4030.199951171875</ele>
        <time>2017-09-04T19:46:04.000Z</time>
        <extensions>
          <ns3:TrackPointExtension>
            <ns3:atemp>23.0</ns3:atemp>
            <ns3:cad>0</ns3:cad>
          </ns3:TrackPointExtension>
        </extensions>
      </trkpt>
      <trkpt lat="43.310103714466094970703125" lon="-109.67333433218300342559814453125">
        <ele>4030.60009765625</ele>
        <time>2017-09-04T19:46:08.000Z</time>
        <extensions>
          <ns3:TrackPointExtension>
            <ns3:atemp>23.0</ns3:atemp>
            <ns3:cad>0</ns3:cad>
          </ns3:TrackPointExtension>
        </extensions>
      </trkpt>
      <trkpt lat="43.310128189623355865478515625" lon="-109.67333433218300342559814453125">
        <ele>4031</ele>
        <time>2017-09-04T19:46:11.000Z</time>
        <extensions>
          <ns3:TrackPointExtension>
            <ns3:atemp>23.0</ns3:atemp>
            <ns3:cad>0</ns3:cad>
          </ns3:TrackPointExtension>
        </extensions>
      </trkpt>
      <trkpt lat="43.31016079522669315338134765625" lon="-109.67334170825779438018798828125">
        <ele>4031.39990234375</ele>
        <time>2017-09-04T19:46:15.000Z</time>
        <extensions>
          <ns3:TrackPointExtension>
            <ns3:atemp>23.0</ns3:atemp>
            <ns3:cad>61</ns3:cad>
          </ns3:TrackPointExtension>
        </extensions>
      </trkpt>
      <trkpt lat="43.31019692122936248779296875" lon="-109.6733330748975276947021484375">
        <ele>4031.60009765625</ele>
        <time>2017-09-04T19:46:19.000Z</time>
        <extensions>
          <ns3:TrackPointExtension>
            <ns3:atemp>23.0</ns3:atemp>
            <ns3:cad>61</ns3:cad>
          </ns3:TrackPointExtension>
        </extensions>
      </trkpt>
      <trkpt lat="43.310248218476772308349609375" lon="-109.67333818785846233367919921875">
        <ele>4032.199951171875</ele>
        <time>2017-09-04T19:46:24.000Z</time>
        <extensions>
          <ns3:TrackPointExtension>
            <ns3:atemp>23.0</ns3:atemp>
            <ns3:cad>61</ns3:cad>
          </ns3:TrackPointExtension>
        </extensions>
      </trkpt>
      <trkpt lat="43.3102678321301937103271484375" lon="-109.67331991530954837799072265625">
        <ele>4032.60009765625</ele>
        <time>2017-09-04T19:46:27.000Z</time>
        <extensions>
          <ns3:TrackPointExtension>
            <ns3:atemp>23.0</ns3:atemp>
            <ns3:cad>0</ns3:cad>
          </ns3:TrackPointExtension>
        </extensions>
      </trkpt>
      <trkpt lat="43.310276381671428680419921875" lon="-109.67331773601472377777099609375">
        <ele>4032.60009765625</ele>
        <time>2017-09-04T19:46:28.000Z</time>
        <extensions>
          <ns3:TrackPointExtension>
            <ns3:atemp>23.0</ns3:atemp>
            <ns3:cad>0</ns3:cad>
          </ns3:TrackPointExtension>
        </extensions>
      </trkpt>
      <trkpt lat="43.3103130944073200225830078125" lon="-109.67330968938767910003662109375">
        <ele>4033.199951171875</ele>
        <time>2017-09-04T19:46:33.000Z</time>
        <extensions>
          <ns3:TrackPointExtension>
            <ns3:atemp>23.0</ns3:atemp>
            <ns3:cad>61</ns3:cad>
          </ns3:TrackPointExtension>
        </extensions>
      </trkpt>
      <trkpt lat="43.31032440997660160064697265625" lon="-109.673293344676494598388671875">
        <ele>4033.199951171875</ele>
        <time>2017-09-04T19:46:35.000Z</time>
        <extensions>
          <ns3:TrackPointExtension>
            <ns3:atemp>23.0</ns3:atemp>
            <ns3:cad>61</ns3:cad>
          </ns3:TrackPointExtension>
        </extensions>
      </trkpt>
      <trkpt lat="43.310346789658069610595703125" lon="-109.67327079735696315765380859375">
        <ele>4032.800048828125</ele>
        <time>2017-09-04T19:46:39.000Z</time>
        <extensions>
          <ns3:TrackPointExtension>
            <ns3:atemp>23.0</ns3:atemp>
            <ns3:cad>44</ns3:cad>
          </ns3:TrackPointExtension>
        </extensions>
      </trkpt>
      <trkpt lat="43.31039263866841793060302734375" lon="-109.67322654090821743011474609375">
        <ele>4033.199951171875</ele>
        <time>2017-09-04T19:46:47.000Z</time>
        <extensions>
          <ns3:TrackPointExtension>
            <ns3:atemp>23.0</ns3:atemp>
            <ns3:cad>0</ns3:cad>
          </ns3:TrackPointExtension>
        </extensions>
      </trkpt>
      <trkpt lat="43.31040454097092151641845703125" lon="-109.67321665026247501373291015625">
        <ele>4033.39990234375</ele>
        <time>2017-09-04T19:46:49.000Z</time>
        <extensions>
          <ns3:TrackPointExtension>
            <ns3:atemp>23.0</ns3:atemp>
            <ns3:cad>0</ns3:cad>
          </ns3:TrackPointExtension>
        </extensions>
      </trkpt>
      <trkpt lat="43.310437984764575958251953125" lon="-109.6731838770210742950439453125">
        <ele>4032.800048828125</ele>
        <time>2017-09-04T19:46:54.000Z</time>
        <extensions>
          <ns3:TrackPointExtension>
            <ns3:atemp>23.0</ns3:atemp>
            <ns3:cad>0</ns3:cad>
          </ns3:TrackPointExtension>
        </extensions>
      </trkpt>
      <trkpt lat="43.31046572886407375335693359375" lon="-109.673158228397369384765625">
        <ele>4032.800048828125</ele>
        <time>2017-09-04T19:46:58.000Z</time>
        <extensions>
          <ns3:TrackPointExtension>
            <ns3:atemp>23.0</ns3:atemp>
            <ns3:cad>0</ns3:cad>
          </ns3:TrackPointExtension>
        </extensions>
      </trkpt>
      <trkpt lat="43.3104777149856090545654296875" lon="-109.6731573902070522308349609375">
        <ele>4033</ele>
        <time>2017-09-04T19:47:00.000Z</time>
        <extensions>
          <ns3:TrackPointExtension>
            <ns3:atemp>23.0</ns3:atemp>
            <ns3:cad>0</ns3:cad>
          </ns3:TrackPointExtension>
        </extensions>
      </trkpt>
      <trkpt lat="43.3105427585542201995849609375" lon="-109.6731822006404399871826171875">
        <ele>4031.60009765625</ele>
        <time>2017-09-04T19:47:10.000Z</time>
        <extensions>
          <ns3:TrackPointExtension>
            <ns3:atemp>23.0</ns3:atemp>
            <ns3:cad>61</ns3:cad>
          </ns3:TrackPointExtension>
        </extensions>
      </trkpt>
      <trkpt lat="43.3107063733041286468505859375" lon="-109.6731091104447841644287109375">
        <ele>4031.800048828125</ele>
        <time>2017-09-04T19:47:36.000Z</time>
        <extensions>
          <ns3:TrackPointExtension>
            <ns3:atemp>23.0</ns3:atemp>
            <ns3:cad>0</ns3:cad>
          </ns3:TrackPointExtension>
        </extensions>
      </trkpt>
      <trkpt lat="43.31078491173684597015380859375" lon="-109.67307633720338344573974609375">
        <ele>4030.60009765625</ele>
        <time>2017-09-04T19:47:46.000Z</time>
        <extensions>
          <ns3:TrackPointExtension>
            <ns3:atemp>23.0</ns3:atemp>
            <ns3:cad>40</ns3:cad>
          </ns3:TrackPointExtension>
        </extensions>
      </trkpt>
      <trkpt lat="43.3107917010784149169921875" lon="-109.6730735711753368377685546875">
        <ele>4030.60009765625</ele>
        <time>2017-09-04T19:47:47.000Z</time>
        <extensions>
          <ns3:TrackPointExtension>
            <ns3:atemp>23.0</ns3:atemp>
            <ns3:cad>40</ns3:cad>
          </ns3:TrackPointExtension>
        </extensions>
      </trkpt>
      <trkpt lat="43.31079580821096897125244140625" lon="-109.6730648539960384368896484375">
        <ele>4030.60009765625</ele>
        <time>2017-09-04T19:47:48.000Z</time>
        <extensions>
          <ns3:TrackPointExtension>
            <ns3:atemp>23.0</ns3:atemp>
            <ns3:cad>0</ns3:cad>
          </ns3:TrackPointExtension>
        </extensions>
      </trkpt>
      <trkpt lat="43.31080502830445766448974609375" lon="-109.67301540076732635498046875">
        <ele>4030.39990234375</ele>
        <time>2017-09-04T19:47:52.000Z</time>
        <extensions>
          <ns3:TrackPointExtension>
            <ns3:atemp>23.0</ns3:atemp>
            <ns3:cad>0</ns3:cad>
          </ns3:TrackPointExtension>
        </extensions>
      </trkpt>
      <trkpt lat="43.3108264021575450897216796875" lon="-109.6730085276067256927490234375">
        <ele>4030.39990234375</ele>
        <time>2017-09-04T19:47:55.000Z</time>
        <extensions>
          <ns3:TrackPointExtension>
            <ns3:atemp>23.0</ns3:atemp>
            <ns3:cad>47</ns3:cad>
          </ns3:TrackPointExtension>
        </extensions>
      </trkpt>
      <trkpt lat="43.31093193031847476959228515625" lon="-109.672961421310901641845703125">
        <ele>4029.60009765625</ele>
        <time>2017-09-04T19:48:09.000Z</time>
        <extensions>
          <ns3:TrackPointExtension>
            <ns3:atemp>23.0</ns3:atemp>
            <ns3:cad>0</ns3:cad>
          </ns3:TrackPointExtension>
        </extensions>
      </trkpt>
      <trkpt lat="43.31093997694551944732666015625" lon="-109.67295345850288867950439453125">
        <ele>4029.60009765625</ele>
        <time>2017-09-04T19:48:10.000Z</time>
        <extensions>
          <ns3:TrackPointExtension>
            <ns3:atemp>23.0</ns3:atemp>
            <ns3:cad>0</ns3:cad>
          </ns3:TrackPointExtension>
        </extensions>
      </trkpt>
      <trkpt lat="43.310954309999942779541015625" lon="-109.6729471720755100250244140625">
        <ele>4029.60009765625</ele>
        <time>2017-09-04T19:48:12.000Z</time>
        <extensions>
          <ns3:TrackPointExtension>
            <ns3:atemp>23.0</ns3:atemp>
            <ns3:cad>0</ns3:cad>
          </ns3:TrackPointExtension>
        </extensions>
      </trkpt>
      <trkpt lat="43.3110128156840801239013671875" lon="-109.67294138856232166290283203125">
        <ele>4029</ele>
        <time>2017-09-04T19:48:19.000Z</time>
        <extensions>
          <ns3:TrackPointExtension>
            <ns3:atemp>23.0</ns3:atemp>
            <ns3:cad>0</ns3:cad>
          </ns3:TrackPointExtension>
        </extensions>
      </trkpt>
      <trkpt lat="43.31111532635986804962158203125" lon="-109.67289562337100505828857421875">
        <ele>4028.39990234375</ele>
        <time>2017-09-04T19:48:30.000Z</time>
        <extensions>
          <ns3:TrackPointExtension>
            <ns3:atemp>23.0</ns3:atemp>
            <ns3:cad>0</ns3:cad>
          </ns3:TrackPointExtension>
        </extensions>
      </trkpt>
      <trkpt lat="43.31113007850944995880126953125" lon="-109.67289344407618045806884765625">
        <ele>4027.800048828125</ele>
        <time>2017-09-04T19:48:32.000Z</time>
        <extensions>
          <ns3:TrackPointExtension>
            <ns3:atemp>23.0</ns3:atemp>
            <ns3:cad>0</ns3:cad>
          </ns3:TrackPointExtension>
        </extensions>
      </trkpt>
      <trkpt lat="43.31114617176353931427001953125" lon="-109.6728791110217571258544921875">
        <ele>4027.199951171875</ele>
        <time>2017-09-04T19:48:34.000Z</time>
        <extensions>
          <ns3:TrackPointExtension>
            <ns3:atemp>23.0</ns3:atemp>
            <ns3:cad>0</ns3:cad>
          </ns3:TrackPointExtension>
        </extensions>
      </trkpt>
      <trkpt lat="43.31119109876453876495361328125" lon="-109.67283359728753566741943359375">
        <ele>4026.39990234375</ele>
        <time>2017-09-04T19:48:39.000Z</time>
        <extensions>
          <ns3:TrackPointExtension>
            <ns3:atemp>23.0</ns3:atemp>
            <ns3:cad>40</ns3:cad>
          </ns3:TrackPointExtension>
        </extensions>
      </trkpt>
      <trkpt lat="43.3112055994570255279541015625" lon="-109.67281616292893886566162109375">
        <ele>4026</ele>
        <time>2017-09-04T19:48:41.000Z</time>
        <extensions>
          <ns3:TrackPointExtension>
            <ns3:atemp>23.0</ns3:atemp>
            <ns3:cad>40</ns3:cad>
          </ns3:TrackPointExtension>
        </extensions>
      </trkpt>
      <trkpt lat="43.3112619258463382720947265625" lon="-109.67275832779705524444580078125">
        <ele>4025.60009765625</ele>
        <time>2017-09-04T19:48:47.000Z</time>
        <extensions>
          <ns3:TrackPointExtension>
            <ns3:atemp>23.0</ns3:atemp>
            <ns3:cad>58</ns3:cad>
          </ns3:TrackPointExtension>
        </extensions>
      </trkpt>
      <trkpt lat="43.31130056641995906829833984375" lon="-109.6727201901376247406005859375">
        <ele>4025.199951171875</ele>
        <time>2017-09-04T19:48:52.000Z</time>
        <extensions>
          <ns3:TrackPointExtension>
            <ns3:atemp>23.0</ns3:atemp>
            <ns3:cad>58</ns3:cad>
          </ns3:TrackPointExtension>
        </extensions>
      </trkpt>
      <trkpt lat="43.31131003797054290771484375" lon="-109.67270853929221630096435546875">
        <ele>4025.199951171875</ele>
        <time>2017-09-04T19:48:54.000Z</time>
        <extensions>
          <ns3:TrackPointExtension>
            <ns3:atemp>23.0</ns3:atemp>
            <ns3:cad>58</ns3:cad>
          </ns3:TrackPointExtension>
        </extensions>
      </trkpt>
      <trkpt lat="43.31131272017955780029296875" lon="-109.67268188484013080596923828125">
        <ele>4025.800048828125</ele>
        <time>2017-09-04T19:48:58.000Z</time>
        <extensions>
          <ns3:TrackPointExtension>
            <ns3:atemp>23.0</ns3:atemp>
            <ns3:cad>0</ns3:cad>
          </ns3:TrackPointExtension>
        </extensions>
      </trkpt>
      <trkpt lat="43.3113195933401584625244140625" lon="-109.67267417348921298980712890625">
        <ele>4026</ele>
        <time>2017-09-04T19:49:00.000Z</time>
        <extensions>
          <ns3:TrackPointExtension>
            <ns3:atemp>23.0</ns3:atemp>
            <ns3:cad>0</ns3:cad>
          </ns3:TrackPointExtension>
        </extensions>
      </trkpt>
      <trkpt lat="43.31137239933013916015625" lon="-109.67261214740574359893798828125">
        <ele>4025</ele>
        <time>2017-09-04T19:49:14.000Z</time>
        <extensions>
          <ns3:TrackPointExtension>
            <ns3:atemp>22.0</ns3:atemp>
            <ns3:cad>61</ns3:cad>
          </ns3:TrackPointExtension>
        </extensions>
      </trkpt>
      <trkpt lat="43.31137902103364467620849609375" lon="-109.67256076633930206298828125">
        <ele>4023.800048828125</ele>
        <time>2017-09-04T19:49:19.000Z</time>
        <extensions>
          <ns3:TrackPointExtension>
            <ns3:atemp>22.0</ns3:atemp>
            <ns3:cad>52</ns3:cad>
          </ns3:TrackPointExtension>
        </extensions>
      </trkpt>
      <trkpt lat="43.31139276735484600067138671875" lon="-109.67254173941910266876220703125">
        <ele>4022.800048828125</ele>
        <time>2017-09-04T19:49:23.000Z</time>
        <extensions>
          <ns3:TrackPointExtension>
            <ns3:atemp>22.0</ns3:atemp>
            <ns3:cad>0</ns3:cad>
          </ns3:TrackPointExtension>
        </extensions>
      </trkpt>
      <trkpt lat="43.311435095965862274169921875" lon="-109.67253570444881916046142578125">
        <ele>4021.60009765625</ele>
        <time>2017-09-04T19:49:34.000Z</time>
        <extensions>
          <ns3:TrackPointExtension>
            <ns3:atemp>22.0</ns3:atemp>
            <ns3:cad>61</ns3:cad>
          </ns3:TrackPointExtension>
        </extensions>
      </trkpt>
      <trkpt lat="43.31147004850208759307861328125" lon="-109.6724972315132617950439453125">
        <ele>4020.60009765625</ele>
        <time>2017-09-04T19:49:43.000Z</time>
        <extensions>
          <ns3:TrackPointExtension>
            <ns3:atemp>22.0</ns3:atemp>
            <ns3:cad>63</ns3:cad>
          </ns3:TrackPointExtension>
        </extensions>
      </trkpt>
      <trkpt lat="43.3115174062550067901611328125" lon="-109.67243830673396587371826171875">
        <ele>4019.60009765625</ele>
        <time>2017-09-04T19:50:01.000Z</time>
        <extensions>
          <ns3:TrackPointExtension>
            <ns3:atemp>22.0</ns3:atemp>
            <ns3:cad>0</ns3:cad>
          </ns3:TrackPointExtension>
        </extensions>
      </trkpt>
      <trkpt lat="43.31156442873179912567138671875" lon="-109.6724139153957366943359375">
        <ele>4018.39990234375</ele>
        <time>2017-09-04T19:50:07.000Z</time>
        <extensions>
          <ns3:TrackPointExtension>
            <ns3:atemp>22.0</ns3:atemp>
            <ns3:cad>49</ns3:cad>
          </ns3:TrackPointExtension>
        </extensions>
      </trkpt>
      <trkpt lat="43.31157431937754154205322265625" lon="-109.6724171005189418792724609375">
        <ele>4018.199951171875</ele>
        <time>2017-09-04T19:50:08.000Z</time>
        <extensions>
          <ns3:TrackPointExtension>
            <ns3:atemp>22.0</ns3:atemp>
            <ns3:cad>49</ns3:cad>
          </ns3:TrackPointExtension>
        </extensions>
      </trkpt>
      <trkpt lat="43.3115864731371402740478515625" lon="-109.672417603433132171630859375">
        <ele>4017.39990234375</ele>
        <time>2017-09-04T19:50:13.000Z</time>
        <extensions>
          <ns3:TrackPointExtension>
            <ns3:atemp>22.0</ns3:atemp>
            <ns3:cad>49</ns3:cad>
          </ns3:TrackPointExtension>
        </extensions>
      </trkpt>
      <trkpt lat="43.31171161495149135589599609375" lon="-109.6724787913262844085693359375">
        <ele>4017.199951171875</ele>
        <time>2017-09-04T19:50:34.000Z</time>
        <extensions>
          <ns3:TrackPointExtension>
            <ns3:atemp>22.0</ns3:atemp>
            <ns3:cad>61</ns3:cad>
          </ns3:TrackPointExtension>
        </extensions>
      </trkpt>
      <trkpt lat="43.31181135959923267364501953125" lon="-109.67249044217169284820556640625">
        <ele>4016.199951171875</ele>
        <time>2017-09-04T19:50:45.000Z</time>
        <extensions>
          <ns3:TrackPointExtension>
            <ns3:atemp>22.0</ns3:atemp>
            <ns3:cad>0</ns3:cad>
          </ns3:TrackPointExtension>
        </extensions>
      </trkpt>
      <trkpt lat="43.31190892495214939117431640625" lon="-109.6724633686244487762451171875">
        <ele>4015.199951171875</ele>
        <time>2017-09-04T19:50:55.000Z</time>
        <extensions>
          <ns3:TrackPointExtension>
            <ns3:atemp>22.0</ns3:atemp>
            <ns3:cad>54</ns3:cad>
          </ns3:TrackPointExtension>
        </extensions>
      </trkpt>
      <trkpt lat="43.3119539357721805572509765625" lon="-109.672444425523281097412109375">
        <ele>4014</ele>
        <time>2017-09-04T19:51:01.000Z</time>
        <extensions>
          <ns3:TrackPointExtension>
            <ns3:atemp>22.0</ns3:atemp>
            <ns3:cad>61</ns3:cad>
          </ns3:TrackPointExtension>
        </extensions>
      </trkpt>
      <trkpt lat="43.31203280948102474212646484375" lon="-109.67243763618171215057373046875">
        <ele>4013</ele>
        <time>2017-09-04T19:51:10.000Z</time>
        <extensions>
          <ns3:TrackPointExtension>
            <ns3:atemp>22.0</ns3:atemp>
            <ns3:cad>61</ns3:cad>
          </ns3:TrackPointExtension>
        </extensions>
      </trkpt>
      <trkpt lat="43.31203758716583251953125" lon="-109.6724291704595088958740234375">
        <ele>4013</ele>
        <time>2017-09-04T19:51:11.000Z</time>
        <extensions>
          <ns3:TrackPointExtension>
            <ns3:atemp>22.0</ns3:atemp>
            <ns3:cad>61</ns3:cad>
          </ns3:TrackPointExtension>
        </extensions>
      </trkpt>
      <trkpt lat="43.31207002513110637664794921875" lon="-109.6723792143166065216064453125">
        <ele>4012.39990234375</ele>
        <time>2017-09-04T19:51:16.000Z</time>
        <extensions>
          <ns3:TrackPointExtension>
            <ns3:atemp>22.0</ns3:atemp>
            <ns3:cad>61</ns3:cad>
          </ns3:TrackPointExtension>
        </extensions>
      </trkpt>
      <trkpt lat="43.31212299875915050506591796875" lon="-109.6723329462110996246337890625">
        <ele>4012</ele>
        <time>2017-09-04T19:51:24.000Z</time>
        <extensions>
          <ns3:TrackPointExtension>
            <ns3:atemp>22.0</ns3:atemp>
            <ns3:cad>61</ns3:cad>
          </ns3:TrackPointExtension>
        </extensions>
      </trkpt>
      <trkpt lat="43.3122587017714977264404296875" lon="-109.67227117158472537994384765625">
        <ele>4011</ele>
        <time>2017-09-04T19:52:19.000Z</time>
        <extensions>
          <ns3:TrackPointExtension>
            <ns3:atemp>22.0</ns3:atemp>
            <ns3:cad>0</ns3:cad>
          </ns3:TrackPointExtension>
        </extensions>
      </trkpt>
      <trkpt lat="43.31231980584561824798583984375" lon="-109.672251641750335693359375">
        <ele>4011</ele>
        <time>2017-09-04T19:52:29.000Z</time>
        <extensions>
          <ns3:TrackPointExtension>
            <ns3:atemp>22.0</ns3:atemp>
            <ns3:cad>61</ns3:cad>
          </ns3:TrackPointExtension>
        </extensions>
      </trkpt>
      <trkpt lat="43.31235987134277820587158203125" lon="-109.6722508035600185394287109375">
        <ele>4010.800048828125</ele>
        <time>2017-09-04T19:52:35.000Z</time>
        <extensions>
          <ns3:TrackPointExtension>
            <ns3:atemp>22.0</ns3:atemp>
            <ns3:cad>61</ns3:cad>
          </ns3:TrackPointExtension>
        </extensions>
      </trkpt>
      <trkpt lat="43.31249565817415714263916015625" lon="-109.67226840555667877197265625">
        <ele>4010</ele>
        <time>2017-09-04T19:53:05.000Z</time>
        <extensions>
          <ns3:TrackPointExtension>
            <ns3:atemp>22.0</ns3:atemp>
            <ns3:cad>0</ns3:cad>
          </ns3:TrackPointExtension>
        </extensions>
      </trkpt>
      <trkpt lat="43.31251434981822967529296875" lon="-109.6722638793289661407470703125">
        <ele>4011</ele>
        <time>2017-09-04T19:53:15.000Z</time>
        <extensions>
          <ns3:TrackPointExtension>
            <ns3:atemp>22.0</ns3:atemp>
            <ns3:cad>0</ns3:cad>
          </ns3:TrackPointExtension>
        </extensions>
      </trkpt>
      <trkpt lat="43.31269296817481517791748046875" lon="-109.67228307388722896575927734375">
        <ele>4010.39990234375</ele>
        <time>2017-09-04T19:53:40.000Z</time>
        <extensions>
          <ns3:TrackPointExtension>
            <ns3:atemp>22.0</ns3:atemp>
            <ns3:cad>61</ns3:cad>
          </ns3:TrackPointExtension>
        </extensions>
      </trkpt>
      <trkpt lat="43.312750719487667083740234375" lon="-109.67230101116001605987548828125">
        <ele>4009.800048828125</ele>
        <time>2017-09-04T19:53:49.000Z</time>
        <extensions>
          <ns3:TrackPointExtension>
            <ns3:atemp>22.0</ns3:atemp>
            <ns3:cad>61</ns3:cad>
          </ns3:TrackPointExtension>
        </extensions>
      </trkpt>
      <trkpt lat="43.3127813972532749176025390625" lon="-109.67234577052295207977294921875">
        <ele>4010.800048828125</ele>
        <time>2017-09-04T19:53:54.000Z</time>
        <extensions>
          <ns3:TrackPointExtension>
            <ns3:atemp>22.0</ns3:atemp>
            <ns3:cad>0</ns3:cad>
          </ns3:TrackPointExtension>
        </extensions>
      </trkpt>
      <trkpt lat="43.312850296497344970703125" lon="-109.67243009246885776519775390625">
        <ele>4009.60009765625</ele>
        <time>2017-09-04T19:54:08.000Z</time>
        <extensions>
          <ns3:TrackPointExtension>
            <ns3:atemp>22.0</ns3:atemp>
            <ns3:cad>0</ns3:cad>
          </ns3:TrackPointExtension>
        </extensions>
      </trkpt>
      <trkpt lat="43.31292338669300079345703125" lon="-109.67237493954598903656005859375">
        <ele>4008.60009765625</ele>
        <time>2017-09-04T19:54:45.000Z</time>
        <extensions>
          <ns3:TrackPointExtension>
            <ns3:atemp>21.0</ns3:atemp>
            <ns3:cad>0</ns3:cad>
          </ns3:TrackPointExtension>
        </extensions>
      </trkpt>
      <trkpt lat="43.31291022710502147674560546875" lon="-109.6724194474518299102783203125">
        <ele>4009.60009765625</ele>
        <time>2017-09-04T19:55:02.000Z</time>
        <extensions>
          <ns3:TrackPointExtension>
            <ns3:atemp>21.0</ns3:atemp>
            <ns3:cad>61</ns3:cad>
          </ns3:TrackPointExtension>
        </extensions>
      </trkpt>
      <trkpt lat="43.3129242248833179473876953125" lon="-109.67259169556200504302978515625">
        <ele>4008.60009765625</ele>
        <time>2017-09-04T19:55:26.000Z</time>
        <extensions>
          <ns3:TrackPointExtension>
            <ns3:atemp>21.0</ns3:atemp>
            <ns3:cad>0</ns3:cad>
          </ns3:TrackPointExtension>
        </extensions>
      </trkpt>
      <trkpt lat="43.31294911913573741912841796875" lon="-109.6728278137743473052978515625">
        <ele>4009</ele>
        <time>2017-09-04T19:56:03.000Z</time>
        <extensions>
          <ns3:TrackPointExtension>
            <ns3:atemp>22.0</ns3:atemp>
            <ns3:cad>61</ns3:cad>
          </ns3:TrackPointExtension>
        </extensions>
      </trkpt>
      <trkpt lat="43.31290620379149913787841796875" lon="-109.6730437316000461578369140625">
        <ele>4004.800048828125</ele>
        <time>2017-09-04T19:56:28.000Z</time>
        <extensions>
          <ns3:TrackPointExtension>
            <ns3:atemp>22.0</ns3:atemp>
            <ns3:cad>0</ns3:cad>
          </ns3:TrackPointExtension>
        </extensions>
      </trkpt>
      <trkpt lat="43.312873430550098419189453125" lon="-109.67308773659169673919677734375">
        <ele>4004.199951171875</ele>
        <time>2017-09-04T19:56:33.000Z</time>
        <extensions>
          <ns3:TrackPointExtension>
            <ns3:atemp>22.0</ns3:atemp>
            <ns3:cad>61</ns3:cad>
          </ns3:TrackPointExtension>
        </extensions>
      </trkpt>
      <trkpt lat="43.31286370754241943359375" lon="-109.6731141395866870880126953125">
        <ele>4004.39990234375</ele>
        <time>2017-09-04T19:56:35.000Z</time>
        <extensions>
          <ns3:TrackPointExtension>
            <ns3:atemp>22.0</ns3:atemp>
            <ns3:cad>61</ns3:cad>
          </ns3:TrackPointExtension>
        </extensions>
      </trkpt>
      <trkpt lat="43.312855325639247894287109375" lon="-109.67323609627783298492431640625">
        <ele>4004.199951171875</ele>
        <time>2017-09-04T19:56:44.000Z</time>
        <extensions>
          <ns3:TrackPointExtension>
            <ns3:atemp>22.0</ns3:atemp>
            <ns3:cad>48</ns3:cad>
          </ns3:TrackPointExtension>
        </extensions>
      </trkpt>
      <trkpt lat="43.31285004504024982452392578125" lon="-109.67324472963809967041015625">
        <ele>4004.39990234375</ele>
        <time>2017-09-04T19:56:46.000Z</time>
        <extensions>
          <ns3:TrackPointExtension>
            <ns3:atemp>22.0</ns3:atemp>
            <ns3:cad>48</ns3:cad>
          </ns3:TrackPointExtension>
        </extensions>
      </trkpt>
      <trkpt lat="43.3128060400485992431640625" lon="-109.673274569213390350341796875">
        <ele>4005.199951171875</ele>
        <time>2017-09-04T19:56:52.000Z</time>
        <extensions>
          <ns3:TrackPointExtension>
            <ns3:atemp>22.0</ns3:atemp>
            <ns3:cad>0</ns3:cad>
          </ns3:TrackPointExtension>
        </extensions>
      </trkpt>
      <trkpt lat="43.31279841251671314239501953125" lon="-109.67333081178367137908935546875">
        <ele>4005.800048828125</ele>
        <time>2017-09-04T19:56:57.000Z</time>
        <extensions>
          <ns3:TrackPointExtension>
            <ns3:atemp>22.0</ns3:atemp>
            <ns3:cad>0</ns3:cad>
          </ns3:TrackPointExtension>
        </extensions>
      </trkpt>
      <trkpt lat="43.3127979934215545654296875" lon="-109.6733867190778255462646484375">
        <ele>4006.39990234375</ele>
        <time>2017-09-04T19:57:02.000Z</time>
        <extensions>
          <ns3:TrackPointExtension>
            <ns3:atemp>22.0</ns3:atemp>
            <ns3:cad>0</ns3:cad>
          </ns3:TrackPointExtension>
        </extensions>
      </trkpt>
      <trkpt lat="43.31279061734676361083984375" lon="-109.67340775765478610992431640625">
        <ele>4004.800048828125</ele>
        <time>2017-09-04T19:57:11.000Z</time>
        <extensions>
          <ns3:TrackPointExtension>
            <ns3:atemp>22.0</ns3:atemp>
            <ns3:cad>0</ns3:cad>
          </ns3:TrackPointExtension>
        </extensions>
      </trkpt>
      <trkpt lat="43.312758766114711761474609375" lon="-109.67343726195394992828369140625">
        <ele>4005.199951171875</ele>
        <time>2017-09-04T19:57:22.000Z</time>
        <extensions>
          <ns3:TrackPointExtension>
            <ns3:atemp>22.0</ns3:atemp>
            <ns3:cad>61</ns3:cad>
          </ns3:TrackPointExtension>
        </extensions>
      </trkpt>
      <trkpt lat="43.312748372554779052734375" lon="-109.67345000244677066802978515625">
        <ele>4005.800048828125</ele>
        <time>2017-09-04T19:57:24.000Z</time>
        <extensions>
          <ns3:TrackPointExtension>
            <ns3:atemp>22.0</ns3:atemp>
            <ns3:cad>61</ns3:cad>
          </ns3:TrackPointExtension>
        </extensions>
      </trkpt>
      <trkpt lat="43.31273957155644893646240234375" lon="-109.6734742261469364166259765625">
        <ele>4007.39990234375</ele>
        <time>2017-09-04T19:57:27.000Z</time>
        <extensions>
          <ns3:TrackPointExtension>
            <ns3:atemp>22.0</ns3:atemp>
            <ns3:cad>61</ns3:cad>
          </ns3:TrackPointExtension>
        </extensions>
      </trkpt>
      <trkpt lat="43.312725238502025604248046875" lon="-109.67351839877665042877197265625">
        <ele>4007.800048828125</ele>
        <time>2017-09-04T19:57:31.000Z</time>
        <extensions>
          <ns3:TrackPointExtension>
            <ns3:atemp>22.0</ns3:atemp>
            <ns3:cad>61</ns3:cad>
          </ns3:TrackPointExtension>
        </extensions>
      </trkpt>
      <trkpt lat="43.31272163428366184234619140625" lon="-109.67353851534426212310791015625">
        <ele>4007.800048828125</ele>
        <time>2017-09-04T19:57:33.000Z</time>
        <extensions>
          <ns3:TrackPointExtension>
            <ns3:atemp>22.0</ns3:atemp>
            <ns3:cad>61</ns3:cad>
          </ns3:TrackPointExtension>
        </extensions>
      </trkpt>
      <trkpt lat="43.31268006004393100738525390625" lon="-109.67371889390051364898681640625">
        <ele>4007.60009765625</ele>
        <time>2017-09-04T19:57:54.000Z</time>
        <extensions>
          <ns3:TrackPointExtension>
            <ns3:atemp>22.0</ns3:atemp>
            <ns3:cad>71</ns3:cad>
          </ns3:TrackPointExtension>
        </extensions>
      </trkpt>
      <trkpt lat="43.31264435313642024993896484375" lon="-109.67375359497964382171630859375">
        <ele>4007.39990234375</ele>
        <time>2017-09-04T19:58:00.000Z</time>
        <extensions>
          <ns3:TrackPointExtension>
            <ns3:atemp>22.0</ns3:atemp>
            <ns3:cad>52</ns3:cad>
          </ns3:TrackPointExtension>
        </extensions>
      </trkpt>
      <trkpt lat="43.3126486279070377349853515625" lon="-109.67382048256695270538330078125">
        <ele>4007.800048828125</ele>
        <time>2017-09-04T19:58:06.000Z</time>
        <extensions>
          <ns3:TrackPointExtension>
            <ns3:atemp>22.0</ns3:atemp>
            <ns3:cad>52</ns3:cad>
          </ns3:TrackPointExtension>
        </extensions>
      </trkpt>
      <trkpt lat="43.3126871846616268157958984375" lon="-109.6738691814243793487548828125">
        <ele>4006.199951171875</ele>
        <time>2017-09-04T19:58:13.000Z</time>
        <extensions>
          <ns3:TrackPointExtension>
            <ns3:atemp>22.0</ns3:atemp>
            <ns3:cad>44</ns3:cad>
          </ns3:TrackPointExtension>
        </extensions>
      </trkpt>
      <trkpt lat="43.31269204616546630859375" lon="-109.67387680895626544952392578125">
        <ele>4005</ele>
        <time>2017-09-04T19:58:15.000Z</time>
        <extensions>
          <ns3:TrackPointExtension>
            <ns3:atemp>22.0</ns3:atemp>
            <ns3:cad>44</ns3:cad>
          </ns3:TrackPointExtension>
        </extensions>
      </trkpt>
      <trkpt lat="43.3127036131918430328369140625" lon="-109.6740180440247058868408203125">
        <ele>4004</ele>
        <time>2017-09-04T19:58:28.000Z</time>
        <extensions>
          <ns3:TrackPointExtension>
            <ns3:atemp>22.0</ns3:atemp>
            <ns3:cad>0</ns3:cad>
          </ns3:TrackPointExtension>
        </extensions>
      </trkpt>
      <trkpt lat="43.31270989961922168731689453125" lon="-109.6740958280861377716064453125">
        <ele>4002.800048828125</ele>
        <time>2017-09-04T19:58:37.000Z</time>
        <extensions>
          <ns3:TrackPointExtension>
            <ns3:atemp>22.0</ns3:atemp>
            <ns3:cad>0</ns3:cad>
          </ns3:TrackPointExtension>
        </extensions>
      </trkpt>
      <trkpt lat="43.3127228915691375732421875" lon="-109.67411099933087825775146484375">
        <ele>4001.199951171875</ele>
        <time>2017-09-04T19:58:41.000Z</time>
        <extensions>
          <ns3:TrackPointExtension>
            <ns3:atemp>22.0</ns3:atemp>
            <ns3:cad>0</ns3:cad>
          </ns3:TrackPointExtension>
        </extensions>
      </trkpt>
      <trkpt lat="43.3127247355878353118896484375" lon="-109.67417118139564990997314453125">
        <ele>4001.39990234375</ele>
        <time>2017-09-04T19:59:02.000Z</time>
        <extensions>
          <ns3:TrackPointExtension>
            <ns3:atemp>23.0</ns3:atemp>
            <ns3:cad>61</ns3:cad>
          </ns3:TrackPointExtension>
        </extensions>
      </trkpt>
      <trkpt lat="43.31273705698549747467041015625" lon="-109.67429556883871555328369140625">
        <ele>4000.199951171875</ele>
        <time>2017-09-04T19:59:13.000Z</time>
        <extensions>
          <ns3:TrackPointExtension>
            <ns3:atemp>23.0</ns3:atemp>
            <ns3:cad>46</ns3:cad>
          </ns3:TrackPointExtension>
        </extensions>
      </trkpt>
      <trkpt lat="43.31272431649267673492431640625" lon="-109.67432708479464054107666015625">
        <ele>4000</ele>
        <time>2017-09-04T19:59:16.000Z</time>
        <extensions>
          <ns3:TrackPointExtension>
            <ns3:atemp>23.0</ns3:atemp>
            <ns3:cad>46</ns3:cad>
          </ns3:TrackPointExtension>
        </extensions>
      </trkpt>
      <trkpt lat="43.31272079609334468841552734375" lon="-109.67434166930615901947021484375">
        <ele>4000</ele>
        <time>2017-09-04T19:59:18.000Z</time>
        <extensions>
          <ns3:TrackPointExtension>
            <ns3:atemp>23.0</ns3:atemp>
            <ns3:cad>46</ns3:cad>
          </ns3:TrackPointExtension>
        </extensions>
      </trkpt>
      <trkpt lat="43.3127384819090366363525390625" lon="-109.67439263127744197845458984375">
        <ele>3999</ele>
        <time>2017-09-04T19:59:26.000Z</time>
        <extensions>
          <ns3:TrackPointExtension>
            <ns3:atemp>23.0</ns3:atemp>
            <ns3:cad>0</ns3:cad>
          </ns3:TrackPointExtension>
        </extensions>
      </trkpt>
      <trkpt lat="43.3127217181026935577392578125" lon="-109.674432277679443359375">
        <ele>3997.199951171875</ele>
        <time>2017-09-04T19:59:38.000Z</time>
        <extensions>
          <ns3:TrackPointExtension>
            <ns3:atemp>23.0</ns3:atemp>
            <ns3:cad>0</ns3:cad>
          </ns3:TrackPointExtension>
        </extensions>
      </trkpt>
      <trkpt lat="43.3127445168793201446533203125" lon="-109.67449354939162731170654296875">
        <ele>3995.800048828125</ele>
        <time>2017-09-04T19:59:48.000Z</time>
        <extensions>
          <ns3:TrackPointExtension>
            <ns3:atemp>22.0</ns3:atemp>
            <ns3:cad>0</ns3:cad>
          </ns3:TrackPointExtension>
        </extensions>
      </trkpt>
      <trkpt lat="43.31274946220219135284423828125" lon="-109.6744951419532299041748046875">
        <ele>3994.800048828125</ele>
        <time>2017-09-04T19:59:52.000Z</time>
        <extensions>
          <ns3:TrackPointExtension>
            <ns3:atemp>22.0</ns3:atemp>
            <ns3:cad>0</ns3:cad>
          </ns3:TrackPointExtension>
        </extensions>
      </trkpt>
      <trkpt lat="43.3128119073808193206787109375" lon="-109.67464174143970012664794921875">
        <ele>3996</ele>
        <time>2017-09-04T20:00:11.000Z</time>
        <extensions>
          <ns3:TrackPointExtension>
            <ns3:atemp>22.0</ns3:atemp>
            <ns3:cad>61</ns3:cad>
          </ns3:TrackPointExtension>
        </extensions>
      </trkpt>
      <trkpt lat="43.31281341612339019775390625" lon="-109.67465984635055065155029296875">
        <ele>3994.800048828125</ele>
        <time>2017-09-04T20:00:14.000Z</time>
        <extensions>
          <ns3:TrackPointExtension>
            <ns3:atemp>22.0</ns3:atemp>
            <ns3:cad>0</ns3:cad>
          </ns3:TrackPointExtension>
        </extensions>
      </trkpt>
      <trkpt lat="43.31282087601721286773681640625" lon="-109.67467526905238628387451171875">
        <ele>3993.60009765625</ele>
        <time>2017-09-04T20:00:16.000Z</time>
        <extensions>
          <ns3:TrackPointExtension>
            <ns3:atemp>22.0</ns3:atemp>
            <ns3:cad>0</ns3:cad>
          </ns3:TrackPointExtension>
        </extensions>
      </trkpt>
      <trkpt lat="43.31280939280986785888671875" lon="-109.67490795068442821502685546875">
        <ele>3994.199951171875</ele>
        <time>2017-09-04T20:01:13.000Z</time>
        <extensions>
          <ns3:TrackPointExtension>
            <ns3:atemp>23.0</ns3:atemp>
            <ns3:cad>61</ns3:cad>
          </ns3:TrackPointExtension>
        </extensions>
      </trkpt>
      <trkpt lat="43.3128005079925060272216796875" lon="-109.67492152936756610870361328125">
        <ele>3994.60009765625</ele>
        <time>2017-09-04T20:01:15.000Z</time>
        <extensions>
          <ns3:TrackPointExtension>
            <ns3:atemp>23.0</ns3:atemp>
            <ns3:cad>61</ns3:cad>
          </ns3:TrackPointExtension>
        </extensions>
      </trkpt>
      <trkpt lat="43.31276320852339267730712890625" lon="-109.67497383244335651397705078125">
        <ele>3995.60009765625</ele>
        <time>2017-09-04T20:01:34.000Z</time>
        <extensions>
          <ns3:TrackPointExtension>
            <ns3:atemp>23.0</ns3:atemp>
            <ns3:cad>61</ns3:cad>
          </ns3:TrackPointExtension>
        </extensions>
      </trkpt>
      <trkpt lat="43.31275633536279201507568359375" lon="-109.675169885158538818359375">
        <ele>3994.39990234375</ele>
        <time>2017-09-04T20:02:02.000Z</time>
        <extensions>
          <ns3:TrackPointExtension>
            <ns3:atemp>23.0</ns3:atemp>
            <ns3:cad>0</ns3:cad>
          </ns3:TrackPointExtension>
        </extensions>
      </trkpt>
      <trkpt lat="43.3127626217901706695556640625" lon="-109.675175584852695465087890625">
        <ele>3993.39990234375</ele>
        <time>2017-09-04T20:02:05.000Z</time>
        <extensions>
          <ns3:TrackPointExtension>
            <ns3:atemp>23.0</ns3:atemp>
            <ns3:cad>0</ns3:cad>
          </ns3:TrackPointExtension>
        </extensions>
      </trkpt>
      <trkpt lat="43.31274644471704959869384765625" lon="-109.67538781464099884033203125">
        <ele>3993.800048828125</ele>
        <time>2017-09-04T20:02:36.000Z</time>
        <extensions>
          <ns3:TrackPointExtension>
            <ns3:atemp>23.0</ns3:atemp>
            <ns3:cad>0</ns3:cad>
          </ns3:TrackPointExtension>
        </extensions>
      </trkpt>
      <trkpt lat="43.31273621879518032073974609375" lon="-109.67563851736485958099365234375">
        <ele>3993.60009765625</ele>
        <time>2017-09-04T20:02:59.000Z</time>
        <extensions>
          <ns3:TrackPointExtension>
            <ns3:atemp>23.0</ns3:atemp>
            <ns3:cad>0</ns3:cad>
          </ns3:TrackPointExtension>
        </extensions>
      </trkpt>
      <trkpt lat="43.3127351291477680206298828125" lon="-109.67584772966802120208740234375">
        <ele>3993.60009765625</ele>
        <time>2017-09-04T20:03:25.000Z</time>
        <extensions>
          <ns3:TrackPointExtension>
            <ns3:atemp>23.0</ns3:atemp>
            <ns3:cad>0</ns3:cad>
          </ns3:TrackPointExtension>
        </extensions>
      </trkpt>
      <trkpt lat="43.31273873336613178253173828125" lon="-109.675860889256000518798828125">
        <ele>3993.800048828125</ele>
        <time>2017-09-04T20:03:26.000Z</time>
        <extensions>
          <ns3:TrackPointExtension>
            <ns3:atemp>23.0</ns3:atemp>
            <ns3:cad>0</ns3:cad>
          </ns3:TrackPointExtension>
        </extensions>
      </trkpt>
      <trkpt lat="43.3127391524612903594970703125" lon="-109.67591931112110614776611328125">
        <ele>3993</ele>
        <time>2017-09-04T20:03:33.000Z</time>
        <extensions>
          <ns3:TrackPointExtension>
            <ns3:atemp>23.0</ns3:atemp>
            <ns3:cad>0</ns3:cad>
          </ns3:TrackPointExtension>
        </extensions>
      </trkpt>
      <trkpt lat="43.3127416670322418212890625" lon="-109.6759431995451450347900390625">
        <ele>3992.800048828125</ele>
        <time>2017-09-04T20:03:35.000Z</time>
        <extensions>
          <ns3:TrackPointExtension>
            <ns3:atemp>23.0</ns3:atemp>
            <ns3:cad>0</ns3:cad>
          </ns3:TrackPointExtension>
        </extensions>
      </trkpt>
      <trkpt lat="43.31274661235511302947998046875" lon="-109.67597186565399169921875">
        <ele>3992.800048828125</ele>
        <time>2017-09-04T20:03:38.000Z</time>
        <extensions>
          <ns3:TrackPointExtension>
            <ns3:atemp>23.0</ns3:atemp>
            <ns3:cad>0</ns3:cad>
          </ns3:TrackPointExtension>
        </extensions>
      </trkpt>
      <trkpt lat="43.3127743564546108245849609375" lon="-109.67597798444330692291259765625">
        <ele>3992.199951171875</ele>
        <time>2017-09-04T20:03:43.000Z</time>
        <extensions>
          <ns3:TrackPointExtension>
            <ns3:atemp>23.0</ns3:atemp>
            <ns3:cad>0</ns3:cad>
          </ns3:TrackPointExtension>
        </extensions>
      </trkpt>
      <trkpt lat="43.3128568343818187713623046875" lon="-109.6761802397668361663818359375">
        <ele>3992</ele>
        <time>2017-09-04T20:04:11.000Z</time>
        <extensions>
          <ns3:TrackPointExtension>
            <ns3:atemp>23.0</ns3:atemp>
            <ns3:cad>0</ns3:cad>
          </ns3:TrackPointExtension>
        </extensions>
      </trkpt>
      <trkpt lat="43.3128739334642887115478515625" lon="-109.676213599741458892822265625">
        <ele>3991.60009765625</ele>
        <time>2017-09-04T20:04:15.000Z</time>
        <extensions>
          <ns3:TrackPointExtension>
            <ns3:atemp>23.0</ns3:atemp>
            <ns3:cad>0</ns3:cad>
          </ns3:TrackPointExtension>
        </extensions>
      </trkpt>
      <trkpt lat="43.31292917020618915557861328125" lon="-109.67631912790238857269287109375">
        <ele>3992.60009765625</ele>
        <time>2017-09-04T20:04:28.000Z</time>
        <extensions>
          <ns3:TrackPointExtension>
            <ns3:atemp>23.0</ns3:atemp>
            <ns3:cad>47</ns3:cad>
          </ns3:TrackPointExtension>
        </extensions>
      </trkpt>
      <trkpt lat="43.313055150210857391357421875" lon="-109.67646162025630474090576171875">
        <ele>3991.199951171875</ele>
        <time>2017-09-04T20:04:55.000Z</time>
        <extensions>
          <ns3:TrackPointExtension>
            <ns3:atemp>23.0</ns3:atemp>
            <ns3:cad>0</ns3:cad>
          </ns3:TrackPointExtension>
        </extensions>
      </trkpt>
      <trkpt lat="43.313130252063274383544921875" lon="-109.67658081091940402984619140625">
        <ele>3990.199951171875</ele>
        <time>2017-09-04T20:05:14.000Z</time>
        <extensions>
          <ns3:TrackPointExtension>
            <ns3:atemp>23.0</ns3:atemp>
            <ns3:cad>61</ns3:cad>
          </ns3:TrackPointExtension>
        </extensions>
      </trkpt>
      <trkpt lat="43.3132313378155231475830078125" lon="-109.6767039410769939422607421875">
        <ele>3989.199951171875</ele>
        <time>2017-09-04T20:05:38.000Z</time>
        <extensions>
          <ns3:TrackPointExtension>
            <ns3:atemp>23.0</ns3:atemp>
            <ns3:cad>0</ns3:cad>
          </ns3:TrackPointExtension>
        </extensions>
      </trkpt>
      <trkpt lat="43.3133191801607608795166015625" lon="-109.67688507400453090667724609375">
        <ele>3988</ele>
        <time>2017-09-04T20:06:02.000Z</time>
        <extensions>
          <ns3:TrackPointExtension>
            <ns3:atemp>23.0</ns3:atemp>
            <ns3:cad>0</ns3:cad>
          </ns3:TrackPointExtension>
        </extensions>
      </trkpt>
      <trkpt lat="43.313356228172779083251953125" lon="-109.676890857517719268798828125">
        <ele>3987</ele>
        <time>2017-09-04T20:06:43.000Z</time>
        <extensions>
          <ns3:TrackPointExtension>
            <ns3:atemp>24.0</ns3:atemp>
            <ns3:cad>0</ns3:cad>
          </ns3:TrackPointExtension>
        </extensions>
      </trkpt>
      <trkpt lat="43.31338028423488140106201171875" lon="-109.67697693966329097747802734375">
        <ele>3987.60009765625</ele>
        <time>2017-09-04T20:06:53.000Z</time>
        <extensions>
          <ns3:TrackPointExtension>
            <ns3:atemp>24.0</ns3:atemp>
            <ns3:cad>0</ns3:cad>
          </ns3:TrackPointExtension>
        </extensions>
      </trkpt>
      <trkpt lat="43.3133892528712749481201171875" lon="-109.67699982225894927978515625">
        <ele>3987.800048828125</ele>
        <time>2017-09-04T20:06:55.000Z</time>
        <extensions>
          <ns3:TrackPointExtension>
            <ns3:atemp>24.0</ns3:atemp>
            <ns3:cad>61</ns3:cad>
          </ns3:TrackPointExtension>
        </extensions>
      </trkpt>
      <trkpt lat="43.31340157426893711090087890625" lon="-109.67703142203390598297119140625">
        <ele>3987.199951171875</ele>
        <time>2017-09-04T20:06:58.000Z</time>
        <extensions>
          <ns3:TrackPointExtension>
            <ns3:atemp>24.0</ns3:atemp>
            <ns3:cad>61</ns3:cad>
          </ns3:TrackPointExtension>
        </extensions>
      </trkpt>
      <trkpt lat="43.3134257979691028594970703125" lon="-109.6770848147571086883544921875">
        <ele>3986.39990234375</ele>
        <time>2017-09-04T20:07:03.000Z</time>
        <extensions>
          <ns3:TrackPointExtension>
            <ns3:atemp>24.0</ns3:atemp>
            <ns3:cad>45</ns3:cad>
          </ns3:TrackPointExtension>
        </extensions>
      </trkpt>
      <trkpt lat="43.31345337443053722381591796875" lon="-109.6770921908318996429443359375">
        <ele>3986.800048828125</ele>
        <time>2017-09-04T20:07:06.000Z</time>
        <extensions>
          <ns3:TrackPointExtension>
            <ns3:atemp>24.0</ns3:atemp>
            <ns3:cad>45</ns3:cad>
          </ns3:TrackPointExtension>
        </extensions>
      </trkpt>
      <trkpt lat="43.31349511630833148956298828125" lon="-109.6771404705941677093505859375">
        <ele>3986</ele>
        <time>2017-09-04T20:07:11.000Z</time>
        <extensions>
          <ns3:TrackPointExtension>
            <ns3:atemp>24.0</ns3:atemp>
            <ns3:cad>45</ns3:cad>
          </ns3:TrackPointExtension>
        </extensions>
      </trkpt>
      <trkpt lat="43.313528560101985931396484375" lon="-109.67716787941753864288330078125">
        <ele>3985.199951171875</ele>
        <time>2017-09-04T20:07:16.000Z</time>
        <extensions>
          <ns3:TrackPointExtension>
            <ns3:atemp>24.0</ns3:atemp>
            <ns3:cad>45</ns3:cad>
          </ns3:TrackPointExtension>
        </extensions>
      </trkpt>
      <trkpt lat="43.31358312629163265228271484375" lon="-109.6772470884025096893310546875">
        <ele>3984.800048828125</ele>
        <time>2017-09-04T20:07:31.000Z</time>
        <extensions>
          <ns3:TrackPointExtension>
            <ns3:atemp>24.0</ns3:atemp>
            <ns3:cad>59</ns3:cad>
          </ns3:TrackPointExtension>
        </extensions>
      </trkpt>
      <trkpt lat="43.31362922675907611846923828125" lon="-109.67728371731936931610107421875">
        <ele>3983.800048828125</ele>
        <time>2017-09-04T20:07:39.000Z</time>
        <extensions>
          <ns3:TrackPointExtension>
            <ns3:atemp>24.0</ns3:atemp>
            <ns3:cad>61</ns3:cad>
          </ns3:TrackPointExtension>
        </extensions>
      </trkpt>
      <trkpt lat="43.3136873133480548858642578125" lon="-109.67732160352170467376708984375">
        <ele>3982.800048828125</ele>
        <time>2017-09-04T20:07:50.000Z</time>
        <extensions>
          <ns3:TrackPointExtension>
            <ns3:atemp>24.0</ns3:atemp>
            <ns3:cad>0</ns3:cad>
          </ns3:TrackPointExtension>
        </extensions>
      </trkpt>
      <trkpt lat="43.31372947432100772857666015625" lon="-109.67734775505959987640380859375">
        <ele>3981.800048828125</ele>
        <time>2017-09-04T20:08:01.000Z</time>
        <extensions>
          <ns3:TrackPointExtension>
            <ns3:atemp>24.0</ns3:atemp>
            <ns3:cad>61</ns3:cad>
          </ns3:TrackPointExtension>
        </extensions>
      </trkpt>
      <trkpt lat="43.3137731440365314483642578125" lon="-109.6773459948599338531494140625">
        <ele>3983.199951171875</ele>
        <time>2017-09-04T20:08:10.000Z</time>
        <extensions>
          <ns3:TrackPointExtension>
            <ns3:atemp>24.0</ns3:atemp>
            <ns3:cad>0</ns3:cad>
          </ns3:TrackPointExtension>
        </extensions>
      </trkpt>
      <trkpt lat="43.313818238675594329833984375" lon="-109.67735915444791316986083984375">
        <ele>3982</ele>
        <time>2017-09-04T20:08:20.000Z</time>
        <extensions>
          <ns3:TrackPointExtension>
            <ns3:atemp>24.0</ns3:atemp>
            <ns3:cad>61</ns3:cad>
          </ns3:TrackPointExtension>
        </extensions>
      </trkpt>
      <trkpt lat="43.3138308115303516387939453125" lon="-109.67735311947762966156005859375">
        <ele>3983</ele>
        <time>2017-09-04T20:08:29.000Z</time>
        <extensions>
          <ns3:TrackPointExtension>
            <ns3:atemp>24.0</ns3:atemp>
            <ns3:cad>0</ns3:cad>
          </ns3:TrackPointExtension>
        </extensions>
      </trkpt>
      <trkpt lat="43.313839696347713470458984375" lon="-109.67736099846661090850830078125">
        <ele>3981.800048828125</ele>
        <time>2017-09-04T20:08:39.000Z</time>
        <extensions>
          <ns3:TrackPointExtension>
            <ns3:atemp>24.0</ns3:atemp>
            <ns3:cad>0</ns3:cad>
          </ns3:TrackPointExtension>
        </extensions>
      </trkpt>
      <trkpt lat="43.313893340528011322021484375" lon="-109.67748186551034450531005859375">
        <ele>3980.800048828125</ele>
        <time>2017-09-04T20:08:55.000Z</time>
        <extensions>
          <ns3:TrackPointExtension>
            <ns3:atemp>24.0</ns3:atemp>
            <ns3:cad>61</ns3:cad>
          </ns3:TrackPointExtension>
        </extensions>
      </trkpt>
      <trkpt lat="43.31390784122049808502197265625" lon="-109.6775049157440662384033203125">
        <ele>3980.39990234375</ele>
        <time>2017-09-04T20:08:57.000Z</time>
        <extensions>
          <ns3:TrackPointExtension>
            <ns3:atemp>24.0</ns3:atemp>
            <ns3:cad>61</ns3:cad>
          </ns3:TrackPointExtension>
        </extensions>
      </trkpt>
      <trkpt lat="43.31391840241849422454833984375" lon="-109.67753752134740352630615234375">
        <ele>3980</ele>
        <time>2017-09-04T20:08:59.000Z</time>
        <extensions>
          <ns3:TrackPointExtension>
            <ns3:atemp>24.0</ns3:atemp>
            <ns3:cad>42</ns3:cad>
          </ns3:TrackPointExtension>
        </extensions>
      </trkpt>
      <trkpt lat="43.31396316178143024444580078125" lon="-109.6775957755744457244873046875">
        <ele>3979.800048828125</ele>
        <time>2017-09-04T20:09:06.000Z</time>
        <extensions>
          <ns3:TrackPointExtension>
            <ns3:atemp>24.0</ns3:atemp>
            <ns3:cad>42</ns3:cad>
          </ns3:TrackPointExtension>
        </extensions>
      </trkpt>
      <trkpt lat="43.31396936438977718353271484375" lon="-109.6775997988879680633544921875">
        <ele>3979.60009765625</ele>
        <time>2017-09-04T20:09:07.000Z</time>
        <extensions>
          <ns3:TrackPointExtension>
            <ns3:atemp>24.0</ns3:atemp>
            <ns3:cad>42</ns3:cad>
          </ns3:TrackPointExtension>
        </extensions>
      </trkpt>
      <trkpt lat="43.314103223383426666259765625" lon="-109.67758446000516414642333984375">
        <ele>3978.60009765625</ele>
        <time>2017-09-04T20:09:31.000Z</time>
        <extensions>
          <ns3:TrackPointExtension>
            <ns3:atemp>24.0</ns3:atemp>
            <ns3:cad>0</ns3:cad>
          </ns3:TrackPointExtension>
        </extensions>
      </trkpt>
      <trkpt lat="43.314216546714305877685546875" lon="-109.6776289679110050201416015625">
        <ele>3977.39990234375</ele>
        <time>2017-09-04T20:09:49.000Z</time>
        <extensions>
          <ns3:TrackPointExtension>
            <ns3:atemp>24.0</ns3:atemp>
            <ns3:cad>0</ns3:cad>
          </ns3:TrackPointExtension>
        </extensions>
      </trkpt>
      <trkpt lat="43.314253427088260650634765625" lon="-109.67767230235040187835693359375">
        <ele>3976.39990234375</ele>
        <time>2017-09-04T20:09:57.000Z</time>
        <extensions>
          <ns3:TrackPointExtension>
            <ns3:atemp>23.0</ns3:atemp>
            <ns3:cad>61</ns3:cad>
          </ns3:TrackPointExtension>
        </extensions>
      </trkpt>
      <trkpt lat="43.31426918506622314453125" lon="-109.6777087636291980743408203125">
        <ele>3976.39990234375</ele>
        <time>2017-09-04T20:10:00.000Z</time>
        <extensions>
          <ns3:TrackPointExtension>
            <ns3:atemp>23.0</ns3:atemp>
            <ns3:cad>61</ns3:cad>
          </ns3:TrackPointExtension>
        </extensions>
      </trkpt>
      <trkpt lat="43.314322493970394134521484375" lon="-109.67774807475507259368896484375">
        <ele>3976.60009765625</ele>
        <time>2017-09-04T20:10:23.000Z</time>
        <extensions>
          <ns3:TrackPointExtension>
            <ns3:atemp>23.0</ns3:atemp>
            <ns3:cad>61</ns3:cad>
          </ns3:TrackPointExtension>
        </extensions>
      </trkpt>
      <trkpt lat="43.3143575303256511688232421875" lon="-109.6777550317347049713134765625">
        <ele>3976.199951171875</ele>
        <time>2017-09-04T20:10:31.000Z</time>
        <extensions>
          <ns3:TrackPointExtension>
            <ns3:atemp>23.0</ns3:atemp>
            <ns3:cad>78</ns3:cad>
          </ns3:TrackPointExtension>
        </extensions>
      </trkpt>
      <trkpt lat="43.314370773732662200927734375" lon="-109.6777982823550701141357421875">
        <ele>3975.199951171875</ele>
        <time>2017-09-04T20:10:43.000Z</time>
        <extensions>
          <ns3:TrackPointExtension>
            <ns3:atemp>23.0</ns3:atemp>
            <ns3:cad>0</ns3:cad>
          </ns3:TrackPointExtension>
        </extensions>
      </trkpt>
      <trkpt lat="43.31438309513032436370849609375" lon="-109.677813537418842315673828125">
        <ele>3973.60009765625</ele>
        <time>2017-09-04T20:10:45.000Z</time>
        <extensions>
          <ns3:TrackPointExtension>
            <ns3:atemp>23.0</ns3:atemp>
            <ns3:cad>0</ns3:cad>
          </ns3:TrackPointExtension>
        </extensions>
      </trkpt>
      <trkpt lat="43.31440472044050693511962890625" lon="-109.67782837338745594024658203125">
        <ele>3973.199951171875</ele>
        <time>2017-09-04T20:10:48.000Z</time>
        <extensions>
          <ns3:TrackPointExtension>
            <ns3:atemp>23.0</ns3:atemp>
            <ns3:cad>0</ns3:cad>
          </ns3:TrackPointExtension>
        </extensions>
      </trkpt>
      <trkpt lat="43.31440840847790241241455078125" lon="-109.67783004976809024810791015625">
        <ele>3974.60009765625</ele>
        <time>2017-09-04T20:10:50.000Z</time>
        <extensions>
          <ns3:TrackPointExtension>
            <ns3:atemp>23.0</ns3:atemp>
            <ns3:cad>0</ns3:cad>
          </ns3:TrackPointExtension>
        </extensions>
      </trkpt>
      <trkpt lat="43.3145399205386638641357421875" lon="-109.67796198092401027679443359375">
        <ele>3974.39990234375</ele>
        <time>2017-09-04T20:11:28.000Z</time>
        <extensions>
          <ns3:TrackPointExtension>
            <ns3:atemp>23.0</ns3:atemp>
            <ns3:cad>0</ns3:cad>
          </ns3:TrackPointExtension>
        </extensions>
      </trkpt>
      <trkpt lat="43.314607143402099609375" lon="-109.6781067363917827606201171875">
        <ele>3973.199951171875</ele>
        <time>2017-09-04T20:11:50.000Z</time>
        <extensions>
          <ns3:TrackPointExtension>
            <ns3:atemp>23.0</ns3:atemp>
            <ns3:cad>61</ns3:cad>
          </ns3:TrackPointExtension>
        </extensions>
      </trkpt>
      <trkpt lat="43.31461426801979541778564453125" lon="-109.67815719544887542724609375">
        <ele>3974.199951171875</ele>
        <time>2017-09-04T20:12:11.000Z</time>
        <extensions>
          <ns3:TrackPointExtension>
            <ns3:atemp>23.0</ns3:atemp>
            <ns3:cad>62</ns3:cad>
          </ns3:TrackPointExtension>
        </extensions>
      </trkpt>
      <trkpt lat="43.31466908566653728485107421875" lon="-109.678126685321331024169921875">
        <ele>3973.199951171875</ele>
        <time>2017-09-04T20:12:20.000Z</time>
        <extensions>
          <ns3:TrackPointExtension>
            <ns3:atemp>23.0</ns3:atemp>
            <ns3:cad>61</ns3:cad>
          </ns3:TrackPointExtension>
        </extensions>
      </trkpt>
      <trkpt lat="43.31472071819007396697998046875" lon="-109.6780882962048053741455078125">
        <ele>3972.199951171875</ele>
        <time>2017-09-04T20:12:32.000Z</time>
        <extensions>
          <ns3:TrackPointExtension>
            <ns3:atemp>23.0</ns3:atemp>
            <ns3:cad>61</ns3:cad>
          </ns3:TrackPointExtension>
        </extensions>
      </trkpt>
      <trkpt lat="43.31477654166519641876220703125" lon="-109.67811302281916141510009765625">
        <ele>3971.199951171875</ele>
        <time>2017-09-04T20:12:43.000Z</time>
        <extensions>
          <ns3:TrackPointExtension>
            <ns3:atemp>23.0</ns3:atemp>
            <ns3:cad>61</ns3:cad>
          </ns3:TrackPointExtension>
        </extensions>
      </trkpt>
      <trkpt lat="43.31481358967721462249755859375" lon="-109.6780748851597309112548828125">
        <ele>3970.199951171875</ele>
        <time>2017-09-04T20:12:55.000Z</time>
        <extensions>
          <ns3:TrackPointExtension>
            <ns3:atemp>23.0</ns3:atemp>
            <ns3:cad>0</ns3:cad>
          </ns3:TrackPointExtension>
        </extensions>
      </trkpt>
      <trkpt lat="43.3148658089339733123779296875" lon="-109.67811235226690769195556640625">
        <ele>3969</ele>
        <time>2017-09-04T20:13:14.000Z</time>
        <extensions>
          <ns3:TrackPointExtension>
            <ns3:atemp>23.0</ns3:atemp>
            <ns3:cad>0</ns3:cad>
          </ns3:TrackPointExtension>
        </extensions>
      </trkpt>
      <trkpt lat="43.3149777911603450775146484375" lon="-109.6780939958989620208740234375">
        <ele>3968.199951171875</ele>
        <time>2017-09-04T20:13:38.000Z</time>
        <extensions>
          <ns3:TrackPointExtension>
            <ns3:atemp>24.0</ns3:atemp>
            <ns3:cad>0</ns3:cad>
          </ns3:TrackPointExtension>
        </extensions>
      </trkpt>
      <trkpt lat="43.31501911394298076629638671875" lon="-109.67808611690998077392578125">
        <ele>3967.800048828125</ele>
        <time>2017-09-04T20:13:44.000Z</time>
        <extensions>
          <ns3:TrackPointExtension>
            <ns3:atemp>24.0</ns3:atemp>
            <ns3:cad>61</ns3:cad>
          </ns3:TrackPointExtension>
        </extensions>
      </trkpt>
      <trkpt lat="43.3150559104979038238525390625" lon="-109.67809282243251800537109375">
        <ele>3967</ele>
        <time>2017-09-04T20:13:47.000Z</time>
        <extensions>
          <ns3:TrackPointExtension>
            <ns3:atemp>24.0</ns3:atemp>
            <ns3:cad>61</ns3:cad>
          </ns3:TrackPointExtension>
        </extensions>
      </trkpt>
      <trkpt lat="43.31506202928721904754638671875" lon="-109.67809416353702545166015625">
        <ele>3966.800048828125</ele>
        <time>2017-09-04T20:13:48.000Z</time>
        <extensions>
          <ns3:TrackPointExtension>
            <ns3:atemp>24.0</ns3:atemp>
            <ns3:cad>61</ns3:cad>
          </ns3:TrackPointExtension>
        </extensions>
      </trkpt>
      <trkpt lat="43.31510527990758419036865234375" lon="-109.67812442220747470855712890625">
        <ele>3966.199951171875</ele>
        <time>2017-09-04T20:13:54.000Z</time>
        <extensions>
          <ns3:TrackPointExtension>
            <ns3:atemp>24.0</ns3:atemp>
            <ns3:cad>61</ns3:cad>
          </ns3:TrackPointExtension>
        </extensions>
      </trkpt>
      <trkpt lat="43.3151078782975673675537109375" lon="-109.67814554460346698760986328125">
        <ele>3966.199951171875</ele>
        <time>2017-09-04T20:13:56.000Z</time>
        <extensions>
          <ns3:TrackPointExtension>
            <ns3:atemp>24.0</ns3:atemp>
            <ns3:cad>61</ns3:cad>
          </ns3:TrackPointExtension>
        </extensions>
      </trkpt>
      <trkpt lat="43.31511885859072208404541015625" lon="-109.67816465534269809722900390625">
        <ele>3966.199951171875</ele>
        <time>2017-09-04T20:13:58.000Z</time>
        <extensions>
          <ns3:TrackPointExtension>
            <ns3:atemp>24.0</ns3:atemp>
            <ns3:cad>61</ns3:cad>
          </ns3:TrackPointExtension>
        </extensions>
      </trkpt>
      <trkpt lat="43.31512103788554668426513671875" lon="-109.6781868673861026763916015625">
        <ele>3966.199951171875</ele>
        <time>2017-09-04T20:14:00.000Z</time>
        <extensions>
          <ns3:TrackPointExtension>
            <ns3:atemp>24.0</ns3:atemp>
            <ns3:cad>0</ns3:cad>
          </ns3:TrackPointExtension>
        </extensions>
      </trkpt>
      <trkpt lat="43.31511676311492919921875" lon="-109.678291976451873779296875">
        <ele>3966</ele>
        <time>2017-09-04T20:14:09.000Z</time>
        <extensions>
          <ns3:TrackPointExtension>
            <ns3:atemp>24.0</ns3:atemp>
            <ns3:cad>61</ns3:cad>
          </ns3:TrackPointExtension>
        </extensions>
      </trkpt>
      <trkpt lat="43.31511265598237514495849609375" lon="-109.678302705287933349609375">
        <ele>3965.60009765625</ele>
        <time>2017-09-04T20:14:10.000Z</time>
        <extensions>
          <ns3:TrackPointExtension>
            <ns3:atemp>24.0</ns3:atemp>
            <ns3:cad>61</ns3:cad>
          </ns3:TrackPointExtension>
        </extensions>
      </trkpt>
      <trkpt lat="43.315104357898235321044921875" lon="-109.678392224013805389404296875">
        <ele>3965.199951171875</ele>
        <time>2017-09-04T20:14:17.000Z</time>
        <extensions>
          <ns3:TrackPointExtension>
            <ns3:atemp>24.0</ns3:atemp>
            <ns3:cad>0</ns3:cad>
          </ns3:TrackPointExtension>
        </extensions>
      </trkpt>
      <trkpt lat="43.31512673757970333099365234375" lon="-109.6784269250929355621337890625">
        <ele>3964.800048828125</ele>
        <time>2017-09-04T20:14:20.000Z</time>
        <extensions>
          <ns3:TrackPointExtension>
            <ns3:atemp>24.0</ns3:atemp>
            <ns3:cad>0</ns3:cad>
          </ns3:TrackPointExtension>
        </extensions>
      </trkpt>
      <trkpt lat="43.3151330240070819854736328125" lon="-109.67845089733600616455078125">
        <ele>3964.60009765625</ele>
        <time>2017-09-04T20:14:22.000Z</time>
        <extensions>
          <ns3:TrackPointExtension>
            <ns3:atemp>24.0</ns3:atemp>
            <ns3:cad>0</ns3:cad>
          </ns3:TrackPointExtension>
        </extensions>
      </trkpt>
      <trkpt lat="43.3152631111443042755126953125" lon="-109.678544439375400543212890625">
        <ele>3963.800048828125</ele>
        <time>2017-09-04T20:14:50.000Z</time>
        <extensions>
          <ns3:TrackPointExtension>
            <ns3:atemp>24.0</ns3:atemp>
            <ns3:cad>0</ns3:cad>
          </ns3:TrackPointExtension>
        </extensions>
      </trkpt>
      <trkpt lat="43.31529856659471988677978515625" lon="-109.67854871414601802825927734375">
        <ele>3963.39990234375</ele>
        <time>2017-09-04T20:14:56.000Z</time>
        <extensions>
          <ns3:TrackPointExtension>
            <ns3:atemp>24.0</ns3:atemp>
            <ns3:cad>0</ns3:cad>
          </ns3:TrackPointExtension>
        </extensions>
      </trkpt>
      <trkpt lat="43.31538188271224498748779296875" lon="-109.67866773717105388641357421875">
        <ele>3963.199951171875</ele>
        <time>2017-09-04T20:15:10.000Z</time>
        <extensions>
          <ns3:TrackPointExtension>
            <ns3:atemp>24.0</ns3:atemp>
            <ns3:cad>47</ns3:cad>
          </ns3:TrackPointExtension>
        </extensions>
      </trkpt>
      <trkpt lat="43.31539361737668514251708984375" lon="-109.67868785373866558074951171875">
        <ele>3963</ele>
        <time>2017-09-04T20:15:12.000Z</time>
        <extensions>
          <ns3:TrackPointExtension>
            <ns3:atemp>24.0</ns3:atemp>
            <ns3:cad>47</ns3:cad>
          </ns3:TrackPointExtension>
        </extensions>
      </trkpt>
      <trkpt lat="43.3154267258942127227783203125" lon="-109.67872641049325466156005859375">
        <ele>3962.39990234375</ele>
        <time>2017-09-04T20:15:16.000Z</time>
        <extensions>
          <ns3:TrackPointExtension>
            <ns3:atemp>24.0</ns3:atemp>
            <ns3:cad>47</ns3:cad>
          </ns3:TrackPointExtension>
        </extensions>
      </trkpt>
      <trkpt lat="43.31543527543544769287109375" lon="-109.67874300666153430938720703125">
        <ele>3961.800048828125</ele>
        <time>2017-09-04T20:15:18.000Z</time>
        <extensions>
          <ns3:TrackPointExtension>
            <ns3:atemp>24.0</ns3:atemp>
            <ns3:cad>46</ns3:cad>
          </ns3:TrackPointExtension>
        </extensions>
      </trkpt>
      <trkpt lat="43.31543862819671630859375" lon="-109.67876580543816089630126953125">
        <ele>3962.199951171875</ele>
        <time>2017-09-04T20:15:21.000Z</time>
        <extensions>
          <ns3:TrackPointExtension>
            <ns3:atemp>24.0</ns3:atemp>
            <ns3:cad>46</ns3:cad>
          </ns3:TrackPointExtension>
        </extensions>
      </trkpt>
      <trkpt lat="43.31543393433094024658203125" lon="-109.6787642128765583038330078125">
        <ele>3961.199951171875</ele>
        <time>2017-09-04T20:15:26.000Z</time>
        <extensions>
          <ns3:TrackPointExtension>
            <ns3:atemp>24.0</ns3:atemp>
            <ns3:cad>0</ns3:cad>
          </ns3:TrackPointExtension>
        </extensions>
      </trkpt>
      <trkpt lat="43.31542882137000560760498046875" lon="-109.67876614071428775787353515625">
        <ele>3960.800048828125</ele>
        <time>2017-09-04T20:15:29.000Z</time>
        <extensions>
          <ns3:TrackPointExtension>
            <ns3:atemp>24.0</ns3:atemp>
            <ns3:cad>0</ns3:cad>
          </ns3:TrackPointExtension>
        </extensions>
      </trkpt>
      <trkpt lat="43.315447680652141571044921875" lon="-109.67881592921912670135498046875">
        <ele>3960</ele>
        <time>2017-09-04T20:15:35.000Z</time>
        <extensions>
          <ns3:TrackPointExtension>
            <ns3:atemp>24.0</ns3:atemp>
            <ns3:cad>0</ns3:cad>
          </ns3:TrackPointExtension>
        </extensions>
      </trkpt>
      <trkpt lat="43.31544860266149044036865234375" lon="-109.67899002134799957275390625">
        <ele>3958.800048828125</ele>
        <time>2017-09-04T20:16:08.000Z</time>
        <extensions>
          <ns3:TrackPointExtension>
            <ns3:atemp>24.0</ns3:atemp>
            <ns3:cad>0</ns3:cad>
          </ns3:TrackPointExtension>
        </extensions>
      </trkpt>
      <trkpt lat="43.31547056324779987335205078125" lon="-109.6790880896151065826416015625">
        <ele>3957.800048828125</ele>
        <time>2017-09-04T20:16:17.000Z</time>
        <extensions>
          <ns3:TrackPointExtension>
            <ns3:atemp>24.0</ns3:atemp>
            <ns3:cad>63</ns3:cad>
          </ns3:TrackPointExtension>
        </extensions>
      </trkpt>
      <trkpt lat="43.3155011571943759918212890625" lon="-109.67913863249123096466064453125">
        <ele>3956.60009765625</ele>
        <time>2017-09-04T20:16:25.000Z</time>
        <extensions>
          <ns3:TrackPointExtension>
            <ns3:atemp>24.0</ns3:atemp>
            <ns3:cad>0</ns3:cad>
          </ns3:TrackPointExtension>
        </extensions>
      </trkpt>
      <trkpt lat="43.31554734148085117340087890625" lon="-109.67924885451793670654296875">
        <ele>3955.39990234375</ele>
        <time>2017-09-04T20:16:54.000Z</time>
        <extensions>
          <ns3:TrackPointExtension>
            <ns3:atemp>24.0</ns3:atemp>
            <ns3:cad>61</ns3:cad>
          </ns3:TrackPointExtension>
        </extensions>
      </trkpt>
      <trkpt lat="43.31554868258535861968994140625" lon="-109.6792895905673503875732421875">
        <ele>3955.39990234375</ele>
        <time>2017-09-04T20:17:02.000Z</time>
        <extensions>
          <ns3:TrackPointExtension>
            <ns3:atemp>24.0</ns3:atemp>
            <ns3:cad>0</ns3:cad>
          </ns3:TrackPointExtension>
        </extensions>
      </trkpt>
      <trkpt lat="43.31551079638302326202392578125" lon="-109.67938053421676158905029296875">
        <ele>3954.199951171875</ele>
        <time>2017-09-04T20:17:36.000Z</time>
        <extensions>
          <ns3:TrackPointExtension>
            <ns3:atemp>25.0</ns3:atemp>
            <ns3:cad>0</ns3:cad>
          </ns3:TrackPointExtension>
        </extensions>
      </trkpt>
      <trkpt lat="43.3155108802020549774169921875" lon="-109.67940417118370532989501953125">
        <ele>3954</ele>
        <time>2017-09-04T20:17:38.000Z</time>
        <extensions>
          <ns3:TrackPointExtension>
            <ns3:atemp>25.0</ns3:atemp>
            <ns3:cad>0</ns3:cad>
          </ns3:TrackPointExtension>
        </extensions>
      </trkpt>
      <trkpt lat="43.3155070245265960693359375" lon="-109.67951229773461818695068359375">
        <ele>3953.199951171875</ele>
        <time>2017-09-04T20:17:53.000Z</time>
        <extensions>
          <ns3:TrackPointExtension>
            <ns3:atemp>25.0</ns3:atemp>
            <ns3:cad>0</ns3:cad>
          </ns3:TrackPointExtension>
        </extensions>
      </trkpt>
      <trkpt lat="43.3155071921646595001220703125" lon="-109.67951497994363307952880859375">
        <ele>3951.800048828125</ele>
        <time>2017-09-04T20:17:56.000Z</time>
        <extensions>
          <ns3:TrackPointExtension>
            <ns3:atemp>25.0</ns3:atemp>
            <ns3:cad>0</ns3:cad>
          </ns3:TrackPointExtension>
        </extensions>
      </trkpt>
      <trkpt lat="43.31551012583076953887939453125" lon="-109.67952688224613666534423828125">
        <ele>3950.60009765625</ele>
        <time>2017-09-04T20:17:59.000Z</time>
        <extensions>
          <ns3:TrackPointExtension>
            <ns3:atemp>25.0</ns3:atemp>
            <ns3:cad>61</ns3:cad>
          </ns3:TrackPointExtension>
        </extensions>
      </trkpt>
      <trkpt lat="43.315522782504558563232421875" lon="-109.6795822866261005401611328125">
        <ele>3950.39990234375</ele>
        <time>2017-09-04T20:18:03.000Z</time>
        <extensions>
          <ns3:TrackPointExtension>
            <ns3:atemp>25.0</ns3:atemp>
            <ns3:cad>61</ns3:cad>
          </ns3:TrackPointExtension>
        </extensions>
      </trkpt>
      <trkpt lat="43.31555329263210296630859375" lon="-109.679627381265163421630859375">
        <ele>3949.39990234375</ele>
        <time>2017-09-04T20:18:08.000Z</time>
        <extensions>
          <ns3:TrackPointExtension>
            <ns3:atemp>25.0</ns3:atemp>
            <ns3:cad>0</ns3:cad>
          </ns3:TrackPointExtension>
        </extensions>
      </trkpt>
      <trkpt lat="43.3155544660985469818115234375" lon="-109.6796272136270999908447265625">
        <ele>3949.199951171875</ele>
        <time>2017-09-04T20:18:09.000Z</time>
        <extensions>
          <ns3:TrackPointExtension>
            <ns3:atemp>25.0</ns3:atemp>
            <ns3:cad>0</ns3:cad>
          </ns3:TrackPointExtension>
        </extensions>
      </trkpt>
      <trkpt lat="43.31555438227951526641845703125" lon="-109.679630063474178314208984375">
        <ele>3948.199951171875</ele>
        <time>2017-09-04T20:18:11.000Z</time>
        <extensions>
          <ns3:TrackPointExtension>
            <ns3:atemp>25.0</ns3:atemp>
            <ns3:cad>0</ns3:cad>
          </ns3:TrackPointExtension>
        </extensions>
      </trkpt>
      <trkpt lat="43.3155980519950389862060546875" lon="-109.67962562106549739837646484375">
        <ele>3949.39990234375</ele>
        <time>2017-09-04T20:18:17.000Z</time>
        <extensions>
          <ns3:TrackPointExtension>
            <ns3:atemp>25.0</ns3:atemp>
            <ns3:cad>0</ns3:cad>
          </ns3:TrackPointExtension>
        </extensions>
      </trkpt>
      <trkpt lat="43.3156062662601470947265625" lon="-109.67963299714028835296630859375">
        <ele>3949.60009765625</ele>
        <time>2017-09-04T20:18:18.000Z</time>
        <extensions>
          <ns3:TrackPointExtension>
            <ns3:atemp>25.0</ns3:atemp>
            <ns3:cad>0</ns3:cad>
          </ns3:TrackPointExtension>
        </extensions>
      </trkpt>
      <trkpt lat="43.31568882800638675689697265625" lon="-109.67976710759103298187255859375">
        <ele>3950</ele>
        <time>2017-09-04T20:18:32.000Z</time>
        <extensions>
          <ns3:TrackPointExtension>
            <ns3:atemp>25.0</ns3:atemp>
            <ns3:cad>0</ns3:cad>
          </ns3:TrackPointExtension>
        </extensions>
      </trkpt>
      <trkpt lat="43.31570324487984180450439453125" lon="-109.67978504486382007598876953125">
        <ele>3950.39990234375</ele>
        <time>2017-09-04T20:18:35.000Z</time>
        <extensions>
          <ns3:TrackPointExtension>
            <ns3:atemp>25.0</ns3:atemp>
            <ns3:cad>0</ns3:cad>
          </ns3:TrackPointExtension>
        </extensions>
      </trkpt>
      <trkpt lat="43.31573626957833766937255859375" lon="-109.67984925024211406707763671875">
        <ele>3950.199951171875</ele>
        <time>2017-09-04T20:18:41.000Z</time>
        <extensions>
          <ns3:TrackPointExtension>
            <ns3:atemp>25.0</ns3:atemp>
            <ns3:cad>0</ns3:cad>
          </ns3:TrackPointExtension>
        </extensions>
      </trkpt>
      <trkpt lat="43.31578790210187435150146484375" lon="-109.67992871068418025970458984375">
        <ele>3949.39990234375</ele>
        <time>2017-09-04T20:18:50.000Z</time>
        <extensions>
          <ns3:TrackPointExtension>
            <ns3:atemp>25.0</ns3:atemp>
            <ns3:cad>0</ns3:cad>
          </ns3:TrackPointExtension>
        </extensions>
      </trkpt>
      <trkpt lat="43.31580634228885173797607421875" lon="-109.6799986995756626129150390625">
        <ele>3948.60009765625</ele>
        <time>2017-09-04T20:18:57.000Z</time>
        <extensions>
          <ns3:TrackPointExtension>
            <ns3:atemp>24.0</ns3:atemp>
            <ns3:cad>0</ns3:cad>
          </ns3:TrackPointExtension>
        </extensions>
      </trkpt>
      <trkpt lat="43.31585763953626155853271484375" lon="-109.68010556884109973907470703125">
        <ele>3951</ele>
        <time>2017-09-04T20:19:09.000Z</time>
        <extensions>
          <ns3:TrackPointExtension>
            <ns3:atemp>24.0</ns3:atemp>
            <ns3:cad>0</ns3:cad>
          </ns3:TrackPointExtension>
        </extensions>
      </trkpt>
      <trkpt lat="43.315870463848114013671875" lon="-109.68012887053191661834716796875">
        <ele>3951.199951171875</ele>
        <time>2017-09-04T20:19:11.000Z</time>
        <extensions>
          <ns3:TrackPointExtension>
            <ns3:atemp>24.0</ns3:atemp>
            <ns3:cad>0</ns3:cad>
          </ns3:TrackPointExtension>
        </extensions>
      </trkpt>
      <trkpt lat="43.3158914186060428619384765625" lon="-109.680142365396022796630859375">
        <ele>3951</ele>
        <time>2017-09-04T20:19:13.000Z</time>
        <extensions>
          <ns3:TrackPointExtension>
            <ns3:atemp>24.0</ns3:atemp>
            <ns3:cad>0</ns3:cad>
          </ns3:TrackPointExtension>
        </extensions>
      </trkpt>
      <trkpt lat="43.31591413356363773345947265625" lon="-109.68017421662807464599609375">
        <ele>3949.800048828125</ele>
        <time>2017-09-04T20:19:16.000Z</time>
        <extensions>
          <ns3:TrackPointExtension>
            <ns3:atemp>24.0</ns3:atemp>
            <ns3:cad>61</ns3:cad>
          </ns3:TrackPointExtension>
        </extensions>
      </trkpt>
      <trkpt lat="43.31601521931588649749755859375" lon="-109.68029089272022247314453125">
        <ele>3949.800048828125</ele>
        <time>2017-09-04T20:19:30.000Z</time>
        <extensions>
          <ns3:TrackPointExtension>
            <ns3:atemp>24.0</ns3:atemp>
            <ns3:cad>61</ns3:cad>
          </ns3:TrackPointExtension>
        </extensions>
      </trkpt>
      <trkpt lat="43.31603282131254673004150390625" lon="-109.6803208999335765838623046875">
        <ele>3950.800048828125</ele>
        <time>2017-09-04T20:19:33.000Z</time>
        <extensions>
          <ns3:TrackPointExtension>
            <ns3:atemp>24.0</ns3:atemp>
            <ns3:cad>47</ns3:cad>
          </ns3:TrackPointExtension>
        </extensions>
      </trkpt>
      <trkpt lat="43.31604053266346454620361328125" lon="-109.680341184139251708984375">
        <ele>3950.39990234375</ele>
        <time>2017-09-04T20:19:35.000Z</time>
        <extensions>
          <ns3:TrackPointExtension>
            <ns3:atemp>24.0</ns3:atemp>
            <ns3:cad>0</ns3:cad>
          </ns3:TrackPointExtension>
        </extensions>
      </trkpt>
      <trkpt lat="43.31605360843241214752197265625" lon="-109.68036063015460968017578125">
        <ele>3951.199951171875</ele>
        <time>2017-09-04T20:19:37.000Z</time>
        <extensions>
          <ns3:TrackPointExtension>
            <ns3:atemp>24.0</ns3:atemp>
            <ns3:cad>0</ns3:cad>
          </ns3:TrackPointExtension>
        </extensions>
      </trkpt>
      <trkpt lat="43.3160982839763164520263671875" lon="-109.68044486828148365020751953125">
        <ele>3951</ele>
        <time>2017-09-04T20:19:45.000Z</time>
        <extensions>
          <ns3:TrackPointExtension>
            <ns3:atemp>24.0</ns3:atemp>
            <ns3:cad>62</ns3:cad>
          </ns3:TrackPointExtension>
        </extensions>
      </trkpt>
      <trkpt lat="43.3161636628210544586181640625" lon="-109.68054980970919132232666015625">
        <ele>3949.800048828125</ele>
        <time>2017-09-04T20:19:57.000Z</time>
        <extensions>
          <ns3:TrackPointExtension>
            <ns3:atemp>24.0</ns3:atemp>
            <ns3:cad>61</ns3:cad>
          </ns3:TrackPointExtension>
        </extensions>
      </trkpt>
      <trkpt lat="43.31620699726045131683349609375" lon="-109.68063966371119022369384765625">
        <ele>3949.60009765625</ele>
        <time>2017-09-04T20:20:06.000Z</time>
        <extensions>
          <ns3:TrackPointExtension>
            <ns3:atemp>24.0</ns3:atemp>
            <ns3:cad>61</ns3:cad>
          </ns3:TrackPointExtension>
        </extensions>
      </trkpt>
      <trkpt lat="43.31622426398098468780517578125" lon="-109.68067713081836700439453125">
        <ele>3950.199951171875</ele>
        <time>2017-09-04T20:20:09.000Z</time>
        <extensions>
          <ns3:TrackPointExtension>
            <ns3:atemp>24.0</ns3:atemp>
            <ns3:cad>61</ns3:cad>
          </ns3:TrackPointExtension>
        </extensions>
      </trkpt>
      <trkpt lat="43.31626248545944690704345703125" lon="-109.68073471449315547943115234375">
        <ele>3948.60009765625</ele>
        <time>2017-09-04T20:20:15.000Z</time>
        <extensions>
          <ns3:TrackPointExtension>
            <ns3:atemp>24.0</ns3:atemp>
            <ns3:cad>61</ns3:cad>
          </ns3:TrackPointExtension>
        </extensions>
      </trkpt>
      <trkpt lat="43.31626533530652523040771484375" lon="-109.68074276112020015716552734375">
        <ele>3948.39990234375</ele>
        <time>2017-09-04T20:20:16.000Z</time>
        <extensions>
          <ns3:TrackPointExtension>
            <ns3:atemp>24.0</ns3:atemp>
            <ns3:cad>0</ns3:cad>
          </ns3:TrackPointExtension>
        </extensions>
      </trkpt>
      <trkpt lat="43.3162955939769744873046875" lon="-109.6808167733252048492431640625">
        <ele>3948</ele>
        <time>2017-09-04T20:20:23.000Z</time>
        <extensions>
          <ns3:TrackPointExtension>
            <ns3:atemp>24.0</ns3:atemp>
            <ns3:cad>61</ns3:cad>
          </ns3:TrackPointExtension>
        </extensions>
      </trkpt>
      <trkpt lat="43.3162964321672916412353515625" lon="-109.680829010903835296630859375">
        <ele>3948.199951171875</ele>
        <time>2017-09-04T20:20:25.000Z</time>
        <extensions>
          <ns3:TrackPointExtension>
            <ns3:atemp>24.0</ns3:atemp>
            <ns3:cad>61</ns3:cad>
          </ns3:TrackPointExtension>
        </extensions>
      </trkpt>
      <trkpt lat="43.3163064904510974884033203125" lon="-109.6808506362140178680419921875">
        <ele>3948.199951171875</ele>
        <time>2017-09-04T20:20:29.000Z</time>
        <extensions>
          <ns3:TrackPointExtension>
            <ns3:atemp>24.0</ns3:atemp>
            <ns3:cad>61</ns3:cad>
          </ns3:TrackPointExtension>
        </extensions>
      </trkpt>
      <trkpt lat="43.3163212426006793975830078125" lon="-109.680860526859760284423828125">
        <ele>3947.800048828125</ele>
        <time>2017-09-04T20:20:31.000Z</time>
        <extensions>
          <ns3:TrackPointExtension>
            <ns3:atemp>24.0</ns3:atemp>
            <ns3:cad>61</ns3:cad>
          </ns3:TrackPointExtension>
        </extensions>
      </trkpt>
      <trkpt lat="43.31632752902805805206298828125" lon="-109.6808503009378910064697265625">
        <ele>3950.39990234375</ele>
        <time>2017-09-04T20:20:36.000Z</time>
        <extensions>
          <ns3:TrackPointExtension>
            <ns3:atemp>24.0</ns3:atemp>
            <ns3:cad>0</ns3:cad>
          </ns3:TrackPointExtension>
        </extensions>
      </trkpt>
      <trkpt lat="43.31632819958031177520751953125" lon="-109.68085457570850849151611328125">
        <ele>3951.60009765625</ele>
        <time>2017-09-04T20:20:38.000Z</time>
        <extensions>
          <ns3:TrackPointExtension>
            <ns3:atemp>24.0</ns3:atemp>
            <ns3:cad>0</ns3:cad>
          </ns3:TrackPointExtension>
        </extensions>
      </trkpt>
      <trkpt lat="43.3163581229746341705322265625" lon="-109.6808938868343830108642578125">
        <ele>3951.800048828125</ele>
        <time>2017-09-04T20:20:52.000Z</time>
        <extensions>
          <ns3:TrackPointExtension>
            <ns3:atemp>24.0</ns3:atemp>
            <ns3:cad>54</ns3:cad>
          </ns3:TrackPointExtension>
        </extensions>
      </trkpt>
      <trkpt lat="43.3164020441472530364990234375" lon="-109.680993966758251190185546875">
        <ele>3950.199951171875</ele>
        <time>2017-09-04T20:21:00.000Z</time>
        <extensions>
          <ns3:TrackPointExtension>
            <ns3:atemp>24.0</ns3:atemp>
            <ns3:cad>51</ns3:cad>
          </ns3:TrackPointExtension>
        </extensions>
      </trkpt>
      <trkpt lat="43.31641838885843753814697265625" lon="-109.68101617880165576934814453125">
        <ele>3949.199951171875</ele>
        <time>2017-09-04T20:21:03.000Z</time>
        <extensions>
          <ns3:TrackPointExtension>
            <ns3:atemp>24.0</ns3:atemp>
            <ns3:cad>46</ns3:cad>
          </ns3:TrackPointExtension>
        </extensions>
      </trkpt>
      <trkpt lat="43.31643196754157543182373046875" lon="-109.68104434199631214141845703125">
        <ele>3949.199951171875</ele>
        <time>2017-09-04T20:21:05.000Z</time>
        <extensions>
          <ns3:TrackPointExtension>
            <ns3:atemp>24.0</ns3:atemp>
            <ns3:cad>46</ns3:cad>
          </ns3:TrackPointExtension>
        </extensions>
      </trkpt>
      <trkpt lat="43.31643817014992237091064453125" lon="-109.68105741776525974273681640625">
        <ele>3949.199951171875</ele>
        <time>2017-09-04T20:21:06.000Z</time>
        <extensions>
          <ns3:TrackPointExtension>
            <ns3:atemp>24.0</ns3:atemp>
            <ns3:cad>46</ns3:cad>
          </ns3:TrackPointExtension>
        </extensions>
      </trkpt>
      <trkpt lat="43.31647236831486225128173828125" lon="-109.68111961148679256439208984375">
        <ele>3950.39990234375</ele>
        <time>2017-09-04T20:21:12.000Z</time>
        <extensions>
          <ns3:TrackPointExtension>
            <ns3:atemp>24.0</ns3:atemp>
            <ns3:cad>46</ns3:cad>
          </ns3:TrackPointExtension>
        </extensions>
      </trkpt>
      <trkpt lat="43.31651377491652965545654296875" lon="-109.68122337944805622100830078125">
        <ele>3949.39990234375</ele>
        <time>2017-09-04T20:21:20.000Z</time>
        <extensions>
          <ns3:TrackPointExtension>
            <ns3:atemp>24.0</ns3:atemp>
            <ns3:cad>0</ns3:cad>
          </ns3:TrackPointExtension>
        </extensions>
      </trkpt>
      <trkpt lat="43.3165210671722888946533203125" lon="-109.68124953098595142364501953125">
        <ele>3950.39990234375</ele>
        <time>2017-09-04T20:21:22.000Z</time>
        <extensions>
          <ns3:TrackPointExtension>
            <ns3:atemp>24.0</ns3:atemp>
            <ns3:cad>0</ns3:cad>
          </ns3:TrackPointExtension>
        </extensions>
      </trkpt>
      <trkpt lat="43.31655182875692844390869140625" lon="-109.68131004832684993743896484375">
        <ele>3951.39990234375</ele>
        <time>2017-09-04T20:21:28.000Z</time>
        <extensions>
          <ns3:TrackPointExtension>
            <ns3:atemp>24.0</ns3:atemp>
            <ns3:cad>0</ns3:cad>
          </ns3:TrackPointExtension>
        </extensions>
      </trkpt>
      <trkpt lat="43.31656624563038349151611328125" lon="-109.681339301168918609619140625">
        <ele>3951.39990234375</ele>
        <time>2017-09-04T20:21:32.000Z</time>
        <extensions>
          <ns3:TrackPointExtension>
            <ns3:atemp>24.0</ns3:atemp>
            <ns3:cad>0</ns3:cad>
          </ns3:TrackPointExtension>
        </extensions>
      </trkpt>
      <trkpt lat="43.316589295864105224609375" lon="-109.68138389289379119873046875">
        <ele>3951.199951171875</ele>
        <time>2017-09-04T20:21:36.000Z</time>
        <extensions>
          <ns3:TrackPointExtension>
            <ns3:atemp>24.0</ns3:atemp>
            <ns3:cad>0</ns3:cad>
          </ns3:TrackPointExtension>
        </extensions>
      </trkpt>
      <trkpt lat="43.3165968395769596099853515625" lon="-109.6814004890620708465576171875">
        <ele>3951.199951171875</ele>
        <time>2017-09-04T20:21:38.000Z</time>
        <extensions>
          <ns3:TrackPointExtension>
            <ns3:atemp>24.0</ns3:atemp>
            <ns3:cad>0</ns3:cad>
          </ns3:TrackPointExtension>
        </extensions>
      </trkpt>
      <trkpt lat="43.3166162855923175811767578125" lon="-109.681440554559230804443359375">
        <ele>3951.199951171875</ele>
        <time>2017-09-04T20:21:41.000Z</time>
        <extensions>
          <ns3:TrackPointExtension>
            <ns3:atemp>24.0</ns3:atemp>
            <ns3:cad>0</ns3:cad>
          </ns3:TrackPointExtension>
        </extensions>
      </trkpt>
      <trkpt lat="43.316624499857425689697265625" lon="-109.68145907856523990631103515625">
        <ele>3951.39990234375</ele>
        <time>2017-09-04T20:21:43.000Z</time>
        <extensions>
          <ns3:TrackPointExtension>
            <ns3:atemp>24.0</ns3:atemp>
            <ns3:cad>0</ns3:cad>
          </ns3:TrackPointExtension>
        </extensions>
      </trkpt>
      <trkpt lat="43.31667789258062839508056640625" lon="-109.68154105357825756072998046875">
        <ele>3951.60009765625</ele>
        <time>2017-09-04T20:21:59.000Z</time>
        <extensions>
          <ns3:TrackPointExtension>
            <ns3:atemp>24.0</ns3:atemp>
            <ns3:cad>61</ns3:cad>
          </ns3:TrackPointExtension>
        </extensions>
      </trkpt>
      <trkpt lat="43.31669130362570285797119140625" lon="-109.6816197596490383148193359375">
        <ele>3952.39990234375</ele>
        <time>2017-09-04T20:22:05.000Z</time>
        <extensions>
          <ns3:TrackPointExtension>
            <ns3:atemp>24.0</ns3:atemp>
            <ns3:cad>0</ns3:cad>
          </ns3:TrackPointExtension>
        </extensions>
      </trkpt>
      <trkpt lat="43.31677478738129138946533203125" lon="-109.68179988674819469451904296875">
        <ele>3953.199951171875</ele>
        <time>2017-09-04T20:22:24.000Z</time>
        <extensions>
          <ns3:TrackPointExtension>
            <ns3:atemp>24.0</ns3:atemp>
            <ns3:cad>61</ns3:cad>
          </ns3:TrackPointExtension>
        </extensions>
      </trkpt>
      <trkpt lat="43.3167850971221923828125" lon="-109.68190767802298069000244140625">
        <ele>3953</ele>
        <time>2017-09-04T20:22:44.000Z</time>
        <extensions>
          <ns3:TrackPointExtension>
            <ns3:atemp>24.0</ns3:atemp>
            <ns3:cad>0</ns3:cad>
          </ns3:TrackPointExtension>
        </extensions>
      </trkpt>
      <trkpt lat="43.3168197982013225555419921875" lon="-109.682020246982574462890625">
        <ele>3952.60009765625</ele>
        <time>2017-09-04T20:22:54.000Z</time>
        <extensions>
          <ns3:TrackPointExtension>
            <ns3:atemp>24.0</ns3:atemp>
            <ns3:cad>0</ns3:cad>
          </ns3:TrackPointExtension>
        </extensions>
      </trkpt>
      <trkpt lat="43.31684620119631290435791015625" lon="-109.68210733495652675628662109375">
        <ele>3953.199951171875</ele>
        <time>2017-09-04T20:23:02.000Z</time>
        <extensions>
          <ns3:TrackPointExtension>
            <ns3:atemp>24.0</ns3:atemp>
            <ns3:cad>46</ns3:cad>
          </ns3:TrackPointExtension>
        </extensions>
      </trkpt>
      <trkpt lat="43.3169478736817836761474609375" lon="-109.6821427904069423675537109375">
        <ele>3953.39990234375</ele>
        <time>2017-09-04T20:23:24.000Z</time>
        <extensions>
          <ns3:TrackPointExtension>
            <ns3:atemp>24.0</ns3:atemp>
            <ns3:cad>0</ns3:cad>
          </ns3:TrackPointExtension>
        </extensions>
      </trkpt>
      <trkpt lat="43.31702389754354953765869140625" lon="-109.6820613183081150054931640625">
        <ele>3954</ele>
        <time>2017-09-04T20:23:39.000Z</time>
        <extensions>
          <ns3:TrackPointExtension>
            <ns3:atemp>24.0</ns3:atemp>
            <ns3:cad>61</ns3:cad>
          </ns3:TrackPointExtension>
        </extensions>
      </trkpt>
      <trkpt lat="43.31707636825740337371826171875" lon="-109.68208185397088527679443359375">
        <ele>3953.39990234375</ele>
        <time>2017-09-04T20:23:44.000Z</time>
        <extensions>
          <ns3:TrackPointExtension>
            <ns3:atemp>24.0</ns3:atemp>
            <ns3:cad>61</ns3:cad>
          </ns3:TrackPointExtension>
        </extensions>
      </trkpt>
      <trkpt lat="43.317122049629688262939453125" lon="-109.68212024308741092681884765625">
        <ele>3954.60009765625</ele>
        <time>2017-09-04T20:23:50.000Z</time>
        <extensions>
          <ns3:TrackPointExtension>
            <ns3:atemp>24.0</ns3:atemp>
            <ns3:cad>61</ns3:cad>
          </ns3:TrackPointExtension>
        </extensions>
      </trkpt>
      <trkpt lat="43.3171513862907886505126953125" lon="-109.68213633634150028228759765625">
        <ele>3954.60009765625</ele>
        <time>2017-09-04T20:23:53.000Z</time>
        <extensions>
          <ns3:TrackPointExtension>
            <ns3:atemp>24.0</ns3:atemp>
            <ns3:cad>61</ns3:cad>
          </ns3:TrackPointExtension>
        </extensions>
      </trkpt>
      <trkpt lat="43.3171932958066463470458984375" lon="-109.68216651119291782379150390625">
        <ele>3953.800048828125</ele>
        <time>2017-09-04T20:23:59.000Z</time>
        <extensions>
          <ns3:TrackPointExtension>
            <ns3:atemp>24.0</ns3:atemp>
            <ns3:cad>0</ns3:cad>
          </ns3:TrackPointExtension>
        </extensions>
      </trkpt>
      <trkpt lat="43.31721617840230464935302734375" lon="-109.68220137991011142730712890625">
        <ele>3954.60009765625</ele>
        <time>2017-09-04T20:24:03.000Z</time>
        <extensions>
          <ns3:TrackPointExtension>
            <ns3:atemp>24.0</ns3:atemp>
            <ns3:cad>0</ns3:cad>
          </ns3:TrackPointExtension>
        </extensions>
      </trkpt>
      <trkpt lat="43.3173106424510478973388671875" lon="-109.682192914187908172607421875">
        <ele>3953.800048828125</ele>
        <time>2017-09-04T20:24:16.000Z</time>
        <extensions>
          <ns3:TrackPointExtension>
            <ns3:atemp>24.0</ns3:atemp>
            <ns3:cad>43</ns3:cad>
          </ns3:TrackPointExtension>
        </extensions>
      </trkpt>
      <trkpt lat="43.3173592574894428253173828125" lon="-109.6822095103561878204345703125">
        <ele>3954.39990234375</ele>
        <time>2017-09-04T20:24:22.000Z</time>
        <extensions>
          <ns3:TrackPointExtension>
            <ns3:atemp>24.0</ns3:atemp>
            <ns3:cad>43</ns3:cad>
          </ns3:TrackPointExtension>
        </extensions>
      </trkpt>
      <trkpt lat="43.3174863271415233612060546875" lon="-109.68225016258656978607177734375">
        <ele>3955.800048828125</ele>
        <time>2017-09-04T20:24:34.000Z</time>
        <extensions>
          <ns3:TrackPointExtension>
            <ns3:atemp>24.0</ns3:atemp>
            <ns3:cad>0</ns3:cad>
          </ns3:TrackPointExtension>
        </extensions>
      </trkpt>
      <trkpt lat="43.3175131492316722869873046875" lon="-109.68224647454917430877685546875">
        <ele>3956.60009765625</ele>
        <time>2017-09-04T20:24:37.000Z</time>
        <extensions>
          <ns3:TrackPointExtension>
            <ns3:atemp>24.0</ns3:atemp>
            <ns3:cad>0</ns3:cad>
          </ns3:TrackPointExtension>
        </extensions>
      </trkpt>
      <trkpt lat="43.31755128689110279083251953125" lon="-109.6822490729391574859619140625">
        <ele>3956.800048828125</ele>
        <time>2017-09-04T20:24:41.000Z</time>
        <extensions>
          <ns3:TrackPointExtension>
            <ns3:atemp>24.0</ns3:atemp>
            <ns3:cad>0</ns3:cad>
          </ns3:TrackPointExtension>
        </extensions>
      </trkpt>
      <trkpt lat="43.3176340162754058837890625" lon="-109.68225452117621898651123046875">
        <ele>3956.60009765625</ele>
        <time>2017-09-04T20:24:53.000Z</time>
        <extensions>
          <ns3:TrackPointExtension>
            <ns3:atemp>24.0</ns3:atemp>
            <ns3:cad>61</ns3:cad>
          </ns3:TrackPointExtension>
        </extensions>
      </trkpt>
      <trkpt lat="43.31767735071480274200439453125" lon="-109.6822782419621944427490234375">
        <ele>3958</ele>
        <time>2017-09-04T20:24:58.000Z</time>
        <extensions>
          <ns3:TrackPointExtension>
            <ns3:atemp>24.0</ns3:atemp>
            <ns3:cad>0</ns3:cad>
          </ns3:TrackPointExtension>
        </extensions>
      </trkpt>
      <trkpt lat="43.31773987971246242523193359375" lon="-109.68229793943464756011962890625">
        <ele>3958.39990234375</ele>
        <time>2017-09-04T20:25:05.000Z</time>
        <extensions>
          <ns3:TrackPointExtension>
            <ns3:atemp>24.0</ns3:atemp>
            <ns3:cad>61</ns3:cad>
          </ns3:TrackPointExtension>
        </extensions>
      </trkpt>
      <trkpt lat="43.317781873047351837158203125" lon="-109.68229525722563266754150390625">
        <ele>3957</ele>
        <time>2017-09-04T20:25:09.000Z</time>
        <extensions>
          <ns3:TrackPointExtension>
            <ns3:atemp>24.0</ns3:atemp>
            <ns3:cad>61</ns3:cad>
          </ns3:TrackPointExtension>
        </extensions>
      </trkpt>
      <trkpt lat="43.317812383174896240234375" lon="-109.68229450285434722900390625">
        <ele>3956.60009765625</ele>
        <time>2017-09-04T20:25:14.000Z</time>
        <extensions>
          <ns3:TrackPointExtension>
            <ns3:atemp>24.0</ns3:atemp>
            <ns3:cad>61</ns3:cad>
          </ns3:TrackPointExtension>
        </extensions>
      </trkpt>
      <trkpt lat="43.31792763434350490570068359375" lon="-109.68233029358088970184326171875">
        <ele>3958.199951171875</ele>
        <time>2017-09-04T20:25:28.000Z</time>
        <extensions>
          <ns3:TrackPointExtension>
            <ns3:atemp>24.0</ns3:atemp>
            <ns3:cad>61</ns3:cad>
          </ns3:TrackPointExtension>
        </extensions>
      </trkpt>
      <trkpt lat="43.3180184103548526763916015625" lon="-109.68231470324099063873291015625">
        <ele>3959.199951171875</ele>
        <time>2017-09-04T20:25:38.000Z</time>
        <extensions>
          <ns3:TrackPointExtension>
            <ns3:atemp>24.0</ns3:atemp>
            <ns3:cad>0</ns3:cad>
          </ns3:TrackPointExtension>
        </extensions>
      </trkpt>
      <trkpt lat="43.31819401122629642486572265625" lon="-109.68228654004633426666259765625">
        <ele>3959.39990234375</ele>
        <time>2017-09-04T20:25:57.000Z</time>
        <extensions>
          <ns3:TrackPointExtension>
            <ns3:atemp>23.0</ns3:atemp>
            <ns3:cad>0</ns3:cad>
          </ns3:TrackPointExtension>
        </extensions>
      </trkpt>
      <trkpt lat="43.318270035088062286376953125" lon="-109.682297520339488983154296875">
        <ele>3959.39990234375</ele>
        <time>2017-09-04T20:26:06.000Z</time>
        <extensions>
          <ns3:TrackPointExtension>
            <ns3:atemp>23.0</ns3:atemp>
            <ns3:cad>61</ns3:cad>
          </ns3:TrackPointExtension>
        </extensions>
      </trkpt>
      <trkpt lat="43.31841043196618556976318359375" lon="-109.6823520027101039886474609375">
        <ele>3960.199951171875</ele>
        <time>2017-09-04T20:26:21.000Z</time>
        <extensions>
          <ns3:TrackPointExtension>
            <ns3:atemp>23.0</ns3:atemp>
            <ns3:cad>61</ns3:cad>
          </ns3:TrackPointExtension>
        </extensions>
      </trkpt>
      <trkpt lat="43.3184247650206089019775390625" lon="-109.6823617257177829742431640625">
        <ele>3960.60009765625</ele>
        <time>2017-09-04T20:26:23.000Z</time>
        <extensions>
          <ns3:TrackPointExtension>
            <ns3:atemp>23.0</ns3:atemp>
            <ns3:cad>61</ns3:cad>
          </ns3:TrackPointExtension>
        </extensions>
      </trkpt>
      <trkpt lat="43.31856004893779754638671875" lon="-109.68242567963898181915283203125">
        <ele>3960.800048828125</ele>
        <time>2017-09-04T20:26:40.000Z</time>
        <extensions>
          <ns3:TrackPointExtension>
            <ns3:atemp>23.0</ns3:atemp>
            <ns3:cad>40</ns3:cad>
          </ns3:TrackPointExtension>
        </extensions>
      </trkpt>
      <trkpt lat="43.31858108751475811004638671875" lon="-109.68245275318622589111328125">
        <ele>3961</ele>
        <time>2017-09-04T20:26:43.000Z</time>
        <extensions>
          <ns3:TrackPointExtension>
            <ns3:atemp>23.0</ns3:atemp>
            <ns3:cad>0</ns3:cad>
          </ns3:TrackPointExtension>
        </extensions>
      </trkpt>
      <trkpt lat="43.318715952336788177490234375" lon="-109.682562388479709625244140625">
        <ele>3960.199951171875</ele>
        <time>2017-09-04T20:26:59.000Z</time>
        <extensions>
          <ns3:TrackPointExtension>
            <ns3:atemp>23.0</ns3:atemp>
            <ns3:cad>61</ns3:cad>
          </ns3:TrackPointExtension>
        </extensions>
      </trkpt>
      <trkpt lat="43.3187238313257694244384765625" lon="-109.68254503794014453887939453125">
        <ele>3960.199951171875</ele>
        <time>2017-09-04T20:27:01.000Z</time>
        <extensions>
          <ns3:TrackPointExtension>
            <ns3:atemp>23.0</ns3:atemp>
            <ns3:cad>0</ns3:cad>
          </ns3:TrackPointExtension>
        </extensions>
      </trkpt>
      <trkpt lat="43.31873615272343158721923828125" lon="-109.68262181617319583892822265625">
        <ele>3961.39990234375</ele>
        <time>2017-09-04T20:27:58.000Z</time>
        <extensions>
          <ns3:TrackPointExtension>
            <ns3:atemp>23.0</ns3:atemp>
            <ns3:cad>0</ns3:cad>
          </ns3:TrackPointExtension>
        </extensions>
      </trkpt>
      <trkpt lat="43.31879113800823688507080078125" lon="-109.6826331317424774169921875">
        <ele>3961</ele>
        <time>2017-09-04T20:29:50.000Z</time>
        <extensions>
          <ns3:TrackPointExtension>
            <ns3:atemp>22.0</ns3:atemp>
            <ns3:cad>61</ns3:cad>
          </ns3:TrackPointExtension>
        </extensions>
      </trkpt>
      <trkpt lat="43.31880815327167510986328125" lon="-109.682616032660007476806640625">
        <ele>3960.199951171875</ele>
        <time>2017-09-04T20:29:52.000Z</time>
        <extensions>
          <ns3:TrackPointExtension>
            <ns3:atemp>22.0</ns3:atemp>
            <ns3:cad>61</ns3:cad>
          </ns3:TrackPointExtension>
        </extensions>
      </trkpt>
      <trkpt lat="43.318899683654308319091796875" lon="-109.68260756693780422210693359375">
        <ele>3960.199951171875</ele>
        <time>2017-09-04T20:30:04.000Z</time>
        <extensions>
          <ns3:TrackPointExtension>
            <ns3:atemp>22.0</ns3:atemp>
            <ns3:cad>0</ns3:cad>
          </ns3:TrackPointExtension>
        </extensions>
      </trkpt>
      <trkpt lat="43.31891468726098537445068359375" lon="-109.6826036274433135986328125">
        <ele>3960.39990234375</ele>
        <time>2017-09-04T20:30:06.000Z</time>
        <extensions>
          <ns3:TrackPointExtension>
            <ns3:atemp>22.0</ns3:atemp>
            <ns3:cad>0</ns3:cad>
          </ns3:TrackPointExtension>
        </extensions>
      </trkpt>
      <trkpt lat="43.31894100643694400787353515625" lon="-109.6826148591935634613037109375">
        <ele>3960.199951171875</ele>
        <time>2017-09-04T20:30:09.000Z</time>
        <extensions>
          <ns3:TrackPointExtension>
            <ns3:atemp>22.0</ns3:atemp>
            <ns3:cad>0</ns3:cad>
          </ns3:TrackPointExtension>
        </extensions>
      </trkpt>
      <trkpt lat="43.318959362804889678955078125" lon="-109.682620055973529815673828125">
        <ele>3960</ele>
        <time>2017-09-04T20:30:11.000Z</time>
        <extensions>
          <ns3:TrackPointExtension>
            <ns3:atemp>22.0</ns3:atemp>
            <ns3:cad>0</ns3:cad>
          </ns3:TrackPointExtension>
        </extensions>
      </trkpt>
      <trkpt lat="43.3189773000776767730712890625" lon="-109.68262148089706897735595703125">
        <ele>3960</ele>
        <time>2017-09-04T20:30:13.000Z</time>
        <extensions>
          <ns3:TrackPointExtension>
            <ns3:atemp>22.0</ns3:atemp>
            <ns3:cad>63</ns3:cad>
          </ns3:TrackPointExtension>
        </extensions>
      </trkpt>
      <trkpt lat="43.31904896534979343414306640625" lon="-109.68261511065065860748291015625">
        <ele>3960.60009765625</ele>
        <time>2017-09-04T20:30:22.000Z</time>
        <extensions>
          <ns3:TrackPointExtension>
            <ns3:atemp>22.0</ns3:atemp>
            <ns3:cad>0</ns3:cad>
          </ns3:TrackPointExtension>
        </extensions>
      </trkpt>
      <trkpt lat="43.31906002946197986602783203125" lon="-109.6826051361858844757080078125">
        <ele>3961.39990234375</ele>
        <time>2017-09-04T20:30:26.000Z</time>
        <extensions>
          <ns3:TrackPointExtension>
            <ns3:atemp>22.0</ns3:atemp>
            <ns3:cad>0</ns3:cad>
          </ns3:TrackPointExtension>
        </extensions>
      </trkpt>
      <trkpt lat="43.31915675662457942962646484375" lon="-109.68266825191676616668701171875">
        <ele>3960.60009765625</ele>
        <time>2017-09-04T20:30:50.000Z</time>
        <extensions>
          <ns3:TrackPointExtension>
            <ns3:atemp>22.0</ns3:atemp>
            <ns3:cad>61</ns3:cad>
          </ns3:TrackPointExtension>
        </extensions>
      </trkpt>
      <trkpt lat="43.31918743439018726348876953125" lon="-109.68267613090574741363525390625">
        <ele>3960.39990234375</ele>
        <time>2017-09-04T20:30:54.000Z</time>
        <extensions>
          <ns3:TrackPointExtension>
            <ns3:atemp>22.0</ns3:atemp>
            <ns3:cad>61</ns3:cad>
          </ns3:TrackPointExtension>
        </extensions>
      </trkpt>
      <trkpt lat="43.31920671276748180389404296875" lon="-109.68266523443162441253662109375">
        <ele>3960.39990234375</ele>
        <time>2017-09-04T20:30:57.000Z</time>
        <extensions>
          <ns3:TrackPointExtension>
            <ns3:atemp>22.0</ns3:atemp>
            <ns3:cad>0</ns3:cad>
          </ns3:TrackPointExtension>
        </extensions>
      </trkpt>
      <trkpt lat="43.3193618617951869964599609375" lon="-109.6826718561351299285888671875">
        <ele>3959.199951171875</ele>
        <time>2017-09-04T20:31:19.000Z</time>
        <extensions>
          <ns3:TrackPointExtension>
            <ns3:atemp>22.0</ns3:atemp>
            <ns3:cad>0</ns3:cad>
          </ns3:TrackPointExtension>
        </extensions>
      </trkpt>
      <trkpt lat="43.31943444907665252685546875" lon="-109.68269004486501216888427734375">
        <ele>3960.39990234375</ele>
        <time>2017-09-04T20:31:29.000Z</time>
        <extensions>
          <ns3:TrackPointExtension>
            <ns3:atemp>22.0</ns3:atemp>
            <ns3:cad>61</ns3:cad>
          </ns3:TrackPointExtension>
        </extensions>
      </trkpt>
      <trkpt lat="43.3196096308529376983642578125" lon="-109.68267646618187427520751953125">
        <ele>3959.39990234375</ele>
        <time>2017-09-04T20:31:55.000Z</time>
        <extensions>
          <ns3:TrackPointExtension>
            <ns3:atemp>21.0</ns3:atemp>
            <ns3:cad>0</ns3:cad>
          </ns3:TrackPointExtension>
        </extensions>
      </trkpt>
      <trkpt lat="43.3196401409804821014404296875" lon="-109.682685434818267822265625">
        <ele>3959.199951171875</ele>
        <time>2017-09-04T20:31:58.000Z</time>
        <extensions>
          <ns3:TrackPointExtension>
            <ns3:atemp>21.0</ns3:atemp>
            <ns3:cad>0</ns3:cad>
          </ns3:TrackPointExtension>
        </extensions>
      </trkpt>
      <trkpt lat="43.3196483552455902099609375" lon="-109.682683758437633514404296875">
        <ele>3959.199951171875</ele>
        <time>2017-09-04T20:31:59.000Z</time>
        <extensions>
          <ns3:TrackPointExtension>
            <ns3:atemp>21.0</ns3:atemp>
            <ns3:cad>0</ns3:cad>
          </ns3:TrackPointExtension>
        </extensions>
      </trkpt>
      <trkpt lat="43.31971532665193080902099609375" lon="-109.68271770514547824859619140625">
        <ele>3960.39990234375</ele>
        <time>2017-09-04T20:32:11.000Z</time>
        <extensions>
          <ns3:TrackPointExtension>
            <ns3:atemp>21.0</ns3:atemp>
            <ns3:cad>0</ns3:cad>
          </ns3:TrackPointExtension>
        </extensions>
      </trkpt>
      <trkpt lat="43.3197422325611114501953125" lon="-109.68272306956350803375244140625">
        <ele>3959.39990234375</ele>
        <time>2017-09-04T20:33:01.000Z</time>
        <extensions>
          <ns3:TrackPointExtension>
            <ns3:atemp>21.0</ns3:atemp>
            <ns3:cad>0</ns3:cad>
          </ns3:TrackPointExtension>
        </extensions>
      </trkpt>
      <trkpt lat="43.31974533386528491973876953125" lon="-109.68271619640290737152099609375">
        <ele>3960.39990234375</ele>
        <time>2017-09-04T20:33:19.000Z</time>
        <extensions>
          <ns3:TrackPointExtension>
            <ns3:atemp>21.0</ns3:atemp>
            <ns3:cad>0</ns3:cad>
          </ns3:TrackPointExtension>
        </extensions>
      </trkpt>
      <trkpt lat="43.31978070549666881561279296875" lon="-109.68278140760958194732666015625">
        <ele>3960</ele>
        <time>2017-09-04T20:37:39.000Z</time>
        <extensions>
          <ns3:TrackPointExtension>
            <ns3:atemp>21.0</ns3:atemp>
            <ns3:cad>0</ns3:cad>
          </ns3:TrackPointExtension>
        </extensions>
      </trkpt>
      <trkpt lat="43.3198252134025096893310546875" lon="-109.68283371068537235260009765625">
        <ele>3960.60009765625</ele>
        <time>2017-09-04T20:37:46.000Z</time>
        <extensions>
          <ns3:TrackPointExtension>
            <ns3:atemp>21.0</ns3:atemp>
            <ns3:cad>0</ns3:cad>
          </ns3:TrackPointExtension>
        </extensions>
      </trkpt>
      <trkpt lat="43.31998120062053203582763671875" lon="-109.6829786337912082672119140625">
        <ele>3959.60009765625</ele>
        <time>2017-09-04T20:38:04.000Z</time>
        <extensions>
          <ns3:TrackPointExtension>
            <ns3:atemp>21.0</ns3:atemp>
            <ns3:cad>0</ns3:cad>
          </ns3:TrackPointExtension>
        </extensions>
      </trkpt>
      <trkpt lat="43.32001003436744213104248046875" lon="-109.68300034292042255401611328125">
        <ele>3959.199951171875</ele>
        <time>2017-09-04T20:38:07.000Z</time>
        <extensions>
          <ns3:TrackPointExtension>
            <ns3:atemp>21.0</ns3:atemp>
            <ns3:cad>0</ns3:cad>
          </ns3:TrackPointExtension>
        </extensions>
      </trkpt>
      <trkpt lat="43.32008228637278079986572265625" lon="-109.68304493464529514312744140625">
        <ele>3960.199951171875</ele>
        <time>2017-09-04T20:38:15.000Z</time>
        <extensions>
          <ns3:TrackPointExtension>
            <ns3:atemp>21.0</ns3:atemp>
            <ns3:cad>55</ns3:cad>
          </ns3:TrackPointExtension>
        </extensions>
      </trkpt>
      <trkpt lat="43.3202439732849597930908203125" lon="-109.68315188772976398468017578125">
        <ele>3959.800048828125</ele>
        <time>2017-09-04T20:38:44.000Z</time>
        <extensions>
          <ns3:TrackPointExtension>
            <ns3:atemp>21.0</ns3:atemp>
            <ns3:cad>61</ns3:cad>
          </ns3:TrackPointExtension>
        </extensions>
      </trkpt>
      <trkpt lat="43.320320583879947662353515625" lon="-109.68321844004094600677490234375">
        <ele>3959.199951171875</ele>
        <time>2017-09-04T20:38:52.000Z</time>
        <extensions>
          <ns3:TrackPointExtension>
            <ns3:atemp>21.0</ns3:atemp>
            <ns3:cad>61</ns3:cad>
          </ns3:TrackPointExtension>
        </extensions>
      </trkpt>
      <trkpt lat="43.32033072598278522491455078125" lon="-109.68324526213109493255615234375">
        <ele>3959</ele>
        <time>2017-09-04T20:38:55.000Z</time>
        <extensions>
          <ns3:TrackPointExtension>
            <ns3:atemp>21.0</ns3:atemp>
            <ns3:cad>61</ns3:cad>
          </ns3:TrackPointExtension>
        </extensions>
      </trkpt>
      <trkpt lat="43.32042443566024303436279296875" lon="-109.6833752654492855072021484375">
        <ele>3958.199951171875</ele>
        <time>2017-09-04T20:39:10.000Z</time>
        <extensions>
          <ns3:TrackPointExtension>
            <ns3:atemp>21.0</ns3:atemp>
            <ns3:cad>0</ns3:cad>
          </ns3:TrackPointExtension>
        </extensions>
      </trkpt>
      <trkpt lat="43.32043013535439968109130859375" lon="-109.68338775448501110076904296875">
        <ele>3957.60009765625</ele>
        <time>2017-09-04T20:39:12.000Z</time>
        <extensions>
          <ns3:TrackPointExtension>
            <ns3:atemp>21.0</ns3:atemp>
            <ns3:cad>0</ns3:cad>
          </ns3:TrackPointExtension>
        </extensions>
      </trkpt>
      <trkpt lat="43.32042963244020938873291015625" lon="-109.683380126953125">
        <ele>3957.199951171875</ele>
        <time>2017-09-04T20:39:13.000Z</time>
        <extensions>
          <ns3:TrackPointExtension>
            <ns3:atemp>21.0</ns3:atemp>
            <ns3:cad>0</ns3:cad>
          </ns3:TrackPointExtension>
        </extensions>
      </trkpt>
      <trkpt lat="43.32039006985723972320556640625" lon="-109.68334651552140712738037109375">
        <ele>3957.39990234375</ele>
        <time>2017-09-04T20:42:08.000Z</time>
        <extensions>
          <ns3:TrackPointExtension>
            <ns3:atemp>21.0</ns3:atemp>
            <ns3:cad>61</ns3:cad>
          </ns3:TrackPointExtension>
        </extensions>
      </trkpt>
      <trkpt lat="43.32036919891834259033203125" lon="-109.6833826415240764617919921875">
        <ele>3957.39990234375</ele>
        <time>2017-09-04T20:42:29.000Z</time>
        <extensions>
          <ns3:TrackPointExtension>
            <ns3:atemp>21.0</ns3:atemp>
            <ns3:cad>61</ns3:cad>
          </ns3:TrackPointExtension>
        </extensions>
      </trkpt>
      <trkpt lat="43.32036106847226619720458984375" lon="-109.683435447514057159423828125">
        <ele>3958.39990234375</ele>
        <time>2017-09-04T20:42:32.000Z</time>
        <extensions>
          <ns3:TrackPointExtension>
            <ns3:atemp>21.0</ns3:atemp>
            <ns3:cad>61</ns3:cad>
          </ns3:TrackPointExtension>
        </extensions>
      </trkpt>
      <trkpt lat="43.32033609040081501007080078125" lon="-109.68362529762089252471923828125">
        <ele>3958.800048828125</ele>
        <time>2017-09-04T20:42:43.000Z</time>
        <extensions>
          <ns3:TrackPointExtension>
            <ns3:atemp>21.0</ns3:atemp>
            <ns3:cad>61</ns3:cad>
          </ns3:TrackPointExtension>
        </extensions>
      </trkpt>
      <trkpt lat="43.32030692137777805328369140625" lon="-109.68385026790201663970947265625">
        <ele>3959.60009765625</ele>
        <time>2017-09-04T20:42:57.000Z</time>
        <extensions>
          <ns3:TrackPointExtension>
            <ns3:atemp>21.0</ns3:atemp>
            <ns3:cad>61</ns3:cad>
          </ns3:TrackPointExtension>
        </extensions>
      </trkpt>
      <trkpt lat="43.32027532160282135009765625" lon="-109.684026874601840972900390625">
        <ele>3959.39990234375</ele>
        <time>2017-09-04T20:43:10.000Z</time>
        <extensions>
          <ns3:TrackPointExtension>
            <ns3:atemp>21.0</ns3:atemp>
            <ns3:cad>0</ns3:cad>
          </ns3:TrackPointExtension>
        </extensions>
      </trkpt>
      <trkpt lat="43.320269286632537841796875" lon="-109.6840887330472469329833984375">
        <ele>3959.199951171875</ele>
        <time>2017-09-04T20:43:25.000Z</time>
        <extensions>
          <ns3:TrackPointExtension>
            <ns3:atemp>21.0</ns3:atemp>
            <ns3:cad>61</ns3:cad>
          </ns3:TrackPointExtension>
        </extensions>
      </trkpt>
      <trkpt lat="43.3202464878559112548828125" lon="-109.68425611965358257293701171875">
        <ele>3959.199951171875</ele>
        <time>2017-09-04T20:43:36.000Z</time>
        <extensions>
          <ns3:TrackPointExtension>
            <ns3:atemp>21.0</ns3:atemp>
            <ns3:cad>68</ns3:cad>
          </ns3:TrackPointExtension>
        </extensions>
      </trkpt>
      <trkpt lat="43.32021036185324192047119140625" lon="-109.6845017932355403900146484375">
        <ele>3960.199951171875</ele>
        <time>2017-09-04T20:43:52.000Z</time>
        <extensions>
          <ns3:TrackPointExtension>
            <ns3:atemp>21.0</ns3:atemp>
            <ns3:cad>52</ns3:cad>
          </ns3:TrackPointExtension>
        </extensions>
      </trkpt>
      <trkpt lat="43.320177756249904632568359375" lon="-109.6846593730151653289794921875">
        <ele>3960.800048828125</ele>
        <time>2017-09-04T20:44:03.000Z</time>
        <extensions>
          <ns3:TrackPointExtension>
            <ns3:atemp>21.0</ns3:atemp>
            <ns3:cad>57</ns3:cad>
          </ns3:TrackPointExtension>
        </extensions>
      </trkpt>
      <trkpt lat="43.3201568014919757843017578125" lon="-109.68491292558610439300537109375">
        <ele>3961.39990234375</ele>
        <time>2017-09-04T20:44:21.000Z</time>
        <extensions>
          <ns3:TrackPointExtension>
            <ns3:atemp>21.0</ns3:atemp>
            <ns3:cad>63</ns3:cad>
          </ns3:TrackPointExtension>
        </extensions>
      </trkpt>
      <trkpt lat="43.3201226033270359039306640625" lon="-109.68507469631731510162353515625">
        <ele>3961.800048828125</ele>
        <time>2017-09-04T20:44:33.000Z</time>
        <extensions>
          <ns3:TrackPointExtension>
            <ns3:atemp>20.0</ns3:atemp>
            <ns3:cad>63</ns3:cad>
          </ns3:TrackPointExtension>
        </extensions>
      </trkpt>
      <trkpt lat="43.3201078511774539947509765625" lon="-109.685129933059215545654296875">
        <ele>3962</ele>
        <time>2017-09-04T20:44:38.000Z</time>
        <extensions>
          <ns3:TrackPointExtension>
            <ns3:atemp>20.0</ns3:atemp>
            <ns3:cad>63</ns3:cad>
          </ns3:TrackPointExtension>
        </extensions>
      </trkpt>
      <trkpt lat="43.32007038407027721405029296875" lon="-109.68524049036204814910888671875">
        <ele>3962.60009765625</ele>
        <time>2017-09-04T20:44:48.000Z</time>
        <extensions>
          <ns3:TrackPointExtension>
            <ns3:atemp>20.0</ns3:atemp>
            <ns3:cad>0</ns3:cad>
          </ns3:TrackPointExtension>
        </extensions>
      </trkpt>
      <trkpt lat="43.3200511895120143890380859375" lon="-109.68536118976771831512451171875">
        <ele>3962.199951171875</ele>
        <time>2017-09-04T20:44:58.000Z</time>
        <extensions>
          <ns3:TrackPointExtension>
            <ns3:atemp>20.0</ns3:atemp>
            <ns3:cad>61</ns3:cad>
          </ns3:TrackPointExtension>
        </extensions>
      </trkpt>
      <trkpt lat="43.3200401253998279571533203125" lon="-109.68548758886754512786865234375">
        <ele>3962.800048828125</ele>
        <time>2017-09-04T20:45:09.000Z</time>
        <extensions>
          <ns3:TrackPointExtension>
            <ns3:atemp>20.0</ns3:atemp>
            <ns3:cad>61</ns3:cad>
          </ns3:TrackPointExtension>
        </extensions>
      </trkpt>
      <trkpt lat="43.320038951933383941650390625" lon="-109.6855151653289794921875">
        <ele>3963</ele>
        <time>2017-09-04T20:45:11.000Z</time>
        <extensions>
          <ns3:TrackPointExtension>
            <ns3:atemp>20.0</ns3:atemp>
            <ns3:cad>46</ns3:cad>
          </ns3:TrackPointExtension>
        </extensions>
      </trkpt>
      <trkpt lat="43.3200371079146862030029296875" lon="-109.6856239624321460723876953125">
        <ele>3962.60009765625</ele>
        <time>2017-09-04T20:45:25.000Z</time>
        <extensions>
          <ns3:TrackPointExtension>
            <ns3:atemp>20.0</ns3:atemp>
            <ns3:cad>61</ns3:cad>
          </ns3:TrackPointExtension>
        </extensions>
      </trkpt>
      <trkpt lat="43.32004054449498653411865234375" lon="-109.68574114143848419189453125">
        <ele>3963</ele>
        <time>2017-09-04T20:45:34.000Z</time>
        <extensions>
          <ns3:TrackPointExtension>
            <ns3:atemp>20.0</ns3:atemp>
            <ns3:cad>61</ns3:cad>
          </ns3:TrackPointExtension>
        </extensions>
      </trkpt>
      <trkpt lat="43.32004087977111339569091796875" lon="-109.68577659688889980316162109375">
        <ele>3963</ele>
        <time>2017-09-04T20:45:37.000Z</time>
        <extensions>
          <ns3:TrackPointExtension>
            <ns3:atemp>20.0</ns3:atemp>
            <ns3:cad>0</ns3:cad>
          </ns3:TrackPointExtension>
        </extensions>
      </trkpt>
      <trkpt lat="43.32003400661051273345947265625" lon="-109.68593501485884189605712890625">
        <ele>3962.60009765625</ele>
        <time>2017-09-04T20:45:50.000Z</time>
        <extensions>
          <ns3:TrackPointExtension>
            <ns3:atemp>20.0</ns3:atemp>
            <ns3:cad>61</ns3:cad>
          </ns3:TrackPointExtension>
        </extensions>
      </trkpt>
      <trkpt lat="43.32002713344991207122802734375" lon="-109.68598698265850543975830078125">
        <ele>3962.800048828125</ele>
        <time>2017-09-04T20:45:55.000Z</time>
        <extensions>
          <ns3:TrackPointExtension>
            <ns3:atemp>20.0</ns3:atemp>
            <ns3:cad>61</ns3:cad>
          </ns3:TrackPointExtension>
        </extensions>
      </trkpt>
      <trkpt lat="43.32001523114740848541259765625" lon="-109.6860705502331256866455078125">
        <ele>3962.800048828125</ele>
        <time>2017-09-04T20:46:02.000Z</time>
        <extensions>
          <ns3:TrackPointExtension>
            <ns3:atemp>20.0</ns3:atemp>
            <ns3:cad>0</ns3:cad>
          </ns3:TrackPointExtension>
        </extensions>
      </trkpt>
      <trkpt lat="43.3200089447200298309326171875" lon="-109.68609259463846683502197265625">
        <ele>3962.800048828125</ele>
        <time>2017-09-04T20:46:04.000Z</time>
        <extensions>
          <ns3:TrackPointExtension>
            <ns3:atemp>20.0</ns3:atemp>
            <ns3:cad>61</ns3:cad>
          </ns3:TrackPointExtension>
        </extensions>
      </trkpt>
      <trkpt lat="43.3199982158839702606201171875" lon="-109.68613768927752971649169921875">
        <ele>3963</ele>
        <time>2017-09-04T20:46:08.000Z</time>
        <extensions>
          <ns3:TrackPointExtension>
            <ns3:atemp>20.0</ns3:atemp>
            <ns3:cad>0</ns3:cad>
          </ns3:TrackPointExtension>
        </extensions>
      </trkpt>
      <trkpt lat="43.31998572684824466705322265625" lon="-109.68622787855565547943115234375">
        <ele>3963.199951171875</ele>
        <time>2017-09-04T20:46:17.000Z</time>
        <extensions>
          <ns3:TrackPointExtension>
            <ns3:atemp>20.0</ns3:atemp>
            <ns3:cad>63</ns3:cad>
          </ns3:TrackPointExtension>
        </extensions>
      </trkpt>
      <trkpt lat="43.31999905407428741455078125" lon="-109.6863578818738460540771484375">
        <ele>3963.199951171875</ele>
        <time>2017-09-04T20:46:29.000Z</time>
        <extensions>
          <ns3:TrackPointExtension>
            <ns3:atemp>21.0</ns3:atemp>
            <ns3:cad>63</ns3:cad>
          </ns3:TrackPointExtension>
        </extensions>
      </trkpt>
      <trkpt lat="43.3200039155781269073486328125" lon="-109.6863801777362823486328125">
        <ele>3962.60009765625</ele>
        <time>2017-09-04T20:46:32.000Z</time>
        <extensions>
          <ns3:TrackPointExtension>
            <ns3:atemp>21.0</ns3:atemp>
            <ns3:cad>0</ns3:cad>
          </ns3:TrackPointExtension>
        </extensions>
      </trkpt>
      <trkpt lat="43.32000173628330230712890625" lon="-109.6863917447626590728759765625">
        <ele>3962</ele>
        <time>2017-09-04T20:46:35.000Z</time>
        <extensions>
          <ns3:TrackPointExtension>
            <ns3:atemp>21.0</ns3:atemp>
            <ns3:cad>0</ns3:cad>
          </ns3:TrackPointExtension>
        </extensions>
      </trkpt>
      <trkpt lat="43.3200072683393955230712890625" lon="-109.686462320387363433837890625">
        <ele>3962.39990234375</ele>
        <time>2017-09-04T20:46:41.000Z</time>
        <extensions>
          <ns3:TrackPointExtension>
            <ns3:atemp>21.0</ns3:atemp>
            <ns3:cad>61</ns3:cad>
          </ns3:TrackPointExtension>
        </extensions>
      </trkpt>
      <trkpt lat="43.32001246511936187744140625" lon="-109.6865597181022167205810546875">
        <ele>3962.60009765625</ele>
        <time>2017-09-04T20:46:48.000Z</time>
        <extensions>
          <ns3:TrackPointExtension>
            <ns3:atemp>21.0</ns3:atemp>
            <ns3:cad>0</ns3:cad>
          </ns3:TrackPointExtension>
        </extensions>
      </trkpt>
      <trkpt lat="43.320026211440563201904296875" lon="-109.6866130270063877105712890625">
        <ele>3962.800048828125</ele>
        <time>2017-09-04T20:46:53.000Z</time>
        <extensions>
          <ns3:TrackPointExtension>
            <ns3:atemp>21.0</ns3:atemp>
            <ns3:cad>0</ns3:cad>
          </ns3:TrackPointExtension>
        </extensions>
      </trkpt>
      <trkpt lat="43.32003367133438587188720703125" lon="-109.68662853352725505828857421875">
        <ele>3963</ele>
        <time>2017-09-04T20:46:55.000Z</time>
        <extensions>
          <ns3:TrackPointExtension>
            <ns3:atemp>21.0</ns3:atemp>
            <ns3:cad>0</ns3:cad>
          </ns3:TrackPointExtension>
        </extensions>
      </trkpt>
      <trkpt lat="43.32004641182720661163330078125" lon="-109.686777479946613311767578125">
        <ele>3962.199951171875</ele>
        <time>2017-09-04T20:47:08.000Z</time>
        <extensions>
          <ns3:TrackPointExtension>
            <ns3:atemp>21.0</ns3:atemp>
            <ns3:cad>0</ns3:cad>
          </ns3:TrackPointExtension>
        </extensions>
      </trkpt>
      <trkpt lat="43.32004222087562084197998046875" lon="-109.68683087266981601715087890625">
        <ele>3962.199951171875</ele>
        <time>2017-09-04T20:47:12.000Z</time>
        <extensions>
          <ns3:TrackPointExtension>
            <ns3:atemp>21.0</ns3:atemp>
            <ns3:cad>61</ns3:cad>
          </ns3:TrackPointExtension>
        </extensions>
      </trkpt>
      <trkpt lat="43.32006267271935939788818359375" lon="-109.686928689479827880859375">
        <ele>3962.60009765625</ele>
        <time>2017-09-04T20:47:20.000Z</time>
        <extensions>
          <ns3:TrackPointExtension>
            <ns3:atemp>21.0</ns3:atemp>
            <ns3:cad>63</ns3:cad>
          </ns3:TrackPointExtension>
        </extensions>
      </trkpt>
      <trkpt lat="43.320082537829875946044921875" lon="-109.68699230812489986419677734375">
        <ele>3962</ele>
        <time>2017-09-04T20:47:26.000Z</time>
        <extensions>
          <ns3:TrackPointExtension>
            <ns3:atemp>21.0</ns3:atemp>
            <ns3:cad>61</ns3:cad>
          </ns3:TrackPointExtension>
        </extensions>
      </trkpt>
      <trkpt lat="43.320089243352413177490234375" lon="-109.6870136819779872894287109375">
        <ele>3961.800048828125</ele>
        <time>2017-09-04T20:47:28.000Z</time>
        <extensions>
          <ns3:TrackPointExtension>
            <ns3:atemp>21.0</ns3:atemp>
            <ns3:cad>61</ns3:cad>
          </ns3:TrackPointExtension>
        </extensions>
      </trkpt>
      <trkpt lat="43.3201606571674346923828125" lon="-109.6872425079345703125">
        <ele>3961.800048828125</ele>
        <time>2017-09-04T20:47:48.000Z</time>
        <extensions>
          <ns3:TrackPointExtension>
            <ns3:atemp>20.0</ns3:atemp>
            <ns3:cad>61</ns3:cad>
          </ns3:TrackPointExtension>
        </extensions>
      </trkpt>
      <trkpt lat="43.320096619427204132080078125" lon="-109.68743571080267429351806640625">
        <ele>3962.199951171875</ele>
        <time>2017-09-04T20:48:08.000Z</time>
        <extensions>
          <ns3:TrackPointExtension>
            <ns3:atemp>20.0</ns3:atemp>
            <ns3:cad>0</ns3:cad>
          </ns3:TrackPointExtension>
        </extensions>
      </trkpt>
      <trkpt lat="43.3200827054679393768310546875" lon="-109.68751768581569194793701171875">
        <ele>3962.60009765625</ele>
        <time>2017-09-04T20:48:15.000Z</time>
        <extensions>
          <ns3:TrackPointExtension>
            <ns3:atemp>20.0</ns3:atemp>
            <ns3:cad>0</ns3:cad>
          </ns3:TrackPointExtension>
        </extensions>
      </trkpt>
      <trkpt lat="43.32010022364556789398193359375" lon="-109.6875940449535846710205078125">
        <ele>3962.39990234375</ele>
        <time>2017-09-04T20:48:22.000Z</time>
        <extensions>
          <ns3:TrackPointExtension>
            <ns3:atemp>20.0</ns3:atemp>
            <ns3:cad>0</ns3:cad>
          </ns3:TrackPointExtension>
        </extensions>
      </trkpt>
      <trkpt lat="43.32009050063788890838623046875" lon="-109.687636457383632659912109375">
        <ele>3962.800048828125</ele>
        <time>2017-09-04T20:48:27.000Z</time>
        <extensions>
          <ns3:TrackPointExtension>
            <ns3:atemp>20.0</ns3:atemp>
            <ns3:cad>0</ns3:cad>
          </ns3:TrackPointExtension>
        </extensions>
      </trkpt>
      <trkpt lat="43.32002210430800914764404296875" lon="-109.68784474767744541168212890625">
        <ele>3963.800048828125</ele>
        <time>2017-09-04T20:48:48.000Z</time>
        <extensions>
          <ns3:TrackPointExtension>
            <ns3:atemp>21.0</ns3:atemp>
            <ns3:cad>0</ns3:cad>
          </ns3:TrackPointExtension>
        </extensions>
      </trkpt>
      <trkpt lat="43.31999913789331912994384765625" lon="-109.68795932829380035400390625">
        <ele>3964.199951171875</ele>
        <time>2017-09-04T20:48:59.000Z</time>
        <extensions>
          <ns3:TrackPointExtension>
            <ns3:atemp>21.0</ns3:atemp>
            <ns3:cad>0</ns3:cad>
          </ns3:TrackPointExtension>
        </extensions>
      </trkpt>
      <trkpt lat="43.32000617869198322296142578125" lon="-109.68798221088945865631103515625">
        <ele>3964</ele>
        <time>2017-09-04T20:49:01.000Z</time>
        <extensions>
          <ns3:TrackPointExtension>
            <ns3:atemp>21.0</ns3:atemp>
            <ns3:cad>0</ns3:cad>
          </ns3:TrackPointExtension>
        </extensions>
      </trkpt>
      <trkpt lat="43.31996024586260318756103515625" lon="-109.6881150640547275543212890625">
        <ele>3963.60009765625</ele>
        <time>2017-09-04T20:49:19.000Z</time>
        <extensions>
          <ns3:TrackPointExtension>
            <ns3:atemp>21.0</ns3:atemp>
            <ns3:cad>61</ns3:cad>
          </ns3:TrackPointExtension>
        </extensions>
      </trkpt>
      <trkpt lat="43.319994024932384490966796875" lon="-109.68816778622567653656005859375">
        <ele>3963.199951171875</ele>
        <time>2017-09-04T20:49:26.000Z</time>
        <extensions>
          <ns3:TrackPointExtension>
            <ns3:atemp>21.0</ns3:atemp>
            <ns3:cad>61</ns3:cad>
          </ns3:TrackPointExtension>
        </extensions>
      </trkpt>
      <trkpt lat="43.32000550813972949981689453125" lon="-109.6881827898323535919189453125">
        <ele>3963.199951171875</ele>
        <time>2017-09-04T20:49:28.000Z</time>
        <extensions>
          <ns3:TrackPointExtension>
            <ns3:atemp>21.0</ns3:atemp>
            <ns3:cad>61</ns3:cad>
          </ns3:TrackPointExtension>
        </extensions>
      </trkpt>
      <trkpt lat="43.32003082148730754852294921875" lon="-109.6882089413702487945556640625">
        <ele>3962.800048828125</ele>
        <time>2017-09-04T20:49:31.000Z</time>
        <extensions>
          <ns3:TrackPointExtension>
            <ns3:atemp>21.0</ns3:atemp>
            <ns3:cad>61</ns3:cad>
          </ns3:TrackPointExtension>
        </extensions>
      </trkpt>
      <trkpt lat="43.320038281381130218505859375" lon="-109.6882200054824352264404296875">
        <ele>3962.60009765625</ele>
        <time>2017-09-04T20:49:32.000Z</time>
        <extensions>
          <ns3:TrackPointExtension>
            <ns3:atemp>21.0</ns3:atemp>
            <ns3:cad>61</ns3:cad>
          </ns3:TrackPointExtension>
        </extensions>
      </trkpt>
      <trkpt lat="43.32004155032336711883544921875" lon="-109.68823827803134918212890625">
        <ele>3962.39990234375</ele>
        <time>2017-09-04T20:49:34.000Z</time>
        <extensions>
          <ns3:TrackPointExtension>
            <ns3:atemp>21.0</ns3:atemp>
            <ns3:cad>61</ns3:cad>
          </ns3:TrackPointExtension>
        </extensions>
      </trkpt>
      <trkpt lat="43.32004356198012828826904296875" lon="-109.6882759965956211090087890625">
        <ele>3962.60009765625</ele>
        <time>2017-09-04T20:49:37.000Z</time>
        <extensions>
          <ns3:TrackPointExtension>
            <ns3:atemp>21.0</ns3:atemp>
            <ns3:cad>61</ns3:cad>
          </ns3:TrackPointExtension>
        </extensions>
      </trkpt>
      <trkpt lat="43.3200495131313800811767578125" lon="-109.68830491416156291961669921875">
        <ele>3962.60009765625</ele>
        <time>2017-09-04T20:49:40.000Z</time>
        <extensions>
          <ns3:TrackPointExtension>
            <ns3:atemp>21.0</ns3:atemp>
            <ns3:cad>0</ns3:cad>
          </ns3:TrackPointExtension>
        </extensions>
      </trkpt>
      <trkpt lat="43.32003618590533733367919921875" lon="-109.688481353223323822021484375">
        <ele>3962</ele>
        <time>2017-09-04T20:50:14.000Z</time>
        <extensions>
          <ns3:TrackPointExtension>
            <ns3:atemp>21.0</ns3:atemp>
            <ns3:cad>61</ns3:cad>
          </ns3:TrackPointExtension>
        </extensions>
      </trkpt>
      <trkpt lat="43.320038951933383941650390625" lon="-109.68851429410278797149658203125">
        <ele>3961.60009765625</ele>
        <time>2017-09-04T20:50:17.000Z</time>
        <extensions>
          <ns3:TrackPointExtension>
            <ns3:atemp>21.0</ns3:atemp>
            <ns3:cad>61</ns3:cad>
          </ns3:TrackPointExtension>
        </extensions>
      </trkpt>
      <trkpt lat="43.32003769464790821075439453125" lon="-109.6885261125862598419189453125">
        <ele>3961.60009765625</ele>
        <time>2017-09-04T20:50:18.000Z</time>
        <extensions>
          <ns3:TrackPointExtension>
            <ns3:atemp>21.0</ns3:atemp>
            <ns3:cad>61</ns3:cad>
          </ns3:TrackPointExtension>
        </extensions>
      </trkpt>
      <trkpt lat="43.32003660500049591064453125" lon="-109.68857950530946254730224609375">
        <ele>3960.60009765625</ele>
        <time>2017-09-04T20:50:29.000Z</time>
        <extensions>
          <ns3:TrackPointExtension>
            <ns3:atemp>21.0</ns3:atemp>
            <ns3:cad>61</ns3:cad>
          </ns3:TrackPointExtension>
        </extensions>
      </trkpt>
      <trkpt lat="43.32007340155541896820068359375" lon="-109.68878050334751605987548828125">
        <ele>3960.199951171875</ele>
        <time>2017-09-04T20:50:56.000Z</time>
        <extensions>
          <ns3:TrackPointExtension>
            <ns3:atemp>21.0</ns3:atemp>
            <ns3:cad>61</ns3:cad>
          </ns3:TrackPointExtension>
        </extensions>
      </trkpt>
      <trkpt lat="43.320061080157756805419921875" lon="-109.6888188086450099945068359375">
        <ele>3960</ele>
        <time>2017-09-04T20:50:59.000Z</time>
        <extensions>
          <ns3:TrackPointExtension>
            <ns3:atemp>21.0</ns3:atemp>
            <ns3:cad>61</ns3:cad>
          </ns3:TrackPointExtension>
        </extensions>
      </trkpt>
      <trkpt lat="43.320060409605503082275390625" lon="-109.6888411045074462890625">
        <ele>3959.199951171875</ele>
        <time>2017-09-04T20:51:02.000Z</time>
        <extensions>
          <ns3:TrackPointExtension>
            <ns3:atemp>21.0</ns3:atemp>
            <ns3:cad>0</ns3:cad>
          </ns3:TrackPointExtension>
        </extensions>
      </trkpt>
      <trkpt lat="43.320077843964099884033203125" lon="-109.6888573653995990753173828125">
        <ele>3958.199951171875</ele>
        <time>2017-09-04T20:51:08.000Z</time>
        <extensions>
          <ns3:TrackPointExtension>
            <ns3:atemp>21.0</ns3:atemp>
            <ns3:cad>61</ns3:cad>
          </ns3:TrackPointExtension>
        </extensions>
      </trkpt>
      <trkpt lat="43.32011112011969089508056640625" lon="-109.68889541923999786376953125">
        <ele>3959.39990234375</ele>
        <time>2017-09-04T20:51:13.000Z</time>
        <extensions>
          <ns3:TrackPointExtension>
            <ns3:atemp>21.0</ns3:atemp>
            <ns3:cad>0</ns3:cad>
          </ns3:TrackPointExtension>
        </extensions>
      </trkpt>
      <trkpt lat="43.32014121115207672119140625" lon="-109.68894646503031253814697265625">
        <ele>3960.199951171875</ele>
        <time>2017-09-04T20:51:18.000Z</time>
        <extensions>
          <ns3:TrackPointExtension>
            <ns3:atemp>21.0</ns3:atemp>
            <ns3:cad>61</ns3:cad>
          </ns3:TrackPointExtension>
        </extensions>
      </trkpt>
      <trkpt lat="43.32015772350132465362548828125" lon="-109.68896155245602130889892578125">
        <ele>3959.800048828125</ele>
        <time>2017-09-04T20:51:20.000Z</time>
        <extensions>
          <ns3:TrackPointExtension>
            <ns3:atemp>21.0</ns3:atemp>
            <ns3:cad>61</ns3:cad>
          </ns3:TrackPointExtension>
        </extensions>
      </trkpt>
      <trkpt lat="43.3202198334038257598876953125" lon="-109.68914243392646312713623046875">
        <ele>3960</ele>
        <time>2017-09-04T20:51:37.000Z</time>
        <extensions>
          <ns3:TrackPointExtension>
            <ns3:atemp>21.0</ns3:atemp>
            <ns3:cad>61</ns3:cad>
          </ns3:TrackPointExtension>
        </extensions>
      </trkpt>
      <trkpt lat="43.32023366354405879974365234375" lon="-109.6892083995044231414794921875">
        <ele>3958.800048828125</ele>
        <time>2017-09-04T20:51:42.000Z</time>
        <extensions>
          <ns3:TrackPointExtension>
            <ns3:atemp>21.0</ns3:atemp>
            <ns3:cad>61</ns3:cad>
          </ns3:TrackPointExtension>
        </extensions>
      </trkpt>
      <trkpt lat="43.3202352561056613922119140625" lon="-109.689252488315105438232421875">
        <ele>3958.39990234375</ele>
        <time>2017-09-04T20:51:46.000Z</time>
        <extensions>
          <ns3:TrackPointExtension>
            <ns3:atemp>21.0</ns3:atemp>
            <ns3:cad>61</ns3:cad>
          </ns3:TrackPointExtension>
        </extensions>
      </trkpt>
      <trkpt lat="43.32023701630532741546630859375" lon="-109.689298756420612335205078125">
        <ele>3958.39990234375</ele>
        <time>2017-09-04T20:51:50.000Z</time>
        <extensions>
          <ns3:TrackPointExtension>
            <ns3:atemp>21.0</ns3:atemp>
            <ns3:cad>0</ns3:cad>
          </ns3:TrackPointExtension>
        </extensions>
      </trkpt>
      <trkpt lat="43.32024137489497661590576171875" lon="-109.6893294341862201690673828125">
        <ele>3958.199951171875</ele>
        <time>2017-09-04T20:51:52.000Z</time>
        <extensions>
          <ns3:TrackPointExtension>
            <ns3:atemp>21.0</ns3:atemp>
            <ns3:cad>0</ns3:cad>
          </ns3:TrackPointExtension>
        </extensions>
      </trkpt>
      <trkpt lat="43.32025545649230480194091796875" lon="-109.6893790550529956817626953125">
        <ele>3957.800048828125</ele>
        <time>2017-09-04T20:51:56.000Z</time>
        <extensions>
          <ns3:TrackPointExtension>
            <ns3:atemp>21.0</ns3:atemp>
            <ns3:cad>49</ns3:cad>
          </ns3:TrackPointExtension>
        </extensions>
      </trkpt>
      <trkpt lat="43.32025595940649509429931640625" lon="-109.68941233120858669281005859375">
        <ele>3957.60009765625</ele>
        <time>2017-09-04T20:51:59.000Z</time>
        <extensions>
          <ns3:TrackPointExtension>
            <ns3:atemp>21.0</ns3:atemp>
            <ns3:cad>49</ns3:cad>
          </ns3:TrackPointExtension>
        </extensions>
      </trkpt>
      <trkpt lat="43.320293761789798736572265625" lon="-109.68958650715649127960205078125">
        <ele>3957.199951171875</ele>
        <time>2017-09-04T20:52:38.000Z</time>
        <extensions>
          <ns3:TrackPointExtension>
            <ns3:atemp>21.0</ns3:atemp>
            <ns3:cad>61</ns3:cad>
          </ns3:TrackPointExtension>
        </extensions>
      </trkpt>
      <trkpt lat="43.3203059993684291839599609375" lon="-109.6896006725728511810302734375">
        <ele>3956.800048828125</ele>
        <time>2017-09-04T20:52:40.000Z</time>
        <extensions>
          <ns3:TrackPointExtension>
            <ns3:atemp>21.0</ns3:atemp>
            <ns3:cad>61</ns3:cad>
          </ns3:TrackPointExtension>
        </extensions>
      </trkpt>
      <trkpt lat="43.32032904960215091705322265625" lon="-109.6896264888346195220947265625">
        <ele>3956.800048828125</ele>
        <time>2017-09-04T20:52:44.000Z</time>
        <extensions>
          <ns3:TrackPointExtension>
            <ns3:atemp>21.0</ns3:atemp>
            <ns3:cad>50</ns3:cad>
          </ns3:TrackPointExtension>
        </extensions>
      </trkpt>
      <trkpt lat="43.320350088179111480712890625" lon="-109.68969128094613552093505859375">
        <ele>3956.800048828125</ele>
        <time>2017-09-04T20:52:50.000Z</time>
        <extensions>
          <ns3:TrackPointExtension>
            <ns3:atemp>21.0</ns3:atemp>
            <ns3:cad>61</ns3:cad>
          </ns3:TrackPointExtension>
        </extensions>
      </trkpt>
      <trkpt lat="43.32035134546458721160888671875" lon="-109.68971257098019123077392578125">
        <ele>3957</ele>
        <time>2017-09-04T20:52:52.000Z</time>
        <extensions>
          <ns3:TrackPointExtension>
            <ns3:atemp>21.0</ns3:atemp>
            <ns3:cad>61</ns3:cad>
          </ns3:TrackPointExtension>
        </extensions>
      </trkpt>
      <trkpt lat="43.32032100297510623931884765625" lon="-109.68974811024963855743408203125">
        <ele>3956.199951171875</ele>
        <time>2017-09-04T20:52:58.000Z</time>
        <extensions>
          <ns3:TrackPointExtension>
            <ns3:atemp>21.0</ns3:atemp>
            <ns3:cad>61</ns3:cad>
          </ns3:TrackPointExtension>
        </extensions>
      </trkpt>
      <trkpt lat="43.3202825300395488739013671875" lon="-109.6898916922509670257568359375">
        <ele>3955</ele>
        <time>2017-09-04T20:53:13.000Z</time>
        <extensions>
          <ns3:TrackPointExtension>
            <ns3:atemp>21.0</ns3:atemp>
            <ns3:cad>61</ns3:cad>
          </ns3:TrackPointExtension>
        </extensions>
      </trkpt>
      <trkpt lat="43.3202630840241909027099609375" lon="-109.69001281075179576873779296875">
        <ele>3954</ele>
        <time>2017-09-04T20:53:23.000Z</time>
        <extensions>
          <ns3:TrackPointExtension>
            <ns3:atemp>21.0</ns3:atemp>
            <ns3:cad>61</ns3:cad>
          </ns3:TrackPointExtension>
        </extensions>
      </trkpt>
      <trkpt lat="43.32022042013704776763916015625" lon="-109.6901620924472808837890625">
        <ele>3953.60009765625</ele>
        <time>2017-09-04T20:53:35.000Z</time>
        <extensions>
          <ns3:TrackPointExtension>
            <ns3:atemp>21.0</ns3:atemp>
            <ns3:cad>45</ns3:cad>
          </ns3:TrackPointExtension>
        </extensions>
      </trkpt>
      <trkpt lat="43.32020097412168979644775390625" lon="-109.69020165503025054931640625">
        <ele>3953</ele>
        <time>2017-09-04T20:53:39.000Z</time>
        <extensions>
          <ns3:TrackPointExtension>
            <ns3:atemp>21.0</ns3:atemp>
            <ns3:cad>47</ns3:cad>
          </ns3:TrackPointExtension>
        </extensions>
      </trkpt>
      <trkpt lat="43.3202017284929752349853515625" lon="-109.69021514989435672760009765625">
        <ele>3952.800048828125</ele>
        <time>2017-09-04T20:53:40.000Z</time>
        <extensions>
          <ns3:TrackPointExtension>
            <ns3:atemp>21.0</ns3:atemp>
            <ns3:cad>47</ns3:cad>
          </ns3:TrackPointExtension>
        </extensions>
      </trkpt>
      <trkpt lat="43.320203237235546112060546875" lon="-109.6902276389300823211669921875">
        <ele>3952.39990234375</ele>
        <time>2017-09-04T20:53:41.000Z</time>
        <extensions>
          <ns3:TrackPointExtension>
            <ns3:atemp>21.0</ns3:atemp>
            <ns3:cad>47</ns3:cad>
          </ns3:TrackPointExtension>
        </extensions>
      </trkpt>
      <trkpt lat="43.32021958194673061370849609375" lon="-109.69027147628366947174072265625">
        <ele>3952.60009765625</ele>
        <time>2017-09-04T20:53:45.000Z</time>
        <extensions>
          <ns3:TrackPointExtension>
            <ns3:atemp>21.0</ns3:atemp>
            <ns3:cad>0</ns3:cad>
          </ns3:TrackPointExtension>
        </extensions>
      </trkpt>
      <trkpt lat="43.32019410096108913421630859375" lon="-109.69033903442323207855224609375">
        <ele>3953</ele>
        <time>2017-09-04T20:53:52.000Z</time>
        <extensions>
          <ns3:TrackPointExtension>
            <ns3:atemp>21.0</ns3:atemp>
            <ns3:cad>0</ns3:cad>
          </ns3:TrackPointExtension>
        </extensions>
      </trkpt>
      <trkpt lat="43.320151604712009429931640625" lon="-109.69040290452539920806884765625">
        <ele>3951.800048828125</ele>
        <time>2017-09-04T20:54:06.000Z</time>
        <extensions>
          <ns3:TrackPointExtension>
            <ns3:atemp>21.0</ns3:atemp>
            <ns3:cad>0</ns3:cad>
          </ns3:TrackPointExtension>
        </extensions>
      </trkpt>
      <trkpt lat="43.32015336491167545318603515625" lon="-109.69040189869701862335205078125">
        <ele>3950.60009765625</ele>
        <time>2017-09-04T20:54:09.000Z</time>
        <extensions>
          <ns3:TrackPointExtension>
            <ns3:atemp>21.0</ns3:atemp>
            <ns3:cad>0</ns3:cad>
          </ns3:TrackPointExtension>
        </extensions>
      </trkpt>
      <trkpt lat="43.32016057334840297698974609375" lon="-109.6905894018709659576416015625">
        <ele>3949.800048828125</ele>
        <time>2017-09-04T20:54:38.000Z</time>
        <extensions>
          <ns3:TrackPointExtension>
            <ns3:atemp>21.0</ns3:atemp>
            <ns3:cad>0</ns3:cad>
          </ns3:TrackPointExtension>
        </extensions>
      </trkpt>
      <trkpt lat="43.3201470784842967987060546875" lon="-109.6906785853207111358642578125">
        <ele>3951</ele>
        <time>2017-09-04T20:54:48.000Z</time>
        <extensions>
          <ns3:TrackPointExtension>
            <ns3:atemp>21.0</ns3:atemp>
            <ns3:cad>0</ns3:cad>
          </ns3:TrackPointExtension>
        </extensions>
      </trkpt>
      <trkpt lat="43.32011715508997440338134765625" lon="-109.69074857421219348907470703125">
        <ele>3951.199951171875</ele>
        <time>2017-09-04T20:54:56.000Z</time>
        <extensions>
          <ns3:TrackPointExtension>
            <ns3:atemp>21.0</ns3:atemp>
            <ns3:cad>0</ns3:cad>
          </ns3:TrackPointExtension>
        </extensions>
      </trkpt>
      <trkpt lat="43.320112712681293487548828125" lon="-109.69082719646394252777099609375">
        <ele>3950</ele>
        <time>2017-09-04T20:55:02.000Z</time>
        <extensions>
          <ns3:TrackPointExtension>
            <ns3:atemp>21.0</ns3:atemp>
            <ns3:cad>0</ns3:cad>
          </ns3:TrackPointExtension>
        </extensions>
      </trkpt>
      <trkpt lat="43.32011614926159381866455078125" lon="-109.690877906978130340576171875">
        <ele>3950.60009765625</ele>
        <time>2017-09-04T20:55:07.000Z</time>
        <extensions>
          <ns3:TrackPointExtension>
            <ns3:atemp>21.0</ns3:atemp>
            <ns3:cad>0</ns3:cad>
          </ns3:TrackPointExtension>
        </extensions>
      </trkpt>
      <trkpt lat="43.32012989558279514312744140625" lon="-109.69089978374540805816650390625">
        <ele>3950.60009765625</ele>
        <time>2017-09-04T20:55:09.000Z</time>
        <extensions>
          <ns3:TrackPointExtension>
            <ns3:atemp>21.0</ns3:atemp>
            <ns3:cad>0</ns3:cad>
          </ns3:TrackPointExtension>
        </extensions>
      </trkpt>
      <trkpt lat="43.3201480843126773834228515625" lon="-109.690926186740398406982421875">
        <ele>3950.39990234375</ele>
        <time>2017-09-04T20:55:12.000Z</time>
        <extensions>
          <ns3:TrackPointExtension>
            <ns3:atemp>21.0</ns3:atemp>
            <ns3:cad>0</ns3:cad>
          </ns3:TrackPointExtension>
        </extensions>
      </trkpt>
      <trkpt lat="43.3201660215854644775390625" lon="-109.69096113927662372589111328125">
        <ele>3949.60009765625</ele>
        <time>2017-09-04T20:55:16.000Z</time>
        <extensions>
          <ns3:TrackPointExtension>
            <ns3:atemp>21.0</ns3:atemp>
            <ns3:cad>51</ns3:cad>
          </ns3:TrackPointExtension>
        </extensions>
      </trkpt>
      <trkpt lat="43.32018353976309299468994140625" lon="-109.69100304879248142242431640625">
        <ele>3949.199951171875</ele>
        <time>2017-09-04T20:55:19.000Z</time>
        <extensions>
          <ns3:TrackPointExtension>
            <ns3:atemp>21.0</ns3:atemp>
            <ns3:cad>51</ns3:cad>
          </ns3:TrackPointExtension>
        </extensions>
      </trkpt>
      <trkpt lat="43.32017415203154087066650390625" lon="-109.691063649952411651611328125">
        <ele>3949.39990234375</ele>
        <time>2017-09-04T20:55:24.000Z</time>
        <extensions>
          <ns3:TrackPointExtension>
            <ns3:atemp>21.0</ns3:atemp>
            <ns3:cad>0</ns3:cad>
          </ns3:TrackPointExtension>
        </extensions>
      </trkpt>
      <trkpt lat="43.320183791220188140869140625" lon="-109.69110296107828617095947265625">
        <ele>3949.199951171875</ele>
        <time>2017-09-04T20:55:27.000Z</time>
        <extensions>
          <ns3:TrackPointExtension>
            <ns3:atemp>21.0</ns3:atemp>
            <ns3:cad>0</ns3:cad>
          </ns3:TrackPointExtension>
        </extensions>
      </trkpt>
      <trkpt lat="43.320178426802158355712890625" lon="-109.6911419369280338287353515625">
        <ele>3948.39990234375</ele>
        <time>2017-09-04T20:55:30.000Z</time>
        <extensions>
          <ns3:TrackPointExtension>
            <ns3:atemp>21.0</ns3:atemp>
            <ns3:cad>0</ns3:cad>
          </ns3:TrackPointExtension>
        </extensions>
      </trkpt>
      <trkpt lat="43.32018010318279266357421875" lon="-109.6911674179136753082275390625">
        <ele>3948.39990234375</ele>
        <time>2017-09-04T20:55:32.000Z</time>
        <extensions>
          <ns3:TrackPointExtension>
            <ns3:atemp>21.0</ns3:atemp>
            <ns3:cad>0</ns3:cad>
          </ns3:TrackPointExtension>
        </extensions>
      </trkpt>
      <trkpt lat="43.3201832883059978485107421875" lon="-109.6911831758916378021240234375">
        <ele>3948.60009765625</ele>
        <time>2017-09-04T20:55:34.000Z</time>
        <extensions>
          <ns3:TrackPointExtension>
            <ns3:atemp>21.0</ns3:atemp>
            <ns3:cad>0</ns3:cad>
          </ns3:TrackPointExtension>
        </extensions>
      </trkpt>
      <trkpt lat="43.32020885311067104339599609375" lon="-109.69120371155440807342529296875">
        <ele>3948.39990234375</ele>
        <time>2017-09-04T20:55:38.000Z</time>
        <extensions>
          <ns3:TrackPointExtension>
            <ns3:atemp>21.0</ns3:atemp>
            <ns3:cad>0</ns3:cad>
          </ns3:TrackPointExtension>
        </extensions>
      </trkpt>
      <trkpt lat="43.32024724222719669342041015625" lon="-109.69130597077310085296630859375">
        <ele>3948</ele>
        <time>2017-09-04T20:55:50.000Z</time>
        <extensions>
          <ns3:TrackPointExtension>
            <ns3:atemp>21.0</ns3:atemp>
            <ns3:cad>0</ns3:cad>
          </ns3:TrackPointExtension>
        </extensions>
      </trkpt>
      <trkpt lat="43.32022930495440959930419921875" lon="-109.6913675777614116668701171875">
        <ele>3947.800048828125</ele>
        <time>2017-09-04T20:55:55.000Z</time>
        <extensions>
          <ns3:TrackPointExtension>
            <ns3:atemp>21.0</ns3:atemp>
            <ns3:cad>0</ns3:cad>
          </ns3:TrackPointExtension>
        </extensions>
      </trkpt>
      <trkpt lat="43.32021639682352542877197265625" lon="-109.69143404625356197357177734375">
        <ele>3947.39990234375</ele>
        <time>2017-09-04T20:56:01.000Z</time>
        <extensions>
          <ns3:TrackPointExtension>
            <ns3:atemp>21.0</ns3:atemp>
            <ns3:cad>44</ns3:cad>
          </ns3:TrackPointExtension>
        </extensions>
      </trkpt>
      <trkpt lat="43.32020667381584644317626953125" lon="-109.69152289442718029022216796875">
        <ele>3946.199951171875</ele>
        <time>2017-09-04T20:56:10.000Z</time>
        <extensions>
          <ns3:TrackPointExtension>
            <ns3:atemp>21.0</ns3:atemp>
            <ns3:cad>49</ns3:cad>
          </ns3:TrackPointExtension>
        </extensions>
      </trkpt>
      <trkpt lat="43.32021170295774936676025390625" lon="-109.69158022664487361907958984375">
        <ele>3945.800048828125</ele>
        <time>2017-09-04T20:56:15.000Z</time>
        <extensions>
          <ns3:TrackPointExtension>
            <ns3:atemp>21.0</ns3:atemp>
            <ns3:cad>59</ns3:cad>
          </ns3:TrackPointExtension>
        </extensions>
      </trkpt>
      <trkpt lat="43.3202184922993183135986328125" lon="-109.6916317753493785858154296875">
        <ele>3945.60009765625</ele>
        <time>2017-09-04T20:56:20.000Z</time>
        <extensions>
          <ns3:TrackPointExtension>
            <ns3:atemp>21.0</ns3:atemp>
            <ns3:cad>59</ns3:cad>
          </ns3:TrackPointExtension>
        </extensions>
      </trkpt>
      <trkpt lat="43.32023777067661285400390625" lon="-109.69165650196373462677001953125">
        <ele>3945.39990234375</ele>
        <time>2017-09-04T20:56:23.000Z</time>
        <extensions>
          <ns3:TrackPointExtension>
            <ns3:atemp>21.0</ns3:atemp>
            <ns3:cad>59</ns3:cad>
          </ns3:TrackPointExtension>
        </extensions>
      </trkpt>
      <trkpt lat="43.320242129266262054443359375" lon="-109.691661782562732696533203125">
        <ele>3945.199951171875</ele>
        <time>2017-09-04T20:56:24.000Z</time>
        <extensions>
          <ns3:TrackPointExtension>
            <ns3:atemp>21.0</ns3:atemp>
            <ns3:cad>59</ns3:cad>
          </ns3:TrackPointExtension>
        </extensions>
      </trkpt>
      <trkpt lat="43.32035536877810955047607421875" lon="-109.691851548850536346435546875">
        <ele>3944.800048828125</ele>
        <time>2017-09-04T20:56:52.000Z</time>
        <extensions>
          <ns3:TrackPointExtension>
            <ns3:atemp>21.0</ns3:atemp>
            <ns3:cad>0</ns3:cad>
          </ns3:TrackPointExtension>
        </extensions>
      </trkpt>
      <trkpt lat="43.3203650079667568206787109375" lon="-109.69189815223217010498046875">
        <ele>3944.800048828125</ele>
        <time>2017-09-04T20:56:56.000Z</time>
        <extensions>
          <ns3:TrackPointExtension>
            <ns3:atemp>21.0</ns3:atemp>
            <ns3:cad>0</ns3:cad>
          </ns3:TrackPointExtension>
        </extensions>
      </trkpt>
      <trkpt lat="43.32036676816642284393310546875" lon="-109.69196788966655731201171875">
        <ele>3944.800048828125</ele>
        <time>2017-09-04T20:57:01.000Z</time>
        <extensions>
          <ns3:TrackPointExtension>
            <ns3:atemp>21.0</ns3:atemp>
            <ns3:cad>61</ns3:cad>
          </ns3:TrackPointExtension>
        </extensions>
      </trkpt>
      <trkpt lat="43.32039057277143001556396484375" lon="-109.692089594900608062744140625">
        <ele>3944.199951171875</ele>
        <time>2017-09-04T20:57:16.000Z</time>
        <extensions>
          <ns3:TrackPointExtension>
            <ns3:atemp>21.0</ns3:atemp>
            <ns3:cad>0</ns3:cad>
          </ns3:TrackPointExtension>
        </extensions>
      </trkpt>
      <trkpt lat="43.3203445561230182647705078125" lon="-109.69223921187222003936767578125">
        <ele>3943.199951171875</ele>
        <time>2017-09-04T20:57:35.000Z</time>
        <extensions>
          <ns3:TrackPointExtension>
            <ns3:atemp>21.0</ns3:atemp>
            <ns3:cad>0</ns3:cad>
          </ns3:TrackPointExtension>
        </extensions>
      </trkpt>
      <trkpt lat="43.3203640021383762359619140625" lon="-109.69227257184684276580810546875">
        <ele>3942</ele>
        <time>2017-09-04T20:57:40.000Z</time>
        <extensions>
          <ns3:TrackPointExtension>
            <ns3:atemp>21.0</ns3:atemp>
            <ns3:cad>0</ns3:cad>
          </ns3:TrackPointExtension>
        </extensions>
      </trkpt>
      <trkpt lat="43.32046265713870525360107421875" lon="-109.69233744777739048004150390625">
        <ele>3942.800048828125</ele>
        <time>2017-09-04T20:57:51.000Z</time>
        <extensions>
          <ns3:TrackPointExtension>
            <ns3:atemp>21.0</ns3:atemp>
            <ns3:cad>51</ns3:cad>
          </ns3:TrackPointExtension>
        </extensions>
      </trkpt>
      <trkpt lat="43.320483863353729248046875" lon="-109.6923509426414966583251953125">
        <ele>3942.800048828125</ele>
        <time>2017-09-04T20:57:54.000Z</time>
        <extensions>
          <ns3:TrackPointExtension>
            <ns3:atemp>21.0</ns3:atemp>
            <ns3:cad>51</ns3:cad>
          </ns3:TrackPointExtension>
        </extensions>
      </trkpt>
      <trkpt lat="43.32050004042685031890869140625" lon="-109.69237801618874073028564453125">
        <ele>3943</ele>
        <time>2017-09-04T20:57:58.000Z</time>
        <extensions>
          <ns3:TrackPointExtension>
            <ns3:atemp>21.0</ns3:atemp>
            <ns3:cad>0</ns3:cad>
          </ns3:TrackPointExtension>
        </extensions>
      </trkpt>
      <trkpt lat="43.320610262453556060791015625" lon="-109.6923881582915782928466796875">
        <ele>3944</ele>
        <time>2017-09-04T20:58:14.000Z</time>
        <extensions>
          <ns3:TrackPointExtension>
            <ns3:atemp>21.0</ns3:atemp>
            <ns3:cad>61</ns3:cad>
          </ns3:TrackPointExtension>
        </extensions>
      </trkpt>
      <trkpt lat="43.320637084543704986572265625" lon="-109.69239729456603527069091796875">
        <ele>3944.60009765625</ele>
        <time>2017-09-04T20:58:17.000Z</time>
        <extensions>
          <ns3:TrackPointExtension>
            <ns3:atemp>21.0</ns3:atemp>
            <ns3:cad>61</ns3:cad>
          </ns3:TrackPointExtension>
        </extensions>
      </trkpt>
      <trkpt lat="43.32065409980714321136474609375" lon="-109.69242244027554988861083984375">
        <ele>3945.199951171875</ele>
        <time>2017-09-04T20:58:20.000Z</time>
        <extensions>
          <ns3:TrackPointExtension>
            <ns3:atemp>21.0</ns3:atemp>
            <ns3:cad>61</ns3:cad>
          </ns3:TrackPointExtension>
        </extensions>
      </trkpt>
      <trkpt lat="43.320667259395122528076171875" lon="-109.6924827061593532562255859375">
        <ele>3945.39990234375</ele>
        <time>2017-09-04T20:58:25.000Z</time>
        <extensions>
          <ns3:TrackPointExtension>
            <ns3:atemp>21.0</ns3:atemp>
            <ns3:cad>61</ns3:cad>
          </ns3:TrackPointExtension>
        </extensions>
      </trkpt>
      <trkpt lat="43.320671617984771728515625" lon="-109.6925055049359798431396484375">
        <ele>3945</ele>
        <time>2017-09-04T20:58:27.000Z</time>
        <extensions>
          <ns3:TrackPointExtension>
            <ns3:atemp>21.0</ns3:atemp>
            <ns3:cad>61</ns3:cad>
          </ns3:TrackPointExtension>
        </extensions>
      </trkpt>
      <trkpt lat="43.32067991606891155242919921875" lon="-109.69252838753163814544677734375">
        <ele>3944.60009765625</ele>
        <time>2017-09-04T20:58:29.000Z</time>
        <extensions>
          <ns3:TrackPointExtension>
            <ns3:atemp>21.0</ns3:atemp>
            <ns3:cad>61</ns3:cad>
          </ns3:TrackPointExtension>
        </extensions>
      </trkpt>
      <trkpt lat="43.32068880088627338409423828125" lon="-109.692541547119617462158203125">
        <ele>3944.39990234375</ele>
        <time>2017-09-04T20:58:31.000Z</time>
        <extensions>
          <ns3:TrackPointExtension>
            <ns3:atemp>21.0</ns3:atemp>
            <ns3:cad>61</ns3:cad>
          </ns3:TrackPointExtension>
        </extensions>
      </trkpt>
      <trkpt lat="43.32069047726690769195556640625" lon="-109.69254330731928348541259765625">
        <ele>3944</ele>
        <time>2017-09-04T20:58:32.000Z</time>
        <extensions>
          <ns3:TrackPointExtension>
            <ns3:atemp>21.0</ns3:atemp>
            <ns3:cad>61</ns3:cad>
          </ns3:TrackPointExtension>
        </extensions>
      </trkpt>
      <trkpt lat="43.3206885494291782379150390625" lon="-109.69254481606185436248779296875">
        <ele>3943</ele>
        <time>2017-09-04T20:58:36.000Z</time>
        <extensions>
          <ns3:TrackPointExtension>
            <ns3:atemp>21.0</ns3:atemp>
            <ns3:cad>0</ns3:cad>
          </ns3:TrackPointExtension>
        </extensions>
      </trkpt>
      <trkpt lat="43.3206972666084766387939453125" lon="-109.69259083271026611328125">
        <ele>3944</ele>
        <time>2017-09-04T20:59:15.000Z</time>
        <extensions>
          <ns3:TrackPointExtension>
            <ns3:atemp>21.0</ns3:atemp>
            <ns3:cad>61</ns3:cad>
          </ns3:TrackPointExtension>
        </extensions>
      </trkpt>
      <trkpt lat="43.32071788609027862548828125" lon="-109.69267758540809154510498046875">
        <ele>3944</ele>
        <time>2017-09-04T20:59:24.000Z</time>
        <extensions>
          <ns3:TrackPointExtension>
            <ns3:atemp>21.0</ns3:atemp>
            <ns3:cad>47</ns3:cad>
          </ns3:TrackPointExtension>
        </extensions>
      </trkpt>
      <trkpt lat="43.3207663334906101226806640625" lon="-109.69272485934197902679443359375">
        <ele>3943.60009765625</ele>
        <time>2017-09-04T20:59:32.000Z</time>
        <extensions>
          <ns3:TrackPointExtension>
            <ns3:atemp>21.0</ns3:atemp>
            <ns3:cad>0</ns3:cad>
          </ns3:TrackPointExtension>
        </extensions>
      </trkpt>
      <trkpt lat="43.32086297683417797088623046875" lon="-109.69287506304681301116943359375">
        <ele>3943</ele>
        <time>2017-09-04T20:59:50.000Z</time>
        <extensions>
          <ns3:TrackPointExtension>
            <ns3:atemp>21.0</ns3:atemp>
            <ns3:cad>61</ns3:cad>
          </ns3:TrackPointExtension>
        </extensions>
      </trkpt>
      <trkpt lat="43.320862390100955963134765625" lon="-109.692881517112255096435546875">
        <ele>3942.800048828125</ele>
        <time>2017-09-04T20:59:51.000Z</time>
        <extensions>
          <ns3:TrackPointExtension>
            <ns3:atemp>21.0</ns3:atemp>
            <ns3:cad>63</ns3:cad>
          </ns3:TrackPointExtension>
        </extensions>
      </trkpt>
      <trkpt lat="43.32093019969761371612548828125" lon="-109.6929571218788623809814453125">
        <ele>3942.60009765625</ele>
        <time>2017-09-04T21:00:06.000Z</time>
        <extensions>
          <ns3:TrackPointExtension>
            <ns3:atemp>21.0</ns3:atemp>
            <ns3:cad>0</ns3:cad>
          </ns3:TrackPointExtension>
        </extensions>
      </trkpt>
      <trkpt lat="43.3209678344428539276123046875" lon="-109.69300984404981136322021484375">
        <ele>3942.199951171875</ele>
        <time>2017-09-04T21:00:12.000Z</time>
        <extensions>
          <ns3:TrackPointExtension>
            <ns3:atemp>21.0</ns3:atemp>
            <ns3:cad>0</ns3:cad>
          </ns3:TrackPointExtension>
        </extensions>
      </trkpt>
      <trkpt lat="43.32099826075136661529541015625" lon="-109.693120904266834259033203125">
        <ele>3941.800048828125</ele>
        <time>2017-09-04T21:00:21.000Z</time>
        <extensions>
          <ns3:TrackPointExtension>
            <ns3:atemp>21.0</ns3:atemp>
            <ns3:cad>52</ns3:cad>
          </ns3:TrackPointExtension>
        </extensions>
      </trkpt>
      <trkpt lat="43.32100563682615756988525390625" lon="-109.69314076937735080718994140625">
        <ele>3941.800048828125</ele>
        <time>2017-09-04T21:00:23.000Z</time>
        <extensions>
          <ns3:TrackPointExtension>
            <ns3:atemp>21.0</ns3:atemp>
            <ns3:cad>52</ns3:cad>
          </ns3:TrackPointExtension>
        </extensions>
      </trkpt>
      <trkpt lat="43.321017958223819732666015625" lon="-109.69318854622542858123779296875">
        <ele>3942</ele>
        <time>2017-09-04T21:00:29.000Z</time>
        <extensions>
          <ns3:TrackPointExtension>
            <ns3:atemp>21.0</ns3:atemp>
            <ns3:cad>0</ns3:cad>
          </ns3:TrackPointExtension>
        </extensions>
      </trkpt>
      <trkpt lat="43.32103966735303401947021484375" lon="-109.6932424418628215789794921875">
        <ele>3940.800048828125</ele>
        <time>2017-09-04T21:00:44.000Z</time>
        <extensions>
          <ns3:TrackPointExtension>
            <ns3:atemp>21.0</ns3:atemp>
            <ns3:cad>61</ns3:cad>
          </ns3:TrackPointExtension>
        </extensions>
      </trkpt>
      <trkpt lat="43.3210841752588748931884765625" lon="-109.69329684041440486907958984375">
        <ele>3942</ele>
        <time>2017-09-04T21:00:55.000Z</time>
        <extensions>
          <ns3:TrackPointExtension>
            <ns3:atemp>21.0</ns3:atemp>
            <ns3:cad>0</ns3:cad>
          </ns3:TrackPointExtension>
        </extensions>
      </trkpt>
      <trkpt lat="43.32109968177974224090576171875" lon="-109.693326093256473541259765625">
        <ele>3941.199951171875</ele>
        <time>2017-09-04T21:00:58.000Z</time>
        <extensions>
          <ns3:TrackPointExtension>
            <ns3:atemp>21.0</ns3:atemp>
            <ns3:cad>61</ns3:cad>
          </ns3:TrackPointExtension>
        </extensions>
      </trkpt>
      <trkpt lat="43.32110689021646976470947265625" lon="-109.69333506189286708831787109375">
        <ele>3941</ele>
        <time>2017-09-04T21:00:59.000Z</time>
        <extensions>
          <ns3:TrackPointExtension>
            <ns3:atemp>21.0</ns3:atemp>
            <ns3:cad>61</ns3:cad>
          </ns3:TrackPointExtension>
        </extensions>
      </trkpt>
      <trkpt lat="43.32116556353867053985595703125" lon="-109.6934828348457813262939453125">
        <ele>3942</ele>
        <time>2017-09-04T21:01:14.000Z</time>
        <extensions>
          <ns3:TrackPointExtension>
            <ns3:atemp>21.0</ns3:atemp>
            <ns3:cad>61</ns3:cad>
          </ns3:TrackPointExtension>
        </extensions>
      </trkpt>
      <trkpt lat="43.32117252051830291748046875" lon="-109.69350345432758331298828125">
        <ele>3942</ele>
        <time>2017-09-04T21:01:16.000Z</time>
        <extensions>
          <ns3:TrackPointExtension>
            <ns3:atemp>21.0</ns3:atemp>
            <ns3:cad>0</ns3:cad>
          </ns3:TrackPointExtension>
        </extensions>
      </trkpt>
      <trkpt lat="43.32117847166955471038818359375" lon="-109.693512506783008575439453125">
        <ele>3941.800048828125</ele>
        <time>2017-09-04T21:01:17.000Z</time>
        <extensions>
          <ns3:TrackPointExtension>
            <ns3:atemp>21.0</ns3:atemp>
            <ns3:cad>0</ns3:cad>
          </ns3:TrackPointExtension>
        </extensions>
      </trkpt>
      <trkpt lat="43.32118618302047252655029296875" lon="-109.69351929612457752227783203125">
        <ele>3941.39990234375</ele>
        <time>2017-09-04T21:01:19.000Z</time>
        <extensions>
          <ns3:TrackPointExtension>
            <ns3:atemp>21.0</ns3:atemp>
            <ns3:cad>0</ns3:cad>
          </ns3:TrackPointExtension>
        </extensions>
      </trkpt>
      <trkpt lat="43.3211850933730602264404296875" lon="-109.69351954758167266845703125">
        <ele>3941</ele>
        <time>2017-09-04T21:01:23.000Z</time>
        <extensions>
          <ns3:TrackPointExtension>
            <ns3:atemp>21.0</ns3:atemp>
            <ns3:cad>0</ns3:cad>
          </ns3:TrackPointExtension>
        </extensions>
      </trkpt>
      <trkpt lat="43.32115969620645046234130859375" lon="-109.69364217482507228851318359375">
        <ele>3940</ele>
        <time>2017-09-04T21:02:10.000Z</time>
        <extensions>
          <ns3:TrackPointExtension>
            <ns3:atemp>21.0</ns3:atemp>
            <ns3:cad>0</ns3:cad>
          </ns3:TrackPointExtension>
        </extensions>
      </trkpt>
      <trkpt lat="43.321210406720638275146484375" lon="-109.6937916241586208343505859375">
        <ele>3938.800048828125</ele>
        <time>2017-09-04T21:02:43.000Z</time>
        <extensions>
          <ns3:TrackPointExtension>
            <ns3:atemp>21.0</ns3:atemp>
            <ns3:cad>61</ns3:cad>
          </ns3:TrackPointExtension>
        </extensions>
      </trkpt>
      <trkpt lat="43.32128441892564296722412109375" lon="-109.69395800493657588958740234375">
        <ele>3939.60009765625</ele>
        <time>2017-09-04T21:03:43.000Z</time>
        <extensions>
          <ns3:TrackPointExtension>
            <ns3:atemp>21.0</ns3:atemp>
            <ns3:cad>0</ns3:cad>
          </ns3:TrackPointExtension>
        </extensions>
      </trkpt>
      <trkpt lat="43.32128525711596012115478515625" lon="-109.6939485333859920501708984375">
        <ele>3935.60009765625</ele>
        <time>2017-09-04T21:03:51.000Z</time>
        <extensions>
          <ns3:TrackPointExtension>
            <ns3:atemp>21.0</ns3:atemp>
            <ns3:cad>0</ns3:cad>
          </ns3:TrackPointExtension>
        </extensions>
      </trkpt>
      <trkpt lat="43.321284838020801544189453125" lon="-109.6939468570053577423095703125">
        <ele>3936.60009765625</ele>
        <time>2017-09-04T21:03:52.000Z</time>
        <extensions>
          <ns3:TrackPointExtension>
            <ns3:atemp>21.0</ns3:atemp>
            <ns3:cad>0</ns3:cad>
          </ns3:TrackPointExtension>
        </extensions>
      </trkpt>
      <trkpt lat="43.32129749469459056854248046875" lon="-109.69397359527647495269775390625">
        <ele>3937.800048828125</ele>
        <time>2017-09-04T21:04:01.000Z</time>
        <extensions>
          <ns3:TrackPointExtension>
            <ns3:atemp>21.0</ns3:atemp>
            <ns3:cad>0</ns3:cad>
          </ns3:TrackPointExtension>
        </extensions>
      </trkpt>
      <trkpt lat="43.32138575613498687744140625" lon="-109.694168306887149810791015625">
        <ele>3937.60009765625</ele>
        <time>2017-09-04T21:04:30.000Z</time>
        <extensions>
          <ns3:TrackPointExtension>
            <ns3:atemp>21.0</ns3:atemp>
            <ns3:cad>0</ns3:cad>
          </ns3:TrackPointExtension>
        </extensions>
      </trkpt>
      <trkpt lat="43.32139757461845874786376953125" lon="-109.69418431632220745086669921875">
        <ele>3937.60009765625</ele>
        <time>2017-09-04T21:04:32.000Z</time>
        <extensions>
          <ns3:TrackPointExtension>
            <ns3:atemp>21.0</ns3:atemp>
            <ns3:cad>61</ns3:cad>
          </ns3:TrackPointExtension>
        </extensions>
      </trkpt>
      <trkpt lat="43.3214057050645351409912109375" lon="-109.69420141540467739105224609375">
        <ele>3937.60009765625</ele>
        <time>2017-09-04T21:04:34.000Z</time>
        <extensions>
          <ns3:TrackPointExtension>
            <ns3:atemp>21.0</ns3:atemp>
            <ns3:cad>61</ns3:cad>
          </ns3:TrackPointExtension>
        </extensions>
      </trkpt>
      <trkpt lat="43.32142875529825687408447265625" lon="-109.6942740865051746368408203125">
        <ele>3938</ele>
        <time>2017-09-04T21:04:41.000Z</time>
        <extensions>
          <ns3:TrackPointExtension>
            <ns3:atemp>21.0</ns3:atemp>
            <ns3:cad>0</ns3:cad>
          </ns3:TrackPointExtension>
        </extensions>
      </trkpt>
      <trkpt lat="43.32147158682346343994140625" lon="-109.69438363797962665557861328125">
        <ele>3937</ele>
        <time>2017-09-04T21:04:54.000Z</time>
        <extensions>
          <ns3:TrackPointExtension>
            <ns3:atemp>21.0</ns3:atemp>
            <ns3:cad>61</ns3:cad>
          </ns3:TrackPointExtension>
        </extensions>
      </trkpt>
      <trkpt lat="43.32148089073598384857177734375" lon="-109.69448924995958805084228515625">
        <ele>3937.39990234375</ele>
        <time>2017-09-04T21:05:10.000Z</time>
        <extensions>
          <ns3:TrackPointExtension>
            <ns3:atemp>21.0</ns3:atemp>
            <ns3:cad>0</ns3:cad>
          </ns3:TrackPointExtension>
        </extensions>
      </trkpt>
      <trkpt lat="43.3214724250137805938720703125" lon="-109.694512970745563507080078125">
        <ele>3936.800048828125</ele>
        <time>2017-09-04T21:05:15.000Z</time>
        <extensions>
          <ns3:TrackPointExtension>
            <ns3:atemp>21.0</ns3:atemp>
            <ns3:cad>63</ns3:cad>
          </ns3:TrackPointExtension>
        </extensions>
      </trkpt>
      <trkpt lat="43.32146999426186084747314453125" lon="-109.69451590441167354583740234375">
        <ele>3935.800048828125</ele>
        <time>2017-09-04T21:05:19.000Z</time>
        <extensions>
          <ns3:TrackPointExtension>
            <ns3:atemp>21.0</ns3:atemp>
            <ns3:cad>0</ns3:cad>
          </ns3:TrackPointExtension>
        </extensions>
      </trkpt>
      <trkpt lat="43.321477286517620086669921875" lon="-109.69462268985807895660400390625">
        <ele>3934.60009765625</ele>
        <time>2017-09-04T21:05:34.000Z</time>
        <extensions>
          <ns3:TrackPointExtension>
            <ns3:atemp>21.0</ns3:atemp>
            <ns3:cad>0</ns3:cad>
          </ns3:TrackPointExtension>
        </extensions>
      </trkpt>
      <trkpt lat="43.321483321487903594970703125" lon="-109.694674573838710784912109375">
        <ele>3934.60009765625</ele>
        <time>2017-09-04T21:05:41.000Z</time>
        <extensions>
          <ns3:TrackPointExtension>
            <ns3:atemp>21.0</ns3:atemp>
            <ns3:cad>0</ns3:cad>
          </ns3:TrackPointExtension>
        </extensions>
      </trkpt>
      <trkpt lat="43.32148591987788677215576171875" lon="-109.69467784278094768524169921875">
        <ele>3933.39990234375</ele>
        <time>2017-09-04T21:06:06.000Z</time>
        <extensions>
          <ns3:TrackPointExtension>
            <ns3:atemp>21.0</ns3:atemp>
            <ns3:cad>0</ns3:cad>
          </ns3:TrackPointExtension>
        </extensions>
      </trkpt>
      <trkpt lat="43.3214856684207916259765625" lon="-109.69467692077159881591796875">
        <ele>3934.60009765625</ele>
        <time>2017-09-04T21:06:12.000Z</time>
        <extensions>
          <ns3:TrackPointExtension>
            <ns3:atemp>21.0</ns3:atemp>
            <ns3:cad>0</ns3:cad>
          </ns3:TrackPointExtension>
        </extensions>
      </trkpt>
      <trkpt lat="43.3214871771633625030517578125" lon="-109.694676585495471954345703125">
        <ele>3933.60009765625</ele>
        <time>2017-09-04T21:06:24.000Z</time>
        <extensions>
          <ns3:TrackPointExtension>
            <ns3:atemp>21.0</ns3:atemp>
            <ns3:cad>0</ns3:cad>
          </ns3:TrackPointExtension>
        </extensions>
      </trkpt>
      <trkpt lat="43.3214776217937469482421875" lon="-109.6946697123348712921142578125">
        <ele>3933.60009765625</ele>
        <time>2017-09-04T21:08:27.000Z</time>
        <extensions>
          <ns3:TrackPointExtension>
            <ns3:atemp>20.0</ns3:atemp>
            <ns3:cad>0</ns3:cad>
          </ns3:TrackPointExtension>
        </extensions>
      </trkpt>
      <trkpt lat="43.32159672863781452178955078125" lon="-109.6946888230741024017333984375">
        <ele>3933.60009765625</ele>
        <time>2017-09-04T21:11:34.000Z</time>
        <extensions>
          <ns3:TrackPointExtension>
            <ns3:atemp>21.0</ns3:atemp>
            <ns3:cad>0</ns3:cad>
          </ns3:TrackPointExtension>
        </extensions>
      </trkpt>
      <trkpt lat="43.3216564916074275970458984375" lon="-109.694757722318172454833984375">
        <ele>3933.60009765625</ele>
        <time>2017-09-04T21:11:45.000Z</time>
        <extensions>
          <ns3:TrackPointExtension>
            <ns3:atemp>21.0</ns3:atemp>
            <ns3:cad>61</ns3:cad>
          </ns3:TrackPointExtension>
        </extensions>
      </trkpt>
      <trkpt lat="43.32180074416100978851318359375" lon="-109.69488973729312419891357421875">
        <ele>3933.60009765625</ele>
        <time>2017-09-04T21:12:26.000Z</time>
        <extensions>
          <ns3:TrackPointExtension>
            <ns3:atemp>21.0</ns3:atemp>
            <ns3:cad>61</ns3:cad>
          </ns3:TrackPointExtension>
        </extensions>
      </trkpt>
      <trkpt lat="43.3218853175640106201171875" lon="-109.69508302398025989532470703125">
        <ele>3933.60009765625</ele>
        <time>2017-09-04T21:13:11.000Z</time>
        <extensions>
          <ns3:TrackPointExtension>
            <ns3:atemp>21.0</ns3:atemp>
            <ns3:cad>0</ns3:cad>
          </ns3:TrackPointExtension>
        </extensions>
      </trkpt>
      <trkpt lat="43.3219605870544910430908203125" lon="-109.6951716206967830657958984375">
        <ele>3933.60009765625</ele>
        <time>2017-09-04T21:13:32.000Z</time>
        <extensions>
          <ns3:TrackPointExtension>
            <ns3:atemp>21.0</ns3:atemp>
            <ns3:cad>0</ns3:cad>
          </ns3:TrackPointExtension>
        </extensions>
      </trkpt>
      <trkpt lat="43.32196779549121856689453125" lon="-109.69521177001297473907470703125">
        <ele>3933.60009765625</ele>
        <time>2017-09-04T21:13:35.000Z</time>
        <extensions>
          <ns3:TrackPointExtension>
            <ns3:atemp>21.0</ns3:atemp>
            <ns3:cad>0</ns3:cad>
          </ns3:TrackPointExtension>
        </extensions>
      </trkpt>
      <trkpt lat="43.32200132310390472412109375" lon="-109.69525569118559360504150390625">
        <ele>3933.39990234375</ele>
        <time>2017-09-04T21:13:40.000Z</time>
        <extensions>
          <ns3:TrackPointExtension>
            <ns3:atemp>21.0</ns3:atemp>
            <ns3:cad>0</ns3:cad>
          </ns3:TrackPointExtension>
        </extensions>
      </trkpt>
      <trkpt lat="43.32203342579305171966552734375" lon="-109.69527262263000011444091796875">
        <ele>3934</ele>
        <time>2017-09-04T21:13:45.000Z</time>
        <extensions>
          <ns3:TrackPointExtension>
            <ns3:atemp>21.0</ns3:atemp>
            <ns3:cad>0</ns3:cad>
          </ns3:TrackPointExtension>
        </extensions>
      </trkpt>
      <trkpt lat="43.322114981710910797119140625" lon="-109.69538929872214794158935546875">
        <ele>3932.39990234375</ele>
        <time>2017-09-04T21:14:12.000Z</time>
        <extensions>
          <ns3:TrackPointExtension>
            <ns3:atemp>21.0</ns3:atemp>
            <ns3:cad>61</ns3:cad>
          </ns3:TrackPointExtension>
        </extensions>
      </trkpt>
      <trkpt lat="43.3221986331045627593994140625" lon="-109.69545216299593448638916015625">
        <ele>3931.39990234375</ele>
        <time>2017-09-04T21:14:34.000Z</time>
        <extensions>
          <ns3:TrackPointExtension>
            <ns3:atemp>21.0</ns3:atemp>
            <ns3:cad>0</ns3:cad>
          </ns3:TrackPointExtension>
        </extensions>
      </trkpt>
      <trkpt lat="43.3222113735973834991455078125" lon="-109.6954807452857494354248046875">
        <ele>3930.39990234375</ele>
        <time>2017-09-04T21:14:39.000Z</time>
        <extensions>
          <ns3:TrackPointExtension>
            <ns3:atemp>21.0</ns3:atemp>
            <ns3:cad>0</ns3:cad>
          </ns3:TrackPointExtension>
        </extensions>
      </trkpt>
      <trkpt lat="43.322272561490535736083984375" lon="-109.69554671086370944976806640625">
        <ele>3929.199951171875</ele>
        <time>2017-09-04T21:15:01.000Z</time>
        <extensions>
          <ns3:TrackPointExtension>
            <ns3:atemp>21.0</ns3:atemp>
            <ns3:cad>0</ns3:cad>
          </ns3:TrackPointExtension>
        </extensions>
      </trkpt>
      <trkpt lat="43.3223139680922031402587890625" lon="-109.6956279315054416656494140625">
        <ele>3928.800048828125</ele>
        <time>2017-09-04T21:15:17.000Z</time>
        <extensions>
          <ns3:TrackPointExtension>
            <ns3:atemp>21.0</ns3:atemp>
            <ns3:cad>0</ns3:cad>
          </ns3:TrackPointExtension>
        </extensions>
      </trkpt>
      <trkpt lat="43.32245721481740474700927734375" lon="-109.6956741996109485626220703125">
        <ele>3929.39990234375</ele>
        <time>2017-09-04T21:15:58.000Z</time>
        <extensions>
          <ns3:TrackPointExtension>
            <ns3:atemp>22.0</ns3:atemp>
            <ns3:cad>0</ns3:cad>
          </ns3:TrackPointExtension>
        </extensions>
      </trkpt>
      <trkpt lat="43.32248504273593425750732421875" lon="-109.69569523818790912628173828125">
        <ele>3929</ele>
        <time>2017-09-04T21:16:01.000Z</time>
        <extensions>
          <ns3:TrackPointExtension>
            <ns3:atemp>22.0</ns3:atemp>
            <ns3:cad>0</ns3:cad>
          </ns3:TrackPointExtension>
        </extensions>
      </trkpt>
      <trkpt lat="43.32252158783376216888427734375" lon="-109.6957893669605255126953125">
        <ele>3928.199951171875</ele>
        <time>2017-09-04T21:16:12.000Z</time>
        <extensions>
          <ns3:TrackPointExtension>
            <ns3:atemp>22.0</ns3:atemp>
            <ns3:cad>0</ns3:cad>
          </ns3:TrackPointExtension>
        </extensions>
      </trkpt>
      <trkpt lat="43.32252343185245990753173828125" lon="-109.69579783268272876739501953125">
        <ele>3927.800048828125</ele>
        <time>2017-09-04T21:16:13.000Z</time>
        <extensions>
          <ns3:TrackPointExtension>
            <ns3:atemp>22.0</ns3:atemp>
            <ns3:cad>0</ns3:cad>
          </ns3:TrackPointExtension>
        </extensions>
      </trkpt>
      <trkpt lat="43.3225344121456146240234375" lon="-109.6958180330693721771240234375">
        <ele>3926.800048828125</ele>
        <time>2017-09-04T21:16:18.000Z</time>
        <extensions>
          <ns3:TrackPointExtension>
            <ns3:atemp>22.0</ns3:atemp>
            <ns3:cad>0</ns3:cad>
          </ns3:TrackPointExtension>
        </extensions>
      </trkpt>
      <trkpt lat="43.3226247690618038177490234375" lon="-109.69591484405100345611572265625">
        <ele>3925.60009765625</ele>
        <time>2017-09-04T21:17:06.000Z</time>
        <extensions>
          <ns3:TrackPointExtension>
            <ns3:atemp>22.0</ns3:atemp>
            <ns3:cad>0</ns3:cad>
          </ns3:TrackPointExtension>
        </extensions>
      </trkpt>
      <trkpt lat="43.3226551115512847900390625" lon="-109.6959380619227886199951171875">
        <ele>3924.60009765625</ele>
        <time>2017-09-04T21:17:12.000Z</time>
        <extensions>
          <ns3:TrackPointExtension>
            <ns3:atemp>22.0</ns3:atemp>
            <ns3:cad>0</ns3:cad>
          </ns3:TrackPointExtension>
        </extensions>
      </trkpt>
      <trkpt lat="43.322719149291515350341796875" lon="-109.6959397383034229278564453125">
        <ele>3924.199951171875</ele>
        <time>2017-09-04T21:17:33.000Z</time>
        <extensions>
          <ns3:TrackPointExtension>
            <ns3:atemp>22.0</ns3:atemp>
            <ns3:cad>0</ns3:cad>
          </ns3:TrackPointExtension>
        </extensions>
      </trkpt>
      <trkpt lat="43.32287044264376163482666015625" lon="-109.69605448655784130096435546875">
        <ele>3924</ele>
        <time>2017-09-04T21:18:02.000Z</time>
        <extensions>
          <ns3:TrackPointExtension>
            <ns3:atemp>22.0</ns3:atemp>
            <ns3:cad>0</ns3:cad>
          </ns3:TrackPointExtension>
        </extensions>
      </trkpt>
      <trkpt lat="43.32288485951721668243408203125" lon="-109.696143753826618194580078125">
        <ele>3923.39990234375</ele>
        <time>2017-09-04T21:18:18.000Z</time>
        <extensions>
          <ns3:TrackPointExtension>
            <ns3:atemp>22.0</ns3:atemp>
            <ns3:cad>0</ns3:cad>
          </ns3:TrackPointExtension>
        </extensions>
      </trkpt>
      <trkpt lat="43.32288787700235843658447265625" lon="-109.69614920206367969512939453125">
        <ele>3922.199951171875</ele>
        <time>2017-09-04T21:18:20.000Z</time>
        <extensions>
          <ns3:TrackPointExtension>
            <ns3:atemp>22.0</ns3:atemp>
            <ns3:cad>0</ns3:cad>
          </ns3:TrackPointExtension>
        </extensions>
      </trkpt>
      <trkpt lat="43.32290698774158954620361328125" lon="-109.6961841545999050140380859375">
        <ele>3921.199951171875</ele>
        <time>2017-09-04T21:18:26.000Z</time>
        <extensions>
          <ns3:TrackPointExtension>
            <ns3:atemp>22.0</ns3:atemp>
            <ns3:cad>61</ns3:cad>
          </ns3:TrackPointExtension>
        </extensions>
      </trkpt>
      <trkpt lat="43.32288100384175777435302734375" lon="-109.696206115186214447021484375">
        <ele>3922.199951171875</ele>
        <time>2017-09-04T21:18:53.000Z</time>
        <extensions>
          <ns3:TrackPointExtension>
            <ns3:atemp>23.0</ns3:atemp>
            <ns3:cad>62</ns3:cad>
          </ns3:TrackPointExtension>
        </extensions>
      </trkpt>
      <trkpt lat="43.32289391197264194488525390625" lon="-109.69623084180057048797607421875">
        <ele>3921</ele>
        <time>2017-09-04T21:18:58.000Z</time>
        <extensions>
          <ns3:TrackPointExtension>
            <ns3:atemp>23.0</ns3:atemp>
            <ns3:cad>0</ns3:cad>
          </ns3:TrackPointExtension>
        </extensions>
      </trkpt>
      <trkpt lat="43.32289910875260829925537109375" lon="-109.69625674188137054443359375">
        <ele>3920</ele>
        <time>2017-09-04T21:19:04.000Z</time>
        <extensions>
          <ns3:TrackPointExtension>
            <ns3:atemp>23.0</ns3:atemp>
            <ns3:cad>0</ns3:cad>
          </ns3:TrackPointExtension>
        </extensions>
      </trkpt>
      <trkpt lat="43.32287438213825225830078125" lon="-109.69633963890373706817626953125">
        <ele>3919</ele>
        <time>2017-09-04T21:19:23.000Z</time>
        <extensions>
          <ns3:TrackPointExtension>
            <ns3:atemp>23.0</ns3:atemp>
            <ns3:cad>0</ns3:cad>
          </ns3:TrackPointExtension>
        </extensions>
      </trkpt>
      <trkpt lat="43.32287915982306003570556640625" lon="-109.696411304175853729248046875">
        <ele>3917.800048828125</ele>
        <time>2017-09-04T21:19:33.000Z</time>
        <extensions>
          <ns3:TrackPointExtension>
            <ns3:atemp>23.0</ns3:atemp>
            <ns3:cad>74</ns3:cad>
          </ns3:TrackPointExtension>
        </extensions>
      </trkpt>
      <trkpt lat="43.3228980191051959991455078125" lon="-109.6964745037257671356201171875">
        <ele>3916.800048828125</ele>
        <time>2017-09-04T21:19:40.000Z</time>
        <extensions>
          <ns3:TrackPointExtension>
            <ns3:atemp>23.0</ns3:atemp>
            <ns3:cad>74</ns3:cad>
          </ns3:TrackPointExtension>
        </extensions>
      </trkpt>
      <trkpt lat="43.32289692945778369903564453125" lon="-109.69647592864930629730224609375">
        <ele>3915.60009765625</ele>
        <time>2017-09-04T21:19:42.000Z</time>
        <extensions>
          <ns3:TrackPointExtension>
            <ns3:atemp>23.0</ns3:atemp>
            <ns3:cad>74</ns3:cad>
          </ns3:TrackPointExtension>
        </extensions>
      </trkpt>
      <trkpt lat="43.3229060657322406768798828125" lon="-109.6964848972856998443603515625">
        <ele>3916.60009765625</ele>
        <time>2017-09-04T21:19:51.000Z</time>
        <extensions>
          <ns3:TrackPointExtension>
            <ns3:atemp>23.0</ns3:atemp>
            <ns3:cad>0</ns3:cad>
          </ns3:TrackPointExtension>
        </extensions>
      </trkpt>
      <trkpt lat="43.322916291654109954833984375" lon="-109.6964711509644985198974609375">
        <ele>3916.800048828125</ele>
        <time>2017-09-04T21:20:10.000Z</time>
        <extensions>
          <ns3:TrackPointExtension>
            <ns3:atemp>23.0</ns3:atemp>
            <ns3:cad>0</ns3:cad>
          </ns3:TrackPointExtension>
        </extensions>
      </trkpt>
      <trkpt lat="43.3228825964033603668212890625" lon="-109.69646939076483249664306640625">
        <ele>3916.199951171875</ele>
        <time>2017-09-04T21:20:53.000Z</time>
        <extensions>
          <ns3:TrackPointExtension>
            <ns3:atemp>24.0</ns3:atemp>
            <ns3:cad>0</ns3:cad>
          </ns3:TrackPointExtension>
        </extensions>
      </trkpt>
      <trkpt lat="43.32287865690886974334716796875" lon="-109.69655044376850128173828125">
        <ele>3915.60009765625</ele>
        <time>2017-09-04T21:21:15.000Z</time>
        <extensions>
          <ns3:TrackPointExtension>
            <ns3:atemp>23.0</ns3:atemp>
            <ns3:cad>0</ns3:cad>
          </ns3:TrackPointExtension>
        </extensions>
      </trkpt>
      <trkpt lat="43.32287865690886974334716796875" lon="-109.69660383649170398712158203125">
        <ele>3914.39990234375</ele>
        <time>2017-09-04T21:21:21.000Z</time>
        <extensions>
          <ns3:TrackPointExtension>
            <ns3:atemp>23.0</ns3:atemp>
            <ns3:cad>0</ns3:cad>
          </ns3:TrackPointExtension>
        </extensions>
      </trkpt>
      <trkpt lat="43.3228510804474353790283203125" lon="-109.6966505236923694610595703125">
        <ele>3913.199951171875</ele>
        <time>2017-09-04T21:21:27.000Z</time>
        <extensions>
          <ns3:TrackPointExtension>
            <ns3:atemp>23.0</ns3:atemp>
            <ns3:cad>61</ns3:cad>
          </ns3:TrackPointExtension>
        </extensions>
      </trkpt>
      <trkpt lat="43.3228232525289058685302734375" lon="-109.69671665690839290618896484375">
        <ele>3912.199951171875</ele>
        <time>2017-09-04T21:21:34.000Z</time>
        <extensions>
          <ns3:TrackPointExtension>
            <ns3:atemp>23.0</ns3:atemp>
            <ns3:cad>49</ns3:cad>
          </ns3:TrackPointExtension>
        </extensions>
      </trkpt>
      <trkpt lat="43.32279098220169544219970703125" lon="-109.69677197746932506561279296875">
        <ele>3911.199951171875</ele>
        <time>2017-09-04T21:21:42.000Z</time>
        <extensions>
          <ns3:TrackPointExtension>
            <ns3:atemp>23.0</ns3:atemp>
            <ns3:cad>49</ns3:cad>
          </ns3:TrackPointExtension>
        </extensions>
      </trkpt>
      <trkpt lat="43.32277002744376659393310546875" lon="-109.696877337992191314697265625">
        <ele>3909.800048828125</ele>
        <time>2017-09-04T21:21:57.000Z</time>
        <extensions>
          <ns3:TrackPointExtension>
            <ns3:atemp>23.0</ns3:atemp>
            <ns3:cad>43</ns3:cad>
          </ns3:TrackPointExtension>
        </extensions>
      </trkpt>
      <trkpt lat="43.3227736316621303558349609375" lon="-109.69689644873142242431640625">
        <ele>3908.800048828125</ele>
        <time>2017-09-04T21:22:00.000Z</time>
        <extensions>
          <ns3:TrackPointExtension>
            <ns3:atemp>23.0</ns3:atemp>
            <ns3:cad>0</ns3:cad>
          </ns3:TrackPointExtension>
        </extensions>
      </trkpt>
      <trkpt lat="43.32275477237999439239501953125" lon="-109.69694741070270538330078125">
        <ele>3907.60009765625</ele>
        <time>2017-09-04T21:22:07.000Z</time>
        <extensions>
          <ns3:TrackPointExtension>
            <ns3:atemp>23.0</ns3:atemp>
            <ns3:cad>0</ns3:cad>
          </ns3:TrackPointExtension>
        </extensions>
      </trkpt>
      <trkpt lat="43.32279701717197895050048828125" lon="-109.69702460803091526031494140625">
        <ele>3906.39990234375</ele>
        <time>2017-09-04T21:22:20.000Z</time>
        <extensions>
          <ns3:TrackPointExtension>
            <ns3:atemp>23.0</ns3:atemp>
            <ns3:cad>0</ns3:cad>
          </ns3:TrackPointExtension>
        </extensions>
      </trkpt>
      <trkpt lat="43.3228085003793239593505859375" lon="-109.69703131355345249176025390625">
        <ele>3905</ele>
        <time>2017-09-04T21:22:22.000Z</time>
        <extensions>
          <ns3:TrackPointExtension>
            <ns3:atemp>23.0</ns3:atemp>
            <ns3:cad>0</ns3:cad>
          </ns3:TrackPointExtension>
        </extensions>
      </trkpt>
      <trkpt lat="43.32280891947448253631591796875" lon="-109.6971707046031951904296875">
        <ele>3904</ele>
        <time>2017-09-04T21:22:44.000Z</time>
        <extensions>
          <ns3:TrackPointExtension>
            <ns3:atemp>23.0</ns3:atemp>
            <ns3:cad>61</ns3:cad>
          </ns3:TrackPointExtension>
        </extensions>
      </trkpt>
      <trkpt lat="43.32280154339969158172607421875" lon="-109.6971829421818256378173828125">
        <ele>3902.800048828125</ele>
        <time>2017-09-04T21:22:46.000Z</time>
        <extensions>
          <ns3:TrackPointExtension>
            <ns3:atemp>23.0</ns3:atemp>
            <ns3:cad>0</ns3:cad>
          </ns3:TrackPointExtension>
        </extensions>
      </trkpt>
      <trkpt lat="43.32277555949985980987548828125" lon="-109.697260223329067230224609375">
        <ele>3901.800048828125</ele>
        <time>2017-09-04T21:22:57.000Z</time>
        <extensions>
          <ns3:TrackPointExtension>
            <ns3:atemp>23.0</ns3:atemp>
            <ns3:cad>0</ns3:cad>
          </ns3:TrackPointExtension>
        </extensions>
      </trkpt>
      <trkpt lat="43.3227662555873394012451171875" lon="-109.69729500822722911834716796875">
        <ele>3900.60009765625</ele>
        <time>2017-09-04T21:23:01.000Z</time>
        <extensions>
          <ns3:TrackPointExtension>
            <ns3:atemp>23.0</ns3:atemp>
            <ns3:cad>61</ns3:cad>
          </ns3:TrackPointExtension>
        </extensions>
      </trkpt>
      <trkpt lat="43.32276013679802417755126953125" lon="-109.69730573706328868865966796875">
        <ele>3899.39990234375</ele>
        <time>2017-09-04T21:23:03.000Z</time>
        <extensions>
          <ns3:TrackPointExtension>
            <ns3:atemp>23.0</ns3:atemp>
            <ns3:cad>0</ns3:cad>
          </ns3:TrackPointExtension>
        </extensions>
      </trkpt>
      <trkpt lat="43.3227323926985263824462890625" lon="-109.697315879166126251220703125">
        <ele>3898.39990234375</ele>
        <time>2017-09-04T21:23:07.000Z</time>
        <extensions>
          <ns3:TrackPointExtension>
            <ns3:atemp>23.0</ns3:atemp>
            <ns3:cad>0</ns3:cad>
          </ns3:TrackPointExtension>
        </extensions>
      </trkpt>
      <trkpt lat="43.32271722145378589630126953125" lon="-109.69734597019851207733154296875">
        <ele>3897.39990234375</ele>
        <time>2017-09-04T21:23:12.000Z</time>
        <extensions>
          <ns3:TrackPointExtension>
            <ns3:atemp>22.0</ns3:atemp>
            <ns3:cad>61</ns3:cad>
          </ns3:TrackPointExtension>
        </extensions>
      </trkpt>
      <trkpt lat="43.32272308878600597381591796875" lon="-109.697429202497005462646484375">
        <ele>3896.199951171875</ele>
        <time>2017-09-04T21:23:26.000Z</time>
        <extensions>
          <ns3:TrackPointExtension>
            <ns3:atemp>22.0</ns3:atemp>
            <ns3:cad>0</ns3:cad>
          </ns3:TrackPointExtension>
        </extensions>
      </trkpt>
      <trkpt lat="43.32270598970353603363037109375" lon="-109.6974799968302249908447265625">
        <ele>3895</ele>
        <time>2017-09-04T21:23:35.000Z</time>
        <extensions>
          <ns3:TrackPointExtension>
            <ns3:atemp>22.0</ns3:atemp>
            <ns3:cad>61</ns3:cad>
          </ns3:TrackPointExtension>
        </extensions>
      </trkpt>
      <trkpt lat="43.3227156288921833038330078125" lon="-109.6975262649357318878173828125">
        <ele>3893.800048828125</ele>
        <time>2017-09-04T21:23:39.000Z</time>
        <extensions>
          <ns3:TrackPointExtension>
            <ns3:atemp>22.0</ns3:atemp>
            <ns3:cad>54</ns3:cad>
          </ns3:TrackPointExtension>
        </extensions>
      </trkpt>
      <trkpt lat="43.3227216638624668121337890625" lon="-109.69754277728497982025146484375">
        <ele>3892.60009765625</ele>
        <time>2017-09-04T21:23:41.000Z</time>
        <extensions>
          <ns3:TrackPointExtension>
            <ns3:atemp>22.0</ns3:atemp>
            <ns3:cad>61</ns3:cad>
          </ns3:TrackPointExtension>
        </extensions>
      </trkpt>
      <trkpt lat="43.32272845320403575897216796875" lon="-109.69756624661386013031005859375">
        <ele>3891.60009765625</ele>
        <time>2017-09-04T21:23:44.000Z</time>
        <extensions>
          <ns3:TrackPointExtension>
            <ns3:atemp>22.0</ns3:atemp>
            <ns3:cad>61</ns3:cad>
          </ns3:TrackPointExtension>
        </extensions>
      </trkpt>
      <trkpt lat="43.32272979430854320526123046875" lon="-109.6975695155560970306396484375">
        <ele>3891.60009765625</ele>
        <time>2017-09-04T21:23:46.000Z</time>
        <extensions>
          <ns3:TrackPointExtension>
            <ns3:atemp>22.0</ns3:atemp>
            <ns3:cad>0</ns3:cad>
          </ns3:TrackPointExtension>
        </extensions>
      </trkpt>
      <trkpt lat="43.32271286286413669586181640625" lon="-109.6976570226252079010009765625">
        <ele>3890.60009765625</ele>
        <time>2017-09-04T21:23:57.000Z</time>
        <extensions>
          <ns3:TrackPointExtension>
            <ns3:atemp>22.0</ns3:atemp>
            <ns3:cad>0</ns3:cad>
          </ns3:TrackPointExtension>
        </extensions>
      </trkpt>
      <trkpt lat="43.32266693003475666046142578125" lon="-109.6977133490145206451416015625">
        <ele>3889.60009765625</ele>
        <time>2017-09-04T21:24:09.000Z</time>
        <extensions>
          <ns3:TrackPointExtension>
            <ns3:atemp>22.0</ns3:atemp>
            <ns3:cad>0</ns3:cad>
          </ns3:TrackPointExtension>
        </extensions>
      </trkpt>
      <trkpt lat="43.32265703938901424407958984375" lon="-109.6977581083774566650390625">
        <ele>3888.39990234375</ele>
        <time>2017-09-04T21:24:16.000Z</time>
        <extensions>
          <ns3:TrackPointExtension>
            <ns3:atemp>22.0</ns3:atemp>
            <ns3:cad>0</ns3:cad>
          </ns3:TrackPointExtension>
        </extensions>
      </trkpt>
      <trkpt lat="43.32268117927014827728271484375" lon="-109.69779406674206256866455078125">
        <ele>3887.199951171875</ele>
        <time>2017-09-04T21:24:24.000Z</time>
        <extensions>
          <ns3:TrackPointExtension>
            <ns3:atemp>22.0</ns3:atemp>
            <ns3:cad>61</ns3:cad>
          </ns3:TrackPointExtension>
        </extensions>
      </trkpt>
      <trkpt lat="43.32274102605879306793212890625" lon="-109.697932787239551544189453125">
        <ele>3886</ele>
        <time>2017-09-04T21:24:44.000Z</time>
        <extensions>
          <ns3:TrackPointExtension>
            <ns3:atemp>23.0</ns3:atemp>
            <ns3:cad>0</ns3:cad>
          </ns3:TrackPointExtension>
        </extensions>
      </trkpt>
      <trkpt lat="43.3227074146270751953125" lon="-109.69797201454639434814453125">
        <ele>3886</ele>
        <time>2017-09-04T21:25:18.000Z</time>
        <extensions>
          <ns3:TrackPointExtension>
            <ns3:atemp>23.0</ns3:atemp>
            <ns3:cad>61</ns3:cad>
          </ns3:TrackPointExtension>
        </extensions>
      </trkpt>
      <trkpt lat="43.32267531193792819976806640625" lon="-109.6980459429323673248291015625">
        <ele>3885</ele>
        <time>2017-09-04T21:25:27.000Z</time>
        <extensions>
          <ns3:TrackPointExtension>
            <ns3:atemp>23.0</ns3:atemp>
            <ns3:cad>0</ns3:cad>
          </ns3:TrackPointExtension>
        </extensions>
      </trkpt>
      <trkpt lat="43.3226770721375942230224609375" lon="-109.69809564761817455291748046875">
        <ele>3883.800048828125</ele>
        <time>2017-09-04T21:25:34.000Z</time>
        <extensions>
          <ns3:TrackPointExtension>
            <ns3:atemp>23.0</ns3:atemp>
            <ns3:cad>0</ns3:cad>
          </ns3:TrackPointExtension>
        </extensions>
      </trkpt>
      <trkpt lat="43.3226720429956912994384765625" lon="-109.698152057826519012451171875">
        <ele>3882.60009765625</ele>
        <time>2017-09-04T21:25:39.000Z</time>
        <extensions>
          <ns3:TrackPointExtension>
            <ns3:atemp>23.0</ns3:atemp>
            <ns3:cad>0</ns3:cad>
          </ns3:TrackPointExtension>
        </extensions>
      </trkpt>
      <trkpt lat="43.3226712048053741455078125" lon="-109.6981877647340297698974609375">
        <ele>3881.60009765625</ele>
        <time>2017-09-04T21:25:44.000Z</time>
        <extensions>
          <ns3:TrackPointExtension>
            <ns3:atemp>23.0</ns3:atemp>
            <ns3:cad>0</ns3:cad>
          </ns3:TrackPointExtension>
        </extensions>
      </trkpt>
      <trkpt lat="43.322746641933917999267578125" lon="-109.69839982688426971435546875">
        <ele>3880.39990234375</ele>
        <time>2017-09-04T21:26:07.000Z</time>
        <extensions>
          <ns3:TrackPointExtension>
            <ns3:atemp>23.0</ns3:atemp>
            <ns3:cad>0</ns3:cad>
          </ns3:TrackPointExtension>
        </extensions>
      </trkpt>
      <trkpt lat="43.322904221713542938232421875" lon="-109.698516167700290679931640625">
        <ele>3880.800048828125</ele>
        <time>2017-09-04T21:26:40.000Z</time>
        <extensions>
          <ns3:TrackPointExtension>
            <ns3:atemp>23.0</ns3:atemp>
            <ns3:cad>61</ns3:cad>
          </ns3:TrackPointExtension>
        </extensions>
      </trkpt>
      <trkpt lat="43.32299516536295413970947265625" lon="-109.698557071387767791748046875">
        <ele>3881.39990234375</ele>
        <time>2017-09-04T21:26:57.000Z</time>
        <extensions>
          <ns3:TrackPointExtension>
            <ns3:atemp>23.0</ns3:atemp>
            <ns3:cad>45</ns3:cad>
          </ns3:TrackPointExtension>
        </extensions>
      </trkpt>
      <trkpt lat="43.3230374939739704132080078125" lon="-109.6985746733844280242919921875">
        <ele>3881.39990234375</ele>
        <time>2017-09-04T21:27:02.000Z</time>
        <extensions>
          <ns3:TrackPointExtension>
            <ns3:atemp>23.0</ns3:atemp>
            <ns3:cad>45</ns3:cad>
          </ns3:TrackPointExtension>
        </extensions>
      </trkpt>
      <trkpt lat="43.323106728494167327880859375" lon="-109.6986695565283298492431640625">
        <ele>3880.39990234375</ele>
        <time>2017-09-04T21:27:26.000Z</time>
        <extensions>
          <ns3:TrackPointExtension>
            <ns3:atemp>23.0</ns3:atemp>
            <ns3:cad>0</ns3:cad>
          </ns3:TrackPointExtension>
        </extensions>
      </trkpt>
      <trkpt lat="43.323135562241077423095703125" lon="-109.69869218766689300537109375">
        <ele>3879.199951171875</ele>
        <time>2017-09-04T21:27:43.000Z</time>
        <extensions>
          <ns3:TrackPointExtension>
            <ns3:atemp>23.0</ns3:atemp>
            <ns3:cad>0</ns3:cad>
          </ns3:TrackPointExtension>
        </extensions>
      </trkpt>
      <trkpt lat="43.32316900603473186492919921875" lon="-109.6988063491880893707275390625">
        <ele>3878.199951171875</ele>
        <time>2017-09-04T21:28:26.000Z</time>
        <extensions>
          <ns3:TrackPointExtension>
            <ns3:atemp>22.0</ns3:atemp>
            <ns3:cad>61</ns3:cad>
          </ns3:TrackPointExtension>
        </extensions>
      </trkpt>
      <trkpt lat="43.32314989529550075531005859375" lon="-109.69885119237005710601806640625">
        <ele>3877</ele>
        <time>2017-09-04T21:28:35.000Z</time>
        <extensions>
          <ns3:TrackPointExtension>
            <ns3:atemp>22.0</ns3:atemp>
            <ns3:cad>0</ns3:cad>
          </ns3:TrackPointExtension>
        </extensions>
      </trkpt>
      <trkpt lat="43.3231481350958347320556640625" lon="-109.6988750807940959930419921875">
        <ele>3875.800048828125</ele>
        <time>2017-09-04T21:28:40.000Z</time>
        <extensions>
          <ns3:TrackPointExtension>
            <ns3:atemp>22.0</ns3:atemp>
            <ns3:cad>0</ns3:cad>
          </ns3:TrackPointExtension>
        </extensions>
      </trkpt>
      <trkpt lat="43.3231893740594387054443359375" lon="-109.69896066002547740936279296875">
        <ele>3875</ele>
        <time>2017-09-04T21:29:07.000Z</time>
        <extensions>
          <ns3:TrackPointExtension>
            <ns3:atemp>22.0</ns3:atemp>
            <ns3:cad>61</ns3:cad>
          </ns3:TrackPointExtension>
        </extensions>
      </trkpt>
      <trkpt lat="43.323193900287151336669921875" lon="-109.6989649347960948944091796875">
        <ele>3874.800048828125</ele>
        <time>2017-09-04T21:29:08.000Z</time>
        <extensions>
          <ns3:TrackPointExtension>
            <ns3:atemp>22.0</ns3:atemp>
            <ns3:cad>61</ns3:cad>
          </ns3:TrackPointExtension>
        </extensions>
      </trkpt>
      <trkpt lat="43.32320965826511383056640625" lon="-109.69901983626186847686767578125">
        <ele>3873.800048828125</ele>
        <time>2017-09-04T21:29:17.000Z</time>
        <extensions>
          <ns3:TrackPointExtension>
            <ns3:atemp>22.0</ns3:atemp>
            <ns3:cad>0</ns3:cad>
          </ns3:TrackPointExtension>
        </extensions>
      </trkpt>
      <trkpt lat="43.3232852630317211151123046875" lon="-109.69901740550994873046875">
        <ele>3875</ele>
        <time>2017-09-04T21:29:31.000Z</time>
        <extensions>
          <ns3:TrackPointExtension>
            <ns3:atemp>22.0</ns3:atemp>
            <ns3:cad>0</ns3:cad>
          </ns3:TrackPointExtension>
        </extensions>
      </trkpt>
      <trkpt lat="43.32332356832921504974365234375" lon="-109.69900064170360565185546875">
        <ele>3876.199951171875</ele>
        <time>2017-09-04T21:29:37.000Z</time>
        <extensions>
          <ns3:TrackPointExtension>
            <ns3:atemp>22.0</ns3:atemp>
            <ns3:cad>0</ns3:cad>
          </ns3:TrackPointExtension>
        </extensions>
      </trkpt>
      <trkpt lat="43.32334619946777820587158203125" lon="-109.698979519307613372802734375">
        <ele>3877.199951171875</ele>
        <time>2017-09-04T21:29:43.000Z</time>
        <extensions>
          <ns3:TrackPointExtension>
            <ns3:atemp>22.0</ns3:atemp>
            <ns3:cad>0</ns3:cad>
          </ns3:TrackPointExtension>
        </extensions>
      </trkpt>
      <trkpt lat="43.3233734406530857086181640625" lon="-109.6990021504461765289306640625">
        <ele>3878.199951171875</ele>
        <time>2017-09-04T21:29:49.000Z</time>
        <extensions>
          <ns3:TrackPointExtension>
            <ns3:atemp>22.0</ns3:atemp>
            <ns3:cad>61</ns3:cad>
          </ns3:TrackPointExtension>
        </extensions>
      </trkpt>
      <trkpt lat="43.32342549227178096771240234375" lon="-109.6990098617970943450927734375">
        <ele>3879.199951171875</ele>
        <time>2017-09-04T21:29:57.000Z</time>
        <extensions>
          <ns3:TrackPointExtension>
            <ns3:atemp>22.0</ns3:atemp>
            <ns3:cad>0</ns3:cad>
          </ns3:TrackPointExtension>
        </extensions>
      </trkpt>
      <trkpt lat="43.32347117364406585693359375" lon="-109.69911538995802402496337890625">
        <ele>3878.39990234375</ele>
        <time>2017-09-04T21:30:10.000Z</time>
        <extensions>
          <ns3:TrackPointExtension>
            <ns3:atemp>23.0</ns3:atemp>
            <ns3:cad>40</ns3:cad>
          </ns3:TrackPointExtension>
        </extensions>
      </trkpt>
      <trkpt lat="43.323480896651744842529296875" lon="-109.6991339139640331268310546875">
        <ele>3878.199951171875</ele>
        <time>2017-09-04T21:30:12.000Z</time>
        <extensions>
          <ns3:TrackPointExtension>
            <ns3:atemp>23.0</ns3:atemp>
            <ns3:cad>0</ns3:cad>
          </ns3:TrackPointExtension>
        </extensions>
      </trkpt>
      <trkpt lat="43.3234847523272037506103515625" lon="-109.6991416253149509429931640625">
        <ele>3878.199951171875</ele>
        <time>2017-09-04T21:30:13.000Z</time>
        <extensions>
          <ns3:TrackPointExtension>
            <ns3:atemp>23.0</ns3:atemp>
            <ns3:cad>0</ns3:cad>
          </ns3:TrackPointExtension>
        </extensions>
      </trkpt>
      <trkpt lat="43.32362137734889984130859375" lon="-109.6992663480341434478759765625">
        <ele>3878.199951171875</ele>
        <time>2017-09-04T21:30:53.000Z</time>
        <extensions>
          <ns3:TrackPointExtension>
            <ns3:atemp>23.0</ns3:atemp>
            <ns3:cad>61</ns3:cad>
          </ns3:TrackPointExtension>
        </extensions>
      </trkpt>
      <trkpt lat="43.3237150870263576507568359375" lon="-109.699371792376041412353515625">
        <ele>3877.39990234375</ele>
        <time>2017-09-04T21:31:11.000Z</time>
        <extensions>
          <ns3:TrackPointExtension>
            <ns3:atemp>23.0</ns3:atemp>
            <ns3:cad>61</ns3:cad>
          </ns3:TrackPointExtension>
        </extensions>
      </trkpt>
      <trkpt lat="43.3237895183265209197998046875" lon="-109.69947296194732189178466796875">
        <ele>3877.199951171875</ele>
        <time>2017-09-04T21:31:30.000Z</time>
        <extensions>
          <ns3:TrackPointExtension>
            <ns3:atemp>23.0</ns3:atemp>
            <ns3:cad>0</ns3:cad>
          </ns3:TrackPointExtension>
        </extensions>
      </trkpt>
      <trkpt lat="43.3238465152680873870849609375" lon="-109.69946910627186298370361328125">
        <ele>3878.199951171875</ele>
        <time>2017-09-04T21:31:56.000Z</time>
        <extensions>
          <ns3:TrackPointExtension>
            <ns3:atemp>23.0</ns3:atemp>
            <ns3:cad>0</ns3:cad>
          </ns3:TrackPointExtension>
        </extensions>
      </trkpt>
      <trkpt lat="43.32385741174221038818359375" lon="-109.69948100857436656951904296875">
        <ele>3878.199951171875</ele>
        <time>2017-09-04T21:32:00.000Z</time>
        <extensions>
          <ns3:TrackPointExtension>
            <ns3:atemp>23.0</ns3:atemp>
            <ns3:cad>61</ns3:cad>
          </ns3:TrackPointExtension>
        </extensions>
      </trkpt>
      <trkpt lat="43.32397467456758022308349609375" lon="-109.69966893084347248077392578125">
        <ele>3877.60009765625</ele>
        <time>2017-09-04T21:32:26.000Z</time>
        <extensions>
          <ns3:TrackPointExtension>
            <ns3:atemp>23.0</ns3:atemp>
            <ns3:cad>0</ns3:cad>
          </ns3:TrackPointExtension>
        </extensions>
      </trkpt>
      <trkpt lat="43.32398188300430774688720703125" lon="-109.6997055597603321075439453125">
        <ele>3877.800048828125</ele>
        <time>2017-09-04T21:32:29.000Z</time>
        <extensions>
          <ns3:TrackPointExtension>
            <ns3:atemp>23.0</ns3:atemp>
            <ns3:cad>57</ns3:cad>
          </ns3:TrackPointExtension>
        </extensions>
      </trkpt>
      <trkpt lat="43.323995880782604217529296875" lon="-109.69972358085215091705322265625">
        <ele>3877.39990234375</ele>
        <time>2017-09-04T21:32:31.000Z</time>
        <extensions>
          <ns3:TrackPointExtension>
            <ns3:atemp>23.0</ns3:atemp>
            <ns3:cad>57</ns3:cad>
          </ns3:TrackPointExtension>
        </extensions>
      </trkpt>
      <trkpt lat="43.32400049082934856414794921875" lon="-109.69972886145114898681640625">
        <ele>3877.199951171875</ele>
        <time>2017-09-04T21:32:32.000Z</time>
        <extensions>
          <ns3:TrackPointExtension>
            <ns3:atemp>23.0</ns3:atemp>
            <ns3:cad>57</ns3:cad>
          </ns3:TrackPointExtension>
        </extensions>
      </trkpt>
      <trkpt lat="43.3240362815558910369873046875" lon="-109.69978510402143001556396484375">
        <ele>3876.199951171875</ele>
        <time>2017-09-04T21:32:40.000Z</time>
        <extensions>
          <ns3:TrackPointExtension>
            <ns3:atemp>23.0</ns3:atemp>
            <ns3:cad>0</ns3:cad>
          </ns3:TrackPointExtension>
        </extensions>
      </trkpt>
      <trkpt lat="43.32404525019228458404541015625" lon="-109.69984997995197772979736328125">
        <ele>3875.800048828125</ele>
        <time>2017-09-04T21:32:45.000Z</time>
        <extensions>
          <ns3:TrackPointExtension>
            <ns3:atemp>24.0</ns3:atemp>
            <ns3:cad>61</ns3:cad>
          </ns3:TrackPointExtension>
        </extensions>
      </trkpt>
      <trkpt lat="43.32405765540897846221923828125" lon="-109.6998886205255985260009765625">
        <ele>3875.39990234375</ele>
        <time>2017-09-04T21:32:49.000Z</time>
        <extensions>
          <ns3:TrackPointExtension>
            <ns3:atemp>24.0</ns3:atemp>
            <ns3:cad>61</ns3:cad>
          </ns3:TrackPointExtension>
        </extensions>
      </trkpt>
      <trkpt lat="43.32406033761799335479736328125" lon="-109.699917621910572052001953125">
        <ele>3875.199951171875</ele>
        <time>2017-09-04T21:32:52.000Z</time>
        <extensions>
          <ns3:TrackPointExtension>
            <ns3:atemp>24.0</ns3:atemp>
            <ns3:cad>61</ns3:cad>
          </ns3:TrackPointExtension>
        </extensions>
      </trkpt>
      <trkpt lat="43.324026726186275482177734375" lon="-109.7000153549015522003173828125">
        <ele>3874</ele>
        <time>2017-09-04T21:33:02.000Z</time>
        <extensions>
          <ns3:TrackPointExtension>
            <ns3:atemp>24.0</ns3:atemp>
            <ns3:cad>61</ns3:cad>
          </ns3:TrackPointExtension>
        </extensions>
      </trkpt>
      <trkpt lat="43.323997892439365386962890625" lon="-109.7000632993876934051513671875">
        <ele>3873</ele>
        <time>2017-09-04T21:33:10.000Z</time>
        <extensions>
          <ns3:TrackPointExtension>
            <ns3:atemp>24.0</ns3:atemp>
            <ns3:cad>0</ns3:cad>
          </ns3:TrackPointExtension>
        </extensions>
      </trkpt>
      <trkpt lat="43.32405363209545612335205078125" lon="-109.7002389840781688690185546875">
        <ele>3872.199951171875</ele>
        <time>2017-09-04T21:33:40.000Z</time>
        <extensions>
          <ns3:TrackPointExtension>
            <ns3:atemp>24.0</ns3:atemp>
            <ns3:cad>0</ns3:cad>
          </ns3:TrackPointExtension>
        </extensions>
      </trkpt>
      <trkpt lat="43.32405530847609043121337890625" lon="-109.7002430073916912078857421875">
        <ele>3872</ele>
        <time>2017-09-04T21:33:43.000Z</time>
        <extensions>
          <ns3:TrackPointExtension>
            <ns3:atemp>24.0</ns3:atemp>
            <ns3:cad>0</ns3:cad>
          </ns3:TrackPointExtension>
        </extensions>
      </trkpt>
      <trkpt lat="43.3240989781916141510009765625" lon="-109.70031081698834896087646484375">
        <ele>3871</ele>
        <time>2017-09-04T21:33:58.000Z</time>
        <extensions>
          <ns3:TrackPointExtension>
            <ns3:atemp>25.0</ns3:atemp>
            <ns3:cad>0</ns3:cad>
          </ns3:TrackPointExtension>
        </extensions>
      </trkpt>
      <trkpt lat="43.3242027461528778076171875" lon="-109.7004894353449344635009765625">
        <ele>3871.39990234375</ele>
        <time>2017-09-04T21:34:34.000Z</time>
        <extensions>
          <ns3:TrackPointExtension>
            <ns3:atemp>25.0</ns3:atemp>
            <ns3:cad>61</ns3:cad>
          </ns3:TrackPointExtension>
        </extensions>
      </trkpt>
      <trkpt lat="43.32424423657357692718505859375" lon="-109.70059714280068874359130859375">
        <ele>3870.199951171875</ele>
        <time>2017-09-04T21:34:47.000Z</time>
        <extensions>
          <ns3:TrackPointExtension>
            <ns3:atemp>25.0</ns3:atemp>
            <ns3:cad>61</ns3:cad>
          </ns3:TrackPointExtension>
        </extensions>
      </trkpt>
      <trkpt lat="43.32428044639527797698974609375" lon="-109.70080786384642124176025390625">
        <ele>3869.800048828125</ele>
        <time>2017-09-04T21:35:32.000Z</time>
        <extensions>
          <ns3:TrackPointExtension>
            <ns3:atemp>26.0</ns3:atemp>
            <ns3:cad>61</ns3:cad>
          </ns3:TrackPointExtension>
        </extensions>
      </trkpt>
      <trkpt lat="43.32423736341297626495361328125" lon="-109.7008706443011760711669921875">
        <ele>3868.60009765625</ele>
        <time>2017-09-04T21:35:41.000Z</time>
        <extensions>
          <ns3:TrackPointExtension>
            <ns3:atemp>26.0</ns3:atemp>
            <ns3:cad>0</ns3:cad>
          </ns3:TrackPointExtension>
        </extensions>
      </trkpt>
      <trkpt lat="43.32423887215554714202880859375" lon="-109.70093359239399433135986328125">
        <ele>3868.199951171875</ele>
        <time>2017-09-04T21:35:46.000Z</time>
        <extensions>
          <ns3:TrackPointExtension>
            <ns3:atemp>26.0</ns3:atemp>
            <ns3:cad>0</ns3:cad>
          </ns3:TrackPointExtension>
        </extensions>
      </trkpt>
      <trkpt lat="43.3242538757622241973876953125" lon="-109.700974412262439727783203125">
        <ele>3868</ele>
        <time>2017-09-04T21:35:50.000Z</time>
        <extensions>
          <ns3:TrackPointExtension>
            <ns3:atemp>26.0</ns3:atemp>
            <ns3:cad>0</ns3:cad>
          </ns3:TrackPointExtension>
        </extensions>
      </trkpt>
      <trkpt lat="43.32425831817090511322021484375" lon="-109.7010533697903156280517578125">
        <ele>3868</ele>
        <time>2017-09-04T21:36:00.000Z</time>
        <extensions>
          <ns3:TrackPointExtension>
            <ns3:atemp>26.0</ns3:atemp>
            <ns3:cad>0</ns3:cad>
          </ns3:TrackPointExtension>
        </extensions>
      </trkpt>
      <trkpt lat="43.324232585728168487548828125" lon="-109.70110709778964519500732421875">
        <ele>3867.60009765625</ele>
        <time>2017-09-04T21:36:14.000Z</time>
        <extensions>
          <ns3:TrackPointExtension>
            <ns3:atemp>26.0</ns3:atemp>
            <ns3:cad>0</ns3:cad>
          </ns3:TrackPointExtension>
        </extensions>
      </trkpt>
      <trkpt lat="43.3242414705455303192138671875" lon="-109.70124389044940471649169921875">
        <ele>3866.60009765625</ele>
        <time>2017-09-04T21:36:43.000Z</time>
        <extensions>
          <ns3:TrackPointExtension>
            <ns3:atemp>27.0</ns3:atemp>
            <ns3:cad>0</ns3:cad>
          </ns3:TrackPointExtension>
        </extensions>
      </trkpt>
      <trkpt lat="43.32432772032916545867919921875" lon="-109.70131161622703075408935546875">
        <ele>3866.800048828125</ele>
        <time>2017-09-04T21:37:48.000Z</time>
        <extensions>
          <ns3:TrackPointExtension>
            <ns3:atemp>27.0</ns3:atemp>
            <ns3:cad>61</ns3:cad>
          </ns3:TrackPointExtension>
        </extensions>
      </trkpt>
      <trkpt lat="43.3243444003164768218994140625" lon="-109.701319076120853424072265625">
        <ele>3867</ele>
        <time>2017-09-04T21:37:51.000Z</time>
        <extensions>
          <ns3:TrackPointExtension>
            <ns3:atemp>27.0</ns3:atemp>
            <ns3:cad>61</ns3:cad>
          </ns3:TrackPointExtension>
        </extensions>
      </trkpt>
      <trkpt lat="43.3243752457201480865478515625" lon="-109.701282195746898651123046875">
        <ele>3867.800048828125</ele>
        <time>2017-09-04T21:38:00.000Z</time>
        <extensions>
          <ns3:TrackPointExtension>
            <ns3:atemp>27.0</ns3:atemp>
            <ns3:cad>0</ns3:cad>
          </ns3:TrackPointExtension>
        </extensions>
      </trkpt>
      <trkpt lat="43.32443802617490291595458984375" lon="-109.7012803517282009124755859375">
        <ele>3868.800048828125</ele>
        <time>2017-09-04T21:38:07.000Z</time>
        <extensions>
          <ns3:TrackPointExtension>
            <ns3:atemp>27.0</ns3:atemp>
            <ns3:cad>61</ns3:cad>
          </ns3:TrackPointExtension>
        </extensions>
      </trkpt>
      <trkpt lat="43.3244785107672214508056640625" lon="-109.70128160901367664337158203125">
        <ele>3870</ele>
        <time>2017-09-04T21:38:15.000Z</time>
        <extensions>
          <ns3:TrackPointExtension>
            <ns3:atemp>27.0</ns3:atemp>
            <ns3:cad>0</ns3:cad>
          </ns3:TrackPointExtension>
        </extensions>
      </trkpt>
      <trkpt lat="43.32450340501964092254638671875" lon="-109.70129485242068767547607421875">
        <ele>3871</ele>
        <time>2017-09-04T21:38:23.000Z</time>
        <extensions>
          <ns3:TrackPointExtension>
            <ns3:atemp>27.0</ns3:atemp>
            <ns3:cad>0</ns3:cad>
          </ns3:TrackPointExtension>
        </extensions>
      </trkpt>
      <trkpt lat="43.32456040196120738983154296875" lon="-109.701286219060420989990234375">
        <ele>3872</ele>
        <time>2017-09-04T21:38:34.000Z</time>
        <extensions>
          <ns3:TrackPointExtension>
            <ns3:atemp>27.0</ns3:atemp>
            <ns3:cad>0</ns3:cad>
          </ns3:TrackPointExtension>
        </extensions>
      </trkpt>
      <trkpt lat="43.32468998618423938751220703125" lon="-109.70130692236125469207763671875">
        <ele>3873</ele>
        <time>2017-09-04T21:39:09.000Z</time>
        <extensions>
          <ns3:TrackPointExtension>
            <ns3:atemp>27.0</ns3:atemp>
            <ns3:cad>61</ns3:cad>
          </ns3:TrackPointExtension>
        </extensions>
      </trkpt>
      <trkpt lat="43.32472384907305240631103515625" lon="-109.70129795372486114501953125">
        <ele>3873.199951171875</ele>
        <time>2017-09-04T21:39:13.000Z</time>
        <extensions>
          <ns3:TrackPointExtension>
            <ns3:atemp>27.0</ns3:atemp>
            <ns3:cad>61</ns3:cad>
          </ns3:TrackPointExtension>
        </extensions>
      </trkpt>
      <trkpt lat="43.324805907905101776123046875" lon="-109.70129116438329219818115234375">
        <ele>3874</ele>
        <time>2017-09-04T21:39:26.000Z</time>
        <extensions>
          <ns3:TrackPointExtension>
            <ns3:atemp>27.0</ns3:atemp>
            <ns3:cad>0</ns3:cad>
          </ns3:TrackPointExtension>
        </extensions>
      </trkpt>
      <trkpt lat="43.324868269264698028564453125" lon="-109.7013608179986476898193359375">
        <ele>3873.39990234375</ele>
        <time>2017-09-04T21:39:35.000Z</time>
        <extensions>
          <ns3:TrackPointExtension>
            <ns3:atemp>27.0</ns3:atemp>
            <ns3:cad>61</ns3:cad>
          </ns3:TrackPointExtension>
        </extensions>
      </trkpt>
      <trkpt lat="43.32488779909908771514892578125" lon="-109.701376073062419891357421875">
        <ele>3873</ele>
        <time>2017-09-04T21:39:38.000Z</time>
        <extensions>
          <ns3:TrackPointExtension>
            <ns3:atemp>27.0</ns3:atemp>
            <ns3:cad>61</ns3:cad>
          </ns3:TrackPointExtension>
        </extensions>
      </trkpt>
      <trkpt lat="43.3248905651271343231201171875" lon="-109.7013879753649234771728515625">
        <ele>3872.800048828125</ele>
        <time>2017-09-04T21:39:39.000Z</time>
        <extensions>
          <ns3:TrackPointExtension>
            <ns3:atemp>27.0</ns3:atemp>
            <ns3:cad>61</ns3:cad>
          </ns3:TrackPointExtension>
        </extensions>
      </trkpt>
      <trkpt lat="43.3249247632920742034912109375" lon="-109.701436422765254974365234375">
        <ele>3874.199951171875</ele>
        <time>2017-09-04T21:39:46.000Z</time>
        <extensions>
          <ns3:TrackPointExtension>
            <ns3:atemp>27.0</ns3:atemp>
            <ns3:cad>61</ns3:cad>
          </ns3:TrackPointExtension>
        </extensions>
      </trkpt>
      <trkpt lat="43.32494211383163928985595703125" lon="-109.70144891180098056793212890625">
        <ele>3874.39990234375</ele>
        <time>2017-09-04T21:39:48.000Z</time>
        <extensions>
          <ns3:TrackPointExtension>
            <ns3:atemp>27.0</ns3:atemp>
            <ns3:cad>61</ns3:cad>
          </ns3:TrackPointExtension>
        </extensions>
      </trkpt>
      <trkpt lat="43.3249891363084316253662109375" lon="-109.7014858759939670562744140625">
        <ele>3873</ele>
        <time>2017-09-04T21:39:54.000Z</time>
        <extensions>
          <ns3:TrackPointExtension>
            <ns3:atemp>27.0</ns3:atemp>
            <ns3:cad>0</ns3:cad>
          </ns3:TrackPointExtension>
        </extensions>
      </trkpt>
      <trkpt lat="43.32499475218355655670166015625" lon="-109.70148964785039424896240234375">
        <ele>3872.800048828125</ele>
        <time>2017-09-04T21:39:55.000Z</time>
        <extensions>
          <ns3:TrackPointExtension>
            <ns3:atemp>27.0</ns3:atemp>
            <ns3:cad>0</ns3:cad>
          </ns3:TrackPointExtension>
        </extensions>
      </trkpt>
      <trkpt lat="43.32507915794849395751953125" lon="-109.701519906520843505859375">
        <ele>3871.60009765625</ele>
        <time>2017-09-04T21:40:14.000Z</time>
        <extensions>
          <ns3:TrackPointExtension>
            <ns3:atemp>27.0</ns3:atemp>
            <ns3:cad>0</ns3:cad>
          </ns3:TrackPointExtension>
        </extensions>
      </trkpt>
      <trkpt lat="43.32509667612612247467041015625" lon="-109.70152501948177814483642578125">
        <ele>3872.800048828125</ele>
        <time>2017-09-04T21:40:27.000Z</time>
        <extensions>
          <ns3:TrackPointExtension>
            <ns3:atemp>26.0</ns3:atemp>
            <ns3:cad>61</ns3:cad>
          </ns3:TrackPointExtension>
        </extensions>
      </trkpt>
      <trkpt lat="43.32519524730741977691650390625" lon="-109.70155921764671802520751953125">
        <ele>3871.60009765625</ele>
        <time>2017-09-04T21:40:44.000Z</time>
        <extensions>
          <ns3:TrackPointExtension>
            <ns3:atemp>26.0</ns3:atemp>
            <ns3:cad>0</ns3:cad>
          </ns3:TrackPointExtension>
        </extensions>
      </trkpt>
      <trkpt lat="43.325202874839305877685546875" lon="-109.7015857882797718048095703125">
        <ele>3870.39990234375</ele>
        <time>2017-09-04T21:40:48.000Z</time>
        <extensions>
          <ns3:TrackPointExtension>
            <ns3:atemp>26.0</ns3:atemp>
            <ns3:cad>61</ns3:cad>
          </ns3:TrackPointExtension>
        </extensions>
      </trkpt>
      <trkpt lat="43.32521595060825347900390625" lon="-109.70158888958394527435302734375">
        <ele>3869.39990234375</ele>
        <time>2017-09-04T21:40:51.000Z</time>
        <extensions>
          <ns3:TrackPointExtension>
            <ns3:atemp>26.0</ns3:atemp>
            <ns3:cad>61</ns3:cad>
          </ns3:TrackPointExtension>
        </extensions>
      </trkpt>
      <trkpt lat="43.32522374577820301055908203125" lon="-109.70158738084137439727783203125">
        <ele>3868.199951171875</ele>
        <time>2017-09-04T21:40:53.000Z</time>
        <extensions>
          <ns3:TrackPointExtension>
            <ns3:atemp>26.0</ns3:atemp>
            <ns3:cad>0</ns3:cad>
          </ns3:TrackPointExtension>
        </extensions>
      </trkpt>
      <trkpt lat="43.32537026144564151763916015625" lon="-109.70162518322467803955078125">
        <ele>3867.39990234375</ele>
        <time>2017-09-04T21:41:14.000Z</time>
        <extensions>
          <ns3:TrackPointExtension>
            <ns3:atemp>26.0</ns3:atemp>
            <ns3:cad>0</ns3:cad>
          </ns3:TrackPointExtension>
        </extensions>
      </trkpt>
      <trkpt lat="43.325404040515422821044921875" lon="-109.7016446292400360107421875">
        <ele>3867.39990234375</ele>
        <time>2017-09-04T21:41:18.000Z</time>
        <extensions>
          <ns3:TrackPointExtension>
            <ns3:atemp>26.0</ns3:atemp>
            <ns3:cad>47</ns3:cad>
          </ns3:TrackPointExtension>
        </extensions>
      </trkpt>
      <trkpt lat="43.32541820593178272247314453125" lon="-109.701659046113491058349609375">
        <ele>3867.199951171875</ele>
        <time>2017-09-04T21:41:20.000Z</time>
        <extensions>
          <ns3:TrackPointExtension>
            <ns3:atemp>26.0</ns3:atemp>
            <ns3:cad>47</ns3:cad>
          </ns3:TrackPointExtension>
        </extensions>
      </trkpt>
      <trkpt lat="43.32545592449605464935302734375" lon="-109.7016955912113189697265625">
        <ele>3866.800048828125</ele>
        <time>2017-09-04T21:41:25.000Z</time>
        <extensions>
          <ns3:TrackPointExtension>
            <ns3:atemp>26.0</ns3:atemp>
            <ns3:cad>47</ns3:cad>
          </ns3:TrackPointExtension>
        </extensions>
      </trkpt>
      <trkpt lat="43.32546682097017765045166015625" lon="-109.70172082073986530303955078125">
        <ele>3866</ele>
        <time>2017-09-04T21:41:29.000Z</time>
        <extensions>
          <ns3:TrackPointExtension>
            <ns3:atemp>26.0</ns3:atemp>
            <ns3:cad>61</ns3:cad>
          </ns3:TrackPointExtension>
        </extensions>
      </trkpt>
      <trkpt lat="43.32550453953444957733154296875" lon="-109.7017393447458744049072265625">
        <ele>3864.800048828125</ele>
        <time>2017-09-04T21:41:36.000Z</time>
        <extensions>
          <ns3:TrackPointExtension>
            <ns3:atemp>26.0</ns3:atemp>
            <ns3:cad>0</ns3:cad>
          </ns3:TrackPointExtension>
        </extensions>
      </trkpt>
      <trkpt lat="43.32557662390172481536865234375" lon="-109.70174982212483882904052734375">
        <ele>3865</ele>
        <time>2017-09-04T21:41:47.000Z</time>
        <extensions>
          <ns3:TrackPointExtension>
            <ns3:atemp>26.0</ns3:atemp>
            <ns3:cad>48</ns3:cad>
          </ns3:TrackPointExtension>
        </extensions>
      </trkpt>
      <trkpt lat="43.3256214670836925506591796875" lon="-109.70175133086740970611572265625">
        <ele>3864</ele>
        <time>2017-09-04T21:41:52.000Z</time>
        <extensions>
          <ns3:TrackPointExtension>
            <ns3:atemp>26.0</ns3:atemp>
            <ns3:cad>48</ns3:cad>
          </ns3:TrackPointExtension>
        </extensions>
      </trkpt>
      <trkpt lat="43.3256296813488006591796875" lon="-109.7017426975071430206298828125">
        <ele>3863.60009765625</ele>
        <time>2017-09-04T21:41:53.000Z</time>
        <extensions>
          <ns3:TrackPointExtension>
            <ns3:atemp>26.0</ns3:atemp>
            <ns3:cad>48</ns3:cad>
          </ns3:TrackPointExtension>
        </extensions>
      </trkpt>
      <trkpt lat="43.3256503008306026458740234375" lon="-109.70173255540430545806884765625">
        <ele>3863.39990234375</ele>
        <time>2017-09-04T21:41:55.000Z</time>
        <extensions>
          <ns3:TrackPointExtension>
            <ns3:atemp>26.0</ns3:atemp>
            <ns3:cad>51</ns3:cad>
          </ns3:TrackPointExtension>
        </extensions>
      </trkpt>
      <trkpt lat="43.32572422921657562255859375" lon="-109.70179307274520397186279296875">
        <ele>3862.60009765625</ele>
        <time>2017-09-04T21:42:04.000Z</time>
        <extensions>
          <ns3:TrackPointExtension>
            <ns3:atemp>26.0</ns3:atemp>
            <ns3:cad>51</ns3:cad>
          </ns3:TrackPointExtension>
        </extensions>
      </trkpt>
      <trkpt lat="43.3257664740085601806640625" lon="-109.70181134529411792755126953125">
        <ele>3862.60009765625</ele>
        <time>2017-09-04T21:42:09.000Z</time>
        <extensions>
          <ns3:TrackPointExtension>
            <ns3:atemp>26.0</ns3:atemp>
            <ns3:cad>50</ns3:cad>
          </ns3:TrackPointExtension>
        </extensions>
      </trkpt>
      <trkpt lat="43.3257877640426158905029296875" lon="-109.7018074057996273040771484375">
        <ele>3862.199951171875</ele>
        <time>2017-09-04T21:42:12.000Z</time>
        <extensions>
          <ns3:TrackPointExtension>
            <ns3:atemp>26.0</ns3:atemp>
            <ns3:cad>46</ns3:cad>
          </ns3:TrackPointExtension>
        </extensions>
      </trkpt>
      <trkpt lat="43.325843922793865203857421875" lon="-109.70182810910046100616455078125">
        <ele>3861.60009765625</ele>
        <time>2017-09-04T21:42:20.000Z</time>
        <extensions>
          <ns3:TrackPointExtension>
            <ns3:atemp>26.0</ns3:atemp>
            <ns3:cad>0</ns3:cad>
          </ns3:TrackPointExtension>
        </extensions>
      </trkpt>
      <trkpt lat="43.3258685655891895294189453125" lon="-109.70183531753718852996826171875">
        <ele>3860.60009765625</ele>
        <time>2017-09-04T21:42:25.000Z</time>
        <extensions>
          <ns3:TrackPointExtension>
            <ns3:atemp>26.0</ns3:atemp>
            <ns3:cad>0</ns3:cad>
          </ns3:TrackPointExtension>
        </extensions>
      </trkpt>
      <trkpt lat="43.32590083591639995574951171875" lon="-109.7018395923078060150146484375">
        <ele>3859.39990234375</ele>
        <time>2017-09-04T21:42:30.000Z</time>
        <extensions>
          <ns3:TrackPointExtension>
            <ns3:atemp>26.0</ns3:atemp>
            <ns3:cad>61</ns3:cad>
          </ns3:TrackPointExtension>
        </extensions>
      </trkpt>
      <trkpt lat="43.32591508515179157257080078125" lon="-109.7018523328006267547607421875">
        <ele>3858.39990234375</ele>
        <time>2017-09-04T21:42:36.000Z</time>
        <extensions>
          <ns3:TrackPointExtension>
            <ns3:atemp>26.0</ns3:atemp>
            <ns3:cad>61</ns3:cad>
          </ns3:TrackPointExtension>
        </extensions>
      </trkpt>
      <trkpt lat="43.32598163746297359466552734375" lon="-109.7018778137862682342529296875">
        <ele>3857.39990234375</ele>
        <time>2017-09-04T21:42:48.000Z</time>
        <extensions>
          <ns3:TrackPointExtension>
            <ns3:atemp>26.0</ns3:atemp>
            <ns3:cad>61</ns3:cad>
          </ns3:TrackPointExtension>
        </extensions>
      </trkpt>
      <trkpt lat="43.32601382397115230560302734375" lon="-109.70185778103768825531005859375">
        <ele>3856.199951171875</ele>
        <time>2017-09-04T21:42:55.000Z</time>
        <extensions>
          <ns3:TrackPointExtension>
            <ns3:atemp>26.0</ns3:atemp>
            <ns3:cad>0</ns3:cad>
          </ns3:TrackPointExtension>
        </extensions>
      </trkpt>
      <trkpt lat="43.3261857368052005767822265625" lon="-109.70190689899027347564697265625">
        <ele>3856.199951171875</ele>
        <time>2017-09-04T21:43:20.000Z</time>
        <extensions>
          <ns3:TrackPointExtension>
            <ns3:atemp>26.0</ns3:atemp>
            <ns3:cad>44</ns3:cad>
          </ns3:TrackPointExtension>
        </extensions>
      </trkpt>
      <trkpt lat="43.3262008242309093475341796875" lon="-109.70192014239728450775146484375">
        <ele>3855</ele>
        <time>2017-09-04T21:43:24.000Z</time>
        <extensions>
          <ns3:TrackPointExtension>
            <ns3:atemp>26.0</ns3:atemp>
            <ns3:cad>0</ns3:cad>
          </ns3:TrackPointExtension>
        </extensions>
      </trkpt>
      <trkpt lat="43.3262028358876705169677734375" lon="-109.7019190527498722076416015625">
        <ele>3854</ele>
        <time>2017-09-04T21:43:36.000Z</time>
        <extensions>
          <ns3:TrackPointExtension>
            <ns3:atemp>25.0</ns3:atemp>
            <ns3:cad>0</ns3:cad>
          </ns3:TrackPointExtension>
        </extensions>
      </trkpt>
      <trkpt lat="43.32634809426963329315185546875" lon="-109.70199977047741413116455078125">
        <ele>3854.199951171875</ele>
        <time>2017-09-04T21:44:10.000Z</time>
        <extensions>
          <ns3:TrackPointExtension>
            <ns3:atemp>25.0</ns3:atemp>
            <ns3:cad>61</ns3:cad>
          </ns3:TrackPointExtension>
        </extensions>
      </trkpt>
      <trkpt lat="43.32635345868766307830810546875" lon="-109.70202525146305561065673828125">
        <ele>3853</ele>
        <time>2017-09-04T21:44:26.000Z</time>
        <extensions>
          <ns3:TrackPointExtension>
            <ns3:atemp>25.0</ns3:atemp>
            <ns3:cad>0</ns3:cad>
          </ns3:TrackPointExtension>
        </extensions>
      </trkpt>
      <trkpt lat="43.3262876607477664947509765625" lon="-109.7020256705582141876220703125">
        <ele>3852.199951171875</ele>
        <time>2017-09-04T21:44:40.000Z</time>
        <extensions>
          <ns3:TrackPointExtension>
            <ns3:atemp>25.0</ns3:atemp>
            <ns3:cad>61</ns3:cad>
          </ns3:TrackPointExtension>
        </extensions>
      </trkpt>
      <trkpt lat="43.32626192830502986907958984375" lon="-109.70209859311580657958984375">
        <ele>3852</ele>
        <time>2017-09-04T21:44:49.000Z</time>
        <extensions>
          <ns3:TrackPointExtension>
            <ns3:atemp>25.0</ns3:atemp>
            <ns3:cad>55</ns3:cad>
          </ns3:TrackPointExtension>
        </extensions>
      </trkpt>
      <trkpt lat="43.326192609965801239013671875" lon="-109.70212482847273349761962890625">
        <ele>3851.39990234375</ele>
        <time>2017-09-04T21:45:00.000Z</time>
        <extensions>
          <ns3:TrackPointExtension>
            <ns3:atemp>25.0</ns3:atemp>
            <ns3:cad>0</ns3:cad>
          </ns3:TrackPointExtension>
        </extensions>
      </trkpt>
      <trkpt lat="43.32617777399718761444091796875" lon="-109.7021728567779064178466796875">
        <ele>3850.800048828125</ele>
        <time>2017-09-04T21:45:07.000Z</time>
        <extensions>
          <ns3:TrackPointExtension>
            <ns3:atemp>25.0</ns3:atemp>
            <ns3:cad>61</ns3:cad>
          </ns3:TrackPointExtension>
        </extensions>
      </trkpt>
      <trkpt lat="43.32618833519518375396728515625" lon="-109.702218286693096160888671875">
        <ele>3849.800048828125</ele>
        <time>2017-09-04T21:45:14.000Z</time>
        <extensions>
          <ns3:TrackPointExtension>
            <ns3:atemp>25.0</ns3:atemp>
            <ns3:cad>61</ns3:cad>
          </ns3:TrackPointExtension>
        </extensions>
      </trkpt>
      <trkpt lat="43.32622270099818706512451171875" lon="-109.70222373493015766143798828125">
        <ele>3848.199951171875</ele>
        <time>2017-09-04T21:45:31.000Z</time>
        <extensions>
          <ns3:TrackPointExtension>
            <ns3:atemp>25.0</ns3:atemp>
            <ns3:cad>0</ns3:cad>
          </ns3:TrackPointExtension>
        </extensions>
      </trkpt>
      <trkpt lat="43.3262464217841625213623046875" lon="-109.702236391603946685791015625">
        <ele>3847</ele>
        <time>2017-09-04T21:45:39.000Z</time>
        <extensions>
          <ns3:TrackPointExtension>
            <ns3:atemp>25.0</ns3:atemp>
            <ns3:cad>0</ns3:cad>
          </ns3:TrackPointExtension>
        </extensions>
      </trkpt>
      <trkpt lat="43.32628975622355937957763671875" lon="-109.70227427780628204345703125">
        <ele>3846</ele>
        <time>2017-09-04T21:45:50.000Z</time>
        <extensions>
          <ns3:TrackPointExtension>
            <ns3:atemp>25.0</ns3:atemp>
            <ns3:cad>0</ns3:cad>
          </ns3:TrackPointExtension>
        </extensions>
      </trkpt>
      <trkpt lat="43.32630115561187267303466796875" lon="-109.70229841768741607666015625">
        <ele>3844.800048828125</ele>
        <time>2017-09-04T21:46:02.000Z</time>
        <extensions>
          <ns3:TrackPointExtension>
            <ns3:atemp>25.0</ns3:atemp>
            <ns3:cad>0</ns3:cad>
          </ns3:TrackPointExtension>
        </extensions>
      </trkpt>
      <trkpt lat="43.32632496021687984466552734375" lon="-109.702345021069049835205078125">
        <ele>3843.800048828125</ele>
        <time>2017-09-04T21:46:17.000Z</time>
        <extensions>
          <ns3:TrackPointExtension>
            <ns3:atemp>25.0</ns3:atemp>
            <ns3:cad>61</ns3:cad>
          </ns3:TrackPointExtension>
        </extensions>
      </trkpt>
      <trkpt lat="43.3263634331524372100830078125" lon="-109.70232658088207244873046875">
        <ele>3842.60009765625</ele>
        <time>2017-09-04T21:46:35.000Z</time>
        <extensions>
          <ns3:TrackPointExtension>
            <ns3:atemp>25.0</ns3:atemp>
            <ns3:cad>0</ns3:cad>
          </ns3:TrackPointExtension>
        </extensions>
      </trkpt>
      <trkpt lat="43.3263637684285640716552734375" lon="-109.7023559175431728363037109375">
        <ele>3841.39990234375</ele>
        <time>2017-09-04T21:46:44.000Z</time>
        <extensions>
          <ns3:TrackPointExtension>
            <ns3:atemp>25.0</ns3:atemp>
            <ns3:cad>0</ns3:cad>
          </ns3:TrackPointExtension>
        </extensions>
      </trkpt>
      <trkpt lat="43.32639134488999843597412109375" lon="-109.7023391537368297576904296875">
        <ele>3840.199951171875</ele>
        <time>2017-09-04T21:46:55.000Z</time>
        <extensions>
          <ns3:TrackPointExtension>
            <ns3:atemp>25.0</ns3:atemp>
            <ns3:cad>0</ns3:cad>
          </ns3:TrackPointExtension>
        </extensions>
      </trkpt>
      <trkpt lat="43.32644641399383544921875" lon="-109.70228089950978755950927734375">
        <ele>3839.39990234375</ele>
        <time>2017-09-04T21:47:14.000Z</time>
        <extensions>
          <ns3:TrackPointExtension>
            <ns3:atemp>25.0</ns3:atemp>
            <ns3:cad>61</ns3:cad>
          </ns3:TrackPointExtension>
        </extensions>
      </trkpt>
      <trkpt lat="43.3264586515724658966064453125" lon="-109.702263213694095611572265625">
        <ele>3839.800048828125</ele>
        <time>2017-09-04T21:47:16.000Z</time>
        <extensions>
          <ns3:TrackPointExtension>
            <ns3:atemp>25.0</ns3:atemp>
            <ns3:cad>61</ns3:cad>
          </ns3:TrackPointExtension>
        </extensions>
      </trkpt>
      <trkpt lat="43.3264881558716297149658203125" lon="-109.7022479586303234100341796875">
        <ele>3840.199951171875</ele>
        <time>2017-09-04T21:47:20.000Z</time>
        <extensions>
          <ns3:TrackPointExtension>
            <ns3:atemp>25.0</ns3:atemp>
            <ns3:cad>61</ns3:cad>
          </ns3:TrackPointExtension>
        </extensions>
      </trkpt>
      <trkpt lat="43.32653065212070941925048828125" lon="-109.702253155410289764404296875">
        <ele>3839</ele>
        <time>2017-09-04T21:47:27.000Z</time>
        <extensions>
          <ns3:TrackPointExtension>
            <ns3:atemp>25.0</ns3:atemp>
            <ns3:cad>63</ns3:cad>
          </ns3:TrackPointExtension>
        </extensions>
      </trkpt>
      <trkpt lat="43.3265381120145320892333984375" lon="-109.7022543288767337799072265625">
        <ele>3839</ele>
        <time>2017-09-04T21:47:28.000Z</time>
        <extensions>
          <ns3:TrackPointExtension>
            <ns3:atemp>25.0</ns3:atemp>
            <ns3:cad>63</ns3:cad>
          </ns3:TrackPointExtension>
        </extensions>
      </trkpt>
      <trkpt lat="43.3266323246061801910400390625" lon="-109.70226220786571502685546875">
        <ele>3838</ele>
        <time>2017-09-04T21:47:44.000Z</time>
        <extensions>
          <ns3:TrackPointExtension>
            <ns3:atemp>25.0</ns3:atemp>
            <ns3:cad>61</ns3:cad>
          </ns3:TrackPointExtension>
        </extensions>
      </trkpt>
      <trkpt lat="43.3266846276819705963134765625" lon="-109.70227050594985485076904296875">
        <ele>3836.800048828125</ele>
        <time>2017-09-04T21:47:57.000Z</time>
        <extensions>
          <ns3:TrackPointExtension>
            <ns3:atemp>25.0</ns3:atemp>
            <ns3:cad>61</ns3:cad>
          </ns3:TrackPointExtension>
        </extensions>
      </trkpt>
      <trkpt lat="43.3266923390328884124755859375" lon="-109.7022985853254795074462890625">
        <ele>3835.60009765625</ele>
        <time>2017-09-04T21:48:08.000Z</time>
        <extensions>
          <ns3:TrackPointExtension>
            <ns3:atemp>25.0</ns3:atemp>
            <ns3:cad>0</ns3:cad>
          </ns3:TrackPointExtension>
        </extensions>
      </trkpt>
      <trkpt lat="43.3267369307577610015869140625" lon="-109.7023096494376659393310546875">
        <ele>3834.60009765625</ele>
        <time>2017-09-04T21:48:18.000Z</time>
        <extensions>
          <ns3:TrackPointExtension>
            <ns3:atemp>25.0</ns3:atemp>
            <ns3:cad>0</ns3:cad>
          </ns3:TrackPointExtension>
        </extensions>
      </trkpt>
      <trkpt lat="43.32675310783088207244873046875" lon="-109.70230604521930217742919921875">
        <ele>3834</ele>
        <time>2017-09-04T21:48:20.000Z</time>
        <extensions>
          <ns3:TrackPointExtension>
            <ns3:atemp>25.0</ns3:atemp>
            <ns3:cad>0</ns3:cad>
          </ns3:TrackPointExtension>
        </extensions>
      </trkpt>
      <trkpt lat="43.32677423022687435150146484375" lon="-109.70231392420828342437744140625">
        <ele>3833.60009765625</ele>
        <time>2017-09-04T21:48:23.000Z</time>
        <extensions>
          <ns3:TrackPointExtension>
            <ns3:atemp>25.0</ns3:atemp>
            <ns3:cad>0</ns3:cad>
          </ns3:TrackPointExtension>
        </extensions>
      </trkpt>
      <trkpt lat="43.32678261213004589080810546875" lon="-109.702318869531154632568359375">
        <ele>3833.39990234375</ele>
        <time>2017-09-04T21:48:24.000Z</time>
        <extensions>
          <ns3:TrackPointExtension>
            <ns3:atemp>25.0</ns3:atemp>
            <ns3:cad>0</ns3:cad>
          </ns3:TrackPointExtension>
        </extensions>
      </trkpt>
      <trkpt lat="43.3268941752612590789794921875" lon="-109.7024063766002655029296875">
        <ele>3832.60009765625</ele>
        <time>2017-09-04T21:48:42.000Z</time>
        <extensions>
          <ns3:TrackPointExtension>
            <ns3:atemp>25.0</ns3:atemp>
            <ns3:cad>0</ns3:cad>
          </ns3:TrackPointExtension>
        </extensions>
      </trkpt>
      <trkpt lat="43.3268961869180202484130859375" lon="-109.70241081900894641876220703125">
        <ele>3831.39990234375</ele>
        <time>2017-09-04T21:48:47.000Z</time>
        <extensions>
          <ns3:TrackPointExtension>
            <ns3:atemp>25.0</ns3:atemp>
            <ns3:cad>0</ns3:cad>
          </ns3:TrackPointExtension>
        </extensions>
      </trkpt>
      <trkpt lat="43.32695377059280872344970703125" lon="-109.70244669355452060699462890625">
        <ele>3830.199951171875</ele>
        <time>2017-09-04T21:49:03.000Z</time>
        <extensions>
          <ns3:TrackPointExtension>
            <ns3:atemp>25.0</ns3:atemp>
            <ns3:cad>0</ns3:cad>
          </ns3:TrackPointExtension>
        </extensions>
      </trkpt>
      <trkpt lat="43.327006995677947998046875" lon="-109.702501930296421051025390625">
        <ele>3829.199951171875</ele>
        <time>2017-09-04T21:49:20.000Z</time>
        <extensions>
          <ns3:TrackPointExtension>
            <ns3:atemp>25.0</ns3:atemp>
            <ns3:cad>0</ns3:cad>
          </ns3:TrackPointExtension>
        </extensions>
      </trkpt>
      <trkpt lat="43.32701847888529300689697265625" lon="-109.70254962332546710968017578125">
        <ele>3828.199951171875</ele>
        <time>2017-09-04T21:49:44.000Z</time>
        <extensions>
          <ns3:TrackPointExtension>
            <ns3:atemp>25.0</ns3:atemp>
            <ns3:cad>61</ns3:cad>
          </ns3:TrackPointExtension>
        </extensions>
      </trkpt>
      <trkpt lat="43.32704655826091766357421875" lon="-109.7026315145194530487060546875">
        <ele>3827.199951171875</ele>
        <time>2017-09-04T21:50:22.000Z</time>
        <extensions>
          <ns3:TrackPointExtension>
            <ns3:atemp>25.0</ns3:atemp>
            <ns3:cad>61</ns3:cad>
          </ns3:TrackPointExtension>
        </extensions>
      </trkpt>
      <trkpt lat="43.32707195542752742767333984375" lon="-109.702679626643657684326171875">
        <ele>3826</ele>
        <time>2017-09-04T21:50:32.000Z</time>
        <extensions>
          <ns3:TrackPointExtension>
            <ns3:atemp>25.0</ns3:atemp>
            <ns3:cad>0</ns3:cad>
          </ns3:TrackPointExtension>
        </extensions>
      </trkpt>
      <trkpt lat="43.32710715942084789276123046875" lon="-109.70273352228105068206787109375">
        <ele>3825</ele>
        <time>2017-09-04T21:50:40.000Z</time>
        <extensions>
          <ns3:TrackPointExtension>
            <ns3:atemp>26.0</ns3:atemp>
            <ns3:cad>0</ns3:cad>
          </ns3:TrackPointExtension>
        </extensions>
      </trkpt>
      <trkpt lat="43.32712174393236637115478515625" lon="-109.7027595899999141693115234375">
        <ele>3823.800048828125</ele>
        <time>2017-09-04T21:50:45.000Z</time>
        <extensions>
          <ns3:TrackPointExtension>
            <ns3:atemp>26.0</ns3:atemp>
            <ns3:cad>0</ns3:cad>
          </ns3:TrackPointExtension>
        </extensions>
      </trkpt>
      <trkpt lat="43.3271285332739353179931640625" lon="-109.70283393748104572296142578125">
        <ele>3823</ele>
        <time>2017-09-04T21:50:51.000Z</time>
        <extensions>
          <ns3:TrackPointExtension>
            <ns3:atemp>26.0</ns3:atemp>
            <ns3:cad>51</ns3:cad>
          </ns3:TrackPointExtension>
        </extensions>
      </trkpt>
      <trkpt lat="43.32713046111166477203369140625" lon="-109.70284550450742244720458984375">
        <ele>3822.800048828125</ele>
        <time>2017-09-04T21:50:52.000Z</time>
        <extensions>
          <ns3:TrackPointExtension>
            <ns3:atemp>26.0</ns3:atemp>
            <ns3:cad>51</ns3:cad>
          </ns3:TrackPointExtension>
        </extensions>
      </trkpt>
      <trkpt lat="43.327163569629192352294921875" lon="-109.702898897230625152587890625">
        <ele>3821.60009765625</ele>
        <time>2017-09-04T21:50:59.000Z</time>
        <extensions>
          <ns3:TrackPointExtension>
            <ns3:atemp>26.0</ns3:atemp>
            <ns3:cad>49</ns3:cad>
          </ns3:TrackPointExtension>
        </extensions>
      </trkpt>
      <trkpt lat="43.3271868713200092315673828125" lon="-109.70293334685266017913818359375">
        <ele>3820.199951171875</ele>
        <time>2017-09-04T21:51:05.000Z</time>
        <extensions>
          <ns3:TrackPointExtension>
            <ns3:atemp>26.0</ns3:atemp>
            <ns3:cad>0</ns3:cad>
          </ns3:TrackPointExtension>
        </extensions>
      </trkpt>
      <trkpt lat="43.32721075974404811859130859375" lon="-109.70294843427836894989013671875">
        <ele>3819</ele>
        <time>2017-09-04T21:51:08.000Z</time>
        <extensions>
          <ns3:TrackPointExtension>
            <ns3:atemp>26.0</ns3:atemp>
            <ns3:cad>0</ns3:cad>
          </ns3:TrackPointExtension>
        </extensions>
      </trkpt>
      <trkpt lat="43.32723188214004039764404296875" lon="-109.7029537148773670196533203125">
        <ele>3818.199951171875</ele>
        <time>2017-09-04T21:51:10.000Z</time>
        <extensions>
          <ns3:TrackPointExtension>
            <ns3:atemp>26.0</ns3:atemp>
            <ns3:cad>0</ns3:cad>
          </ns3:TrackPointExtension>
        </extensions>
      </trkpt>
      <trkpt lat="43.32723992876708507537841796875" lon="-109.7029570676386356353759765625">
        <ele>3817.800048828125</ele>
        <time>2017-09-04T21:51:11.000Z</time>
        <extensions>
          <ns3:TrackPointExtension>
            <ns3:atemp>26.0</ns3:atemp>
            <ns3:cad>0</ns3:cad>
          </ns3:TrackPointExtension>
        </extensions>
      </trkpt>
      <trkpt lat="43.3272778987884521484375" lon="-109.7029852308332920074462890625">
        <ele>3817.800048828125</ele>
        <time>2017-09-04T21:51:16.000Z</time>
        <extensions>
          <ns3:TrackPointExtension>
            <ns3:atemp>26.0</ns3:atemp>
            <ns3:cad>0</ns3:cad>
          </ns3:TrackPointExtension>
        </extensions>
      </trkpt>
      <trkpt lat="43.3272844366729259490966796875" lon="-109.70315513201057910919189453125">
        <ele>3817.199951171875</ele>
        <time>2017-09-04T21:51:29.000Z</time>
        <extensions>
          <ns3:TrackPointExtension>
            <ns3:atemp>26.0</ns3:atemp>
            <ns3:cad>47</ns3:cad>
          </ns3:TrackPointExtension>
        </extensions>
      </trkpt>
      <trkpt lat="43.32729139365255832672119140625" lon="-109.7031788527965545654296875">
        <ele>3816.800048828125</ele>
        <time>2017-09-04T21:51:31.000Z</time>
        <extensions>
          <ns3:TrackPointExtension>
            <ns3:atemp>26.0</ns3:atemp>
            <ns3:cad>47</ns3:cad>
          </ns3:TrackPointExtension>
        </extensions>
      </trkpt>
      <trkpt lat="43.32729944027960300445556640625" lon="-109.70325722359120845794677734375">
        <ele>3815.800048828125</ele>
        <time>2017-09-04T21:51:37.000Z</time>
        <extensions>
          <ns3:TrackPointExtension>
            <ns3:atemp>26.0</ns3:atemp>
            <ns3:cad>47</ns3:cad>
          </ns3:TrackPointExtension>
        </extensions>
      </trkpt>
      <trkpt lat="43.3272998593747615814208984375" lon="-109.70328186638653278350830078125">
        <ele>3815.39990234375</ele>
        <time>2017-09-04T21:51:39.000Z</time>
        <extensions>
          <ns3:TrackPointExtension>
            <ns3:atemp>26.0</ns3:atemp>
            <ns3:cad>47</ns3:cad>
          </ns3:TrackPointExtension>
        </extensions>
      </trkpt>
      <trkpt lat="43.32731519825756549835205078125" lon="-109.703322350978851318359375">
        <ele>3814.60009765625</ele>
        <time>2017-09-04T21:51:43.000Z</time>
        <extensions>
          <ns3:TrackPointExtension>
            <ns3:atemp>26.0</ns3:atemp>
            <ns3:cad>47</ns3:cad>
          </ns3:TrackPointExtension>
        </extensions>
      </trkpt>
      <trkpt lat="43.32731670700013637542724609375" lon="-109.70333199016749858856201171875">
        <ele>3814.60009765625</ele>
        <time>2017-09-04T21:51:44.000Z</time>
        <extensions>
          <ns3:TrackPointExtension>
            <ns3:atemp>26.0</ns3:atemp>
            <ns3:cad>47</ns3:cad>
          </ns3:TrackPointExtension>
        </extensions>
      </trkpt>
      <trkpt lat="43.327336572110652923583984375" lon="-109.70343190245330333709716796875">
        <ele>3813.60009765625</ele>
        <time>2017-09-04T21:51:56.000Z</time>
        <extensions>
          <ns3:TrackPointExtension>
            <ns3:atemp>26.0</ns3:atemp>
            <ns3:cad>0</ns3:cad>
          </ns3:TrackPointExtension>
        </extensions>
      </trkpt>
      <trkpt lat="43.32732492126524448394775390625" lon="-109.703532569110393524169921875">
        <ele>3812.39990234375</ele>
        <time>2017-09-04T21:52:30.000Z</time>
        <extensions>
          <ns3:TrackPointExtension>
            <ns3:atemp>27.0</ns3:atemp>
            <ns3:cad>61</ns3:cad>
          </ns3:TrackPointExtension>
        </extensions>
      </trkpt>
      <trkpt lat="43.32731402479112148284912109375" lon="-109.703541956841945648193359375">
        <ele>3811.39990234375</ele>
        <time>2017-09-04T21:52:37.000Z</time>
        <extensions>
          <ns3:TrackPointExtension>
            <ns3:atemp>27.0</ns3:atemp>
            <ns3:cad>0</ns3:cad>
          </ns3:TrackPointExtension>
        </extensions>
      </trkpt>
      <trkpt lat="43.32731570117175579071044921875" lon="-109.70357137732207775115966796875">
        <ele>3810.39990234375</ele>
        <time>2017-09-04T21:52:49.000Z</time>
        <extensions>
          <ns3:TrackPointExtension>
            <ns3:atemp>27.0</ns3:atemp>
            <ns3:cad>61</ns3:cad>
          </ns3:TrackPointExtension>
        </extensions>
      </trkpt>
      <trkpt lat="43.3273340575397014617919921875" lon="-109.70360674895346164703369140625">
        <ele>3809.800048828125</ele>
        <time>2017-09-04T21:52:52.000Z</time>
        <extensions>
          <ns3:TrackPointExtension>
            <ns3:atemp>27.0</ns3:atemp>
            <ns3:cad>61</ns3:cad>
          </ns3:TrackPointExtension>
        </extensions>
      </trkpt>
      <trkpt lat="43.32735056988894939422607421875" lon="-109.70363683998584747314453125">
        <ele>3809.60009765625</ele>
        <time>2017-09-04T21:52:55.000Z</time>
        <extensions>
          <ns3:TrackPointExtension>
            <ns3:atemp>27.0</ns3:atemp>
            <ns3:cad>61</ns3:cad>
          </ns3:TrackPointExtension>
        </extensions>
      </trkpt>
      <trkpt lat="43.32736029289662837982177734375" lon="-109.70364153385162353515625">
        <ele>3809</ele>
        <time>2017-09-04T21:52:57.000Z</time>
        <extensions>
          <ns3:TrackPointExtension>
            <ns3:atemp>27.0</ns3:atemp>
            <ns3:cad>0</ns3:cad>
          </ns3:TrackPointExtension>
        </extensions>
      </trkpt>
      <trkpt lat="43.32736247219145298004150390625" lon="-109.7036433778703212738037109375">
        <ele>3807.800048828125</ele>
        <time>2017-09-04T21:53:00.000Z</time>
        <extensions>
          <ns3:TrackPointExtension>
            <ns3:atemp>27.0</ns3:atemp>
            <ns3:cad>0</ns3:cad>
          </ns3:TrackPointExtension>
        </extensions>
      </trkpt>
      <trkpt lat="43.32738962955772876739501953125" lon="-109.70367061905562877655029296875">
        <ele>3806.60009765625</ele>
        <time>2017-09-04T21:53:11.000Z</time>
        <extensions>
          <ns3:TrackPointExtension>
            <ns3:atemp>27.0</ns3:atemp>
            <ns3:cad>0</ns3:cad>
          </ns3:TrackPointExtension>
        </extensions>
      </trkpt>
      <trkpt lat="43.3274187147617340087890625" lon="-109.7036976926028728485107421875">
        <ele>3805.60009765625</ele>
        <time>2017-09-04T21:53:17.000Z</time>
        <extensions>
          <ns3:TrackPointExtension>
            <ns3:atemp>27.0</ns3:atemp>
            <ns3:cad>61</ns3:cad>
          </ns3:TrackPointExtension>
        </extensions>
      </trkpt>
      <trkpt lat="43.32746456377208232879638671875" lon="-109.70370716415345668792724609375">
        <ele>3804.60009765625</ele>
        <time>2017-09-04T21:53:23.000Z</time>
        <extensions>
          <ns3:TrackPointExtension>
            <ns3:atemp>27.0</ns3:atemp>
            <ns3:cad>61</ns3:cad>
          </ns3:TrackPointExtension>
        </extensions>
      </trkpt>
      <trkpt lat="43.327564895153045654296875" lon="-109.70384202897548675537109375">
        <ele>3804.39990234375</ele>
        <time>2017-09-04T21:53:41.000Z</time>
        <extensions>
          <ns3:TrackPointExtension>
            <ns3:atemp>27.0</ns3:atemp>
            <ns3:cad>0</ns3:cad>
          </ns3:TrackPointExtension>
        </extensions>
      </trkpt>
      <trkpt lat="43.327586688101291656494140625" lon="-109.70390774309635162353515625">
        <ele>3803.60009765625</ele>
        <time>2017-09-04T21:53:49.000Z</time>
        <extensions>
          <ns3:TrackPointExtension>
            <ns3:atemp>27.0</ns3:atemp>
            <ns3:cad>0</ns3:cad>
          </ns3:TrackPointExtension>
        </extensions>
      </trkpt>
      <trkpt lat="43.3276086486876010894775390625" lon="-109.7039558552205562591552734375">
        <ele>3802.39990234375</ele>
        <time>2017-09-04T21:53:57.000Z</time>
        <extensions>
          <ns3:TrackPointExtension>
            <ns3:atemp>27.0</ns3:atemp>
            <ns3:cad>0</ns3:cad>
          </ns3:TrackPointExtension>
        </extensions>
      </trkpt>
      <trkpt lat="43.327609486877918243408203125" lon="-109.7039555199444293975830078125">
        <ele>3801.39990234375</ele>
        <time>2017-09-04T21:54:13.000Z</time>
        <extensions>
          <ns3:TrackPointExtension>
            <ns3:atemp>27.0</ns3:atemp>
            <ns3:cad>0</ns3:cad>
          </ns3:TrackPointExtension>
        </extensions>
      </trkpt>
      <trkpt lat="43.32760605029761791229248046875" lon="-109.70398091711103916168212890625">
        <ele>3800.39990234375</ele>
        <time>2017-09-04T21:54:38.000Z</time>
        <extensions>
          <ns3:TrackPointExtension>
            <ns3:atemp>27.0</ns3:atemp>
            <ns3:cad>0</ns3:cad>
          </ns3:TrackPointExtension>
        </extensions>
      </trkpt>
      <trkpt lat="43.32764762453734874725341796875" lon="-109.70401092432439327239990234375">
        <ele>3800.39990234375</ele>
        <time>2017-09-04T21:54:43.000Z</time>
        <extensions>
          <ns3:TrackPointExtension>
            <ns3:atemp>27.0</ns3:atemp>
            <ns3:cad>0</ns3:cad>
          </ns3:TrackPointExtension>
        </extensions>
      </trkpt>
      <trkpt lat="43.32767578773200511932373046875" lon="-109.7040185518562793731689453125">
        <ele>3800</ele>
        <time>2017-09-04T21:54:46.000Z</time>
        <extensions>
          <ns3:TrackPointExtension>
            <ns3:atemp>27.0</ns3:atemp>
            <ns3:cad>50</ns3:cad>
          </ns3:TrackPointExtension>
        </extensions>
      </trkpt>
      <trkpt lat="43.3277384005486965179443359375" lon="-109.704090468585491180419921875">
        <ele>3799.199951171875</ele>
        <time>2017-09-04T21:54:56.000Z</time>
        <extensions>
          <ns3:TrackPointExtension>
            <ns3:atemp>27.0</ns3:atemp>
            <ns3:cad>45</ns3:cad>
          </ns3:TrackPointExtension>
        </extensions>
      </trkpt>
      <trkpt lat="43.32777217961847782135009765625" lon="-109.70410932786762714385986328125">
        <ele>3798</ele>
        <time>2017-09-04T21:55:02.000Z</time>
        <extensions>
          <ns3:TrackPointExtension>
            <ns3:atemp>27.0</ns3:atemp>
            <ns3:cad>45</ns3:cad>
          </ns3:TrackPointExtension>
        </extensions>
      </trkpt>
      <trkpt lat="43.32781232893466949462890625" lon="-109.70410077832639217376708984375">
        <ele>3796.800048828125</ele>
        <time>2017-09-04T21:55:08.000Z</time>
        <extensions>
          <ns3:TrackPointExtension>
            <ns3:atemp>27.0</ns3:atemp>
            <ns3:cad>61</ns3:cad>
          </ns3:TrackPointExtension>
        </extensions>
      </trkpt>
      <trkpt lat="43.32786404527723789215087890625" lon="-109.70408267341554164886474609375">
        <ele>3796.60009765625</ele>
        <time>2017-09-04T21:55:15.000Z</time>
        <extensions>
          <ns3:TrackPointExtension>
            <ns3:atemp>27.0</ns3:atemp>
            <ns3:cad>0</ns3:cad>
          </ns3:TrackPointExtension>
        </extensions>
      </trkpt>
      <trkpt lat="43.32789438776671886444091796875" lon="-109.70410848967730998992919921875">
        <ele>3796.39990234375</ele>
        <time>2017-09-04T21:55:19.000Z</time>
        <extensions>
          <ns3:TrackPointExtension>
            <ns3:atemp>27.0</ns3:atemp>
            <ns3:cad>49</ns3:cad>
          </ns3:TrackPointExtension>
        </extensions>
      </trkpt>
      <trkpt lat="43.32791215740144252777099609375" lon="-109.70410949550569057464599609375">
        <ele>3796.39990234375</ele>
        <time>2017-09-04T21:55:21.000Z</time>
        <extensions>
          <ns3:TrackPointExtension>
            <ns3:atemp>27.0</ns3:atemp>
            <ns3:cad>49</ns3:cad>
          </ns3:TrackPointExtension>
        </extensions>
      </trkpt>
      <trkpt lat="43.32792900502681732177734375" lon="-109.704115279018878936767578125">
        <ele>3796</ele>
        <time>2017-09-04T21:55:23.000Z</time>
        <extensions>
          <ns3:TrackPointExtension>
            <ns3:atemp>27.0</ns3:atemp>
            <ns3:cad>0</ns3:cad>
          </ns3:TrackPointExtension>
        </extensions>
      </trkpt>
      <trkpt lat="43.32793663255870342254638671875" lon="-109.70411636866629123687744140625">
        <ele>3795.60009765625</ele>
        <time>2017-09-04T21:55:24.000Z</time>
        <extensions>
          <ns3:TrackPointExtension>
            <ns3:atemp>27.0</ns3:atemp>
            <ns3:cad>0</ns3:cad>
          </ns3:TrackPointExtension>
        </extensions>
      </trkpt>
      <trkpt lat="43.32795322872698307037353515625" lon="-109.704120643436908721923828125">
        <ele>3795.199951171875</ele>
        <time>2017-09-04T21:55:26.000Z</time>
        <extensions>
          <ns3:TrackPointExtension>
            <ns3:atemp>27.0</ns3:atemp>
            <ns3:cad>0</ns3:cad>
          </ns3:TrackPointExtension>
        </extensions>
      </trkpt>
      <trkpt lat="43.32802179269492626190185546875" lon="-109.704123325645923614501953125">
        <ele>3794.800048828125</ele>
        <time>2017-09-04T21:55:36.000Z</time>
        <extensions>
          <ns3:TrackPointExtension>
            <ns3:atemp>27.0</ns3:atemp>
            <ns3:cad>61</ns3:cad>
          </ns3:TrackPointExtension>
        </extensions>
      </trkpt>
      <trkpt lat="43.3280431665480136871337890625" lon="-109.70411561429500579833984375">
        <ele>3794.60009765625</ele>
        <time>2017-09-04T21:55:38.000Z</time>
        <extensions>
          <ns3:TrackPointExtension>
            <ns3:atemp>27.0</ns3:atemp>
            <ns3:cad>46</ns3:cad>
          </ns3:TrackPointExtension>
        </extensions>
      </trkpt>
      <trkpt lat="43.32805833779275417327880859375" lon="-109.70411569811403751373291015625">
        <ele>3794.39990234375</ele>
        <time>2017-09-04T21:55:40.000Z</time>
        <extensions>
          <ns3:TrackPointExtension>
            <ns3:atemp>26.0</ns3:atemp>
            <ns3:cad>46</ns3:cad>
          </ns3:TrackPointExtension>
        </extensions>
      </trkpt>
      <trkpt lat="43.32808432169258594512939453125" lon="-109.7041241638362407684326171875">
        <ele>3794</ele>
        <time>2017-09-04T21:55:43.000Z</time>
        <extensions>
          <ns3:TrackPointExtension>
            <ns3:atemp>26.0</ns3:atemp>
            <ns3:cad>45</ns3:cad>
          </ns3:TrackPointExtension>
        </extensions>
      </trkpt>
      <trkpt lat="43.3281273208558559417724609375" lon="-109.7041070647537708282470703125">
        <ele>3793.39990234375</ele>
        <time>2017-09-04T21:55:49.000Z</time>
        <extensions>
          <ns3:TrackPointExtension>
            <ns3:atemp>26.0</ns3:atemp>
            <ns3:cad>0</ns3:cad>
          </ns3:TrackPointExtension>
        </extensions>
      </trkpt>
      <trkpt lat="43.32816730253398418426513671875" lon="-109.7041013650596141815185546875">
        <ele>3793.199951171875</ele>
        <time>2017-09-04T21:55:55.000Z</time>
        <extensions>
          <ns3:TrackPointExtension>
            <ns3:atemp>26.0</ns3:atemp>
            <ns3:cad>0</ns3:cad>
          </ns3:TrackPointExtension>
        </extensions>
      </trkpt>
      <trkpt lat="43.32819328643381595611572265625" lon="-109.70410195179283618927001953125">
        <ele>3793</ele>
        <time>2017-09-04T21:55:58.000Z</time>
        <extensions>
          <ns3:TrackPointExtension>
            <ns3:atemp>26.0</ns3:atemp>
            <ns3:cad>0</ns3:cad>
          </ns3:TrackPointExtension>
        </extensions>
      </trkpt>
      <trkpt lat="43.3282285742461681365966796875" lon="-109.704095833003520965576171875">
        <ele>3792.39990234375</ele>
        <time>2017-09-04T21:56:03.000Z</time>
        <extensions>
          <ns3:TrackPointExtension>
            <ns3:atemp>26.0</ns3:atemp>
            <ns3:cad>0</ns3:cad>
          </ns3:TrackPointExtension>
        </extensions>
      </trkpt>
      <trkpt lat="43.32834717817604541778564453125" lon="-109.70404042862355709075927734375">
        <ele>3791.39990234375</ele>
        <time>2017-09-04T21:56:22.000Z</time>
        <extensions>
          <ns3:TrackPointExtension>
            <ns3:atemp>26.0</ns3:atemp>
            <ns3:cad>61</ns3:cad>
          </ns3:TrackPointExtension>
        </extensions>
      </trkpt>
      <trkpt lat="43.32841238938271999359130859375" lon="-109.70405702479183673858642578125">
        <ele>3791.199951171875</ele>
        <time>2017-09-04T21:56:30.000Z</time>
        <extensions>
          <ns3:TrackPointExtension>
            <ns3:atemp>26.0</ns3:atemp>
            <ns3:cad>41</ns3:cad>
          </ns3:TrackPointExtension>
        </extensions>
      </trkpt>
      <trkpt lat="43.3284421451389789581298828125" lon="-109.7040547616779804229736328125">
        <ele>3790.39990234375</ele>
        <time>2017-09-04T21:56:34.000Z</time>
        <extensions>
          <ns3:TrackPointExtension>
            <ns3:atemp>26.0</ns3:atemp>
            <ns3:cad>41</ns3:cad>
          </ns3:TrackPointExtension>
        </extensions>
      </trkpt>
      <trkpt lat="43.32849453203380107879638671875" lon="-109.70406523905694484710693359375">
        <ele>3789.199951171875</ele>
        <time>2017-09-04T21:56:41.000Z</time>
        <extensions>
          <ns3:TrackPointExtension>
            <ns3:atemp>26.0</ns3:atemp>
            <ns3:cad>0</ns3:cad>
          </ns3:TrackPointExtension>
        </extensions>
      </trkpt>
      <trkpt lat="43.3285237848758697509765625" lon="-109.70406523905694484710693359375">
        <ele>3788.60009765625</ele>
        <time>2017-09-04T21:56:44.000Z</time>
        <extensions>
          <ns3:TrackPointExtension>
            <ns3:atemp>26.0</ns3:atemp>
            <ns3:cad>61</ns3:cad>
          </ns3:TrackPointExtension>
        </extensions>
      </trkpt>
      <trkpt lat="43.32860953174531459808349609375" lon="-109.7041181288659572601318359375">
        <ele>3788.39990234375</ele>
        <time>2017-09-04T21:56:55.000Z</time>
        <extensions>
          <ns3:TrackPointExtension>
            <ns3:atemp>26.0</ns3:atemp>
            <ns3:cad>45</ns3:cad>
          </ns3:TrackPointExtension>
        </extensions>
      </trkpt>
      <trkpt lat="43.32861841656267642974853515625" lon="-109.70411787740886211395263671875">
        <ele>3788</ele>
        <time>2017-09-04T21:56:56.000Z</time>
        <extensions>
          <ns3:TrackPointExtension>
            <ns3:atemp>26.0</ns3:atemp>
            <ns3:cad>45</ns3:cad>
          </ns3:TrackPointExtension>
        </extensions>
      </trkpt>
      <trkpt lat="43.32871933467686176300048828125" lon="-109.70419633202254772186279296875">
        <ele>3787.39990234375</ele>
        <time>2017-09-04T21:57:13.000Z</time>
        <extensions>
          <ns3:TrackPointExtension>
            <ns3:atemp>25.0</ns3:atemp>
            <ns3:cad>0</ns3:cad>
          </ns3:TrackPointExtension>
        </extensions>
      </trkpt>
      <trkpt lat="43.32872168160974979400634765625" lon="-109.70421276055276393890380859375">
        <ele>3787.199951171875</ele>
        <time>2017-09-04T21:57:15.000Z</time>
        <extensions>
          <ns3:TrackPointExtension>
            <ns3:atemp>25.0</ns3:atemp>
            <ns3:cad>0</ns3:cad>
          </ns3:TrackPointExtension>
        </extensions>
      </trkpt>
      <trkpt lat="43.3287241123616695404052734375" lon="-109.70426741056144237518310546875">
        <ele>3786.800048828125</ele>
        <time>2017-09-04T21:57:19.000Z</time>
        <extensions>
          <ns3:TrackPointExtension>
            <ns3:atemp>25.0</ns3:atemp>
            <ns3:cad>0</ns3:cad>
          </ns3:TrackPointExtension>
        </extensions>
      </trkpt>
      <trkpt lat="43.3287294767796993255615234375" lon="-109.70427847467362880706787109375">
        <ele>3786.39990234375</ele>
        <time>2017-09-04T21:57:20.000Z</time>
        <extensions>
          <ns3:TrackPointExtension>
            <ns3:atemp>25.0</ns3:atemp>
            <ns3:cad>0</ns3:cad>
          </ns3:TrackPointExtension>
        </extensions>
      </trkpt>
      <trkpt lat="43.3287844620645046234130859375" lon="-109.70430093817412853240966796875">
        <ele>3786.199951171875</ele>
        <time>2017-09-04T21:57:25.000Z</time>
        <extensions>
          <ns3:TrackPointExtension>
            <ns3:atemp>25.0</ns3:atemp>
            <ns3:cad>50</ns3:cad>
          </ns3:TrackPointExtension>
        </extensions>
      </trkpt>
      <trkpt lat="43.328802399337291717529296875" lon="-109.704288952052593231201171875">
        <ele>3785.39990234375</ele>
        <time>2017-09-04T21:57:28.000Z</time>
        <extensions>
          <ns3:TrackPointExtension>
            <ns3:atemp>25.0</ns3:atemp>
            <ns3:cad>50</ns3:cad>
          </ns3:TrackPointExtension>
        </extensions>
      </trkpt>
      <trkpt lat="43.32885797135531902313232421875" lon="-109.70434653572738170623779296875">
        <ele>3784.60009765625</ele>
        <time>2017-09-04T21:57:39.000Z</time>
        <extensions>
          <ns3:TrackPointExtension>
            <ns3:atemp>25.0</ns3:atemp>
            <ns3:cad>53</ns3:cad>
          </ns3:TrackPointExtension>
        </extensions>
      </trkpt>
      <trkpt lat="43.32886015065014362335205078125" lon="-109.70435969531536102294921875">
        <ele>3784.39990234375</ele>
        <time>2017-09-04T21:57:40.000Z</time>
        <extensions>
          <ns3:TrackPointExtension>
            <ns3:atemp>25.0</ns3:atemp>
            <ns3:cad>53</ns3:cad>
          </ns3:TrackPointExtension>
        </extensions>
      </trkpt>
      <trkpt lat="43.328863419592380523681640625" lon="-109.70437184907495975494384765625">
        <ele>3784</ele>
        <time>2017-09-04T21:57:41.000Z</time>
        <extensions>
          <ns3:TrackPointExtension>
            <ns3:atemp>25.0</ns3:atemp>
            <ns3:cad>52</ns3:cad>
          </ns3:TrackPointExtension>
        </extensions>
      </trkpt>
      <trkpt lat="43.328877501189708709716796875" lon="-109.70439347438514232635498046875">
        <ele>3783</ele>
        <time>2017-09-04T21:57:43.000Z</time>
        <extensions>
          <ns3:TrackPointExtension>
            <ns3:atemp>25.0</ns3:atemp>
            <ns3:cad>51</ns3:cad>
          </ns3:TrackPointExtension>
        </extensions>
      </trkpt>
      <trkpt lat="43.32888848148286342620849609375" lon="-109.70443588681519031524658203125">
        <ele>3781.60009765625</ele>
        <time>2017-09-04T21:57:46.000Z</time>
        <extensions>
          <ns3:TrackPointExtension>
            <ns3:atemp>25.0</ns3:atemp>
            <ns3:cad>54</ns3:cad>
          </ns3:TrackPointExtension>
        </extensions>
      </trkpt>
      <trkpt lat="43.328892253339290618896484375" lon="-109.70446153543889522552490234375">
        <ele>3781</ele>
        <time>2017-09-04T21:57:48.000Z</time>
        <extensions>
          <ns3:TrackPointExtension>
            <ns3:atemp>25.0</ns3:atemp>
            <ns3:cad>54</ns3:cad>
          </ns3:TrackPointExtension>
        </extensions>
      </trkpt>
      <trkpt lat="43.328903652727603912353515625" lon="-109.704471342265605926513671875">
        <ele>3780.60009765625</ele>
        <time>2017-09-04T21:57:51.000Z</time>
        <extensions>
          <ns3:TrackPointExtension>
            <ns3:atemp>25.0</ns3:atemp>
            <ns3:cad>47</ns3:cad>
          </ns3:TrackPointExtension>
        </extensions>
      </trkpt>
      <trkpt lat="43.3289903216063976287841796875" lon="-109.7045332007110118865966796875">
        <ele>3779.39990234375</ele>
        <time>2017-09-04T21:58:01.000Z</time>
        <extensions>
          <ns3:TrackPointExtension>
            <ns3:atemp>25.0</ns3:atemp>
            <ns3:cad>0</ns3:cad>
          </ns3:TrackPointExtension>
        </extensions>
      </trkpt>
      <trkpt lat="43.32902711816132068634033203125" lon="-109.7045533172786235809326171875">
        <ele>3779</ele>
        <time>2017-09-04T21:58:05.000Z</time>
        <extensions>
          <ns3:TrackPointExtension>
            <ns3:atemp>25.0</ns3:atemp>
            <ns3:cad>52</ns3:cad>
          </ns3:TrackPointExtension>
        </extensions>
      </trkpt>
      <trkpt lat="43.329040445387363433837890625" lon="-109.70460084266960620880126953125">
        <ele>3778.199951171875</ele>
        <time>2017-09-04T21:58:09.000Z</time>
        <extensions>
          <ns3:TrackPointExtension>
            <ns3:atemp>25.0</ns3:atemp>
            <ns3:cad>49</ns3:cad>
          </ns3:TrackPointExtension>
        </extensions>
      </trkpt>
      <trkpt lat="43.32905955612659454345703125" lon="-109.70462129451334476470947265625">
        <ele>3779.199951171875</ele>
        <time>2017-09-04T21:58:14.000Z</time>
        <extensions>
          <ns3:TrackPointExtension>
            <ns3:atemp>25.0</ns3:atemp>
            <ns3:cad>49</ns3:cad>
          </ns3:TrackPointExtension>
        </extensions>
      </trkpt>
      <trkpt lat="43.32910339348018169403076171875" lon="-109.704655073583126068115234375">
        <ele>3779.800048828125</ele>
        <time>2017-09-04T21:58:19.000Z</time>
        <extensions>
          <ns3:TrackPointExtension>
            <ns3:atemp>25.0</ns3:atemp>
            <ns3:cad>0</ns3:cad>
          </ns3:TrackPointExtension>
        </extensions>
      </trkpt>
      <trkpt lat="43.329159133136272430419921875" lon="-109.70472254790365695953369140625">
        <ele>3778.199951171875</ele>
        <time>2017-09-04T21:58:25.000Z</time>
        <extensions>
          <ns3:TrackPointExtension>
            <ns3:atemp>25.0</ns3:atemp>
            <ns3:cad>47</ns3:cad>
          </ns3:TrackPointExtension>
        </extensions>
      </trkpt>
      <trkpt lat="43.32918561995029449462890625" lon="-109.70477501861751079559326171875">
        <ele>3777.199951171875</ele>
        <time>2017-09-04T21:58:29.000Z</time>
        <extensions>
          <ns3:TrackPointExtension>
            <ns3:atemp>25.0</ns3:atemp>
            <ns3:cad>52</ns3:cad>
          </ns3:TrackPointExtension>
        </extensions>
      </trkpt>
      <trkpt lat="43.32920263521373271942138671875" lon="-109.70481558702886104583740234375">
        <ele>3776</ele>
        <time>2017-09-04T21:58:32.000Z</time>
        <extensions>
          <ns3:TrackPointExtension>
            <ns3:atemp>25.0</ns3:atemp>
            <ns3:cad>52</ns3:cad>
          </ns3:TrackPointExtension>
        </extensions>
      </trkpt>
      <trkpt lat="43.3292119391262531280517578125" lon="-109.704832099378108978271484375">
        <ele>3775.60009765625</ele>
        <time>2017-09-04T21:58:34.000Z</time>
        <extensions>
          <ns3:TrackPointExtension>
            <ns3:atemp>25.0</ns3:atemp>
            <ns3:cad>52</ns3:cad>
          </ns3:TrackPointExtension>
        </extensions>
      </trkpt>
      <trkpt lat="43.32922585308551788330078125" lon="-109.70483972690999507904052734375">
        <ele>3775.39990234375</ele>
        <time>2017-09-04T21:58:36.000Z</time>
        <extensions>
          <ns3:TrackPointExtension>
            <ns3:atemp>25.0</ns3:atemp>
            <ns3:cad>61</ns3:cad>
          </ns3:TrackPointExtension>
        </extensions>
      </trkpt>
      <trkpt lat="43.32927404902875423431396484375" lon="-109.70488398335874080657958984375">
        <ele>3774.60009765625</ele>
        <time>2017-09-04T21:58:44.000Z</time>
        <extensions>
          <ns3:TrackPointExtension>
            <ns3:atemp>25.0</ns3:atemp>
            <ns3:cad>61</ns3:cad>
          </ns3:TrackPointExtension>
        </extensions>
      </trkpt>
      <trkpt lat="43.329328112304210662841796875" lon="-109.704948775470256805419921875">
        <ele>3773.39990234375</ele>
        <time>2017-09-04T21:58:54.000Z</time>
        <extensions>
          <ns3:TrackPointExtension>
            <ns3:atemp>25.0</ns3:atemp>
            <ns3:cad>50</ns3:cad>
          </ns3:TrackPointExtension>
        </extensions>
      </trkpt>
      <trkpt lat="43.329363651573657989501953125" lon="-109.7049871645867824554443359375">
        <ele>3772.39990234375</ele>
        <time>2017-09-04T21:59:18.000Z</time>
        <extensions>
          <ns3:TrackPointExtension>
            <ns3:atemp>25.0</ns3:atemp>
            <ns3:cad>0</ns3:cad>
          </ns3:TrackPointExtension>
        </extensions>
      </trkpt>
      <trkpt lat="43.32935853861272335052490234375" lon="-109.70503150485455989837646484375">
        <ele>3772.199951171875</ele>
        <time>2017-09-04T21:59:22.000Z</time>
        <extensions>
          <ns3:TrackPointExtension>
            <ns3:atemp>25.0</ns3:atemp>
            <ns3:cad>0</ns3:cad>
          </ns3:TrackPointExtension>
        </extensions>
      </trkpt>
      <trkpt lat="43.32938469015061855316162109375" lon="-109.7050937823951244354248046875">
        <ele>3771.39990234375</ele>
        <time>2017-09-04T21:59:27.000Z</time>
        <extensions>
          <ns3:TrackPointExtension>
            <ns3:atemp>25.0</ns3:atemp>
            <ns3:cad>0</ns3:cad>
          </ns3:TrackPointExtension>
        </extensions>
      </trkpt>
      <trkpt lat="43.3294154517352581024169921875" lon="-109.7051906771957874298095703125">
        <ele>3770.199951171875</ele>
        <time>2017-09-04T21:59:34.000Z</time>
        <extensions>
          <ns3:TrackPointExtension>
            <ns3:atemp>25.0</ns3:atemp>
            <ns3:cad>49</ns3:cad>
          </ns3:TrackPointExtension>
        </extensions>
      </trkpt>
      <trkpt lat="43.329417295753955841064453125" lon="-109.705203585326671600341796875">
        <ele>3770</ele>
        <time>2017-09-04T21:59:35.000Z</time>
        <extensions>
          <ns3:TrackPointExtension>
            <ns3:atemp>25.0</ns3:atemp>
            <ns3:cad>50</ns3:cad>
          </ns3:TrackPointExtension>
        </extensions>
      </trkpt>
      <trkpt lat="43.3293981850147247314453125" lon="-109.70525396056473255157470703125">
        <ele>3769.199951171875</ele>
        <time>2017-09-04T21:59:39.000Z</time>
        <extensions>
          <ns3:TrackPointExtension>
            <ns3:atemp>25.0</ns3:atemp>
            <ns3:cad>47</ns3:cad>
          </ns3:TrackPointExtension>
        </extensions>
      </trkpt>
      <trkpt lat="43.32938653416931629180908203125" lon="-109.70532889477908611297607421875">
        <ele>3768</ele>
        <time>2017-09-04T21:59:45.000Z</time>
        <extensions>
          <ns3:TrackPointExtension>
            <ns3:atemp>25.0</ns3:atemp>
            <ns3:cad>52</ns3:cad>
          </ns3:TrackPointExtension>
        </extensions>
      </trkpt>
      <trkpt lat="43.32938502542674541473388671875" lon="-109.70536812208592891693115234375">
        <ele>3766.800048828125</ele>
        <time>2017-09-04T21:59:49.000Z</time>
        <extensions>
          <ns3:TrackPointExtension>
            <ns3:atemp>25.0</ns3:atemp>
            <ns3:cad>53</ns3:cad>
          </ns3:TrackPointExtension>
        </extensions>
      </trkpt>
      <trkpt lat="43.3293886296451091766357421875" lon="-109.70541455782949924468994140625">
        <ele>3765.800048828125</ele>
        <time>2017-09-04T21:59:54.000Z</time>
        <extensions>
          <ns3:TrackPointExtension>
            <ns3:atemp>25.0</ns3:atemp>
            <ns3:cad>52</ns3:cad>
          </ns3:TrackPointExtension>
        </extensions>
      </trkpt>
      <trkpt lat="43.3293946646153926849365234375" lon="-109.70549200661480426788330078125">
        <ele>3764.60009765625</ele>
        <time>2017-09-04T22:00:02.000Z</time>
        <extensions>
          <ns3:TrackPointExtension>
            <ns3:atemp>25.0</ns3:atemp>
            <ns3:cad>45</ns3:cad>
          </ns3:TrackPointExtension>
        </extensions>
      </trkpt>
      <trkpt lat="43.32940463908016681671142578125" lon="-109.7055279649794101715087890625">
        <ele>3763.60009765625</ele>
        <time>2017-09-04T22:00:06.000Z</time>
        <extensions>
          <ns3:TrackPointExtension>
            <ns3:atemp>25.0</ns3:atemp>
            <ns3:cad>45</ns3:cad>
          </ns3:TrackPointExtension>
        </extensions>
      </trkpt>
      <trkpt lat="43.329419307410717010498046875" lon="-109.7056248597800731658935546875">
        <ele>3762.39990234375</ele>
        <time>2017-09-04T22:00:15.000Z</time>
        <extensions>
          <ns3:TrackPointExtension>
            <ns3:atemp>25.0</ns3:atemp>
            <ns3:cad>47</ns3:cad>
          </ns3:TrackPointExtension>
        </extensions>
      </trkpt>
      <trkpt lat="43.32944470457732677459716796875" lon="-109.7057425417006015777587890625">
        <ele>3761.199951171875</ele>
        <time>2017-09-04T22:00:27.000Z</time>
        <extensions>
          <ns3:TrackPointExtension>
            <ns3:atemp>25.0</ns3:atemp>
            <ns3:cad>46</ns3:cad>
          </ns3:TrackPointExtension>
        </extensions>
      </trkpt>
      <trkpt lat="43.32946431823074817657470703125" lon="-109.70577782951295375823974609375">
        <ele>3760.199951171875</ele>
        <time>2017-09-04T22:00:52.000Z</time>
        <extensions>
          <ns3:TrackPointExtension>
            <ns3:atemp>25.0</ns3:atemp>
            <ns3:cad>61</ns3:cad>
          </ns3:TrackPointExtension>
        </extensions>
      </trkpt>
      <trkpt lat="43.32947370596230030059814453125" lon="-109.70582862384617328643798828125">
        <ele>3759.39990234375</ele>
        <time>2017-09-04T22:00:56.000Z</time>
        <extensions>
          <ns3:TrackPointExtension>
            <ns3:atemp>25.0</ns3:atemp>
            <ns3:cad>47</ns3:cad>
          </ns3:TrackPointExtension>
        </extensions>
      </trkpt>
      <trkpt lat="43.32947839982807636260986328125" lon="-109.70585712231695652008056640625">
        <ele>3759</ele>
        <time>2017-09-04T22:00:59.000Z</time>
        <extensions>
          <ns3:TrackPointExtension>
            <ns3:atemp>25.0</ns3:atemp>
            <ns3:cad>54</ns3:cad>
          </ns3:TrackPointExtension>
        </extensions>
      </trkpt>
      <trkpt lat="43.3294952474534511566162109375" lon="-109.70592283643782138824462890625">
        <ele>3757.800048828125</ele>
        <time>2017-09-04T22:01:07.000Z</time>
        <extensions>
          <ns3:TrackPointExtension>
            <ns3:atemp>25.0</ns3:atemp>
            <ns3:cad>54</ns3:cad>
          </ns3:TrackPointExtension>
        </extensions>
      </trkpt>
      <trkpt lat="43.32947303541004657745361328125" lon="-109.706015288829803466796875">
        <ele>3757.199951171875</ele>
        <time>2017-09-04T22:01:17.000Z</time>
        <extensions>
          <ns3:TrackPointExtension>
            <ns3:atemp>24.0</ns3:atemp>
            <ns3:cad>0</ns3:cad>
          </ns3:TrackPointExtension>
        </extensions>
      </trkpt>
      <trkpt lat="43.32946599461138248443603515625" lon="-109.706051163375377655029296875">
        <ele>3756.60009765625</ele>
        <time>2017-09-04T22:01:20.000Z</time>
        <extensions>
          <ns3:TrackPointExtension>
            <ns3:atemp>24.0</ns3:atemp>
            <ns3:cad>46</ns3:cad>
          </ns3:TrackPointExtension>
        </extensions>
      </trkpt>
      <trkpt lat="43.32946968264877796173095703125" lon="-109.70610606484115123748779296875">
        <ele>3755.60009765625</ele>
        <time>2017-09-04T22:01:25.000Z</time>
        <extensions>
          <ns3:TrackPointExtension>
            <ns3:atemp>24.0</ns3:atemp>
            <ns3:cad>46</ns3:cad>
          </ns3:TrackPointExtension>
        </extensions>
      </trkpt>
      <trkpt lat="43.3294774778187274932861328125" lon="-109.7061244212090969085693359375">
        <ele>3754.60009765625</ele>
        <time>2017-09-04T22:01:27.000Z</time>
        <extensions>
          <ns3:TrackPointExtension>
            <ns3:atemp>24.0</ns3:atemp>
            <ns3:cad>46</ns3:cad>
          </ns3:TrackPointExtension>
        </extensions>
      </trkpt>
      <trkpt lat="43.32948594354093074798583984375" lon="-109.706143699586391448974609375">
        <ele>3753.60009765625</ele>
        <time>2017-09-04T22:01:29.000Z</time>
        <extensions>
          <ns3:TrackPointExtension>
            <ns3:atemp>24.0</ns3:atemp>
            <ns3:cad>0</ns3:cad>
          </ns3:TrackPointExtension>
        </extensions>
      </trkpt>
      <trkpt lat="43.32948829047381877899169921875" lon="-109.70615283586084842681884765625">
        <ele>3753.39990234375</ele>
        <time>2017-09-04T22:01:30.000Z</time>
        <extensions>
          <ns3:TrackPointExtension>
            <ns3:atemp>24.0</ns3:atemp>
            <ns3:cad>0</ns3:cad>
          </ns3:TrackPointExtension>
        </extensions>
      </trkpt>
      <trkpt lat="43.32949248142540454864501953125" lon="-109.70624855719506740570068359375">
        <ele>3754.199951171875</ele>
        <time>2017-09-04T22:01:39.000Z</time>
        <extensions>
          <ns3:TrackPointExtension>
            <ns3:atemp>24.0</ns3:atemp>
            <ns3:cad>46</ns3:cad>
          </ns3:TrackPointExtension>
        </extensions>
      </trkpt>
      <trkpt lat="43.329491056501865386962890625" lon="-109.7062592022120952606201171875">
        <ele>3754.199951171875</ele>
        <time>2017-09-04T22:01:40.000Z</time>
        <extensions>
          <ns3:TrackPointExtension>
            <ns3:atemp>24.0</ns3:atemp>
            <ns3:cad>46</ns3:cad>
          </ns3:TrackPointExtension>
        </extensions>
      </trkpt>
      <trkpt lat="43.329483009874820709228515625" lon="-109.7063467092812061309814453125">
        <ele>3753.39990234375</ele>
        <time>2017-09-04T22:01:48.000Z</time>
        <extensions>
          <ns3:TrackPointExtension>
            <ns3:atemp>24.0</ns3:atemp>
            <ns3:cad>50</ns3:cad>
          </ns3:TrackPointExtension>
        </extensions>
      </trkpt>
      <trkpt lat="43.32950840704143047332763671875" lon="-109.70638702623546123504638671875">
        <ele>3753.199951171875</ele>
        <time>2017-09-04T22:01:53.000Z</time>
        <extensions>
          <ns3:TrackPointExtension>
            <ns3:atemp>24.0</ns3:atemp>
            <ns3:cad>0</ns3:cad>
          </ns3:TrackPointExtension>
        </extensions>
      </trkpt>
      <trkpt lat="43.3295130170881748199462890625" lon="-109.706384427845478057861328125">
        <ele>3752.199951171875</ele>
        <time>2017-09-04T22:01:58.000Z</time>
        <extensions>
          <ns3:TrackPointExtension>
            <ns3:atemp>24.0</ns3:atemp>
            <ns3:cad>0</ns3:cad>
          </ns3:TrackPointExtension>
        </extensions>
      </trkpt>
      <trkpt lat="43.32951150834560394287109375" lon="-109.706384427845478057861328125">
        <ele>3751.199951171875</ele>
        <time>2017-09-04T22:02:02.000Z</time>
        <extensions>
          <ns3:TrackPointExtension>
            <ns3:atemp>24.0</ns3:atemp>
            <ns3:cad>0</ns3:cad>
          </ns3:TrackPointExtension>
        </extensions>
      </trkpt>
      <trkpt lat="43.3295081555843353271484375" lon="-109.706392474472522735595703125">
        <ele>3752.199951171875</ele>
        <time>2017-09-04T22:02:36.000Z</time>
        <extensions>
          <ns3:TrackPointExtension>
            <ns3:atemp>24.0</ns3:atemp>
            <ns3:cad>0</ns3:cad>
          </ns3:TrackPointExtension>
        </extensions>
      </trkpt>
      <trkpt lat="43.329581581056118011474609375" lon="-109.7064335457980632781982421875">
        <ele>3752</ele>
        <time>2017-09-04T22:05:35.000Z</time>
        <extensions>
          <ns3:TrackPointExtension>
            <ns3:atemp>25.0</ns3:atemp>
            <ns3:cad>0</ns3:cad>
          </ns3:TrackPointExtension>
        </extensions>
      </trkpt>
      <trkpt lat="43.32964159548282623291015625" lon="-109.7065445221960544586181640625">
        <ele>3747</ele>
        <time>2017-09-04T22:06:05.000Z</time>
        <extensions>
          <ns3:TrackPointExtension>
            <ns3:atemp>25.0</ns3:atemp>
            <ns3:cad>0</ns3:cad>
          </ns3:TrackPointExtension>
        </extensions>
      </trkpt>
      <trkpt lat="43.3296665735542774200439453125" lon="-109.7066011838614940643310546875">
        <ele>3748.199951171875</ele>
        <time>2017-09-04T22:06:17.000Z</time>
        <extensions>
          <ns3:TrackPointExtension>
            <ns3:atemp>25.0</ns3:atemp>
            <ns3:cad>0</ns3:cad>
          </ns3:TrackPointExtension>
        </extensions>
      </trkpt>
      <trkpt lat="43.32966707646846771240234375" lon="-109.70665323548018932342529296875">
        <ele>3747.60009765625</ele>
        <time>2017-09-04T22:06:23.000Z</time>
        <extensions>
          <ns3:TrackPointExtension>
            <ns3:atemp>25.0</ns3:atemp>
            <ns3:cad>0</ns3:cad>
          </ns3:TrackPointExtension>
        </extensions>
      </trkpt>
      <trkpt lat="43.32965877838432788848876953125" lon="-109.706678800284862518310546875">
        <ele>3747</ele>
        <time>2017-09-04T22:06:25.000Z</time>
        <extensions>
          <ns3:TrackPointExtension>
            <ns3:atemp>25.0</ns3:atemp>
            <ns3:cad>0</ns3:cad>
          </ns3:TrackPointExtension>
        </extensions>
      </trkpt>
      <trkpt lat="43.3296598680317401885986328125" lon="-109.706715680658817291259765625">
        <ele>3746</ele>
        <time>2017-09-04T22:06:28.000Z</time>
        <extensions>
          <ns3:TrackPointExtension>
            <ns3:atemp>25.0</ns3:atemp>
            <ns3:cad>0</ns3:cad>
          </ns3:TrackPointExtension>
        </extensions>
      </trkpt>
      <trkpt lat="43.329666741192340850830078125" lon="-109.70672599039971828460693359375">
        <ele>3745.800048828125</ele>
        <time>2017-09-04T22:06:29.000Z</time>
        <extensions>
          <ns3:TrackPointExtension>
            <ns3:atemp>25.0</ns3:atemp>
            <ns3:cad>0</ns3:cad>
          </ns3:TrackPointExtension>
        </extensions>
      </trkpt>
      <trkpt lat="43.329674117267131805419921875" lon="-109.70673403702676296234130859375">
        <ele>3745.800048828125</ele>
        <time>2017-09-04T22:06:30.000Z</time>
        <extensions>
          <ns3:TrackPointExtension>
            <ns3:atemp>25.0</ns3:atemp>
            <ns3:cad>0</ns3:cad>
          </ns3:TrackPointExtension>
        </extensions>
      </trkpt>
      <trkpt lat="43.3296843431890010833740234375" lon="-109.706751890480518341064453125">
        <ele>3745.60009765625</ele>
        <time>2017-09-04T22:06:32.000Z</time>
        <extensions>
          <ns3:TrackPointExtension>
            <ns3:atemp>25.0</ns3:atemp>
            <ns3:cad>0</ns3:cad>
          </ns3:TrackPointExtension>
        </extensions>
      </trkpt>
      <trkpt lat="43.32973706535995006561279296875" lon="-109.70683537423610687255859375">
        <ele>3744.800048828125</ele>
        <time>2017-09-04T22:06:43.000Z</time>
        <extensions>
          <ns3:TrackPointExtension>
            <ns3:atemp>25.0</ns3:atemp>
            <ns3:cad>51</ns3:cad>
          </ns3:TrackPointExtension>
        </extensions>
      </trkpt>
      <trkpt lat="43.32975416444242000579833984375" lon="-109.70685440115630626678466796875">
        <ele>3743.60009765625</ele>
        <time>2017-09-04T22:06:47.000Z</time>
        <extensions>
          <ns3:TrackPointExtension>
            <ns3:atemp>25.0</ns3:atemp>
            <ns3:cad>51</ns3:cad>
          </ns3:TrackPointExtension>
        </extensions>
      </trkpt>
      <trkpt lat="43.3297738619148731231689453125" lon="-109.70687351189553737640380859375">
        <ele>3743.199951171875</ele>
        <time>2017-09-04T22:06:50.000Z</time>
        <extensions>
          <ns3:TrackPointExtension>
            <ns3:atemp>25.0</ns3:atemp>
            <ns3:cad>63</ns3:cad>
          </ns3:TrackPointExtension>
        </extensions>
      </trkpt>
      <trkpt lat="43.32978517748415470123291015625" lon="-109.70687217079102993011474609375">
        <ele>3742.39990234375</ele>
        <time>2017-09-04T22:06:53.000Z</time>
        <extensions>
          <ns3:TrackPointExtension>
            <ns3:atemp>25.0</ns3:atemp>
            <ns3:cad>0</ns3:cad>
          </ns3:TrackPointExtension>
        </extensions>
      </trkpt>
      <trkpt lat="43.32980730570852756500244140625" lon="-109.70686228014528751373291015625">
        <ele>3741.60009765625</ele>
        <time>2017-09-04T22:06:55.000Z</time>
        <extensions>
          <ns3:TrackPointExtension>
            <ns3:atemp>25.0</ns3:atemp>
            <ns3:cad>46</ns3:cad>
          </ns3:TrackPointExtension>
        </extensions>
      </trkpt>
      <trkpt lat="43.3298271708190441131591796875" lon="-109.70685943029820919036865234375">
        <ele>3741.39990234375</ele>
        <time>2017-09-04T22:06:57.000Z</time>
        <extensions>
          <ns3:TrackPointExtension>
            <ns3:atemp>25.0</ns3:atemp>
            <ns3:cad>46</ns3:cad>
          </ns3:TrackPointExtension>
        </extensions>
      </trkpt>
      <trkpt lat="43.32983563654124736785888671875" lon="-109.7068603523075580596923828125">
        <ele>3741.199951171875</ele>
        <time>2017-09-04T22:06:58.000Z</time>
        <extensions>
          <ns3:TrackPointExtension>
            <ns3:atemp>25.0</ns3:atemp>
            <ns3:cad>46</ns3:cad>
          </ns3:TrackPointExtension>
        </extensions>
      </trkpt>
      <trkpt lat="43.32990939728915691375732421875" lon="-109.70691458322107791900634765625">
        <ele>3741.800048828125</ele>
        <time>2017-09-04T22:07:20.000Z</time>
        <extensions>
          <ns3:TrackPointExtension>
            <ns3:atemp>25.0</ns3:atemp>
            <ns3:cad>0</ns3:cad>
          </ns3:TrackPointExtension>
        </extensions>
      </trkpt>
      <trkpt lat="43.329955078661441802978515625" lon="-109.7069518826901912689208984375">
        <ele>3741.199951171875</ele>
        <time>2017-09-04T22:07:26.000Z</time>
        <extensions>
          <ns3:TrackPointExtension>
            <ns3:atemp>25.0</ns3:atemp>
            <ns3:cad>48</ns3:cad>
          </ns3:TrackPointExtension>
        </extensions>
      </trkpt>
      <trkpt lat="43.32997460849583148956298828125" lon="-109.70696319825947284698486328125">
        <ele>3740</ele>
        <time>2017-09-04T22:07:29.000Z</time>
        <extensions>
          <ns3:TrackPointExtension>
            <ns3:atemp>25.0</ns3:atemp>
            <ns3:cad>48</ns3:cad>
          </ns3:TrackPointExtension>
        </extensions>
      </trkpt>
      <trkpt lat="43.33001668564975261688232421875" lon="-109.70695230178534984588623046875">
        <ele>3738.800048828125</ele>
        <time>2017-09-04T22:07:35.000Z</time>
        <extensions>
          <ns3:TrackPointExtension>
            <ns3:atemp>25.0</ns3:atemp>
            <ns3:cad>0</ns3:cad>
          </ns3:TrackPointExtension>
        </extensions>
      </trkpt>
      <trkpt lat="43.3300370536744594573974609375" lon="-109.7069150023162364959716796875">
        <ele>3738.800048828125</ele>
        <time>2017-09-04T22:07:39.000Z</time>
        <extensions>
          <ns3:TrackPointExtension>
            <ns3:atemp>25.0</ns3:atemp>
            <ns3:cad>46</ns3:cad>
          </ns3:TrackPointExtension>
        </extensions>
      </trkpt>
      <trkpt lat="43.33014057017862796783447265625" lon="-109.7070921957492828369140625">
        <ele>3737.800048828125</ele>
        <time>2017-09-04T22:07:57.000Z</time>
        <extensions>
          <ns3:TrackPointExtension>
            <ns3:atemp>25.0</ns3:atemp>
            <ns3:cad>47</ns3:cad>
          </ns3:TrackPointExtension>
        </extensions>
      </trkpt>
      <trkpt lat="43.3301031030714511871337890625" lon="-109.7072650305926799774169921875">
        <ele>3736.60009765625</ele>
        <time>2017-09-04T22:08:09.000Z</time>
        <extensions>
          <ns3:TrackPointExtension>
            <ns3:atemp>25.0</ns3:atemp>
            <ns3:cad>61</ns3:cad>
          </ns3:TrackPointExtension>
        </extensions>
      </trkpt>
      <trkpt lat="43.330091871321201324462890625" lon="-109.707336612045764923095703125">
        <ele>3735.60009765625</ele>
        <time>2017-09-04T22:08:15.000Z</time>
        <extensions>
          <ns3:TrackPointExtension>
            <ns3:atemp>25.0</ns3:atemp>
            <ns3:cad>61</ns3:cad>
          </ns3:TrackPointExtension>
        </extensions>
      </trkpt>
      <trkpt lat="43.33009027875959873199462890625" lon="-109.70741875469684600830078125">
        <ele>3734.60009765625</ele>
        <time>2017-09-04T22:08:22.000Z</time>
        <extensions>
          <ns3:TrackPointExtension>
            <ns3:atemp>25.0</ns3:atemp>
            <ns3:cad>46</ns3:cad>
          </ns3:TrackPointExtension>
        </extensions>
      </trkpt>
      <trkpt lat="43.33008172921836376190185546875" lon="-109.7075560502707958221435546875">
        <ele>3733.800048828125</ele>
        <time>2017-09-04T22:08:38.000Z</time>
        <extensions>
          <ns3:TrackPointExtension>
            <ns3:atemp>25.0</ns3:atemp>
            <ns3:cad>61</ns3:cad>
          </ns3:TrackPointExtension>
        </extensions>
      </trkpt>
      <trkpt lat="43.33007686771452426910400390625" lon="-109.70763425342738628387451171875">
        <ele>3733.60009765625</ele>
        <time>2017-09-04T22:08:44.000Z</time>
        <extensions>
          <ns3:TrackPointExtension>
            <ns3:atemp>25.0</ns3:atemp>
            <ns3:cad>60</ns3:cad>
          </ns3:TrackPointExtension>
        </extensions>
      </trkpt>
      <trkpt lat="43.3300662226974964141845703125" lon="-109.7076995484530925750732421875">
        <ele>3732.39990234375</ele>
        <time>2017-09-04T22:08:49.000Z</time>
        <extensions>
          <ns3:TrackPointExtension>
            <ns3:atemp>25.0</ns3:atemp>
            <ns3:cad>60</ns3:cad>
          </ns3:TrackPointExtension>
        </extensions>
      </trkpt>
      <trkpt lat="43.3300392329692840576171875" lon="-109.70783290453255176544189453125">
        <ele>3731.39990234375</ele>
        <time>2017-09-04T22:09:01.000Z</time>
        <extensions>
          <ns3:TrackPointExtension>
            <ns3:atemp>25.0</ns3:atemp>
            <ns3:cad>61</ns3:cad>
          </ns3:TrackPointExtension>
        </extensions>
      </trkpt>
      <trkpt lat="43.33003462292253971099853515625" lon="-109.7078809328377246856689453125">
        <ele>3730.800048828125</ele>
        <time>2017-09-04T22:09:05.000Z</time>
        <extensions>
          <ns3:TrackPointExtension>
            <ns3:atemp>25.0</ns3:atemp>
            <ns3:cad>61</ns3:cad>
          </ns3:TrackPointExtension>
        </extensions>
      </trkpt>
      <trkpt lat="43.3300296775996685028076171875" lon="-109.7079215012490749359130859375">
        <ele>3730.60009765625</ele>
        <time>2017-09-04T22:09:08.000Z</time>
        <extensions>
          <ns3:TrackPointExtension>
            <ns3:atemp>25.0</ns3:atemp>
            <ns3:cad>61</ns3:cad>
          </ns3:TrackPointExtension>
        </extensions>
      </trkpt>
      <trkpt lat="43.33002624101936817169189453125" lon="-109.70794086344540119171142578125">
        <ele>3730.199951171875</ele>
        <time>2017-09-04T22:09:10.000Z</time>
        <extensions>
          <ns3:TrackPointExtension>
            <ns3:atemp>25.0</ns3:atemp>
            <ns3:cad>61</ns3:cad>
          </ns3:TrackPointExtension>
        </extensions>
      </trkpt>
      <trkpt lat="43.33002305589616298675537109375" lon="-109.70802468247711658477783203125">
        <ele>3729.199951171875</ele>
        <time>2017-09-04T22:09:17.000Z</time>
        <extensions>
          <ns3:TrackPointExtension>
            <ns3:atemp>25.0</ns3:atemp>
            <ns3:cad>61</ns3:cad>
          </ns3:TrackPointExtension>
        </extensions>
      </trkpt>
      <trkpt lat="43.3300249837338924407958984375" lon="-109.7080639936029911041259765625">
        <ele>3728.800048828125</ele>
        <time>2017-09-04T22:09:21.000Z</time>
        <extensions>
          <ns3:TrackPointExtension>
            <ns3:atemp>25.0</ns3:atemp>
            <ns3:cad>0</ns3:cad>
          </ns3:TrackPointExtension>
        </extensions>
      </trkpt>
      <trkpt lat="43.33006580360233783721923828125" lon="-109.70812560059130191802978515625">
        <ele>3728.199951171875</ele>
        <time>2017-09-04T22:09:27.000Z</time>
        <extensions>
          <ns3:TrackPointExtension>
            <ns3:atemp>25.0</ns3:atemp>
            <ns3:cad>61</ns3:cad>
          </ns3:TrackPointExtension>
        </extensions>
      </trkpt>
      <trkpt lat="43.33008206449449062347412109375" lon="-109.70824127085506916046142578125">
        <ele>3727</ele>
        <time>2017-09-04T22:09:37.000Z</time>
        <extensions>
          <ns3:TrackPointExtension>
            <ns3:atemp>25.0</ns3:atemp>
            <ns3:cad>47</ns3:cad>
          </ns3:TrackPointExtension>
        </extensions>
      </trkpt>
      <trkpt lat="43.3300990797579288482666015625" lon="-109.7083781473338603973388671875">
        <ele>3726.800048828125</ele>
        <time>2017-09-04T22:09:50.000Z</time>
        <extensions>
          <ns3:TrackPointExtension>
            <ns3:atemp>25.0</ns3:atemp>
            <ns3:cad>53</ns3:cad>
          </ns3:TrackPointExtension>
        </extensions>
      </trkpt>
      <trkpt lat="43.33011500537395477294921875" lon="-109.7085233218967914581298828125">
        <ele>3726.39990234375</ele>
        <time>2017-09-04T22:10:02.000Z</time>
        <extensions>
          <ns3:TrackPointExtension>
            <ns3:atemp>25.0</ns3:atemp>
            <ns3:cad>48</ns3:cad>
          </ns3:TrackPointExtension>
        </extensions>
      </trkpt>
      <trkpt lat="43.33010821603238582611083984375" lon="-109.70862901769578456878662109375">
        <ele>3726.39990234375</ele>
        <time>2017-09-04T22:10:10.000Z</time>
        <extensions>
          <ns3:TrackPointExtension>
            <ns3:atemp>25.0</ns3:atemp>
            <ns3:cad>0</ns3:cad>
          </ns3:TrackPointExtension>
        </extensions>
      </trkpt>
      <trkpt lat="43.33010385744273662567138671875" lon="-109.7087001800537109375">
        <ele>3725.800048828125</ele>
        <time>2017-09-04T22:10:23.000Z</time>
        <extensions>
          <ns3:TrackPointExtension>
            <ns3:atemp>25.0</ns3:atemp>
            <ns3:cad>61</ns3:cad>
          </ns3:TrackPointExtension>
        </extensions>
      </trkpt>
      <trkpt lat="43.3301024325191974639892578125" lon="-109.70874845981597900390625">
        <ele>3724.800048828125</ele>
        <time>2017-09-04T22:10:29.000Z</time>
        <extensions>
          <ns3:TrackPointExtension>
            <ns3:atemp>25.0</ns3:atemp>
            <ns3:cad>0</ns3:cad>
          </ns3:TrackPointExtension>
        </extensions>
      </trkpt>
      <trkpt lat="43.33009757101535797119140625" lon="-109.7088562510907649993896484375">
        <ele>3724</ele>
        <time>2017-09-04T22:10:38.000Z</time>
        <extensions>
          <ns3:TrackPointExtension>
            <ns3:atemp>25.0</ns3:atemp>
            <ns3:cad>0</ns3:cad>
          </ns3:TrackPointExtension>
        </extensions>
      </trkpt>
      <trkpt lat="43.3301000855863094329833984375" lon="-109.70890511758625507354736328125">
        <ele>3723.60009765625</ele>
        <time>2017-09-04T22:10:42.000Z</time>
        <extensions>
          <ns3:TrackPointExtension>
            <ns3:atemp>25.0</ns3:atemp>
            <ns3:cad>61</ns3:cad>
          </ns3:TrackPointExtension>
        </extensions>
      </trkpt>
      <trkpt lat="43.330099582672119140625" lon="-109.7089186124503612518310546875">
        <ele>3723.60009765625</ele>
        <time>2017-09-04T22:10:44.000Z</time>
        <extensions>
          <ns3:TrackPointExtension>
            <ns3:atemp>25.0</ns3:atemp>
            <ns3:cad>61</ns3:cad>
          </ns3:TrackPointExtension>
        </extensions>
      </trkpt>
      <trkpt lat="43.33008290268480777740478515625" lon="-109.708976112306118011474609375">
        <ele>3723.39990234375</ele>
        <time>2017-09-04T22:10:48.000Z</time>
        <extensions>
          <ns3:TrackPointExtension>
            <ns3:atemp>25.0</ns3:atemp>
            <ns3:cad>61</ns3:cad>
          </ns3:TrackPointExtension>
        </extensions>
      </trkpt>
      <trkpt lat="43.330092541873455047607421875" lon="-109.70912841148674488067626953125">
        <ele>3724.60009765625</ele>
        <time>2017-09-04T22:11:01.000Z</time>
        <extensions>
          <ns3:TrackPointExtension>
            <ns3:atemp>25.0</ns3:atemp>
            <ns3:cad>0</ns3:cad>
          </ns3:TrackPointExtension>
        </extensions>
      </trkpt>
      <trkpt lat="43.3301014266908168792724609375" lon="-109.70912673510611057281494140625">
        <ele>3724.800048828125</ele>
        <time>2017-09-04T22:11:04.000Z</time>
        <extensions>
          <ns3:TrackPointExtension>
            <ns3:atemp>25.0</ns3:atemp>
            <ns3:cad>0</ns3:cad>
          </ns3:TrackPointExtension>
        </extensions>
      </trkpt>
      <trkpt lat="43.33013369701802730560302734375" lon="-109.709179289638996124267578125">
        <ele>3724</ele>
        <time>2017-09-04T22:11:15.000Z</time>
        <extensions>
          <ns3:TrackPointExtension>
            <ns3:atemp>25.0</ns3:atemp>
            <ns3:cad>61</ns3:cad>
          </ns3:TrackPointExtension>
        </extensions>
      </trkpt>
      <trkpt lat="43.3301342837512493133544921875" lon="-109.70933292992413043975830078125">
        <ele>3723.60009765625</ele>
        <time>2017-09-04T22:11:30.000Z</time>
        <extensions>
          <ns3:TrackPointExtension>
            <ns3:atemp>25.0</ns3:atemp>
            <ns3:cad>45</ns3:cad>
          </ns3:TrackPointExtension>
        </extensions>
      </trkpt>
      <trkpt lat="43.330146186053752899169921875" lon="-109.70941155217587947845458984375">
        <ele>3722.39990234375</ele>
        <time>2017-09-04T22:11:41.000Z</time>
        <extensions>
          <ns3:TrackPointExtension>
            <ns3:atemp>25.0</ns3:atemp>
            <ns3:cad>46</ns3:cad>
          </ns3:TrackPointExtension>
        </extensions>
      </trkpt>
      <trkpt lat="43.3301356248557567596435546875" lon="-109.7095194272696971893310546875">
        <ele>3722</ele>
        <time>2017-09-04T22:11:51.000Z</time>
        <extensions>
          <ns3:TrackPointExtension>
            <ns3:atemp>25.0</ns3:atemp>
            <ns3:cad>61</ns3:cad>
          </ns3:TrackPointExtension>
        </extensions>
      </trkpt>
      <trkpt lat="43.330141492187976837158203125" lon="-109.7095663659274578094482421875">
        <ele>3721.199951171875</ele>
        <time>2017-09-04T22:11:54.000Z</time>
        <extensions>
          <ns3:TrackPointExtension>
            <ns3:atemp>25.0</ns3:atemp>
            <ns3:cad>61</ns3:cad>
          </ns3:TrackPointExtension>
        </extensions>
      </trkpt>
      <trkpt lat="43.3301599323749542236328125" lon="-109.70960014499723911285400390625">
        <ele>3720.199951171875</ele>
        <time>2017-09-04T22:11:58.000Z</time>
        <extensions>
          <ns3:TrackPointExtension>
            <ns3:atemp>25.0</ns3:atemp>
            <ns3:cad>0</ns3:cad>
          </ns3:TrackPointExtension>
        </extensions>
      </trkpt>
      <trkpt lat="43.3301714994013309478759765625" lon="-109.7096190042793750762939453125">
        <ele>3720.199951171875</ele>
        <time>2017-09-04T22:12:00.000Z</time>
        <extensions>
          <ns3:TrackPointExtension>
            <ns3:atemp>25.0</ns3:atemp>
            <ns3:cad>0</ns3:cad>
          </ns3:TrackPointExtension>
        </extensions>
      </trkpt>
      <trkpt lat="43.330163620412349700927734375" lon="-109.70970240421593189239501953125">
        <ele>3719</ele>
        <time>2017-09-04T22:12:09.000Z</time>
        <extensions>
          <ns3:TrackPointExtension>
            <ns3:atemp>25.0</ns3:atemp>
            <ns3:cad>61</ns3:cad>
          </ns3:TrackPointExtension>
        </extensions>
      </trkpt>
      <trkpt lat="43.330161608755588531494140625" lon="-109.7097360156476497650146484375">
        <ele>3717.800048828125</ele>
        <time>2017-09-04T22:12:13.000Z</time>
        <extensions>
          <ns3:TrackPointExtension>
            <ns3:atemp>25.0</ns3:atemp>
            <ns3:cad>0</ns3:cad>
          </ns3:TrackPointExtension>
        </extensions>
      </trkpt>
      <trkpt lat="43.33016722463071346282958984375" lon="-109.70978035591542720794677734375">
        <ele>3716.800048828125</ele>
        <time>2017-09-04T22:12:18.000Z</time>
        <extensions>
          <ns3:TrackPointExtension>
            <ns3:atemp>25.0</ns3:atemp>
            <ns3:cad>0</ns3:cad>
          </ns3:TrackPointExtension>
        </extensions>
      </trkpt>
      <trkpt lat="43.33019672892987728118896484375" lon="-109.7098510153591632843017578125">
        <ele>3715.60009765625</ele>
        <time>2017-09-04T22:12:29.000Z</time>
        <extensions>
          <ns3:TrackPointExtension>
            <ns3:atemp>25.0</ns3:atemp>
            <ns3:cad>40</ns3:cad>
          </ns3:TrackPointExtension>
        </extensions>
      </trkpt>
      <trkpt lat="43.33016823045909404754638671875" lon="-109.7099281288683414459228515625">
        <ele>3714.60009765625</ele>
        <time>2017-09-04T22:12:36.000Z</time>
        <extensions>
          <ns3:TrackPointExtension>
            <ns3:atemp>25.0</ns3:atemp>
            <ns3:cad>47</ns3:cad>
          </ns3:TrackPointExtension>
        </extensions>
      </trkpt>
      <trkpt lat="43.33016923628747463226318359375" lon="-109.7099643386900424957275390625">
        <ele>3714.199951171875</ele>
        <time>2017-09-04T22:12:39.000Z</time>
        <extensions>
          <ns3:TrackPointExtension>
            <ns3:atemp>25.0</ns3:atemp>
            <ns3:cad>51</ns3:cad>
          </ns3:TrackPointExtension>
        </extensions>
      </trkpt>
      <trkpt lat="43.3301939629018306732177734375" lon="-109.7100015543401241302490234375">
        <ele>3713.60009765625</ele>
        <time>2017-09-04T22:12:44.000Z</time>
        <extensions>
          <ns3:TrackPointExtension>
            <ns3:atemp>25.0</ns3:atemp>
            <ns3:cad>61</ns3:cad>
          </ns3:TrackPointExtension>
        </extensions>
      </trkpt>
      <trkpt lat="43.33020192570984363555908203125" lon="-109.710054360330104827880859375">
        <ele>3713.199951171875</ele>
        <time>2017-09-04T22:12:48.000Z</time>
        <extensions>
          <ns3:TrackPointExtension>
            <ns3:atemp>25.0</ns3:atemp>
            <ns3:cad>61</ns3:cad>
          </ns3:TrackPointExtension>
        </extensions>
      </trkpt>
      <trkpt lat="43.33020544610917568206787109375" lon="-109.7100672684609889984130859375">
        <ele>3712.39990234375</ele>
        <time>2017-09-04T22:12:56.000Z</time>
        <extensions>
          <ns3:TrackPointExtension>
            <ns3:atemp>25.0</ns3:atemp>
            <ns3:cad>0</ns3:cad>
          </ns3:TrackPointExtension>
        </extensions>
      </trkpt>
      <trkpt lat="43.3301986567676067352294921875" lon="-109.7101007960736751556396484375">
        <ele>3713.39990234375</ele>
        <time>2017-09-04T22:14:00.000Z</time>
        <extensions>
          <ns3:TrackPointExtension>
            <ns3:atemp>24.0</ns3:atemp>
            <ns3:cad>0</ns3:cad>
          </ns3:TrackPointExtension>
        </extensions>
      </trkpt>
      <trkpt lat="43.33019924350082874298095703125" lon="-109.7100907377898693084716796875">
        <ele>3712.199951171875</ele>
        <time>2017-09-04T22:14:17.000Z</time>
        <extensions>
          <ns3:TrackPointExtension>
            <ns3:atemp>24.0</ns3:atemp>
            <ns3:cad>0</ns3:cad>
          </ns3:TrackPointExtension>
        </extensions>
      </trkpt>
      <trkpt lat="43.33023360930383205413818359375" lon="-109.7100575454533100128173828125">
        <ele>3712</ele>
        <time>2017-09-04T22:14:27.000Z</time>
        <extensions>
          <ns3:TrackPointExtension>
            <ns3:atemp>24.0</ns3:atemp>
            <ns3:cad>0</ns3:cad>
          </ns3:TrackPointExtension>
        </extensions>
      </trkpt>
      <trkpt lat="43.33025791682302951812744140625" lon="-109.71004195511341094970703125">
        <ele>3711.60009765625</ele>
        <time>2017-09-04T22:14:30.000Z</time>
        <extensions>
          <ns3:TrackPointExtension>
            <ns3:atemp>24.0</ns3:atemp>
            <ns3:cad>0</ns3:cad>
          </ns3:TrackPointExtension>
        </extensions>
      </trkpt>
      <trkpt lat="43.3302452601492404937744140625" lon="-109.71004656516015529632568359375">
        <ele>3712</ele>
        <time>2017-09-04T22:15:00.000Z</time>
        <extensions>
          <ns3:TrackPointExtension>
            <ns3:atemp>24.0</ns3:atemp>
            <ns3:cad>61</ns3:cad>
          </ns3:TrackPointExtension>
        </extensions>
      </trkpt>
      <trkpt lat="43.33020242862403392791748046875" lon="-109.71006634645164012908935546875">
        <ele>3712.60009765625</ele>
        <time>2017-09-04T22:15:06.000Z</time>
        <extensions>
          <ns3:TrackPointExtension>
            <ns3:atemp>24.0</ns3:atemp>
            <ns3:cad>0</ns3:cad>
          </ns3:TrackPointExtension>
        </extensions>
      </trkpt>
      <trkpt lat="43.33019136451184749603271484375" lon="-109.71005779691040515899658203125">
        <ele>3713.39990234375</ele>
        <time>2017-09-04T22:15:45.000Z</time>
        <extensions>
          <ns3:TrackPointExtension>
            <ns3:atemp>24.0</ns3:atemp>
            <ns3:cad>0</ns3:cad>
          </ns3:TrackPointExtension>
        </extensions>
      </trkpt>
      <trkpt lat="43.3301929570734500885009765625" lon="-109.7100560367107391357421875">
        <ele>3713.60009765625</ele>
        <time>2017-09-04T22:15:46.000Z</time>
        <extensions>
          <ns3:TrackPointExtension>
            <ns3:atemp>24.0</ns3:atemp>
            <ns3:cad>0</ns3:cad>
          </ns3:TrackPointExtension>
        </extensions>
      </trkpt>
      <trkpt lat="43.330179043114185333251953125" lon="-109.710096605122089385986328125">
        <ele>3713</ele>
        <time>2017-09-04T22:18:58.000Z</time>
        <extensions>
          <ns3:TrackPointExtension>
            <ns3:atemp>25.0</ns3:atemp>
            <ns3:cad>0</ns3:cad>
          </ns3:TrackPointExtension>
        </extensions>
      </trkpt>
      <trkpt lat="43.330225311219692230224609375" lon="-109.7100290469825267791748046875">
        <ele>3713</ele>
        <time>2017-09-04T22:19:14.000Z</time>
        <extensions>
          <ns3:TrackPointExtension>
            <ns3:atemp>25.0</ns3:atemp>
            <ns3:cad>61</ns3:cad>
          </ns3:TrackPointExtension>
        </extensions>
      </trkpt>
      <trkpt lat="43.33024417050182819366455078125" lon="-109.7100119479000568389892578125">
        <ele>3712.800048828125</ele>
        <time>2017-09-04T22:19:16.000Z</time>
        <extensions>
          <ns3:TrackPointExtension>
            <ns3:atemp>25.0</ns3:atemp>
            <ns3:cad>61</ns3:cad>
          </ns3:TrackPointExtension>
        </extensions>
      </trkpt>
      <trkpt lat="43.33025774918496608734130859375" lon="-109.70999107696115970611572265625">
        <ele>3712.39990234375</ele>
        <time>2017-09-04T22:19:18.000Z</time>
        <extensions>
          <ns3:TrackPointExtension>
            <ns3:atemp>25.0</ns3:atemp>
            <ns3:cad>61</ns3:cad>
          </ns3:TrackPointExtension>
        </extensions>
      </trkpt>
      <trkpt lat="43.33026814274489879608154296875" lon="-109.70997867174446582794189453125">
        <ele>3712.39990234375</ele>
        <time>2017-09-04T22:19:19.000Z</time>
        <extensions>
          <ns3:TrackPointExtension>
            <ns3:atemp>25.0</ns3:atemp>
            <ns3:cad>61</ns3:cad>
          </ns3:TrackPointExtension>
        </extensions>
      </trkpt>
      <trkpt lat="43.33029270172119140625" lon="-109.70995537005364894866943359375">
        <ele>3712.39990234375</ele>
        <time>2017-09-04T22:19:22.000Z</time>
        <extensions>
          <ns3:TrackPointExtension>
            <ns3:atemp>25.0</ns3:atemp>
            <ns3:cad>0</ns3:cad>
          </ns3:TrackPointExtension>
        </extensions>
      </trkpt>
      <trkpt lat="43.3303019218146800994873046875" lon="-109.7099385224282741546630859375">
        <ele>3712.39990234375</ele>
        <time>2017-09-04T22:19:24.000Z</time>
        <extensions>
          <ns3:TrackPointExtension>
            <ns3:atemp>25.0</ns3:atemp>
            <ns3:cad>0</ns3:cad>
          </ns3:TrackPointExtension>
        </extensions>
      </trkpt>
      <trkpt lat="43.330375514924526214599609375" lon="-109.7099219262599945068359375">
        <ele>3711.39990234375</ele>
        <time>2017-09-04T22:19:33.000Z</time>
        <extensions>
          <ns3:TrackPointExtension>
            <ns3:atemp>25.0</ns3:atemp>
            <ns3:cad>0</ns3:cad>
          </ns3:TrackPointExtension>
        </extensions>
      </trkpt>
      <trkpt lat="43.33041951991617679595947265625" lon="-109.709954448044300079345703125">
        <ele>3710.199951171875</ele>
        <time>2017-09-04T22:19:40.000Z</time>
        <extensions>
          <ns3:TrackPointExtension>
            <ns3:atemp>25.0</ns3:atemp>
            <ns3:cad>0</ns3:cad>
          </ns3:TrackPointExtension>
        </extensions>
      </trkpt>
      <trkpt lat="43.3304085396230220794677734375" lon="-109.71002678386867046356201171875">
        <ele>3709</ele>
        <time>2017-09-04T22:19:53.000Z</time>
        <extensions>
          <ns3:TrackPointExtension>
            <ns3:atemp>25.0</ns3:atemp>
            <ns3:cad>61</ns3:cad>
          </ns3:TrackPointExtension>
        </extensions>
      </trkpt>
      <trkpt lat="43.33042622543871402740478515625" lon="-109.71004338003695011138916015625">
        <ele>3708</ele>
        <time>2017-09-04T22:19:56.000Z</time>
        <extensions>
          <ns3:TrackPointExtension>
            <ns3:atemp>25.0</ns3:atemp>
            <ns3:cad>61</ns3:cad>
          </ns3:TrackPointExtension>
        </extensions>
      </trkpt>
      <trkpt lat="43.33041683770716190338134765625" lon="-109.71010758541524410247802734375">
        <ele>3706.800048828125</ele>
        <time>2017-09-04T22:20:04.000Z</time>
        <extensions>
          <ns3:TrackPointExtension>
            <ns3:atemp>25.0</ns3:atemp>
            <ns3:cad>0</ns3:cad>
          </ns3:TrackPointExtension>
        </extensions>
      </trkpt>
      <trkpt lat="43.330429494380950927734375" lon="-109.710143543779850006103515625">
        <ele>3705.60009765625</ele>
        <time>2017-09-04T22:20:11.000Z</time>
        <extensions>
          <ns3:TrackPointExtension>
            <ns3:atemp>25.0</ns3:atemp>
            <ns3:cad>0</ns3:cad>
          </ns3:TrackPointExtension>
        </extensions>
      </trkpt>
      <trkpt lat="43.3304460905492305755615234375" lon="-109.7101648338139057159423828125">
        <ele>3704.39990234375</ele>
        <time>2017-09-04T22:20:16.000Z</time>
        <extensions>
          <ns3:TrackPointExtension>
            <ns3:atemp>25.0</ns3:atemp>
            <ns3:cad>0</ns3:cad>
          </ns3:TrackPointExtension>
        </extensions>
      </trkpt>
      <trkpt lat="43.3304683864116668701171875" lon="-109.71020984463393688201904296875">
        <ele>3703.39990234375</ele>
        <time>2017-09-04T22:20:24.000Z</time>
        <extensions>
          <ns3:TrackPointExtension>
            <ns3:atemp>25.0</ns3:atemp>
            <ns3:cad>0</ns3:cad>
          </ns3:TrackPointExtension>
        </extensions>
      </trkpt>
      <trkpt lat="43.33046930842101573944091796875" lon="-109.71022241748869419097900390625">
        <ele>3702.199951171875</ele>
        <time>2017-09-04T22:20:30.000Z</time>
        <extensions>
          <ns3:TrackPointExtension>
            <ns3:atemp>25.0</ns3:atemp>
            <ns3:cad>0</ns3:cad>
          </ns3:TrackPointExtension>
        </extensions>
      </trkpt>
      <trkpt lat="43.3304876647889614105224609375" lon="-109.71022677607834339141845703125">
        <ele>3701.60009765625</ele>
        <time>2017-09-04T22:20:36.000Z</time>
        <extensions>
          <ns3:TrackPointExtension>
            <ns3:atemp>25.0</ns3:atemp>
            <ns3:cad>0</ns3:cad>
          </ns3:TrackPointExtension>
        </extensions>
      </trkpt>
      <trkpt lat="43.33048917353153228759765625" lon="-109.71024035476148128509521484375">
        <ele>3701.199951171875</ele>
        <time>2017-09-04T22:20:39.000Z</time>
        <extensions>
          <ns3:TrackPointExtension>
            <ns3:atemp>25.0</ns3:atemp>
            <ns3:cad>0</ns3:cad>
          </ns3:TrackPointExtension>
        </extensions>
      </trkpt>
      <trkpt lat="43.33053317852318286895751953125" lon="-109.71028310246765613555908203125">
        <ele>3700.199951171875</ele>
        <time>2017-09-04T22:20:47.000Z</time>
        <extensions>
          <ns3:TrackPointExtension>
            <ns3:atemp>25.0</ns3:atemp>
            <ns3:cad>62</ns3:cad>
          </ns3:TrackPointExtension>
        </extensions>
      </trkpt>
      <trkpt lat="43.33058573305606842041015625" lon="-109.71033607609570026397705078125">
        <ele>3699</ele>
        <time>2017-09-04T22:21:00.000Z</time>
        <extensions>
          <ns3:TrackPointExtension>
            <ns3:atemp>26.0</ns3:atemp>
            <ns3:cad>0</ns3:cad>
          </ns3:TrackPointExtension>
        </extensions>
      </trkpt>
      <trkpt lat="43.3307025767862796783447265625" lon="-109.710371531546115875244140625">
        <ele>3698</ele>
        <time>2017-09-04T22:21:29.000Z</time>
        <extensions>
          <ns3:TrackPointExtension>
            <ns3:atemp>26.0</ns3:atemp>
            <ns3:cad>63</ns3:cad>
          </ns3:TrackPointExtension>
        </extensions>
      </trkpt>
      <trkpt lat="43.3307515271008014678955078125" lon="-109.7104146145284175872802734375">
        <ele>3697</ele>
        <time>2017-09-04T22:21:40.000Z</time>
        <extensions>
          <ns3:TrackPointExtension>
            <ns3:atemp>26.0</ns3:atemp>
            <ns3:cad>61</ns3:cad>
          </ns3:TrackPointExtension>
        </extensions>
      </trkpt>
      <trkpt lat="43.33082067780196666717529296875" lon="-109.71043129451572895050048828125">
        <ele>3696</ele>
        <time>2017-09-04T22:21:54.000Z</time>
        <extensions>
          <ns3:TrackPointExtension>
            <ns3:atemp>26.0</ns3:atemp>
            <ns3:cad>61</ns3:cad>
          </ns3:TrackPointExtension>
        </extensions>
      </trkpt>
      <trkpt lat="43.33087013103067874908447265625" lon="-109.7104689292609691619873046875">
        <ele>3695</ele>
        <time>2017-09-04T22:22:04.000Z</time>
        <extensions>
          <ns3:TrackPointExtension>
            <ns3:atemp>26.0</ns3:atemp>
            <ns3:cad>76</ns3:cad>
          </ns3:TrackPointExtension>
        </extensions>
      </trkpt>
      <trkpt lat="43.3308775909245014190673828125" lon="-109.710472784936428070068359375">
        <ele>3694.800048828125</ele>
        <time>2017-09-04T22:22:05.000Z</time>
        <extensions>
          <ns3:TrackPointExtension>
            <ns3:atemp>26.0</ns3:atemp>
            <ns3:cad>76</ns3:cad>
          </ns3:TrackPointExtension>
        </extensions>
      </trkpt>
      <trkpt lat="43.3309082686901092529296875" lon="-109.71051477827131748199462890625">
        <ele>3693.800048828125</ele>
        <time>2017-09-04T22:22:11.000Z</time>
        <extensions>
          <ns3:TrackPointExtension>
            <ns3:atemp>26.0</ns3:atemp>
            <ns3:cad>46</ns3:cad>
          </ns3:TrackPointExtension>
        </extensions>
      </trkpt>
      <trkpt lat="43.33093333058059215545654296875" lon="-109.71051913686096668243408203125">
        <ele>3692.800048828125</ele>
        <time>2017-09-04T22:22:15.000Z</time>
        <extensions>
          <ns3:TrackPointExtension>
            <ns3:atemp>26.0</ns3:atemp>
            <ns3:cad>0</ns3:cad>
          </ns3:TrackPointExtension>
        </extensions>
      </trkpt>
      <trkpt lat="43.33094171248376369476318359375" lon="-109.71051779575645923614501953125">
        <ele>3692.60009765625</ele>
        <time>2017-09-04T22:22:16.000Z</time>
        <extensions>
          <ns3:TrackPointExtension>
            <ns3:atemp>26.0</ns3:atemp>
            <ns3:cad>0</ns3:cad>
          </ns3:TrackPointExtension>
        </extensions>
      </trkpt>
      <trkpt lat="43.33100742660462856292724609375" lon="-109.71059842966496944427490234375">
        <ele>3691.60009765625</ele>
        <time>2017-09-04T22:22:32.000Z</time>
        <extensions>
          <ns3:TrackPointExtension>
            <ns3:atemp>26.0</ns3:atemp>
            <ns3:cad>40</ns3:cad>
          </ns3:TrackPointExtension>
        </extensions>
      </trkpt>
      <trkpt lat="43.33102335222065448760986328125" lon="-109.71061971969902515411376953125">
        <ele>3690.60009765625</ele>
        <time>2017-09-04T22:22:37.000Z</time>
        <extensions>
          <ns3:TrackPointExtension>
            <ns3:atemp>26.0</ns3:atemp>
            <ns3:cad>0</ns3:cad>
          </ns3:TrackPointExtension>
        </extensions>
      </trkpt>
      <trkpt lat="43.33103944547474384307861328125" lon="-109.7106727771461009979248046875">
        <ele>3689.39990234375</ele>
        <time>2017-09-04T22:22:46.000Z</time>
        <extensions>
          <ns3:TrackPointExtension>
            <ns3:atemp>26.0</ns3:atemp>
            <ns3:cad>56</ns3:cad>
          </ns3:TrackPointExtension>
        </extensions>
      </trkpt>
      <trkpt lat="43.3310398645699024200439453125" lon="-109.7106648981571197509765625">
        <ele>3688.39990234375</ele>
        <time>2017-09-04T22:22:51.000Z</time>
        <extensions>
          <ns3:TrackPointExtension>
            <ns3:atemp>26.0</ns3:atemp>
            <ns3:cad>0</ns3:cad>
          </ns3:TrackPointExtension>
        </extensions>
      </trkpt>
      <trkpt lat="43.33105168305337429046630859375" lon="-109.71065894700586795806884765625">
        <ele>3688.39990234375</ele>
        <time>2017-09-04T22:22:55.000Z</time>
        <extensions>
          <ns3:TrackPointExtension>
            <ns3:atemp>26.0</ns3:atemp>
            <ns3:cad>0</ns3:cad>
          </ns3:TrackPointExtension>
        </extensions>
      </trkpt>
      <trkpt lat="43.33114363253116607666015625" lon="-109.7107063047587871551513671875">
        <ele>3688</ele>
        <time>2017-09-04T22:23:23.000Z</time>
        <extensions>
          <ns3:TrackPointExtension>
            <ns3:atemp>27.0</ns3:atemp>
            <ns3:cad>0</ns3:cad>
          </ns3:TrackPointExtension>
        </extensions>
      </trkpt>
      <trkpt lat="43.33118462003767490386962890625" lon="-109.71072767861187458038330078125">
        <ele>3687.60009765625</ele>
        <time>2017-09-04T22:23:30.000Z</time>
        <extensions>
          <ns3:TrackPointExtension>
            <ns3:atemp>27.0</ns3:atemp>
            <ns3:cad>61</ns3:cad>
          </ns3:TrackPointExtension>
        </extensions>
      </trkpt>
      <trkpt lat="43.3312158845365047454833984375" lon="-109.71074796281754970550537109375">
        <ele>3687.199951171875</ele>
        <time>2017-09-04T22:23:35.000Z</time>
        <extensions>
          <ns3:TrackPointExtension>
            <ns3:atemp>27.0</ns3:atemp>
            <ns3:cad>61</ns3:cad>
          </ns3:TrackPointExtension>
        </extensions>
      </trkpt>
      <trkpt lat="43.331325687468051910400390625" lon="-109.7107643075287342071533203125">
        <ele>3686.199951171875</ele>
        <time>2017-09-04T22:24:08.000Z</time>
        <extensions>
          <ns3:TrackPointExtension>
            <ns3:atemp>27.0</ns3:atemp>
            <ns3:cad>61</ns3:cad>
          </ns3:TrackPointExtension>
        </extensions>
      </trkpt>
      <trkpt lat="43.33136231638491153717041015625" lon="-109.7107760421931743621826171875">
        <ele>3684.800048828125</ele>
        <time>2017-09-04T22:24:15.000Z</time>
        <extensions>
          <ns3:TrackPointExtension>
            <ns3:atemp>27.0</ns3:atemp>
            <ns3:cad>61</ns3:cad>
          </ns3:TrackPointExtension>
        </extensions>
      </trkpt>
      <trkpt lat="43.33139383234083652496337890625" lon="-109.71077361144125461578369140625">
        <ele>3683.800048828125</ele>
        <time>2017-09-04T22:24:24.000Z</time>
        <extensions>
          <ns3:TrackPointExtension>
            <ns3:atemp>27.0</ns3:atemp>
            <ns3:cad>62</ns3:cad>
          </ns3:TrackPointExtension>
        </extensions>
      </trkpt>
      <trkpt lat="43.3314261026680469512939453125" lon="-109.71076942048966884613037109375">
        <ele>3682.60009765625</ele>
        <time>2017-09-04T22:24:28.000Z</time>
        <extensions>
          <ns3:TrackPointExtension>
            <ns3:atemp>27.0</ns3:atemp>
            <ns3:cad>0</ns3:cad>
          </ns3:TrackPointExtension>
        </extensions>
      </trkpt>
      <trkpt lat="43.3314742147922515869140625" lon="-109.7108229808509349822998046875">
        <ele>3681.60009765625</ele>
        <time>2017-09-04T22:25:03.000Z</time>
        <extensions>
          <ns3:TrackPointExtension>
            <ns3:atemp>26.0</ns3:atemp>
            <ns3:cad>0</ns3:cad>
          </ns3:TrackPointExtension>
        </extensions>
      </trkpt>
      <trkpt lat="43.33153800107538700103759765625" lon="-109.7107384912669658660888671875">
        <ele>3682.60009765625</ele>
        <time>2017-09-04T22:25:27.000Z</time>
        <extensions>
          <ns3:TrackPointExtension>
            <ns3:atemp>27.0</ns3:atemp>
            <ns3:cad>61</ns3:cad>
          </ns3:TrackPointExtension>
        </extensions>
      </trkpt>
      <trkpt lat="43.3315836824476718902587890625" lon="-109.71067638136446475982666015625">
        <ele>3683.60009765625</ele>
        <time>2017-09-04T22:25:37.000Z</time>
        <extensions>
          <ns3:TrackPointExtension>
            <ns3:atemp>27.0</ns3:atemp>
            <ns3:cad>0</ns3:cad>
          </ns3:TrackPointExtension>
        </extensions>
      </trkpt>
      <trkpt lat="43.33166372962296009063720703125" lon="-109.71064285375177860260009765625">
        <ele>3682.60009765625</ele>
        <time>2017-09-04T22:26:07.000Z</time>
        <extensions>
          <ns3:TrackPointExtension>
            <ns3:atemp>27.0</ns3:atemp>
            <ns3:cad>0</ns3:cad>
          </ns3:TrackPointExtension>
        </extensions>
      </trkpt>
      <trkpt lat="43.33170480094850063323974609375" lon="-109.71068032085895538330078125">
        <ele>3681.39990234375</ele>
        <time>2017-09-04T22:26:39.000Z</time>
        <extensions>
          <ns3:TrackPointExtension>
            <ns3:atemp>27.0</ns3:atemp>
            <ns3:cad>62</ns3:cad>
          </ns3:TrackPointExtension>
        </extensions>
      </trkpt>
      <trkpt lat="43.331704549491405487060546875" lon="-109.71070756204426288604736328125">
        <ele>3680.39990234375</ele>
        <time>2017-09-04T22:26:47.000Z</time>
        <extensions>
          <ns3:TrackPointExtension>
            <ns3:atemp>27.0</ns3:atemp>
            <ns3:cad>63</ns3:cad>
          </ns3:TrackPointExtension>
        </extensions>
      </trkpt>
      <trkpt lat="43.33170563913881778717041015625" lon="-109.710721559822559356689453125">
        <ele>3679.199951171875</ele>
        <time>2017-09-04T22:26:56.000Z</time>
        <extensions>
          <ns3:TrackPointExtension>
            <ns3:atemp>27.0</ns3:atemp>
            <ns3:cad>0</ns3:cad>
          </ns3:TrackPointExtension>
        </extensions>
      </trkpt>
      <trkpt lat="43.33172156475484371185302734375" lon="-109.71075315959751605987548828125">
        <ele>3678.199951171875</ele>
        <time>2017-09-04T22:27:03.000Z</time>
        <extensions>
          <ns3:TrackPointExtension>
            <ns3:atemp>27.0</ns3:atemp>
            <ns3:cad>0</ns3:cad>
          </ns3:TrackPointExtension>
        </extensions>
      </trkpt>
      <trkpt lat="43.33171536214649677276611328125" lon="-109.710805714130401611328125">
        <ele>3677.199951171875</ele>
        <time>2017-09-04T22:27:09.000Z</time>
        <extensions>
          <ns3:TrackPointExtension>
            <ns3:atemp>27.0</ns3:atemp>
            <ns3:cad>69</ns3:cad>
          </ns3:TrackPointExtension>
        </extensions>
      </trkpt>
      <trkpt lat="43.33170689642429351806640625" lon="-109.71083865500986576080322265625">
        <ele>3676.60009765625</ele>
        <time>2017-09-04T22:27:12.000Z</time>
        <extensions>
          <ns3:TrackPointExtension>
            <ns3:atemp>27.0</ns3:atemp>
            <ns3:cad>69</ns3:cad>
          </ns3:TrackPointExtension>
        </extensions>
      </trkpt>
      <trkpt lat="43.33170295692980289459228515625" lon="-109.71085558645427227020263671875">
        <ele>3676.199951171875</ele>
        <time>2017-09-04T22:27:14.000Z</time>
        <extensions>
          <ns3:TrackPointExtension>
            <ns3:atemp>27.0</ns3:atemp>
            <ns3:cad>69</ns3:cad>
          </ns3:TrackPointExtension>
        </extensions>
      </trkpt>
      <trkpt lat="43.33169792778789997100830078125" lon="-109.71086648292839527130126953125">
        <ele>3676</ele>
        <time>2017-09-04T22:27:15.000Z</time>
        <extensions>
          <ns3:TrackPointExtension>
            <ns3:atemp>27.0</ns3:atemp>
            <ns3:cad>69</ns3:cad>
          </ns3:TrackPointExtension>
        </extensions>
      </trkpt>
      <trkpt lat="43.33169759251177310943603515625" lon="-109.710880480706691741943359375">
        <ele>3675.800048828125</ele>
        <time>2017-09-04T22:27:16.000Z</time>
        <extensions>
          <ns3:TrackPointExtension>
            <ns3:atemp>27.0</ns3:atemp>
            <ns3:cad>69</ns3:cad>
          </ns3:TrackPointExtension>
        </extensions>
      </trkpt>
      <trkpt lat="43.331715278327465057373046875" lon="-109.71092364750802516937255859375">
        <ele>3674.800048828125</ele>
        <time>2017-09-04T22:27:20.000Z</time>
        <extensions>
          <ns3:TrackPointExtension>
            <ns3:atemp>27.0</ns3:atemp>
            <ns3:cad>69</ns3:cad>
          </ns3:TrackPointExtension>
        </extensions>
      </trkpt>
      <trkpt lat="43.33171896636486053466796875" lon="-109.7109304368495941162109375">
        <ele>3674.60009765625</ele>
        <time>2017-09-04T22:27:21.000Z</time>
        <extensions>
          <ns3:TrackPointExtension>
            <ns3:atemp>27.0</ns3:atemp>
            <ns3:cad>61</ns3:cad>
          </ns3:TrackPointExtension>
        </extensions>
      </trkpt>
      <trkpt lat="43.33172458223998546600341796875" lon="-109.71094007603824138641357421875">
        <ele>3673.60009765625</ele>
        <time>2017-09-04T22:27:25.000Z</time>
        <extensions>
          <ns3:TrackPointExtension>
            <ns3:atemp>27.0</ns3:atemp>
            <ns3:cad>0</ns3:cad>
          </ns3:TrackPointExtension>
        </extensions>
      </trkpt>
      <trkpt lat="43.3317271806299686431884765625" lon="-109.7109591029584407806396484375">
        <ele>3672.60009765625</ele>
        <time>2017-09-04T22:27:30.000Z</time>
        <extensions>
          <ns3:TrackPointExtension>
            <ns3:atemp>27.0</ns3:atemp>
            <ns3:cad>0</ns3:cad>
          </ns3:TrackPointExtension>
        </extensions>
      </trkpt>
      <trkpt lat="43.3317335508763790130615234375" lon="-109.71099011600017547607421875">
        <ele>3671.39990234375</ele>
        <time>2017-09-04T22:27:40.000Z</time>
        <extensions>
          <ns3:TrackPointExtension>
            <ns3:atemp>27.0</ns3:atemp>
            <ns3:cad>0</ns3:cad>
          </ns3:TrackPointExtension>
        </extensions>
      </trkpt>
      <trkpt lat="43.33174645900726318359375" lon="-109.71102003939449787139892578125">
        <ele>3670.39990234375</ele>
        <time>2017-09-04T22:27:55.000Z</time>
        <extensions>
          <ns3:TrackPointExtension>
            <ns3:atemp>27.0</ns3:atemp>
            <ns3:cad>61</ns3:cad>
          </ns3:TrackPointExtension>
        </extensions>
      </trkpt>
      <trkpt lat="43.33175190724432468414306640625" lon="-109.7110972367227077484130859375">
        <ele>3669.800048828125</ele>
        <time>2017-09-04T22:28:08.000Z</time>
        <extensions>
          <ns3:TrackPointExtension>
            <ns3:atemp>27.0</ns3:atemp>
            <ns3:cad>61</ns3:cad>
          </ns3:TrackPointExtension>
        </extensions>
      </trkpt>
      <trkpt lat="43.33177554421126842498779296875" lon="-109.71114702522754669189453125">
        <ele>3669.39990234375</ele>
        <time>2017-09-04T22:28:17.000Z</time>
        <extensions>
          <ns3:TrackPointExtension>
            <ns3:atemp>27.0</ns3:atemp>
            <ns3:cad>0</ns3:cad>
          </ns3:TrackPointExtension>
        </extensions>
      </trkpt>
      <trkpt lat="43.33176322281360626220703125" lon="-109.711224138736724853515625">
        <ele>3668.199951171875</ele>
        <time>2017-09-04T22:28:32.000Z</time>
        <extensions>
          <ns3:TrackPointExtension>
            <ns3:atemp>27.0</ns3:atemp>
            <ns3:cad>0</ns3:cad>
          </ns3:TrackPointExtension>
        </extensions>
      </trkpt>
      <trkpt lat="43.33177185617387294769287109375" lon="-109.711231179535388946533203125">
        <ele>3667.199951171875</ele>
        <time>2017-09-04T22:28:42.000Z</time>
        <extensions>
          <ns3:TrackPointExtension>
            <ns3:atemp>27.0</ns3:atemp>
            <ns3:cad>0</ns3:cad>
          </ns3:TrackPointExtension>
        </extensions>
      </trkpt>
      <trkpt lat="43.331793062388896942138671875" lon="-109.7113010846078395843505859375">
        <ele>3666</ele>
        <time>2017-09-04T22:29:02.000Z</time>
        <extensions>
          <ns3:TrackPointExtension>
            <ns3:atemp>28.0</ns3:atemp>
            <ns3:cad>0</ns3:cad>
          </ns3:TrackPointExtension>
        </extensions>
      </trkpt>
      <trkpt lat="43.33179943263530731201171875" lon="-109.71132815815508365631103515625">
        <ele>3665</ele>
        <time>2017-09-04T22:29:08.000Z</time>
        <extensions>
          <ns3:TrackPointExtension>
            <ns3:atemp>28.0</ns3:atemp>
            <ns3:cad>0</ns3:cad>
          </ns3:TrackPointExtension>
        </extensions>
      </trkpt>
      <trkpt lat="43.33179012872278690338134765625" lon="-109.71140292473137378692626953125">
        <ele>3664</ele>
        <time>2017-09-04T22:29:29.000Z</time>
        <extensions>
          <ns3:TrackPointExtension>
            <ns3:atemp>28.0</ns3:atemp>
            <ns3:cad>0</ns3:cad>
          </ns3:TrackPointExtension>
        </extensions>
      </trkpt>
      <trkpt lat="43.33176095969974994659423828125" lon="-109.71140610985457897186279296875">
        <ele>3663</ele>
        <time>2017-09-04T22:29:47.000Z</time>
        <extensions>
          <ns3:TrackPointExtension>
            <ns3:atemp>28.0</ns3:atemp>
            <ns3:cad>61</ns3:cad>
          </ns3:TrackPointExtension>
        </extensions>
      </trkpt>
      <trkpt lat="43.33170765079557895660400390625" lon="-109.711447097361087799072265625">
        <ele>3662</ele>
        <time>2017-09-04T22:29:55.000Z</time>
        <extensions>
          <ns3:TrackPointExtension>
            <ns3:atemp>28.0</ns3:atemp>
            <ns3:cad>61</ns3:cad>
          </ns3:TrackPointExtension>
        </extensions>
      </trkpt>
      <trkpt lat="43.3317070640623569488525390625" lon="-109.71145891584455966949462890625">
        <ele>3661.800048828125</ele>
        <time>2017-09-04T22:29:56.000Z</time>
        <extensions>
          <ns3:TrackPointExtension>
            <ns3:atemp>28.0</ns3:atemp>
            <ns3:cad>61</ns3:cad>
          </ns3:TrackPointExtension>
        </extensions>
      </trkpt>
      <trkpt lat="43.33170915953814983367919921875" lon="-109.71147702075541019439697265625">
        <ele>3661.199951171875</ele>
        <time>2017-09-04T22:29:58.000Z</time>
        <extensions>
          <ns3:TrackPointExtension>
            <ns3:atemp>28.0</ns3:atemp>
            <ns3:cad>61</ns3:cad>
          </ns3:TrackPointExtension>
        </extensions>
      </trkpt>
      <trkpt lat="43.3316753804683685302734375" lon="-109.71151691861450672149658203125">
        <ele>3662.199951171875</ele>
        <time>2017-09-04T22:30:07.000Z</time>
        <extensions>
          <ns3:TrackPointExtension>
            <ns3:atemp>28.0</ns3:atemp>
            <ns3:cad>61</ns3:cad>
          </ns3:TrackPointExtension>
        </extensions>
      </trkpt>
      <trkpt lat="43.3316443674266338348388671875" lon="-109.71169813536107540130615234375">
        <ele>3660.800048828125</ele>
        <time>2017-09-04T22:30:34.000Z</time>
        <extensions>
          <ns3:TrackPointExtension>
            <ns3:atemp>28.0</ns3:atemp>
            <ns3:cad>61</ns3:cad>
          </ns3:TrackPointExtension>
        </extensions>
      </trkpt>
      <trkpt lat="43.3316443674266338348388671875" lon="-109.71179536543786525726318359375">
        <ele>3659.60009765625</ele>
        <time>2017-09-04T22:30:58.000Z</time>
        <extensions>
          <ns3:TrackPointExtension>
            <ns3:atemp>28.0</ns3:atemp>
            <ns3:cad>0</ns3:cad>
          </ns3:TrackPointExtension>
        </extensions>
      </trkpt>
      <trkpt lat="43.33162081427872180938720703125" lon="-109.7118452377617359161376953125">
        <ele>3658.60009765625</ele>
        <time>2017-09-04T22:31:12.000Z</time>
        <extensions>
          <ns3:TrackPointExtension>
            <ns3:atemp>28.0</ns3:atemp>
            <ns3:cad>0</ns3:cad>
          </ns3:TrackPointExtension>
        </extensions>
      </trkpt>
      <trkpt lat="43.33156130276620388031005859375" lon="-109.7118757478892803192138671875">
        <ele>3658</ele>
        <time>2017-09-04T22:32:01.000Z</time>
        <extensions>
          <ns3:TrackPointExtension>
            <ns3:atemp>28.0</ns3:atemp>
            <ns3:cad>0</ns3:cad>
          </ns3:TrackPointExtension>
        </extensions>
      </trkpt>
      <trkpt lat="43.3315528370440006256103515625" lon="-109.711880274116992950439453125">
        <ele>3657.60009765625</ele>
        <time>2017-09-04T22:32:04.000Z</time>
        <extensions>
          <ns3:TrackPointExtension>
            <ns3:atemp>28.0</ns3:atemp>
            <ns3:cad>0</ns3:cad>
          </ns3:TrackPointExtension>
        </extensions>
      </trkpt>
      <trkpt lat="43.3315226621925830841064453125" lon="-109.7119324095547199249267578125">
        <ele>3656.39990234375</ele>
        <time>2017-09-04T22:32:16.000Z</time>
        <extensions>
          <ns3:TrackPointExtension>
            <ns3:atemp>28.0</ns3:atemp>
            <ns3:cad>0</ns3:cad>
          </ns3:TrackPointExtension>
        </extensions>
      </trkpt>
      <trkpt lat="43.3315119333565235137939453125" lon="-109.7119977883994579315185546875">
        <ele>3655.39990234375</ele>
        <time>2017-09-04T22:32:26.000Z</time>
        <extensions>
          <ns3:TrackPointExtension>
            <ns3:atemp>28.0</ns3:atemp>
            <ns3:cad>61</ns3:cad>
          </ns3:TrackPointExtension>
        </extensions>
      </trkpt>
      <trkpt lat="43.3315112628042697906494140625" lon="-109.71208152361214160919189453125">
        <ele>3654.39990234375</ele>
        <time>2017-09-04T22:32:36.000Z</time>
        <extensions>
          <ns3:TrackPointExtension>
            <ns3:atemp>28.0</ns3:atemp>
            <ns3:cad>61</ns3:cad>
          </ns3:TrackPointExtension>
        </extensions>
      </trkpt>
      <trkpt lat="43.33152048289775848388671875" lon="-109.71211069263517856597900390625">
        <ele>3653.199951171875</ele>
        <time>2017-09-04T22:32:41.000Z</time>
        <extensions>
          <ns3:TrackPointExtension>
            <ns3:atemp>28.0</ns3:atemp>
            <ns3:cad>0</ns3:cad>
          </ns3:TrackPointExtension>
        </extensions>
      </trkpt>
      <trkpt lat="43.3315010368824005126953125" lon="-109.712114967405796051025390625">
        <ele>3652.199951171875</ele>
        <time>2017-09-04T22:33:40.000Z</time>
        <extensions>
          <ns3:TrackPointExtension>
            <ns3:atemp>28.0</ns3:atemp>
            <ns3:cad>0</ns3:cad>
          </ns3:TrackPointExtension>
        </extensions>
      </trkpt>
      <trkpt lat="43.3315213210880756378173828125" lon="-109.7122177295386791229248046875">
        <ele>3649.39990234375</ele>
        <time>2017-09-04T22:35:46.000Z</time>
        <extensions>
          <ns3:TrackPointExtension>
            <ns3:atemp>29.0</ns3:atemp>
            <ns3:cad>0</ns3:cad>
          </ns3:TrackPointExtension>
        </extensions>
      </trkpt>
      <trkpt lat="43.331520818173885345458984375" lon="-109.71224631182849407196044921875">
        <ele>3648.39990234375</ele>
        <time>2017-09-04T22:36:00.000Z</time>
        <extensions>
          <ns3:TrackPointExtension>
            <ns3:atemp>29.0</ns3:atemp>
            <ns3:cad>0</ns3:cad>
          </ns3:TrackPointExtension>
        </extensions>
      </trkpt>
      <trkpt lat="43.3315156213939189910888671875" lon="-109.71226626075804233551025390625">
        <ele>3647.199951171875</ele>
        <time>2017-09-04T22:36:07.000Z</time>
        <extensions>
          <ns3:TrackPointExtension>
            <ns3:atemp>29.0</ns3:atemp>
            <ns3:cad>0</ns3:cad>
          </ns3:TrackPointExtension>
        </extensions>
      </trkpt>
      <trkpt lat="43.33153523504734039306640625" lon="-109.71228025853633880615234375">
        <ele>3646</ele>
        <time>2017-09-04T22:36:16.000Z</time>
        <extensions>
          <ns3:TrackPointExtension>
            <ns3:atemp>29.0</ns3:atemp>
            <ns3:cad>0</ns3:cad>
          </ns3:TrackPointExtension>
        </extensions>
      </trkpt>
      <trkpt lat="43.33153121173381805419921875" lon="-109.7123384289443492889404296875">
        <ele>3645</ele>
        <time>2017-09-04T22:36:35.000Z</time>
        <extensions>
          <ns3:TrackPointExtension>
            <ns3:atemp>29.0</ns3:atemp>
            <ns3:cad>61</ns3:cad>
          </ns3:TrackPointExtension>
        </extensions>
      </trkpt>
      <trkpt lat="43.3315330557525157928466796875" lon="-109.712367095053195953369140625">
        <ele>3643.800048828125</ele>
        <time>2017-09-04T22:36:42.000Z</time>
        <extensions>
          <ns3:TrackPointExtension>
            <ns3:atemp>29.0</ns3:atemp>
            <ns3:cad>0</ns3:cad>
          </ns3:TrackPointExtension>
        </extensions>
      </trkpt>
      <trkpt lat="43.33153515122830867767333984375" lon="-109.71236072480678558349609375">
        <ele>3643.199951171875</ele>
        <time>2017-09-04T22:36:46.000Z</time>
        <extensions>
          <ns3:TrackPointExtension>
            <ns3:atemp>29.0</ns3:atemp>
            <ns3:cad>0</ns3:cad>
          </ns3:TrackPointExtension>
        </extensions>
      </trkpt>
      <trkpt lat="43.33152961917221546173095703125" lon="-109.7123706154525279998779296875">
        <ele>3642.60009765625</ele>
        <time>2017-09-04T22:36:53.000Z</time>
        <extensions>
          <ns3:TrackPointExtension>
            <ns3:atemp>29.0</ns3:atemp>
            <ns3:cad>0</ns3:cad>
          </ns3:TrackPointExtension>
        </extensions>
      </trkpt>
      <trkpt lat="43.3315219916403293609619140625" lon="-109.71240766346454620361328125">
        <ele>3641.60009765625</ele>
        <time>2017-09-04T22:37:04.000Z</time>
        <extensions>
          <ns3:TrackPointExtension>
            <ns3:atemp>29.0</ns3:atemp>
            <ns3:cad>0</ns3:cad>
          </ns3:TrackPointExtension>
        </extensions>
      </trkpt>
      <trkpt lat="43.3315139450132846832275390625" lon="-109.71243389882147312164306640625">
        <ele>3640.60009765625</ele>
        <time>2017-09-04T22:37:14.000Z</time>
        <extensions>
          <ns3:TrackPointExtension>
            <ns3:atemp>29.0</ns3:atemp>
            <ns3:cad>0</ns3:cad>
          </ns3:TrackPointExtension>
        </extensions>
      </trkpt>
      <trkpt lat="43.33148293197154998779296875" lon="-109.71248921938240528106689453125">
        <ele>3639.800048828125</ele>
        <time>2017-09-04T22:37:34.000Z</time>
        <extensions>
          <ns3:TrackPointExtension>
            <ns3:atemp>30.0</ns3:atemp>
            <ns3:cad>61</ns3:cad>
          </ns3:TrackPointExtension>
        </extensions>
      </trkpt>
      <trkpt lat="43.33148033358156681060791015625" lon="-109.71250581555068492889404296875">
        <ele>3639.60009765625</ele>
        <time>2017-09-04T22:37:36.000Z</time>
        <extensions>
          <ns3:TrackPointExtension>
            <ns3:atemp>30.0</ns3:atemp>
            <ns3:cad>61</ns3:cad>
          </ns3:TrackPointExtension>
        </extensions>
      </trkpt>
      <trkpt lat="43.3313533477485179901123046875" lon="-109.71264260821044445037841796875">
        <ele>3639.800048828125</ele>
        <time>2017-09-04T22:38:07.000Z</time>
        <extensions>
          <ns3:TrackPointExtension>
            <ns3:atemp>30.0</ns3:atemp>
            <ns3:cad>61</ns3:cad>
          </ns3:TrackPointExtension>
        </extensions>
      </trkpt>
      <trkpt lat="43.33133532665669918060302734375" lon="-109.7126445360481739044189453125">
        <ele>3640.199951171875</ele>
        <time>2017-09-04T22:38:09.000Z</time>
        <extensions>
          <ns3:TrackPointExtension>
            <ns3:atemp>30.0</ns3:atemp>
            <ns3:cad>61</ns3:cad>
          </ns3:TrackPointExtension>
        </extensions>
      </trkpt>
      <trkpt lat="43.33132090978324413299560546875" lon="-109.71265333704650402069091796875">
        <ele>3640.39990234375</ele>
        <time>2017-09-04T22:38:11.000Z</time>
        <extensions>
          <ns3:TrackPointExtension>
            <ns3:atemp>30.0</ns3:atemp>
            <ns3:cad>71</ns3:cad>
          </ns3:TrackPointExtension>
        </extensions>
      </trkpt>
      <trkpt lat="43.33129492588341236114501953125" lon="-109.71265702508389949798583984375">
        <ele>3640.60009765625</ele>
        <time>2017-09-04T22:38:14.000Z</time>
        <extensions>
          <ns3:TrackPointExtension>
            <ns3:atemp>30.0</ns3:atemp>
            <ns3:cad>72</ns3:cad>
          </ns3:TrackPointExtension>
        </extensions>
      </trkpt>
      <trkpt lat="43.33127883262932300567626953125" lon="-109.71266523934900760650634765625">
        <ele>3640.60009765625</ele>
        <time>2017-09-04T22:38:16.000Z</time>
        <extensions>
          <ns3:TrackPointExtension>
            <ns3:atemp>30.0</ns3:atemp>
            <ns3:cad>72</ns3:cad>
          </ns3:TrackPointExtension>
        </extensions>
      </trkpt>
      <trkpt lat="43.331247903406620025634765625" lon="-109.71278845332562923431396484375">
        <ele>3640.39990234375</ele>
        <time>2017-09-04T22:38:26.000Z</time>
        <extensions>
          <ns3:TrackPointExtension>
            <ns3:atemp>30.0</ns3:atemp>
            <ns3:cad>0</ns3:cad>
          </ns3:TrackPointExtension>
        </extensions>
      </trkpt>
      <trkpt lat="43.33120993338525295257568359375" lon="-109.71287210471928119659423828125">
        <ele>3639.60009765625</ele>
        <time>2017-09-04T22:38:50.000Z</time>
        <extensions>
          <ns3:TrackPointExtension>
            <ns3:atemp>30.0</ns3:atemp>
            <ns3:cad>0</ns3:cad>
          </ns3:TrackPointExtension>
        </extensions>
      </trkpt>
      <trkpt lat="43.331180848181247711181640625" lon="-109.71287034451961517333984375">
        <ele>3639</ele>
        <time>2017-09-04T22:38:53.000Z</time>
        <extensions>
          <ns3:TrackPointExtension>
            <ns3:atemp>30.0</ns3:atemp>
            <ns3:cad>0</ns3:cad>
          </ns3:TrackPointExtension>
        </extensions>
      </trkpt>
      <trkpt lat="43.33115159533917903900146484375" lon="-109.7128664888441562652587890625">
        <ele>3638.39990234375</ele>
        <time>2017-09-04T22:38:56.000Z</time>
        <extensions>
          <ns3:TrackPointExtension>
            <ns3:atemp>30.0</ns3:atemp>
            <ns3:cad>0</ns3:cad>
          </ns3:TrackPointExtension>
        </extensions>
      </trkpt>
      <trkpt lat="43.3311401121318340301513671875" lon="-109.71286908723413944244384765625">
        <ele>3638.199951171875</ele>
        <time>2017-09-04T22:38:58.000Z</time>
        <extensions>
          <ns3:TrackPointExtension>
            <ns3:atemp>30.0</ns3:atemp>
            <ns3:cad>0</ns3:cad>
          </ns3:TrackPointExtension>
        </extensions>
      </trkpt>
      <trkpt lat="43.3311255276203155517578125" lon="-109.71287461929023265838623046875">
        <ele>3637.199951171875</ele>
        <time>2017-09-04T22:39:38.000Z</time>
        <extensions>
          <ns3:TrackPointExtension>
            <ns3:atemp>30.0</ns3:atemp>
            <ns3:cad>0</ns3:cad>
          </ns3:TrackPointExtension>
        </extensions>
      </trkpt>
      <trkpt lat="43.33112091757357120513916015625" lon="-109.71292021684348583221435546875">
        <ele>3636</ele>
        <time>2017-09-04T22:39:44.000Z</time>
        <extensions>
          <ns3:TrackPointExtension>
            <ns3:atemp>30.0</ns3:atemp>
            <ns3:cad>58</ns3:cad>
          </ns3:TrackPointExtension>
        </extensions>
      </trkpt>
      <trkpt lat="43.33109694533050060272216796875" lon="-109.7129305265843868255615234375">
        <ele>3635</ele>
        <time>2017-09-04T22:39:50.000Z</time>
        <extensions>
          <ns3:TrackPointExtension>
            <ns3:atemp>30.0</ns3:atemp>
            <ns3:cad>0</ns3:cad>
          </ns3:TrackPointExtension>
        </extensions>
      </trkpt>
      <trkpt lat="43.33105671219527721405029296875" lon="-109.71298836171627044677734375">
        <ele>3634</ele>
        <time>2017-09-04T22:40:01.000Z</time>
        <extensions>
          <ns3:TrackPointExtension>
            <ns3:atemp>30.0</ns3:atemp>
            <ns3:cad>0</ns3:cad>
          </ns3:TrackPointExtension>
        </extensions>
      </trkpt>
      <trkpt lat="43.33099585957825183868408203125" lon="-109.7129878588020801544189453125">
        <ele>3633</ele>
        <time>2017-09-04T22:40:23.000Z</time>
        <extensions>
          <ns3:TrackPointExtension>
            <ns3:atemp>30.0</ns3:atemp>
            <ns3:cad>0</ns3:cad>
          </ns3:TrackPointExtension>
        </extensions>
      </trkpt>
      <trkpt lat="43.33094774745404720306396484375" lon="-109.71294703893363475799560546875">
        <ele>3631.800048828125</ele>
        <time>2017-09-04T22:40:43.000Z</time>
        <extensions>
          <ns3:TrackPointExtension>
            <ns3:atemp>30.0</ns3:atemp>
            <ns3:cad>0</ns3:cad>
          </ns3:TrackPointExtension>
        </extensions>
      </trkpt>
      <trkpt lat="43.33091287873685359954833984375" lon="-109.71294653601944446563720703125">
        <ele>3630.60009765625</ele>
        <time>2017-09-04T22:40:54.000Z</time>
        <extensions>
          <ns3:TrackPointExtension>
            <ns3:atemp>30.0</ns3:atemp>
            <ns3:cad>0</ns3:cad>
          </ns3:TrackPointExtension>
        </extensions>
      </trkpt>
      <trkpt lat="43.33088706247508525848388671875" lon="-109.71296983771026134490966796875">
        <ele>3629.60009765625</ele>
        <time>2017-09-04T22:41:13.000Z</time>
        <extensions>
          <ns3:TrackPointExtension>
            <ns3:atemp>30.0</ns3:atemp>
            <ns3:cad>0</ns3:cad>
          </ns3:TrackPointExtension>
        </extensions>
      </trkpt>
      <trkpt lat="43.33088345825672149658203125" lon="-109.7129794768989086151123046875">
        <ele>3628.39990234375</ele>
        <time>2017-09-04T22:41:23.000Z</time>
        <extensions>
          <ns3:TrackPointExtension>
            <ns3:atemp>30.0</ns3:atemp>
            <ns3:cad>0</ns3:cad>
          </ns3:TrackPointExtension>
        </extensions>
      </trkpt>
      <trkpt lat="43.3308524452149868011474609375" lon="-109.712998755276203155517578125">
        <ele>3627.60009765625</ele>
        <time>2017-09-04T22:41:30.000Z</time>
        <extensions>
          <ns3:TrackPointExtension>
            <ns3:atemp>30.0</ns3:atemp>
            <ns3:cad>61</ns3:cad>
          </ns3:TrackPointExtension>
        </extensions>
      </trkpt>
      <trkpt lat="43.33084548823535442352294921875" lon="-109.7130146808922290802001953125">
        <ele>3627.39990234375</ele>
        <time>2017-09-04T22:41:33.000Z</time>
        <extensions>
          <ns3:TrackPointExtension>
            <ns3:atemp>30.0</ns3:atemp>
            <ns3:cad>0</ns3:cad>
          </ns3:TrackPointExtension>
        </extensions>
      </trkpt>
      <trkpt lat="43.3308085240423679351806640625" lon="-109.71298174001276493072509765625">
        <ele>3627.199951171875</ele>
        <time>2017-09-04T22:41:46.000Z</time>
        <extensions>
          <ns3:TrackPointExtension>
            <ns3:atemp>30.0</ns3:atemp>
            <ns3:cad>0</ns3:cad>
          </ns3:TrackPointExtension>
        </extensions>
      </trkpt>
      <trkpt lat="43.3307391218841075897216796875" lon="-109.7129603661596775054931640625">
        <ele>3627</ele>
        <time>2017-09-04T22:41:55.000Z</time>
        <extensions>
          <ns3:TrackPointExtension>
            <ns3:atemp>30.0</ns3:atemp>
            <ns3:cad>0</ns3:cad>
          </ns3:TrackPointExtension>
        </extensions>
      </trkpt>
      <trkpt lat="43.33071439526975154876708984375" lon="-109.71296044997870922088623046875">
        <ele>3626.800048828125</ele>
        <time>2017-09-04T22:41:58.000Z</time>
        <extensions>
          <ns3:TrackPointExtension>
            <ns3:atemp>30.0</ns3:atemp>
            <ns3:cad>0</ns3:cad>
          </ns3:TrackPointExtension>
        </extensions>
      </trkpt>
      <trkpt lat="43.3306958712637424468994140625" lon="-109.71295491792261600494384765625">
        <ele>3626.39990234375</ele>
        <time>2017-09-04T22:42:03.000Z</time>
        <extensions>
          <ns3:TrackPointExtension>
            <ns3:atemp>30.0</ns3:atemp>
            <ns3:cad>0</ns3:cad>
          </ns3:TrackPointExtension>
        </extensions>
      </trkpt>
      <trkpt lat="43.330673910677433013916015625" lon="-109.71292742528021335601806640625">
        <ele>3625.800048828125</ele>
        <time>2017-09-04T22:42:07.000Z</time>
        <extensions>
          <ns3:TrackPointExtension>
            <ns3:atemp>30.0</ns3:atemp>
            <ns3:cad>0</ns3:cad>
          </ns3:TrackPointExtension>
        </extensions>
      </trkpt>
      <trkpt lat="43.330630324780941009521484375" lon="-109.71295022405683994293212890625">
        <ele>3625.199951171875</ele>
        <time>2017-09-04T22:42:19.000Z</time>
        <extensions>
          <ns3:TrackPointExtension>
            <ns3:atemp>30.0</ns3:atemp>
            <ns3:cad>61</ns3:cad>
          </ns3:TrackPointExtension>
        </extensions>
      </trkpt>
      <trkpt lat="43.33053552545607089996337890625" lon="-109.71302918158471584320068359375">
        <ele>3624.199951171875</ele>
        <time>2017-09-04T22:42:33.000Z</time>
        <extensions>
          <ns3:TrackPointExtension>
            <ns3:atemp>30.0</ns3:atemp>
            <ns3:cad>61</ns3:cad>
          </ns3:TrackPointExtension>
        </extensions>
      </trkpt>
      <trkpt lat="43.330527730286121368408203125" lon="-109.7130297683179378509521484375">
        <ele>3624.199951171875</ele>
        <time>2017-09-04T22:42:34.000Z</time>
        <extensions>
          <ns3:TrackPointExtension>
            <ns3:atemp>30.0</ns3:atemp>
            <ns3:cad>61</ns3:cad>
          </ns3:TrackPointExtension>
        </extensions>
      </trkpt>
      <trkpt lat="43.330504596233367919921875" lon="-109.7130277566611766815185546875">
        <ele>3624.199951171875</ele>
        <time>2017-09-04T22:42:37.000Z</time>
        <extensions>
          <ns3:TrackPointExtension>
            <ns3:atemp>30.0</ns3:atemp>
            <ns3:cad>61</ns3:cad>
          </ns3:TrackPointExtension>
        </extensions>
      </trkpt>
      <trkpt lat="43.3304947055876255035400390625" lon="-109.71302247606217861175537109375">
        <ele>3624.199951171875</ele>
        <time>2017-09-04T22:42:39.000Z</time>
        <extensions>
          <ns3:TrackPointExtension>
            <ns3:atemp>30.0</ns3:atemp>
            <ns3:cad>61</ns3:cad>
          </ns3:TrackPointExtension>
        </extensions>
      </trkpt>
      <trkpt lat="43.3304826356470584869384765625" lon="-109.7130123339593410491943359375">
        <ele>3624.199951171875</ele>
        <time>2017-09-04T22:42:41.000Z</time>
        <extensions>
          <ns3:TrackPointExtension>
            <ns3:atemp>30.0</ns3:atemp>
            <ns3:cad>68</ns3:cad>
          </ns3:TrackPointExtension>
        </extensions>
      </trkpt>
      <trkpt lat="43.33045891486108303070068359375" lon="-109.71295625902712345123291015625">
        <ele>3624</ele>
        <time>2017-09-04T22:42:47.000Z</time>
        <extensions>
          <ns3:TrackPointExtension>
            <ns3:atemp>30.0</ns3:atemp>
            <ns3:cad>61</ns3:cad>
          </ns3:TrackPointExtension>
        </extensions>
      </trkpt>
      <trkpt lat="43.3304544724524021148681640625" lon="-109.712937735021114349365234375">
        <ele>3623.800048828125</ele>
        <time>2017-09-04T22:42:49.000Z</time>
        <extensions>
          <ns3:TrackPointExtension>
            <ns3:atemp>30.0</ns3:atemp>
            <ns3:cad>61</ns3:cad>
          </ns3:TrackPointExtension>
        </extensions>
      </trkpt>
      <trkpt lat="43.330428488552570343017578125" lon="-109.7129080630838871002197265625">
        <ele>3623.39990234375</ele>
        <time>2017-09-04T22:42:54.000Z</time>
        <extensions>
          <ns3:TrackPointExtension>
            <ns3:atemp>30.0</ns3:atemp>
            <ns3:cad>0</ns3:cad>
          </ns3:TrackPointExtension>
        </extensions>
      </trkpt>
      <trkpt lat="43.33041667006909847259521484375" lon="-109.71289984881877899169921875">
        <ele>3623.60009765625</ele>
        <time>2017-09-04T22:42:56.000Z</time>
        <extensions>
          <ns3:TrackPointExtension>
            <ns3:atemp>30.0</ns3:atemp>
            <ns3:cad>61</ns3:cad>
          </ns3:TrackPointExtension>
        </extensions>
      </trkpt>
      <trkpt lat="43.33040493540465831756591796875" lon="-109.71290060319006443023681640625">
        <ele>3623.800048828125</ele>
        <time>2017-09-04T22:42:58.000Z</time>
        <extensions>
          <ns3:TrackPointExtension>
            <ns3:atemp>30.0</ns3:atemp>
            <ns3:cad>61</ns3:cad>
          </ns3:TrackPointExtension>
        </extensions>
      </trkpt>
      <trkpt lat="43.33038548938930034637451171875" lon="-109.71289808861911296844482421875">
        <ele>3624.199951171875</ele>
        <time>2017-09-04T22:43:00.000Z</time>
        <extensions>
          <ns3:TrackPointExtension>
            <ns3:atemp>29.0</ns3:atemp>
            <ns3:cad>61</ns3:cad>
          </ns3:TrackPointExtension>
        </extensions>
      </trkpt>
      <trkpt lat="43.3303632773458957672119140625" lon="-109.712893478572368621826171875">
        <ele>3624.199951171875</ele>
        <time>2017-09-04T22:43:02.000Z</time>
        <extensions>
          <ns3:TrackPointExtension>
            <ns3:atemp>29.0</ns3:atemp>
            <ns3:cad>61</ns3:cad>
          </ns3:TrackPointExtension>
        </extensions>
      </trkpt>
      <trkpt lat="43.33032866008579730987548828125" lon="-109.71288601867854595184326171875">
        <ele>3623.39990234375</ele>
        <time>2017-09-04T22:43:06.000Z</time>
        <extensions>
          <ns3:TrackPointExtension>
            <ns3:atemp>29.0</ns3:atemp>
            <ns3:cad>61</ns3:cad>
          </ns3:TrackPointExtension>
        </extensions>
      </trkpt>
      <trkpt lat="43.3302908577024936676025390625" lon="-109.71288048662245273590087890625">
        <ele>3623.39990234375</ele>
        <time>2017-09-04T22:43:10.000Z</time>
        <extensions>
          <ns3:TrackPointExtension>
            <ns3:atemp>29.0</ns3:atemp>
            <ns3:cad>61</ns3:cad>
          </ns3:TrackPointExtension>
        </extensions>
      </trkpt>
      <trkpt lat="43.33023780025541782379150390625" lon="-109.71291233785450458526611328125">
        <ele>3623.199951171875</ele>
        <time>2017-09-04T22:43:17.000Z</time>
        <extensions>
          <ns3:TrackPointExtension>
            <ns3:atemp>29.0</ns3:atemp>
            <ns3:cad>0</ns3:cad>
          </ns3:TrackPointExtension>
        </extensions>
      </trkpt>
      <trkpt lat="43.33020091988146305084228515625" lon="-109.71293815411627292633056640625">
        <ele>3623</ele>
        <time>2017-09-04T22:43:23.000Z</time>
        <extensions>
          <ns3:TrackPointExtension>
            <ns3:atemp>29.0</ns3:atemp>
            <ns3:cad>0</ns3:cad>
          </ns3:TrackPointExtension>
        </extensions>
      </trkpt>
      <trkpt lat="43.33016873337328433990478515625" lon="-109.71295961178839206695556640625">
        <ele>3622.39990234375</ele>
        <time>2017-09-04T22:43:30.000Z</time>
        <extensions>
          <ns3:TrackPointExtension>
            <ns3:atemp>29.0</ns3:atemp>
            <ns3:cad>0</ns3:cad>
          </ns3:TrackPointExtension>
        </extensions>
      </trkpt>
      <trkpt lat="43.3301560766994953155517578125" lon="-109.71296078525483608245849609375">
        <ele>3622.199951171875</ele>
        <time>2017-09-04T22:43:32.000Z</time>
        <extensions>
          <ns3:TrackPointExtension>
            <ns3:atemp>29.0</ns3:atemp>
            <ns3:cad>0</ns3:cad>
          </ns3:TrackPointExtension>
        </extensions>
      </trkpt>
      <trkpt lat="43.33010067231953144073486328125" lon="-109.71300001256167888641357421875">
        <ele>3621</ele>
        <time>2017-09-04T22:43:42.000Z</time>
        <extensions>
          <ns3:TrackPointExtension>
            <ns3:atemp>29.0</ns3:atemp>
            <ns3:cad>61</ns3:cad>
          </ns3:TrackPointExtension>
        </extensions>
      </trkpt>
      <trkpt lat="43.330053649842739105224609375" lon="-109.713045023381710052490234375">
        <ele>3619.800048828125</ele>
        <time>2017-09-04T22:43:49.000Z</time>
        <extensions>
          <ns3:TrackPointExtension>
            <ns3:atemp>29.0</ns3:atemp>
            <ns3:cad>61</ns3:cad>
          </ns3:TrackPointExtension>
        </extensions>
      </trkpt>
      <trkpt lat="43.330036886036396026611328125" lon="-109.713055081665515899658203125">
        <ele>3619.60009765625</ele>
        <time>2017-09-04T22:43:51.000Z</time>
        <extensions>
          <ns3:TrackPointExtension>
            <ns3:atemp>29.0</ns3:atemp>
            <ns3:cad>61</ns3:cad>
          </ns3:TrackPointExtension>
        </extensions>
      </trkpt>
      <trkpt lat="43.3300249837338924407958984375" lon="-109.7130609489977359771728515625">
        <ele>3619.39990234375</ele>
        <time>2017-09-04T22:43:53.000Z</time>
        <extensions>
          <ns3:TrackPointExtension>
            <ns3:atemp>29.0</ns3:atemp>
            <ns3:cad>0</ns3:cad>
          </ns3:TrackPointExtension>
        </extensions>
      </trkpt>
      <trkpt lat="43.33000025711953639984130859375" lon="-109.7130814008414745330810546875">
        <ele>3618.800048828125</ele>
        <time>2017-09-04T22:43:59.000Z</time>
        <extensions>
          <ns3:TrackPointExtension>
            <ns3:atemp>29.0</ns3:atemp>
            <ns3:cad>61</ns3:cad>
          </ns3:TrackPointExtension>
        </extensions>
      </trkpt>
      <trkpt lat="43.329945690929889678955078125" lon="-109.713047705590724945068359375">
        <ele>3618.800048828125</ele>
        <time>2017-09-04T22:44:08.000Z</time>
        <extensions>
          <ns3:TrackPointExtension>
            <ns3:atemp>29.0</ns3:atemp>
            <ns3:cad>0</ns3:cad>
          </ns3:TrackPointExtension>
        </extensions>
      </trkpt>
      <trkpt lat="43.32989648915827274322509765625" lon="-109.71303957514464855194091796875">
        <ele>3618.800048828125</ele>
        <time>2017-09-04T22:44:13.000Z</time>
        <extensions>
          <ns3:TrackPointExtension>
            <ns3:atemp>29.0</ns3:atemp>
            <ns3:cad>0</ns3:cad>
          </ns3:TrackPointExtension>
        </extensions>
      </trkpt>
      <trkpt lat="43.32987251691520214080810546875" lon="-109.713034294545650482177734375">
        <ele>3618.800048828125</ele>
        <time>2017-09-04T22:44:16.000Z</time>
        <extensions>
          <ns3:TrackPointExtension>
            <ns3:atemp>29.0</ns3:atemp>
            <ns3:cad>61</ns3:cad>
          </ns3:TrackPointExtension>
        </extensions>
      </trkpt>
      <trkpt lat="43.32980881445109844207763671875" lon="-109.71307285130023956298828125">
        <ele>3617.800048828125</ele>
        <time>2017-09-04T22:44:28.000Z</time>
        <extensions>
          <ns3:TrackPointExtension>
            <ns3:atemp>29.0</ns3:atemp>
            <ns3:cad>61</ns3:cad>
          </ns3:TrackPointExtension>
        </extensions>
      </trkpt>
      <trkpt lat="43.32977059297263622283935546875" lon="-109.71316698007285594940185546875">
        <ele>3616.800048828125</ele>
        <time>2017-09-04T22:45:27.000Z</time>
        <extensions>
          <ns3:TrackPointExtension>
            <ns3:atemp>29.0</ns3:atemp>
            <ns3:cad>0</ns3:cad>
          </ns3:TrackPointExtension>
        </extensions>
      </trkpt>
      <trkpt lat="43.3297782205045223236083984375" lon="-109.71318458206951618194580078125">
        <ele>3615.60009765625</ele>
        <time>2017-09-04T22:45:43.000Z</time>
        <extensions>
          <ns3:TrackPointExtension>
            <ns3:atemp>29.0</ns3:atemp>
            <ns3:cad>0</ns3:cad>
          </ns3:TrackPointExtension>
        </extensions>
      </trkpt>
      <trkpt lat="43.32977310754358768463134765625" lon="-109.7132181935012340545654296875">
        <ele>3614.39990234375</ele>
        <time>2017-09-04T22:45:53.000Z</time>
        <extensions>
          <ns3:TrackPointExtension>
            <ns3:atemp>29.0</ns3:atemp>
            <ns3:cad>0</ns3:cad>
          </ns3:TrackPointExtension>
        </extensions>
      </trkpt>
      <trkpt lat="43.3297621272504329681396484375" lon="-109.713255576789379119873046875">
        <ele>3613.39990234375</ele>
        <time>2017-09-04T22:46:07.000Z</time>
        <extensions>
          <ns3:TrackPointExtension>
            <ns3:atemp>29.0</ns3:atemp>
            <ns3:cad>0</ns3:cad>
          </ns3:TrackPointExtension>
        </extensions>
      </trkpt>
      <trkpt lat="43.3297537453472614288330078125" lon="-109.7132922895252704620361328125">
        <ele>3612.39990234375</ele>
        <time>2017-09-04T22:46:15.000Z</time>
        <extensions>
          <ns3:TrackPointExtension>
            <ns3:atemp>30.0</ns3:atemp>
            <ns3:cad>0</ns3:cad>
          </ns3:TrackPointExtension>
        </extensions>
      </trkpt>
      <trkpt lat="43.32973086275160312652587890625" lon="-109.7133134119212627410888671875">
        <ele>3611.39990234375</ele>
        <time>2017-09-04T22:46:26.000Z</time>
        <extensions>
          <ns3:TrackPointExtension>
            <ns3:atemp>30.0</ns3:atemp>
            <ns3:cad>0</ns3:cad>
          </ns3:TrackPointExtension>
        </extensions>
      </trkpt>
      <trkpt lat="43.32968442700803279876708984375" lon="-109.7133630327880382537841796875">
        <ele>3610.199951171875</ele>
        <time>2017-09-04T22:46:43.000Z</time>
        <extensions>
          <ns3:TrackPointExtension>
            <ns3:atemp>30.0</ns3:atemp>
            <ns3:cad>0</ns3:cad>
          </ns3:TrackPointExtension>
        </extensions>
      </trkpt>
      <trkpt lat="43.32969264127314090728759765625" lon="-109.7134042717516422271728515625">
        <ele>3609.199951171875</ele>
        <time>2017-09-04T22:46:54.000Z</time>
        <extensions>
          <ns3:TrackPointExtension>
            <ns3:atemp>30.0</ns3:atemp>
            <ns3:cad>0</ns3:cad>
          </ns3:TrackPointExtension>
        </extensions>
      </trkpt>
      <trkpt lat="43.32965207286179065704345703125" lon="-109.71350200474262237548828125">
        <ele>3609.39990234375</ele>
        <time>2017-09-04T22:47:06.000Z</time>
        <extensions>
          <ns3:TrackPointExtension>
            <ns3:atemp>30.0</ns3:atemp>
            <ns3:cad>0</ns3:cad>
          </ns3:TrackPointExtension>
        </extensions>
      </trkpt>
      <trkpt lat="43.32963296212255954742431640625" lon="-109.71351047046482563018798828125">
        <ele>3609.60009765625</ele>
        <time>2017-09-04T22:47:08.000Z</time>
        <extensions>
          <ns3:TrackPointExtension>
            <ns3:atemp>30.0</ns3:atemp>
            <ns3:cad>0</ns3:cad>
          </ns3:TrackPointExtension>
        </extensions>
      </trkpt>
      <trkpt lat="43.3295817486941814422607421875" lon="-109.71355162560939788818359375">
        <ele>3608.39990234375</ele>
        <time>2017-09-04T22:47:15.000Z</time>
        <extensions>
          <ns3:TrackPointExtension>
            <ns3:atemp>30.0</ns3:atemp>
            <ns3:cad>61</ns3:cad>
          </ns3:TrackPointExtension>
        </extensions>
      </trkpt>
      <trkpt lat="43.32957630045711994171142578125" lon="-109.71355522982776165008544921875">
        <ele>3608</ele>
        <time>2017-09-04T22:47:16.000Z</time>
        <extensions>
          <ns3:TrackPointExtension>
            <ns3:atemp>30.0</ns3:atemp>
            <ns3:cad>61</ns3:cad>
          </ns3:TrackPointExtension>
        </extensions>
      </trkpt>
      <trkpt lat="43.32957412116229534149169921875" lon="-109.71356059424579143524169921875">
        <ele>3607.800048828125</ele>
        <time>2017-09-04T22:47:17.000Z</time>
        <extensions>
          <ns3:TrackPointExtension>
            <ns3:atemp>30.0</ns3:atemp>
            <ns3:cad>61</ns3:cad>
          </ns3:TrackPointExtension>
        </extensions>
      </trkpt>
      <trkpt lat="43.3295609615743160247802734375" lon="-109.713581465184688568115234375">
        <ele>3607</ele>
        <time>2017-09-04T22:47:21.000Z</time>
        <extensions>
          <ns3:TrackPointExtension>
            <ns3:atemp>30.0</ns3:atemp>
            <ns3:cad>61</ns3:cad>
          </ns3:TrackPointExtension>
        </extensions>
      </trkpt>
      <trkpt lat="43.32952349446713924407958984375" lon="-109.7135980613529682159423828125">
        <ele>3606</ele>
        <time>2017-09-04T22:47:26.000Z</time>
        <extensions>
          <ns3:TrackPointExtension>
            <ns3:atemp>30.0</ns3:atemp>
            <ns3:cad>61</ns3:cad>
          </ns3:TrackPointExtension>
        </extensions>
      </trkpt>
      <trkpt lat="43.3295016176998615264892578125" lon="-109.71360535360872745513916015625">
        <ele>3605.60009765625</ele>
        <time>2017-09-04T22:47:28.000Z</time>
        <extensions>
          <ns3:TrackPointExtension>
            <ns3:atemp>30.0</ns3:atemp>
            <ns3:cad>61</ns3:cad>
          </ns3:TrackPointExtension>
        </extensions>
      </trkpt>
      <trkpt lat="43.32943431101739406585693359375" lon="-109.7136902622878551483154296875">
        <ele>3605</ele>
        <time>2017-09-04T22:47:36.000Z</time>
        <extensions>
          <ns3:TrackPointExtension>
            <ns3:atemp>30.0</ns3:atemp>
            <ns3:cad>0</ns3:cad>
          </ns3:TrackPointExtension>
        </extensions>
      </trkpt>
      <trkpt lat="43.3293928205966949462890625" lon="-109.7137593291699886322021484375">
        <ele>3604.199951171875</ele>
        <time>2017-09-04T22:47:43.000Z</time>
        <extensions>
          <ns3:TrackPointExtension>
            <ns3:atemp>30.0</ns3:atemp>
            <ns3:cad>0</ns3:cad>
          </ns3:TrackPointExtension>
        </extensions>
      </trkpt>
      <trkpt lat="43.32937664352357387542724609375" lon="-109.7138280607759952545166015625">
        <ele>3604</ele>
        <time>2017-09-04T22:47:50.000Z</time>
        <extensions>
          <ns3:TrackPointExtension>
            <ns3:atemp>30.0</ns3:atemp>
            <ns3:cad>0</ns3:cad>
          </ns3:TrackPointExtension>
        </extensions>
      </trkpt>
      <trkpt lat="43.3293735422194004058837890625" lon="-109.7138418070971965789794921875">
        <ele>3603.800048828125</ele>
        <time>2017-09-04T22:47:51.000Z</time>
        <extensions>
          <ns3:TrackPointExtension>
            <ns3:atemp>30.0</ns3:atemp>
            <ns3:cad>0</ns3:cad>
          </ns3:TrackPointExtension>
        </extensions>
      </trkpt>
      <trkpt lat="43.32935015670955181121826171875" lon="-109.713919423520565032958984375">
        <ele>3602.800048828125</ele>
        <time>2017-09-04T22:47:57.000Z</time>
        <extensions>
          <ns3:TrackPointExtension>
            <ns3:atemp>30.0</ns3:atemp>
            <ns3:cad>0</ns3:cad>
          </ns3:TrackPointExtension>
        </extensions>
      </trkpt>
      <trkpt lat="43.32934730686247348785400390625" lon="-109.71392436884343624114990234375">
        <ele>3602.60009765625</ele>
        <time>2017-09-04T22:47:58.000Z</time>
        <extensions>
          <ns3:TrackPointExtension>
            <ns3:atemp>30.0</ns3:atemp>
            <ns3:cad>0</ns3:cad>
          </ns3:TrackPointExtension>
        </extensions>
      </trkpt>
      <trkpt lat="43.32934747450053691864013671875" lon="-109.71396979875862598419189453125">
        <ele>3601.60009765625</ele>
        <time>2017-09-04T22:48:11.000Z</time>
        <extensions>
          <ns3:TrackPointExtension>
            <ns3:atemp>30.0</ns3:atemp>
            <ns3:cad>0</ns3:cad>
          </ns3:TrackPointExtension>
        </extensions>
      </trkpt>
      <trkpt lat="43.32933314144611358642578125" lon="-109.71419912762939929962158203125">
        <ele>3601.199951171875</ele>
        <time>2017-09-04T22:48:44.000Z</time>
        <extensions>
          <ns3:TrackPointExtension>
            <ns3:atemp>30.0</ns3:atemp>
            <ns3:cad>61</ns3:cad>
          </ns3:TrackPointExtension>
        </extensions>
      </trkpt>
      <trkpt lat="43.329303301870822906494140625" lon="-109.71429585479199886322021484375">
        <ele>3600.60009765625</ele>
        <time>2017-09-04T22:48:59.000Z</time>
        <extensions>
          <ns3:TrackPointExtension>
            <ns3:atemp>30.0</ns3:atemp>
            <ns3:cad>0</ns3:cad>
          </ns3:TrackPointExtension>
        </extensions>
      </trkpt>
      <trkpt lat="43.3293257653713226318359375" lon="-109.71431848593056201934814453125">
        <ele>3599.60009765625</ele>
        <time>2017-09-04T22:49:07.000Z</time>
        <extensions>
          <ns3:TrackPointExtension>
            <ns3:atemp>30.0</ns3:atemp>
            <ns3:cad>61</ns3:cad>
          </ns3:TrackPointExtension>
        </extensions>
      </trkpt>
      <trkpt lat="43.32935728132724761962890625" lon="-109.714343547821044921875">
        <ele>3599</ele>
        <time>2017-09-04T22:49:13.000Z</time>
        <extensions>
          <ns3:TrackPointExtension>
            <ns3:atemp>30.0</ns3:atemp>
            <ns3:cad>61</ns3:cad>
          </ns3:TrackPointExtension>
        </extensions>
      </trkpt>
      <trkpt lat="43.32934881560504436492919921875" lon="-109.7144178114831447601318359375">
        <ele>3598.39990234375</ele>
        <time>2017-09-04T22:49:18.000Z</time>
        <extensions>
          <ns3:TrackPointExtension>
            <ns3:atemp>30.0</ns3:atemp>
            <ns3:cad>63</ns3:cad>
          </ns3:TrackPointExtension>
        </extensions>
      </trkpt>
      <trkpt lat="43.32931746728718280792236328125" lon="-109.7145090065896511077880859375">
        <ele>3597.199951171875</ele>
        <time>2017-09-04T22:49:24.000Z</time>
        <extensions>
          <ns3:TrackPointExtension>
            <ns3:atemp>30.0</ns3:atemp>
            <ns3:cad>49</ns3:cad>
          </ns3:TrackPointExtension>
        </extensions>
      </trkpt>
      <trkpt lat="43.3292994461953639984130859375" lon="-109.71457765437662601470947265625">
        <ele>3596</ele>
        <time>2017-09-04T22:49:29.000Z</time>
        <extensions>
          <ns3:TrackPointExtension>
            <ns3:atemp>30.0</ns3:atemp>
            <ns3:cad>49</ns3:cad>
          </ns3:TrackPointExtension>
        </extensions>
      </trkpt>
      <trkpt lat="43.329295255243778228759765625" lon="-109.714601375162601470947265625">
        <ele>3595.800048828125</ele>
        <time>2017-09-04T22:49:31.000Z</time>
        <extensions>
          <ns3:TrackPointExtension>
            <ns3:atemp>30.0</ns3:atemp>
            <ns3:cad>49</ns3:cad>
          </ns3:TrackPointExtension>
        </extensions>
      </trkpt>
      <trkpt lat="43.32928217947483062744140625" lon="-109.71462274901568889617919921875">
        <ele>3595.39990234375</ele>
        <time>2017-09-04T22:49:34.000Z</time>
        <extensions>
          <ns3:TrackPointExtension>
            <ns3:atemp>30.0</ns3:atemp>
            <ns3:cad>49</ns3:cad>
          </ns3:TrackPointExtension>
        </extensions>
      </trkpt>
      <trkpt lat="43.3292793296277523040771484375" lon="-109.71468351781368255615234375">
        <ele>3595</ele>
        <time>2017-09-04T22:49:40.000Z</time>
        <extensions>
          <ns3:TrackPointExtension>
            <ns3:atemp>30.0</ns3:atemp>
            <ns3:cad>49</ns3:cad>
          </ns3:TrackPointExtension>
        </extensions>
      </trkpt>
      <trkpt lat="43.32927882671356201171875" lon="-109.71473908983170986175537109375">
        <ele>3594.800048828125</ele>
        <time>2017-09-04T22:49:45.000Z</time>
        <extensions>
          <ns3:TrackPointExtension>
            <ns3:atemp>30.0</ns3:atemp>
            <ns3:cad>0</ns3:cad>
          </ns3:TrackPointExtension>
        </extensions>
      </trkpt>
      <trkpt lat="43.3292739652097225189208984375" lon="-109.71482978202402591705322265625">
        <ele>3594.800048828125</ele>
        <time>2017-09-04T22:49:52.000Z</time>
        <extensions>
          <ns3:TrackPointExtension>
            <ns3:atemp>30.0</ns3:atemp>
            <ns3:cad>0</ns3:cad>
          </ns3:TrackPointExtension>
        </extensions>
      </trkpt>
      <trkpt lat="43.3292665891349315643310546875" lon="-109.7148620523512363433837890625">
        <ele>3594.60009765625</ele>
        <time>2017-09-04T22:49:55.000Z</time>
        <extensions>
          <ns3:TrackPointExtension>
            <ns3:atemp>30.0</ns3:atemp>
            <ns3:cad>0</ns3:cad>
          </ns3:TrackPointExtension>
        </extensions>
      </trkpt>
      <trkpt lat="43.329263739287853240966796875" lon="-109.71489164046943187713623046875">
        <ele>3594.60009765625</ele>
        <time>2017-09-04T22:49:57.000Z</time>
        <extensions>
          <ns3:TrackPointExtension>
            <ns3:atemp>30.0</ns3:atemp>
            <ns3:cad>0</ns3:cad>
          </ns3:TrackPointExtension>
        </extensions>
      </trkpt>
      <trkpt lat="43.329248987138271331787109375" lon="-109.71501401625573635101318359375">
        <ele>3594.60009765625</ele>
        <time>2017-09-04T22:50:07.000Z</time>
        <extensions>
          <ns3:TrackPointExtension>
            <ns3:atemp>30.0</ns3:atemp>
            <ns3:cad>45</ns3:cad>
          </ns3:TrackPointExtension>
        </extensions>
      </trkpt>
      <trkpt lat="43.3292347379028797149658203125" lon="-109.71507847309112548828125">
        <ele>3594</ele>
        <time>2017-09-04T22:50:13.000Z</time>
        <extensions>
          <ns3:TrackPointExtension>
            <ns3:atemp>30.0</ns3:atemp>
            <ns3:cad>61</ns3:cad>
          </ns3:TrackPointExtension>
        </extensions>
      </trkpt>
      <trkpt lat="43.32923130132257938385009765625" lon="-109.71510537900030612945556640625">
        <ele>3593.800048828125</ele>
        <time>2017-09-04T22:50:15.000Z</time>
        <extensions>
          <ns3:TrackPointExtension>
            <ns3:atemp>31.0</ns3:atemp>
            <ns3:cad>61</ns3:cad>
          </ns3:TrackPointExtension>
        </extensions>
      </trkpt>
      <trkpt lat="43.3292139507830142974853515625" lon="-109.7151507250964641571044921875">
        <ele>3593.60009765625</ele>
        <time>2017-09-04T22:50:21.000Z</time>
        <extensions>
          <ns3:TrackPointExtension>
            <ns3:atemp>31.0</ns3:atemp>
            <ns3:cad>0</ns3:cad>
          </ns3:TrackPointExtension>
        </extensions>
      </trkpt>
      <trkpt lat="43.32918955944478511810302734375" lon="-109.71521300263702869415283203125">
        <ele>3593</ele>
        <time>2017-09-04T22:50:32.000Z</time>
        <extensions>
          <ns3:TrackPointExtension>
            <ns3:atemp>31.0</ns3:atemp>
            <ns3:cad>61</ns3:cad>
          </ns3:TrackPointExtension>
        </extensions>
      </trkpt>
      <trkpt lat="43.32906584255397319793701171875" lon="-109.71530486829578876495361328125">
        <ele>3593.39990234375</ele>
        <time>2017-09-04T22:50:54.000Z</time>
        <extensions>
          <ns3:TrackPointExtension>
            <ns3:atemp>31.0</ns3:atemp>
            <ns3:cad>0</ns3:cad>
          </ns3:TrackPointExtension>
        </extensions>
      </trkpt>
      <trkpt lat="43.32907439209520816802978515625" lon="-109.7153961472213268280029296875">
        <ele>3593.800048828125</ele>
        <time>2017-09-04T22:51:01.000Z</time>
        <extensions>
          <ns3:TrackPointExtension>
            <ns3:atemp>31.0</ns3:atemp>
            <ns3:cad>61</ns3:cad>
          </ns3:TrackPointExtension>
        </extensions>
      </trkpt>
      <trkpt lat="43.32906718365848064422607421875" lon="-109.7154172696173191070556640625">
        <ele>3594</ele>
        <time>2017-09-04T22:51:03.000Z</time>
        <extensions>
          <ns3:TrackPointExtension>
            <ns3:atemp>31.0</ns3:atemp>
            <ns3:cad>61</ns3:cad>
          </ns3:TrackPointExtension>
        </extensions>
      </trkpt>
      <trkpt lat="43.32902426831424236297607421875" lon="-109.7155429981648921966552734375">
        <ele>3593.800048828125</ele>
        <time>2017-09-04T22:51:16.000Z</time>
        <extensions>
          <ns3:TrackPointExtension>
            <ns3:atemp>31.0</ns3:atemp>
            <ns3:cad>61</ns3:cad>
          </ns3:TrackPointExtension>
        </extensions>
      </trkpt>
      <trkpt lat="43.32901421003043651580810546875" lon="-109.71556286327540874481201171875">
        <ele>3593.39990234375</ele>
        <time>2017-09-04T22:51:18.000Z</time>
        <extensions>
          <ns3:TrackPointExtension>
            <ns3:atemp>31.0</ns3:atemp>
            <ns3:cad>61</ns3:cad>
          </ns3:TrackPointExtension>
        </extensions>
      </trkpt>
      <trkpt lat="43.3290040679275989532470703125" lon="-109.71558012999594211578369140625">
        <ele>3593</ele>
        <time>2017-09-04T22:51:21.000Z</time>
        <extensions>
          <ns3:TrackPointExtension>
            <ns3:atemp>31.0</ns3:atemp>
            <ns3:cad>0</ns3:cad>
          </ns3:TrackPointExtension>
        </extensions>
      </trkpt>
      <trkpt lat="43.328947238624095916748046875" lon="-109.7155852429568767547607421875">
        <ele>3594.199951171875</ele>
        <time>2017-09-04T22:51:34.000Z</time>
        <extensions>
          <ns3:TrackPointExtension>
            <ns3:atemp>31.0</ns3:atemp>
            <ns3:cad>61</ns3:cad>
          </ns3:TrackPointExtension>
        </extensions>
      </trkpt>
      <trkpt lat="43.32899979315698146820068359375" lon="-109.71562773920595645904541015625">
        <ele>3593.199951171875</ele>
        <time>2017-09-04T22:52:09.000Z</time>
        <extensions>
          <ns3:TrackPointExtension>
            <ns3:atemp>31.0</ns3:atemp>
            <ns3:cad>0</ns3:cad>
          </ns3:TrackPointExtension>
        </extensions>
      </trkpt>
      <trkpt lat="43.32900331355631351470947265625" lon="-109.71565875224769115447998046875">
        <ele>3592.39990234375</ele>
        <time>2017-09-04T22:52:12.000Z</time>
        <extensions>
          <ns3:TrackPointExtension>
            <ns3:atemp>31.0</ns3:atemp>
            <ns3:cad>0</ns3:cad>
          </ns3:TrackPointExtension>
        </extensions>
      </trkpt>
      <trkpt lat="43.32899861969053745269775390625" lon="-109.715686999261379241943359375">
        <ele>3592.199951171875</ele>
        <time>2017-09-04T22:52:15.000Z</time>
        <extensions>
          <ns3:TrackPointExtension>
            <ns3:atemp>31.0</ns3:atemp>
            <ns3:cad>0</ns3:cad>
          </ns3:TrackPointExtension>
        </extensions>
      </trkpt>
      <trkpt lat="43.32899979315698146820068359375" lon="-109.71569429151713848114013671875">
        <ele>3592</ele>
        <time>2017-09-04T22:52:16.000Z</time>
        <extensions>
          <ns3:TrackPointExtension>
            <ns3:atemp>31.0</ns3:atemp>
            <ns3:cad>0</ns3:cad>
          </ns3:TrackPointExtension>
        </extensions>
      </trkpt>
      <trkpt lat="43.329047150909900665283203125" lon="-109.71580174751579761505126953125">
        <ele>3591</ele>
        <time>2017-09-04T22:52:29.000Z</time>
        <extensions>
          <ns3:TrackPointExtension>
            <ns3:atemp>31.0</ns3:atemp>
            <ns3:cad>0</ns3:cad>
          </ns3:TrackPointExtension>
        </extensions>
      </trkpt>
      <trkpt lat="43.32905226387083530426025390625" lon="-109.71584717743098735809326171875">
        <ele>3590.60009765625</ele>
        <time>2017-09-04T22:52:33.000Z</time>
        <extensions>
          <ns3:TrackPointExtension>
            <ns3:atemp>31.0</ns3:atemp>
            <ns3:cad>0</ns3:cad>
          </ns3:TrackPointExtension>
        </extensions>
      </trkpt>
      <trkpt lat="43.32906651310622692108154296875" lon="-109.71589428372681140899658203125">
        <ele>3590</ele>
        <time>2017-09-04T22:52:37.000Z</time>
        <extensions>
          <ns3:TrackPointExtension>
            <ns3:atemp>31.0</ns3:atemp>
            <ns3:cad>0</ns3:cad>
          </ns3:TrackPointExtension>
        </extensions>
      </trkpt>
      <trkpt lat="43.32907137461006641387939453125" lon="-109.715910963714122772216796875">
        <ele>3589.800048828125</ele>
        <time>2017-09-04T22:52:39.000Z</time>
        <extensions>
          <ns3:TrackPointExtension>
            <ns3:atemp>31.0</ns3:atemp>
            <ns3:cad>0</ns3:cad>
          </ns3:TrackPointExtension>
        </extensions>
      </trkpt>
      <trkpt lat="43.32907137461006641387939453125" lon="-109.7159714810550212860107421875">
        <ele>3590.199951171875</ele>
        <time>2017-09-04T22:52:44.000Z</time>
        <extensions>
          <ns3:TrackPointExtension>
            <ns3:atemp>31.0</ns3:atemp>
            <ns3:cad>61</ns3:cad>
          </ns3:TrackPointExtension>
        </extensions>
      </trkpt>
      <trkpt lat="43.32907204516232013702392578125" lon="-109.71598983742296695709228515625">
        <ele>3590.39990234375</ele>
        <time>2017-09-04T22:52:46.000Z</time>
        <extensions>
          <ns3:TrackPointExtension>
            <ns3:atemp>31.0</ns3:atemp>
            <ns3:cad>61</ns3:cad>
          </ns3:TrackPointExtension>
        </extensions>
      </trkpt>
      <trkpt lat="43.32897984422743320465087890625" lon="-109.71618354320526123046875">
        <ele>3589.199951171875</ele>
        <time>2017-09-04T22:53:23.000Z</time>
        <extensions>
          <ns3:TrackPointExtension>
            <ns3:atemp>31.0</ns3:atemp>
            <ns3:cad>0</ns3:cad>
          </ns3:TrackPointExtension>
        </extensions>
      </trkpt>
      <trkpt lat="43.32896643318235874176025390625" lon="-109.71624649129807949066162109375">
        <ele>3589</ele>
        <time>2017-09-04T22:53:34.000Z</time>
        <extensions>
          <ns3:TrackPointExtension>
            <ns3:atemp>31.0</ns3:atemp>
            <ns3:cad>0</ns3:cad>
          </ns3:TrackPointExtension>
        </extensions>
      </trkpt>
      <trkpt lat="43.3288984559476375579833984375" lon="-109.71638613380491733551025390625">
        <ele>3588.800048828125</ele>
        <time>2017-09-04T22:53:51.000Z</time>
        <extensions>
          <ns3:TrackPointExtension>
            <ns3:atemp>31.0</ns3:atemp>
            <ns3:cad>0</ns3:cad>
          </ns3:TrackPointExtension>
        </extensions>
      </trkpt>
      <trkpt lat="43.328855372965335845947265625" lon="-109.7164073400199413299560546875">
        <ele>3590.199951171875</ele>
        <time>2017-09-04T22:53:56.000Z</time>
        <extensions>
          <ns3:TrackPointExtension>
            <ns3:atemp>31.0</ns3:atemp>
            <ns3:cad>0</ns3:cad>
          </ns3:TrackPointExtension>
        </extensions>
      </trkpt>
      <trkpt lat="43.3288062550127506256103515625" lon="-109.71642100252211093902587890625">
        <ele>3591.199951171875</ele>
        <time>2017-09-04T22:54:02.000Z</time>
        <extensions>
          <ns3:TrackPointExtension>
            <ns3:atemp>31.0</ns3:atemp>
            <ns3:cad>0</ns3:cad>
          </ns3:TrackPointExtension>
        </extensions>
      </trkpt>
      <trkpt lat="43.32878320477902889251708984375" lon="-109.71642854623496532440185546875">
        <ele>3591.39990234375</ele>
        <time>2017-09-04T22:54:04.000Z</time>
        <extensions>
          <ns3:TrackPointExtension>
            <ns3:atemp>31.0</ns3:atemp>
            <ns3:cad>0</ns3:cad>
          </ns3:TrackPointExtension>
        </extensions>
      </trkpt>
      <trkpt lat="43.328764848411083221435546875" lon="-109.71644346602261066436767578125">
        <ele>3591.199951171875</ele>
        <time>2017-09-04T22:54:06.000Z</time>
        <extensions>
          <ns3:TrackPointExtension>
            <ns3:atemp>31.0</ns3:atemp>
            <ns3:cad>0</ns3:cad>
          </ns3:TrackPointExtension>
        </extensions>
      </trkpt>
      <trkpt lat="43.32876727916300296783447265625" lon="-109.71646785736083984375">
        <ele>3590</ele>
        <time>2017-09-04T22:54:08.000Z</time>
        <extensions>
          <ns3:TrackPointExtension>
            <ns3:atemp>31.0</ns3:atemp>
            <ns3:cad>0</ns3:cad>
          </ns3:TrackPointExtension>
        </extensions>
      </trkpt>
      <trkpt lat="43.32877985201776027679443359375" lon="-109.7165163047611713409423828125">
        <ele>3589</ele>
        <time>2017-09-04T22:54:12.000Z</time>
        <extensions>
          <ns3:TrackPointExtension>
            <ns3:atemp>31.0</ns3:atemp>
            <ns3:cad>61</ns3:cad>
          </ns3:TrackPointExtension>
        </extensions>
      </trkpt>
      <trkpt lat="43.3287965320050716400146484375" lon="-109.71661294810473918914794921875">
        <ele>3590.199951171875</ele>
        <time>2017-09-04T22:54:19.000Z</time>
        <extensions>
          <ns3:TrackPointExtension>
            <ns3:atemp>30.0</ns3:atemp>
            <ns3:cad>61</ns3:cad>
          </ns3:TrackPointExtension>
        </extensions>
      </trkpt>
      <trkpt lat="43.32880265079438686370849609375" lon="-109.71662216819822788238525390625">
        <ele>3590.39990234375</ele>
        <time>2017-09-04T22:54:20.000Z</time>
        <extensions>
          <ns3:TrackPointExtension>
            <ns3:atemp>30.0</ns3:atemp>
            <ns3:cad>61</ns3:cad>
          </ns3:TrackPointExtension>
        </extensions>
      </trkpt>
      <trkpt lat="43.32881748676300048828125" lon="-109.7166408598423004150390625">
        <ele>3590.60009765625</ele>
        <time>2017-09-04T22:54:22.000Z</time>
        <extensions>
          <ns3:TrackPointExtension>
            <ns3:atemp>30.0</ns3:atemp>
            <ns3:cad>61</ns3:cad>
          </ns3:TrackPointExtension>
        </extensions>
      </trkpt>
      <trkpt lat="43.328823857009410858154296875" lon="-109.71666969358921051025390625">
        <ele>3591.39990234375</ele>
        <time>2017-09-04T22:54:25.000Z</time>
        <extensions>
          <ns3:TrackPointExtension>
            <ns3:atemp>30.0</ns3:atemp>
            <ns3:cad>61</ns3:cad>
          </ns3:TrackPointExtension>
        </extensions>
      </trkpt>
      <trkpt lat="43.3288241922855377197265625" lon="-109.71668218262493610382080078125">
        <ele>3591.39990234375</ele>
        <time>2017-09-04T22:54:26.000Z</time>
        <extensions>
          <ns3:TrackPointExtension>
            <ns3:atemp>30.0</ns3:atemp>
            <ns3:cad>61</ns3:cad>
          </ns3:TrackPointExtension>
        </extensions>
      </trkpt>
      <trkpt lat="43.32882159389555454254150390625" lon="-109.71671520732343196868896484375">
        <ele>3591.800048828125</ele>
        <time>2017-09-04T22:54:29.000Z</time>
        <extensions>
          <ns3:TrackPointExtension>
            <ns3:atemp>30.0</ns3:atemp>
            <ns3:cad>61</ns3:cad>
          </ns3:TrackPointExtension>
        </extensions>
      </trkpt>
      <trkpt lat="43.3288213424384593963623046875" lon="-109.716733060777187347412109375">
        <ele>3592.39990234375</ele>
        <time>2017-09-04T22:54:31.000Z</time>
        <extensions>
          <ns3:TrackPointExtension>
            <ns3:atemp>30.0</ns3:atemp>
            <ns3:cad>61</ns3:cad>
          </ns3:TrackPointExtension>
        </extensions>
      </trkpt>
      <trkpt lat="43.32882343791425228118896484375" lon="-109.71675326116383075714111328125">
        <ele>3593.39990234375</ele>
        <time>2017-09-04T22:54:33.000Z</time>
        <extensions>
          <ns3:TrackPointExtension>
            <ns3:atemp>30.0</ns3:atemp>
            <ns3:cad>69</ns3:cad>
          </ns3:TrackPointExtension>
        </extensions>
      </trkpt>
      <trkpt lat="43.32882486283779144287109375" lon="-109.71676030196249485015869140625">
        <ele>3593.800048828125</ele>
        <time>2017-09-04T22:54:34.000Z</time>
        <extensions>
          <ns3:TrackPointExtension>
            <ns3:atemp>30.0</ns3:atemp>
            <ns3:cad>69</ns3:cad>
          </ns3:TrackPointExtension>
        </extensions>
      </trkpt>
      <trkpt lat="43.328814804553985595703125" lon="-109.7167825140058994293212890625">
        <ele>3594.39990234375</ele>
        <time>2017-09-04T22:54:38.000Z</time>
        <extensions>
          <ns3:TrackPointExtension>
            <ns3:atemp>30.0</ns3:atemp>
            <ns3:cad>0</ns3:cad>
          </ns3:TrackPointExtension>
        </extensions>
      </trkpt>
      <trkpt lat="43.32879602909088134765625" lon="-109.71675443463027477264404296875">
        <ele>3595.60009765625</ele>
        <time>2017-09-04T22:55:01.000Z</time>
        <extensions>
          <ns3:TrackPointExtension>
            <ns3:atemp>30.0</ns3:atemp>
            <ns3:cad>0</ns3:cad>
          </ns3:TrackPointExtension>
        </extensions>
      </trkpt>
      <trkpt lat="43.32873425446450710296630859375" lon="-109.7165984474122524261474609375">
        <ele>3596.39990234375</ele>
        <time>2017-09-04T22:56:26.000Z</time>
        <extensions>
          <ns3:TrackPointExtension>
            <ns3:atemp>30.0</ns3:atemp>
            <ns3:cad>0</ns3:cad>
          </ns3:TrackPointExtension>
        </extensions>
      </trkpt>
      <trkpt lat="43.328788317739963531494140625" lon="-109.716788046061992645263671875">
        <ele>3596.199951171875</ele>
        <time>2017-09-04T22:56:53.000Z</time>
        <extensions>
          <ns3:TrackPointExtension>
            <ns3:atemp>30.0</ns3:atemp>
            <ns3:cad>0</ns3:cad>
          </ns3:TrackPointExtension>
        </extensions>
      </trkpt>
      <trkpt lat="43.32881069742143154144287109375" lon="-109.71679097972810268402099609375">
        <ele>3595.800048828125</ele>
        <time>2017-09-04T22:57:15.000Z</time>
        <extensions>
          <ns3:TrackPointExtension>
            <ns3:atemp>29.0</ns3:atemp>
            <ns3:cad>61</ns3:cad>
          </ns3:TrackPointExtension>
        </extensions>
      </trkpt>
      <trkpt lat="43.3288303948938846588134765625" lon="-109.7167991101741790771484375">
        <ele>3595.800048828125</ele>
        <time>2017-09-04T22:57:18.000Z</time>
        <extensions>
          <ns3:TrackPointExtension>
            <ns3:atemp>29.0</ns3:atemp>
            <ns3:cad>61</ns3:cad>
          </ns3:TrackPointExtension>
        </extensions>
      </trkpt>
      <trkpt lat="43.32875839434564113616943359375" lon="-109.71681159920990467071533203125">
        <ele>3594.800048828125</ele>
        <time>2017-09-04T22:57:30.000Z</time>
        <extensions>
          <ns3:TrackPointExtension>
            <ns3:atemp>29.0</ns3:atemp>
            <ns3:cad>0</ns3:cad>
          </ns3:TrackPointExtension>
        </extensions>
      </trkpt>
      <trkpt lat="43.3287482522428035736083984375" lon="-109.7168140299618244171142578125">
        <ele>3595</ele>
        <time>2017-09-04T22:57:33.000Z</time>
        <extensions>
          <ns3:TrackPointExtension>
            <ns3:atemp>29.0</ns3:atemp>
            <ns3:cad>0</ns3:cad>
          </ns3:TrackPointExtension>
        </extensions>
      </trkpt>
      <trkpt lat="43.3287509344518184661865234375" lon="-109.71681947819888591766357421875">
        <ele>3594.800048828125</ele>
        <time>2017-09-04T22:57:36.000Z</time>
        <extensions>
          <ns3:TrackPointExtension>
            <ns3:atemp>29.0</ns3:atemp>
            <ns3:cad>0</ns3:cad>
          </ns3:TrackPointExtension>
        </extensions>
      </trkpt>
      <trkpt lat="43.328729979693889617919921875" lon="-109.71680782735347747802734375">
        <ele>3594.39990234375</ele>
        <time>2017-09-04T22:57:43.000Z</time>
        <extensions>
          <ns3:TrackPointExtension>
            <ns3:atemp>29.0</ns3:atemp>
            <ns3:cad>0</ns3:cad>
          </ns3:TrackPointExtension>
        </extensions>
      </trkpt>
      <trkpt lat="43.3286838792264461517333984375" lon="-109.71683858893811702728271484375">
        <ele>3593.39990234375</ele>
        <time>2017-09-04T22:57:50.000Z</time>
        <extensions>
          <ns3:TrackPointExtension>
            <ns3:atemp>29.0</ns3:atemp>
            <ns3:cad>61</ns3:cad>
          </ns3:TrackPointExtension>
        </extensions>
      </trkpt>
      <trkpt lat="43.32867474295198917388916015625" lon="-109.71685954369604587554931640625">
        <ele>3593</ele>
        <time>2017-09-04T22:57:53.000Z</time>
        <extensions>
          <ns3:TrackPointExtension>
            <ns3:atemp>29.0</ns3:atemp>
            <ns3:cad>0</ns3:cad>
          </ns3:TrackPointExtension>
        </extensions>
      </trkpt>
      <trkpt lat="43.3286640979349613189697265625" lon="-109.71687127836048603057861328125">
        <ele>3592.60009765625</ele>
        <time>2017-09-04T22:57:55.000Z</time>
        <extensions>
          <ns3:TrackPointExtension>
            <ns3:atemp>29.0</ns3:atemp>
            <ns3:cad>53</ns3:cad>
          </ns3:TrackPointExtension>
        </extensions>
      </trkpt>
      <trkpt lat="43.3286511898040771484375" lon="-109.71687798388302326202392578125">
        <ele>3592.39990234375</ele>
        <time>2017-09-04T22:58:00.000Z</time>
        <extensions>
          <ns3:TrackPointExtension>
            <ns3:atemp>29.0</ns3:atemp>
            <ns3:cad>51</ns3:cad>
          </ns3:TrackPointExtension>
        </extensions>
      </trkpt>
      <trkpt lat="43.32861565053462982177734375" lon="-109.7169136069715023040771484375">
        <ele>3591.60009765625</ele>
        <time>2017-09-04T22:58:10.000Z</time>
        <extensions>
          <ns3:TrackPointExtension>
            <ns3:atemp>29.0</ns3:atemp>
            <ns3:cad>0</ns3:cad>
          </ns3:TrackPointExtension>
        </extensions>
      </trkpt>
      <trkpt lat="43.3286161534488201141357421875" lon="-109.71696532331407070159912109375">
        <ele>3591.60009765625</ele>
        <time>2017-09-04T22:58:15.000Z</time>
        <extensions>
          <ns3:TrackPointExtension>
            <ns3:atemp>29.0</ns3:atemp>
            <ns3:cad>0</ns3:cad>
          </ns3:TrackPointExtension>
        </extensions>
      </trkpt>
      <trkpt lat="43.32860349677503108978271484375" lon="-109.7169922292232513427734375">
        <ele>3591.60009765625</ele>
        <time>2017-09-04T22:58:18.000Z</time>
        <extensions>
          <ns3:TrackPointExtension>
            <ns3:atemp>29.0</ns3:atemp>
            <ns3:cad>0</ns3:cad>
          </ns3:TrackPointExtension>
        </extensions>
      </trkpt>
      <trkpt lat="43.328586481511592864990234375" lon="-109.7170125134289264678955078125">
        <ele>3591.199951171875</ele>
        <time>2017-09-04T22:58:21.000Z</time>
        <extensions>
          <ns3:TrackPointExtension>
            <ns3:atemp>29.0</ns3:atemp>
            <ns3:cad>0</ns3:cad>
          </ns3:TrackPointExtension>
        </extensions>
      </trkpt>
      <trkpt lat="43.32858606241643428802490234375" lon="-109.7170259244740009307861328125">
        <ele>3591</ele>
        <time>2017-09-04T22:58:23.000Z</time>
        <extensions>
          <ns3:TrackPointExtension>
            <ns3:atemp>29.0</ns3:atemp>
            <ns3:cad>0</ns3:cad>
          </ns3:TrackPointExtension>
        </extensions>
      </trkpt>
      <trkpt lat="43.32856896333396434783935546875" lon="-109.71703237853944301605224609375">
        <ele>3590.199951171875</ele>
        <time>2017-09-04T22:58:28.000Z</time>
        <extensions>
          <ns3:TrackPointExtension>
            <ns3:atemp>29.0</ns3:atemp>
            <ns3:cad>0</ns3:cad>
          </ns3:TrackPointExtension>
        </extensions>
      </trkpt>
      <trkpt lat="43.32853459753096103668212890625" lon="-109.71717705018818378448486328125">
        <ele>3590.199951171875</ele>
        <time>2017-09-04T22:59:06.000Z</time>
        <extensions>
          <ns3:TrackPointExtension>
            <ns3:atemp>29.0</ns3:atemp>
            <ns3:cad>61</ns3:cad>
          </ns3:TrackPointExtension>
        </extensions>
      </trkpt>
      <trkpt lat="43.32839839160442352294921875" lon="-109.7173062153160572052001953125">
        <ele>3589.199951171875</ele>
        <time>2017-09-04T22:59:36.000Z</time>
        <extensions>
          <ns3:TrackPointExtension>
            <ns3:atemp>29.0</ns3:atemp>
            <ns3:cad>0</ns3:cad>
          </ns3:TrackPointExtension>
        </extensions>
      </trkpt>
      <trkpt lat="43.32837416790425777435302734375" lon="-109.71734695136547088623046875">
        <ele>3588.199951171875</ele>
        <time>2017-09-04T22:59:43.000Z</time>
        <extensions>
          <ns3:TrackPointExtension>
            <ns3:atemp>29.0</ns3:atemp>
            <ns3:cad>43</ns3:cad>
          </ns3:TrackPointExtension>
        </extensions>
      </trkpt>
      <trkpt lat="43.3283499442040920257568359375" lon="-109.71739380620419979095458984375">
        <ele>3587</ele>
        <time>2017-09-04T22:59:48.000Z</time>
        <extensions>
          <ns3:TrackPointExtension>
            <ns3:atemp>29.0</ns3:atemp>
            <ns3:cad>48</ns3:cad>
          </ns3:TrackPointExtension>
        </extensions>
      </trkpt>
      <trkpt lat="43.32831499166786670684814453125" lon="-109.7174389846622943878173828125">
        <ele>3586.800048828125</ele>
        <time>2017-09-04T22:59:54.000Z</time>
        <extensions>
          <ns3:TrackPointExtension>
            <ns3:atemp>29.0</ns3:atemp>
            <ns3:cad>0</ns3:cad>
          </ns3:TrackPointExtension>
        </extensions>
      </trkpt>
      <trkpt lat="43.32830107770860195159912109375" lon="-109.717494808137416839599609375">
        <ele>3586</ele>
        <time>2017-09-04T23:00:17.000Z</time>
        <extensions>
          <ns3:TrackPointExtension>
            <ns3:atemp>29.0</ns3:atemp>
            <ns3:cad>61</ns3:cad>
          </ns3:TrackPointExtension>
        </extensions>
      </trkpt>
      <trkpt lat="43.32826687954366207122802734375" lon="-109.7175114043056964874267578125">
        <ele>3584.800048828125</ele>
        <time>2017-09-04T23:00:31.000Z</time>
        <extensions>
          <ns3:TrackPointExtension>
            <ns3:atemp>29.0</ns3:atemp>
            <ns3:cad>61</ns3:cad>
          </ns3:TrackPointExtension>
        </extensions>
      </trkpt>
      <trkpt lat="43.3282356150448322296142578125" lon="-109.71747594885528087615966796875">
        <ele>3583.800048828125</ele>
        <time>2017-09-04T23:00:37.000Z</time>
        <extensions>
          <ns3:TrackPointExtension>
            <ns3:atemp>29.0</ns3:atemp>
            <ns3:cad>0</ns3:cad>
          </ns3:TrackPointExtension>
        </extensions>
      </trkpt>
      <trkpt lat="43.3281802944839000701904296875" lon="-109.71756043843924999237060546875">
        <ele>3584.199951171875</ele>
        <time>2017-09-04T23:01:42.000Z</time>
        <extensions>
          <ns3:TrackPointExtension>
            <ns3:atemp>29.0</ns3:atemp>
            <ns3:cad>0</ns3:cad>
          </ns3:TrackPointExtension>
        </extensions>
      </trkpt>
      <trkpt lat="43.3281880058348178863525390625" lon="-109.71763084642589092254638671875">
        <ele>3584.39990234375</ele>
        <time>2017-09-04T23:01:52.000Z</time>
        <extensions>
          <ns3:TrackPointExtension>
            <ns3:atemp>29.0</ns3:atemp>
            <ns3:cad>61</ns3:cad>
          </ns3:TrackPointExtension>
        </extensions>
      </trkpt>
      <trkpt lat="43.3281903527677059173583984375" lon="-109.717643000185489654541015625">
        <ele>3585</ele>
        <time>2017-09-04T23:01:55.000Z</time>
        <extensions>
          <ns3:TrackPointExtension>
            <ns3:atemp>29.0</ns3:atemp>
            <ns3:cad>61</ns3:cad>
          </ns3:TrackPointExtension>
        </extensions>
      </trkpt>
      <trkpt lat="43.32818591035902500152587890625" lon="-109.717685244977474212646484375">
        <ele>3586</ele>
        <time>2017-09-04T23:02:02.000Z</time>
        <extensions>
          <ns3:TrackPointExtension>
            <ns3:atemp>29.0</ns3:atemp>
            <ns3:cad>0</ns3:cad>
          </ns3:TrackPointExtension>
        </extensions>
      </trkpt>
      <trkpt lat="43.328134529292583465576171875" lon="-109.7178693115711212158203125">
        <ele>3585.800048828125</ele>
        <time>2017-09-04T23:02:23.000Z</time>
        <extensions>
          <ns3:TrackPointExtension>
            <ns3:atemp>29.0</ns3:atemp>
            <ns3:cad>45</ns3:cad>
          </ns3:TrackPointExtension>
        </extensions>
      </trkpt>
      <trkpt lat="43.328130505979061126708984375" lon="-109.7178926132619380950927734375">
        <ele>3585.39990234375</ele>
        <time>2017-09-04T23:02:25.000Z</time>
        <extensions>
          <ns3:TrackPointExtension>
            <ns3:atemp>29.0</ns3:atemp>
            <ns3:cad>45</ns3:cad>
          </ns3:TrackPointExtension>
        </extensions>
      </trkpt>
      <trkpt lat="43.32812539301812648773193359375" lon="-109.7179014980792999267578125">
        <ele>3585</ele>
        <time>2017-09-04T23:02:27.000Z</time>
        <extensions>
          <ns3:TrackPointExtension>
            <ns3:atemp>29.0</ns3:atemp>
            <ns3:cad>45</ns3:cad>
          </ns3:TrackPointExtension>
        </extensions>
      </trkpt>
      <trkpt lat="43.32812019623816013336181640625" lon="-109.7179016657173633575439453125">
        <ele>3585</ele>
        <time>2017-09-04T23:02:28.000Z</time>
        <extensions>
          <ns3:TrackPointExtension>
            <ns3:atemp>29.0</ns3:atemp>
            <ns3:cad>45</ns3:cad>
          </ns3:TrackPointExtension>
        </extensions>
      </trkpt>
      <trkpt lat="43.3280793763697147369384765625" lon="-109.71799227409064769744873046875">
        <ele>3585.199951171875</ele>
        <time>2017-09-04T23:02:40.000Z</time>
        <extensions>
          <ns3:TrackPointExtension>
            <ns3:atemp>29.0</ns3:atemp>
            <ns3:cad>61</ns3:cad>
          </ns3:TrackPointExtension>
        </extensions>
      </trkpt>
      <trkpt lat="43.32805347628891468048095703125" lon="-109.71807341091334819793701171875">
        <ele>3585.39990234375</ele>
        <time>2017-09-04T23:02:51.000Z</time>
        <extensions>
          <ns3:TrackPointExtension>
            <ns3:atemp>29.0</ns3:atemp>
            <ns3:cad>60</ns3:cad>
          </ns3:TrackPointExtension>
        </extensions>
      </trkpt>
    </trkseg>
  </trk>
</gpx>
