<?xml version="1.0" encoding="UTF-8"?>
<gpx creator="Garmin Connect" version="1.1"
  xsi:schemaLocation="http://www.topografix.com/GPX/1/1 http://www.topografix.com/GPX/11.xsd"
  xmlns:ns3="http://www.garmin.com/xmlschemas/TrackPointExtension/v1"
  xmlns="http://www.topografix.com/GPX/1/1"
  xmlns:xsi="http://www.w3.org/2001/XMLSchema-instance" xmlns:ns2="http://www.garmin.com/xmlschemas/GpxExtensions/v3">
  <metadata>
    <link href="connect.garmin.com">
      <text>Garmin Connect</text>
    </link>
    <time>2017-09-05T23:05:13.000Z</time>
  </metadata>
  <trk>
    <name>Cora Hiking</name>
    <type>hiking</type>
    <trkseg>
      <trkpt lat="43.30254332162439823150634765625" lon="-109.80041094124317169189453125">
        <ele>2592.800048828125</ele>
        <time>2017-09-05T23:05:13.000Z</time>
        <extensions>
          <ns3:TrackPointExtension>
            <ns3:atemp>32.0</ns3:atemp>
            <ns3:cad>52</ns3:cad>
          </ns3:TrackPointExtension>
        </extensions>
      </trkpt>
      <trkpt lat="43.302523456513881683349609375" lon="-109.80039208196103572845458984375">
        <ele>2592.800048828125</ele>
        <time>2017-09-05T23:05:15.000Z</time>
        <extensions>
          <ns3:TrackPointExtension>
            <ns3:atemp>32.0</ns3:atemp>
            <ns3:cad>52</ns3:cad>
          </ns3:TrackPointExtension>
        </extensions>
      </trkpt>
      <trkpt lat="43.302480876445770263671875" lon="-109.80038286186754703521728515625">
        <ele>2593.199951171875</ele>
        <time>2017-09-05T23:05:18.000Z</time>
        <extensions>
          <ns3:TrackPointExtension>
            <ns3:atemp>32.0</ns3:atemp>
            <ns3:cad>61</ns3:cad>
          </ns3:TrackPointExtension>
        </extensions>
      </trkpt>
      <trkpt lat="43.3024243824183940887451171875" lon="-109.80035939253866672515869140625">
        <ele>2593.39990234375</ele>
        <time>2017-09-05T23:05:21.000Z</time>
        <extensions>
          <ns3:TrackPointExtension>
            <ns3:atemp>32.0</ns3:atemp>
            <ns3:cad>61</ns3:cad>
          </ns3:TrackPointExtension>
        </extensions>
      </trkpt>
      <trkpt lat="43.30239999108016490936279296875" lon="-109.8003306426107883453369140625">
        <ele>2593.199951171875</ele>
        <time>2017-09-05T23:05:24.000Z</time>
        <extensions>
          <ns3:TrackPointExtension>
            <ns3:atemp>32.0</ns3:atemp>
            <ns3:cad>61</ns3:cad>
          </ns3:TrackPointExtension>
        </extensions>
      </trkpt>
      <trkpt lat="43.30238289199769496917724609375" lon="-109.80030708946287631988525390625">
        <ele>2593.39990234375</ele>
        <time>2017-09-05T23:05:28.000Z</time>
        <extensions>
          <ns3:TrackPointExtension>
            <ns3:atemp>32.0</ns3:atemp>
            <ns3:cad>61</ns3:cad>
          </ns3:TrackPointExtension>
        </extensions>
      </trkpt>
      <trkpt lat="43.30235506407916545867919921875" lon="-109.8002981208264827728271484375">
        <ele>2593.60009765625</ele>
        <time>2017-09-05T23:05:32.000Z</time>
        <extensions>
          <ns3:TrackPointExtension>
            <ns3:atemp>32.0</ns3:atemp>
            <ns3:cad>56</ns3:cad>
          </ns3:TrackPointExtension>
        </extensions>
      </trkpt>
      <trkpt lat="43.30230996944010257720947265625" lon="-109.8002930916845798492431640625">
        <ele>2593.199951171875</ele>
        <time>2017-09-05T23:05:35.000Z</time>
        <extensions>
          <ns3:TrackPointExtension>
            <ns3:atemp>32.0</ns3:atemp>
            <ns3:cad>55</ns3:cad>
          </ns3:TrackPointExtension>
        </extensions>
      </trkpt>
      <trkpt lat="43.302276693284511566162109375" lon="-109.8003016412258148193359375">
        <ele>2593</ele>
        <time>2017-09-05T23:05:37.000Z</time>
        <extensions>
          <ns3:TrackPointExtension>
            <ns3:atemp>32.0</ns3:atemp>
            <ns3:cad>55</ns3:cad>
          </ns3:TrackPointExtension>
        </extensions>
      </trkpt>
      <trkpt lat="43.30218918621540069580078125" lon="-109.80030725710093975067138671875">
        <ele>2593</ele>
        <time>2017-09-05T23:05:40.000Z</time>
        <extensions>
          <ns3:TrackPointExtension>
            <ns3:atemp>32.0</ns3:atemp>
            <ns3:cad>55</ns3:cad>
          </ns3:TrackPointExtension>
        </extensions>
      </trkpt>
      <trkpt lat="43.30201190896332263946533203125" lon="-109.8003982007503509521484375">
        <ele>2592.60009765625</ele>
        <time>2017-09-05T23:05:49.000Z</time>
        <extensions>
          <ns3:TrackPointExtension>
            <ns3:atemp>32.0</ns3:atemp>
            <ns3:cad>57</ns3:cad>
          </ns3:TrackPointExtension>
        </extensions>
      </trkpt>
      <trkpt lat="43.30198307521641254425048828125" lon="-109.80053591541945934295654296875">
        <ele>2591.800048828125</ele>
        <time>2017-09-05T23:05:55.000Z</time>
        <extensions>
          <ns3:TrackPointExtension>
            <ns3:atemp>32.0</ns3:atemp>
            <ns3:cad>56</ns3:cad>
          </ns3:TrackPointExtension>
        </extensions>
      </trkpt>
      <trkpt lat="43.30191534943878650665283203125" lon="-109.80061638168990612030029296875">
        <ele>2591</ele>
        <time>2017-09-05T23:06:01.000Z</time>
        <extensions>
          <ns3:TrackPointExtension>
            <ns3:atemp>32.0</ns3:atemp>
            <ns3:cad>61</ns3:cad>
          </ns3:TrackPointExtension>
        </extensions>
      </trkpt>
      <trkpt lat="43.301781155169010162353515625" lon="-109.80079810135066509246826171875">
        <ele>2591.199951171875</ele>
        <time>2017-09-05T23:06:13.000Z</time>
        <extensions>
          <ns3:TrackPointExtension>
            <ns3:atemp>33.0</ns3:atemp>
            <ns3:cad>54</ns3:cad>
          </ns3:TrackPointExtension>
        </extensions>
      </trkpt>
      <trkpt lat="43.30165316350758075714111328125" lon="-109.800846464931964874267578125">
        <ele>2591</ele>
        <time>2017-09-05T23:06:23.000Z</time>
        <extensions>
          <ns3:TrackPointExtension>
            <ns3:atemp>33.0</ns3:atemp>
            <ns3:cad>57</ns3:cad>
          </ns3:TrackPointExtension>
        </extensions>
      </trkpt>
      <trkpt lat="43.3015997707843780517578125" lon="-109.800879321992397308349609375">
        <ele>2590.60009765625</ele>
        <time>2017-09-05T23:06:27.000Z</time>
        <extensions>
          <ns3:TrackPointExtension>
            <ns3:atemp>33.0</ns3:atemp>
            <ns3:cad>57</ns3:cad>
          </ns3:TrackPointExtension>
        </extensions>
      </trkpt>
      <trkpt lat="43.3016110025346279144287109375" lon="-109.80089197866618633270263671875">
        <ele>2590.39990234375</ele>
        <time>2017-09-05T23:06:28.000Z</time>
        <extensions>
          <ns3:TrackPointExtension>
            <ns3:atemp>33.0</ns3:atemp>
            <ns3:cad>57</ns3:cad>
          </ns3:TrackPointExtension>
        </extensions>
      </trkpt>
      <trkpt lat="43.3016180433332920074462890625" lon="-109.800926931202411651611328125">
        <ele>2589.60009765625</ele>
        <time>2017-09-05T23:06:31.000Z</time>
        <extensions>
          <ns3:TrackPointExtension>
            <ns3:atemp>33.0</ns3:atemp>
            <ns3:cad>62</ns3:cad>
          </ns3:TrackPointExtension>
        </extensions>
      </trkpt>
      <trkpt lat="43.3015680871903896331787109375" lon="-109.80095677077770233154296875">
        <ele>2589.39990234375</ele>
        <time>2017-09-05T23:06:34.000Z</time>
        <extensions>
          <ns3:TrackPointExtension>
            <ns3:atemp>33.0</ns3:atemp>
            <ns3:cad>59</ns3:cad>
          </ns3:TrackPointExtension>
        </extensions>
      </trkpt>
      <trkpt lat="43.30149541608989238739013671875" lon="-109.80102424509823322296142578125">
        <ele>2589</ele>
        <time>2017-09-05T23:06:40.000Z</time>
        <extensions>
          <ns3:TrackPointExtension>
            <ns3:atemp>32.0</ns3:atemp>
            <ns3:cad>59</ns3:cad>
          </ns3:TrackPointExtension>
        </extensions>
      </trkpt>
      <trkpt lat="43.30134605057537555694580078125" lon="-109.80113773606717586517333984375">
        <ele>2590</ele>
        <time>2017-09-05T23:06:52.000Z</time>
        <extensions>
          <ns3:TrackPointExtension>
            <ns3:atemp>32.0</ns3:atemp>
            <ns3:cad>54</ns3:cad>
          </ns3:TrackPointExtension>
        </extensions>
      </trkpt>
      <trkpt lat="43.30133683048188686370849609375" lon="-109.80117134749889373779296875">
        <ele>2590.199951171875</ele>
        <time>2017-09-05T23:06:55.000Z</time>
        <extensions>
          <ns3:TrackPointExtension>
            <ns3:atemp>32.0</ns3:atemp>
            <ns3:cad>54</ns3:cad>
          </ns3:TrackPointExtension>
        </extensions>
      </trkpt>
      <trkpt lat="43.301327861845493316650390625" lon="-109.8011943139135837554931640625">
        <ele>2590.39990234375</ele>
        <time>2017-09-05T23:06:57.000Z</time>
        <extensions>
          <ns3:TrackPointExtension>
            <ns3:atemp>32.0</ns3:atemp>
            <ns3:cad>57</ns3:cad>
          </ns3:TrackPointExtension>
        </extensions>
      </trkpt>
      <trkpt lat="43.3012582920491695404052734375" lon="-109.8012511432170867919921875">
        <ele>2590.39990234375</ele>
        <time>2017-09-05T23:07:03.000Z</time>
        <extensions>
          <ns3:TrackPointExtension>
            <ns3:atemp>32.0</ns3:atemp>
            <ns3:cad>54</ns3:cad>
          </ns3:TrackPointExtension>
        </extensions>
      </trkpt>
      <trkpt lat="43.30106508918106555938720703125" lon="-109.80134946294128894805908203125">
        <ele>2589.800048828125</ele>
        <time>2017-09-05T23:07:12.000Z</time>
        <extensions>
          <ns3:TrackPointExtension>
            <ns3:atemp>32.0</ns3:atemp>
            <ns3:cad>56</ns3:cad>
          </ns3:TrackPointExtension>
        </extensions>
      </trkpt>
      <trkpt lat="43.3010417036712169647216796875" lon="-109.80138458311557769775390625">
        <ele>2589.800048828125</ele>
        <time>2017-09-05T23:07:14.000Z</time>
        <extensions>
          <ns3:TrackPointExtension>
            <ns3:atemp>32.0</ns3:atemp>
            <ns3:cad>56</ns3:cad>
          </ns3:TrackPointExtension>
        </extensions>
      </trkpt>
      <trkpt lat="43.3010075055062770843505859375" lon="-109.80150125920772552490234375">
        <ele>2589.199951171875</ele>
        <time>2017-09-05T23:07:19.000Z</time>
        <extensions>
          <ns3:TrackPointExtension>
            <ns3:atemp>32.0</ns3:atemp>
            <ns3:cad>55</ns3:cad>
          </ns3:TrackPointExtension>
        </extensions>
      </trkpt>
      <trkpt lat="43.3009166456758975982666015625" lon="-109.801651127636432647705078125">
        <ele>2589.39990234375</ele>
        <time>2017-09-05T23:07:30.000Z</time>
        <extensions>
          <ns3:TrackPointExtension>
            <ns3:atemp>32.0</ns3:atemp>
            <ns3:cad>55</ns3:cad>
          </ns3:TrackPointExtension>
        </extensions>
      </trkpt>
      <trkpt lat="43.30081044696271419525146484375" lon="-109.80172497220337390899658203125">
        <ele>2589.800048828125</ele>
        <time>2017-09-05T23:07:38.000Z</time>
        <extensions>
          <ns3:TrackPointExtension>
            <ns3:atemp>32.0</ns3:atemp>
            <ns3:cad>57</ns3:cad>
          </ns3:TrackPointExtension>
        </extensions>
      </trkpt>
      <trkpt lat="43.30070500262081623077392578125" lon="-109.801744334399700164794921875">
        <ele>2589</ele>
        <time>2017-09-05T23:07:44.000Z</time>
        <extensions>
          <ns3:TrackPointExtension>
            <ns3:atemp>32.0</ns3:atemp>
            <ns3:cad>57</ns3:cad>
          </ns3:TrackPointExtension>
        </extensions>
      </trkpt>
      <trkpt lat="43.3006511069834232330322265625" lon="-109.80174441821873188018798828125">
        <ele>2588.39990234375</ele>
        <time>2017-09-05T23:07:46.000Z</time>
        <extensions>
          <ns3:TrackPointExtension>
            <ns3:atemp>32.0</ns3:atemp>
            <ns3:cad>58</ns3:cad>
          </ns3:TrackPointExtension>
        </extensions>
      </trkpt>
      <trkpt lat="43.300643227994441986083984375" lon="-109.80176453478634357452392578125">
        <ele>2588</ele>
        <time>2017-09-05T23:07:51.000Z</time>
        <extensions>
          <ns3:TrackPointExtension>
            <ns3:atemp>32.0</ns3:atemp>
            <ns3:cad>59</ns3:cad>
          </ns3:TrackPointExtension>
        </extensions>
      </trkpt>
      <trkpt lat="43.300646580755710601806640625" lon="-109.80177526362240314483642578125">
        <ele>2587.800048828125</ele>
        <time>2017-09-05T23:07:54.000Z</time>
        <extensions>
          <ns3:TrackPointExtension>
            <ns3:atemp>32.0</ns3:atemp>
            <ns3:cad>58</ns3:cad>
          </ns3:TrackPointExtension>
        </extensions>
      </trkpt>
      <trkpt lat="43.3006323315203189849853515625" lon="-109.8017822206020355224609375">
        <ele>2587.800048828125</ele>
        <time>2017-09-05T23:07:56.000Z</time>
        <extensions>
          <ns3:TrackPointExtension>
            <ns3:atemp>32.0</ns3:atemp>
            <ns3:cad>58</ns3:cad>
          </ns3:TrackPointExtension>
        </extensions>
      </trkpt>
      <trkpt lat="43.30061380751430988311767578125" lon="-109.801797978579998016357421875">
        <ele>2587.800048828125</ele>
        <time>2017-09-05T23:08:00.000Z</time>
        <extensions>
          <ns3:TrackPointExtension>
            <ns3:atemp>32.0</ns3:atemp>
            <ns3:cad>61</ns3:cad>
          </ns3:TrackPointExtension>
        </extensions>
      </trkpt>
      <trkpt lat="43.30059888772666454315185546875" lon="-109.80181097052991390228271484375">
        <ele>2587.60009765625</ele>
        <time>2017-09-05T23:08:02.000Z</time>
        <extensions>
          <ns3:TrackPointExtension>
            <ns3:atemp>32.0</ns3:atemp>
            <ns3:cad>61</ns3:cad>
          </ns3:TrackPointExtension>
        </extensions>
      </trkpt>
      <trkpt lat="43.30054407007992267608642578125" lon="-109.8018685542047023773193359375">
        <ele>2587.800048828125</ele>
        <time>2017-09-05T23:08:09.000Z</time>
        <extensions>
          <ns3:TrackPointExtension>
            <ns3:atemp>32.0</ns3:atemp>
            <ns3:cad>61</ns3:cad>
          </ns3:TrackPointExtension>
        </extensions>
      </trkpt>
      <trkpt lat="43.30051481723785400390625" lon="-109.80188942514359951019287109375">
        <ele>2587.60009765625</ele>
        <time>2017-09-05T23:08:11.000Z</time>
        <extensions>
          <ns3:TrackPointExtension>
            <ns3:atemp>32.0</ns3:atemp>
            <ns3:cad>61</ns3:cad>
          </ns3:TrackPointExtension>
        </extensions>
      </trkpt>
      <trkpt lat="43.3004670403897762298583984375" lon="-109.80190769769251346588134765625">
        <ele>2587.39990234375</ele>
        <time>2017-09-05T23:08:13.000Z</time>
        <extensions>
          <ns3:TrackPointExtension>
            <ns3:atemp>32.0</ns3:atemp>
            <ns3:cad>61</ns3:cad>
          </ns3:TrackPointExtension>
        </extensions>
      </trkpt>
      <trkpt lat="43.30031742341816425323486328125" lon="-109.80205756612122058868408203125">
        <ele>2587</ele>
        <time>2017-09-05T23:08:22.000Z</time>
        <extensions>
          <ns3:TrackPointExtension>
            <ns3:atemp>32.0</ns3:atemp>
            <ns3:cad>55</ns3:cad>
          </ns3:TrackPointExtension>
        </extensions>
      </trkpt>
      <trkpt lat="43.30022304318845272064208984375" lon="-109.8022765852510929107666015625">
        <ele>2587</ele>
        <time>2017-09-05T23:08:34.000Z</time>
        <extensions>
          <ns3:TrackPointExtension>
            <ns3:atemp>32.0</ns3:atemp>
            <ns3:cad>57</ns3:cad>
          </ns3:TrackPointExtension>
        </extensions>
      </trkpt>
      <trkpt lat="43.300152719020843505859375" lon="-109.80237842537462711334228515625">
        <ele>2586.800048828125</ele>
        <time>2017-09-05T23:08:43.000Z</time>
        <extensions>
          <ns3:TrackPointExtension>
            <ns3:atemp>32.0</ns3:atemp>
            <ns3:cad>52</ns3:cad>
          </ns3:TrackPointExtension>
        </extensions>
      </trkpt>
      <trkpt lat="43.300168476998805999755859375" lon="-109.80242217890918254852294921875">
        <ele>2587</ele>
        <time>2017-09-05T23:08:46.000Z</time>
        <extensions>
          <ns3:TrackPointExtension>
            <ns3:atemp>32.0</ns3:atemp>
            <ns3:cad>57</ns3:cad>
          </ns3:TrackPointExtension>
        </extensions>
      </trkpt>
      <trkpt lat="43.3001448400318622589111328125" lon="-109.802460484206676483154296875">
        <ele>2586.60009765625</ele>
        <time>2017-09-05T23:08:49.000Z</time>
        <extensions>
          <ns3:TrackPointExtension>
            <ns3:atemp>32.0</ns3:atemp>
            <ns3:cad>57</ns3:cad>
          </ns3:TrackPointExtension>
        </extensions>
      </trkpt>
      <trkpt lat="43.30013972707092761993408203125" lon="-109.80250448919832706451416015625">
        <ele>2586.39990234375</ele>
        <time>2017-09-05T23:08:52.000Z</time>
        <extensions>
          <ns3:TrackPointExtension>
            <ns3:atemp>32.0</ns3:atemp>
            <ns3:cad>54</ns3:cad>
          </ns3:TrackPointExtension>
        </extensions>
      </trkpt>
      <trkpt lat="43.30006613396108150482177734375" lon="-109.8025746457278728485107421875">
        <ele>2585.800048828125</ele>
        <time>2017-09-05T23:08:58.000Z</time>
        <extensions>
          <ns3:TrackPointExtension>
            <ns3:atemp>32.0</ns3:atemp>
            <ns3:cad>55</ns3:cad>
          </ns3:TrackPointExtension>
        </extensions>
      </trkpt>
      <trkpt lat="43.3000315167009830474853515625" lon="-109.8026339896023273468017578125">
        <ele>2585.800048828125</ele>
        <time>2017-09-05T23:09:02.000Z</time>
        <extensions>
          <ns3:TrackPointExtension>
            <ns3:atemp>32.0</ns3:atemp>
            <ns3:cad>55</ns3:cad>
          </ns3:TrackPointExtension>
        </extensions>
      </trkpt>
      <trkpt lat="43.2999963127076625823974609375" lon="-109.802681095898151397705078125">
        <ele>2585.60009765625</ele>
        <time>2017-09-05T23:09:06.000Z</time>
        <extensions>
          <ns3:TrackPointExtension>
            <ns3:atemp>32.0</ns3:atemp>
            <ns3:cad>47</ns3:cad>
          </ns3:TrackPointExtension>
        </extensions>
      </trkpt>
      <trkpt lat="43.299980722367763519287109375" lon="-109.80270816944539546966552734375">
        <ele>2585.60009765625</ele>
        <time>2017-09-05T23:09:08.000Z</time>
        <extensions>
          <ns3:TrackPointExtension>
            <ns3:atemp>32.0</ns3:atemp>
            <ns3:cad>47</ns3:cad>
          </ns3:TrackPointExtension>
        </extensions>
      </trkpt>
      <trkpt lat="43.29993906430900096893310546875" lon="-109.8027456365525722503662109375">
        <ele>2585.39990234375</ele>
        <time>2017-09-05T23:09:11.000Z</time>
        <extensions>
          <ns3:TrackPointExtension>
            <ns3:atemp>32.0</ns3:atemp>
            <ns3:cad>55</ns3:cad>
          </ns3:TrackPointExtension>
        </extensions>
      </trkpt>
      <trkpt lat="43.29985138960182666778564453125" lon="-109.802846722304821014404296875">
        <ele>2585.60009765625</ele>
        <time>2017-09-05T23:09:18.000Z</time>
        <extensions>
          <ns3:TrackPointExtension>
            <ns3:atemp>32.0</ns3:atemp>
            <ns3:cad>55</ns3:cad>
          </ns3:TrackPointExtension>
        </extensions>
      </trkpt>
      <trkpt lat="43.2998241484165191650390625" lon="-109.8028901405632495880126953125">
        <ele>2585.199951171875</ele>
        <time>2017-09-05T23:09:21.000Z</time>
        <extensions>
          <ns3:TrackPointExtension>
            <ns3:atemp>32.0</ns3:atemp>
            <ns3:cad>58</ns3:cad>
          </ns3:TrackPointExtension>
        </extensions>
      </trkpt>
      <trkpt lat="43.29968777485191822052001953125" lon="-109.8030872829258441925048828125">
        <ele>2584.39990234375</ele>
        <time>2017-09-05T23:09:33.000Z</time>
        <extensions>
          <ns3:TrackPointExtension>
            <ns3:atemp>32.0</ns3:atemp>
            <ns3:cad>56</ns3:cad>
          </ns3:TrackPointExtension>
        </extensions>
      </trkpt>
      <trkpt lat="43.29960496164858341217041015625" lon="-109.80330177582800388336181640625">
        <ele>2584.39990234375</ele>
        <time>2017-09-05T23:09:46.000Z</time>
        <extensions>
          <ns3:TrackPointExtension>
            <ns3:atemp>32.0</ns3:atemp>
            <ns3:cad>54</ns3:cad>
          </ns3:TrackPointExtension>
        </extensions>
      </trkpt>
      <trkpt lat="43.29959104768931865692138671875" lon="-109.80331317521631717681884765625">
        <ele>2584.39990234375</ele>
        <time>2017-09-05T23:09:47.000Z</time>
        <extensions>
          <ns3:TrackPointExtension>
            <ns3:atemp>32.0</ns3:atemp>
            <ns3:cad>54</ns3:cad>
          </ns3:TrackPointExtension>
        </extensions>
      </trkpt>
      <trkpt lat="43.29955701716244220733642578125" lon="-109.8033736087381839752197265625">
        <ele>2584</ele>
        <time>2017-09-05T23:09:51.000Z</time>
        <extensions>
          <ns3:TrackPointExtension>
            <ns3:atemp>32.0</ns3:atemp>
            <ns3:cad>51</ns3:cad>
          </ns3:TrackPointExtension>
        </extensions>
      </trkpt>
      <trkpt lat="43.2995661534368991851806640625" lon="-109.803406298160552978515625">
        <ele>2583.800048828125</ele>
        <time>2017-09-05T23:09:53.000Z</time>
        <extensions>
          <ns3:TrackPointExtension>
            <ns3:atemp>32.0</ns3:atemp>
            <ns3:cad>51</ns3:cad>
          </ns3:TrackPointExtension>
        </extensions>
      </trkpt>
      <trkpt lat="43.29954746179282665252685546875" lon="-109.80346203781664371490478515625">
        <ele>2583.800048828125</ele>
        <time>2017-09-05T23:09:58.000Z</time>
        <extensions>
          <ns3:TrackPointExtension>
            <ns3:atemp>32.0</ns3:atemp>
            <ns3:cad>49</ns3:cad>
          </ns3:TrackPointExtension>
        </extensions>
      </trkpt>
      <trkpt lat="43.299530781805515289306640625" lon="-109.80351903475821018218994140625">
        <ele>2583.800048828125</ele>
        <time>2017-09-05T23:10:02.000Z</time>
        <extensions>
          <ns3:TrackPointExtension>
            <ns3:atemp>32.0</ns3:atemp>
            <ns3:cad>49</ns3:cad>
          </ns3:TrackPointExtension>
        </extensions>
      </trkpt>
      <trkpt lat="43.29949918203055858612060546875" lon="-109.8035328648984432220458984375">
        <ele>2583.800048828125</ele>
        <time>2017-09-05T23:10:05.000Z</time>
        <extensions>
          <ns3:TrackPointExtension>
            <ns3:atemp>32.0</ns3:atemp>
            <ns3:cad>55</ns3:cad>
          </ns3:TrackPointExtension>
        </extensions>
      </trkpt>
      <trkpt lat="43.29949515871703624725341796875" lon="-109.80355440638959407806396484375">
        <ele>2583.800048828125</ele>
        <time>2017-09-05T23:10:07.000Z</time>
        <extensions>
          <ns3:TrackPointExtension>
            <ns3:atemp>32.0</ns3:atemp>
            <ns3:cad>55</ns3:cad>
          </ns3:TrackPointExtension>
        </extensions>
      </trkpt>
      <trkpt lat="43.29944654367864131927490234375" lon="-109.8035828210413455963134765625">
        <ele>2583.60009765625</ele>
        <time>2017-09-05T23:10:11.000Z</time>
        <extensions>
          <ns3:TrackPointExtension>
            <ns3:atemp>32.0</ns3:atemp>
            <ns3:cad>0</ns3:cad>
          </ns3:TrackPointExtension>
        </extensions>
      </trkpt>
      <trkpt lat="43.29937797971069812774658203125" lon="-109.803695976734161376953125">
        <ele>2583.199951171875</ele>
        <time>2017-09-05T23:10:46.000Z</time>
        <extensions>
          <ns3:TrackPointExtension>
            <ns3:atemp>32.0</ns3:atemp>
            <ns3:cad>0</ns3:cad>
          </ns3:TrackPointExtension>
        </extensions>
      </trkpt>
      <trkpt lat="43.29931519925594329833984375" lon="-109.8037648759782314300537109375">
        <ele>2583</ele>
        <time>2017-09-05T23:10:57.000Z</time>
        <extensions>
          <ns3:TrackPointExtension>
            <ns3:atemp>32.0</ns3:atemp>
            <ns3:cad>58</ns3:cad>
          </ns3:TrackPointExtension>
        </extensions>
      </trkpt>
      <trkpt lat="43.299229033291339874267578125" lon="-109.80380670167505741119384765625">
        <ele>2582.39990234375</ele>
        <time>2017-09-05T23:11:03.000Z</time>
        <extensions>
          <ns3:TrackPointExtension>
            <ns3:atemp>32.0</ns3:atemp>
            <ns3:cad>58</ns3:cad>
          </ns3:TrackPointExtension>
        </extensions>
      </trkpt>
      <trkpt lat="43.29921537078917026519775390625" lon="-109.8038352839648723602294921875">
        <ele>2582.199951171875</ele>
        <time>2017-09-05T23:11:05.000Z</time>
        <extensions>
          <ns3:TrackPointExtension>
            <ns3:atemp>32.0</ns3:atemp>
            <ns3:cad>58</ns3:cad>
          </ns3:TrackPointExtension>
        </extensions>
      </trkpt>
      <trkpt lat="43.2991950027644634246826171875" lon="-109.8038567416369915008544921875">
        <ele>2582.39990234375</ele>
        <time>2017-09-05T23:11:07.000Z</time>
        <extensions>
          <ns3:TrackPointExtension>
            <ns3:atemp>32.0</ns3:atemp>
            <ns3:cad>55</ns3:cad>
          </ns3:TrackPointExtension>
        </extensions>
      </trkpt>
      <trkpt lat="43.29910456202924251556396484375" lon="-109.803865961730480194091796875">
        <ele>2582.199951171875</ele>
        <time>2017-09-05T23:11:14.000Z</time>
        <extensions>
          <ns3:TrackPointExtension>
            <ns3:atemp>32.0</ns3:atemp>
            <ns3:cad>55</ns3:cad>
          </ns3:TrackPointExtension>
        </extensions>
      </trkpt>
      <trkpt lat="43.29908913932740688323974609375" lon="-109.803856573998928070068359375">
        <ele>2582</ele>
        <time>2017-09-05T23:11:15.000Z</time>
        <extensions>
          <ns3:TrackPointExtension>
            <ns3:atemp>32.0</ns3:atemp>
            <ns3:cad>55</ns3:cad>
          </ns3:TrackPointExtension>
        </extensions>
      </trkpt>
      <trkpt lat="43.2990404404699802398681640625" lon="-109.80384794063866138458251953125">
        <ele>2581.39990234375</ele>
        <time>2017-09-05T23:11:17.000Z</time>
        <extensions>
          <ns3:TrackPointExtension>
            <ns3:atemp>32.0</ns3:atemp>
            <ns3:cad>55</ns3:cad>
          </ns3:TrackPointExtension>
        </extensions>
      </trkpt>
      <trkpt lat="43.2989872992038726806640625" lon="-109.80386638082563877105712890625">
        <ele>2581</ele>
        <time>2017-09-05T23:11:22.000Z</time>
        <extensions>
          <ns3:TrackPointExtension>
            <ns3:atemp>32.0</ns3:atemp>
            <ns3:cad>56</ns3:cad>
          </ns3:TrackPointExtension>
        </extensions>
      </trkpt>
      <trkpt lat="43.29896709881722927093505859375" lon="-109.80387979187071323394775390625">
        <ele>2580.800048828125</ele>
        <time>2017-09-05T23:11:24.000Z</time>
        <extensions>
          <ns3:TrackPointExtension>
            <ns3:atemp>32.0</ns3:atemp>
            <ns3:cad>56</ns3:cad>
          </ns3:TrackPointExtension>
        </extensions>
      </trkpt>
      <trkpt lat="43.29893910326063632965087890625" lon="-109.8038859106600284576416015625">
        <ele>2581</ele>
        <time>2017-09-05T23:11:26.000Z</time>
        <extensions>
          <ns3:TrackPointExtension>
            <ns3:atemp>32.0</ns3:atemp>
            <ns3:cad>55</ns3:cad>
          </ns3:TrackPointExtension>
        </extensions>
      </trkpt>
      <trkpt lat="43.29891747795045375823974609375" lon="-109.80389638803899288177490234375">
        <ele>2581</ele>
        <time>2017-09-05T23:11:28.000Z</time>
        <extensions>
          <ns3:TrackPointExtension>
            <ns3:atemp>32.0</ns3:atemp>
            <ns3:cad>55</ns3:cad>
          </ns3:TrackPointExtension>
        </extensions>
      </trkpt>
      <trkpt lat="43.29879141412675380706787109375" lon="-109.80391935445368289947509765625">
        <ele>2580.39990234375</ele>
        <time>2017-09-05T23:11:35.000Z</time>
        <extensions>
          <ns3:TrackPointExtension>
            <ns3:atemp>32.0</ns3:atemp>
            <ns3:cad>58</ns3:cad>
          </ns3:TrackPointExtension>
        </extensions>
      </trkpt>
      <trkpt lat="43.2986595667898654937744140625" lon="-109.8039496131241321563720703125">
        <ele>2579.800048828125</ele>
        <time>2017-09-05T23:11:42.000Z</time>
        <extensions>
          <ns3:TrackPointExtension>
            <ns3:atemp>32.0</ns3:atemp>
            <ns3:cad>58</ns3:cad>
          </ns3:TrackPointExtension>
        </extensions>
      </trkpt>
      <trkpt lat="43.29865294508635997772216796875" lon="-109.80396092869341373443603515625">
        <ele>2579.60009765625</ele>
        <time>2017-09-05T23:11:43.000Z</time>
        <extensions>
          <ns3:TrackPointExtension>
            <ns3:atemp>32.0</ns3:atemp>
            <ns3:cad>58</ns3:cad>
          </ns3:TrackPointExtension>
        </extensions>
      </trkpt>
      <trkpt lat="43.29862059094011783599853515625" lon="-109.803996048867702484130859375">
        <ele>2579.39990234375</ele>
        <time>2017-09-05T23:11:47.000Z</time>
        <extensions>
          <ns3:TrackPointExtension>
            <ns3:atemp>32.0</ns3:atemp>
            <ns3:cad>56</ns3:cad>
          </ns3:TrackPointExtension>
        </extensions>
      </trkpt>
      <trkpt lat="43.29861472360789775848388671875" lon="-109.8040461726486682891845703125">
        <ele>2579.39990234375</ele>
        <time>2017-09-05T23:11:49.000Z</time>
        <extensions>
          <ns3:TrackPointExtension>
            <ns3:atemp>32.0</ns3:atemp>
            <ns3:cad>52</ns3:cad>
          </ns3:TrackPointExtension>
        </extensions>
      </trkpt>
      <trkpt lat="43.2985774241387844085693359375" lon="-109.80413518846035003662109375">
        <ele>2579.199951171875</ele>
        <time>2017-09-05T23:11:56.000Z</time>
        <extensions>
          <ns3:TrackPointExtension>
            <ns3:atemp>32.0</ns3:atemp>
            <ns3:cad>52</ns3:cad>
          </ns3:TrackPointExtension>
        </extensions>
      </trkpt>
      <trkpt lat="43.29854272305965423583984375" lon="-109.80426804162561893463134765625">
        <ele>2578.800048828125</ele>
        <time>2017-09-05T23:12:04.000Z</time>
        <extensions>
          <ns3:TrackPointExtension>
            <ns3:atemp>32.0</ns3:atemp>
            <ns3:cad>57</ns3:cad>
          </ns3:TrackPointExtension>
        </extensions>
      </trkpt>
      <trkpt lat="43.29854196868836879730224609375" lon="-109.8043492622673511505126953125">
        <ele>2579.199951171875</ele>
        <time>2017-09-05T23:12:08.000Z</time>
        <extensions>
          <ns3:TrackPointExtension>
            <ns3:atemp>32.0</ns3:atemp>
            <ns3:cad>57</ns3:cad>
          </ns3:TrackPointExtension>
        </extensions>
      </trkpt>
      <trkpt lat="43.29854632727801799774169921875" lon="-109.80438455007970333099365234375">
        <ele>2579.199951171875</ele>
        <time>2017-09-05T23:12:10.000Z</time>
        <extensions>
          <ns3:TrackPointExtension>
            <ns3:atemp>32.0</ns3:atemp>
            <ns3:cad>55</ns3:cad>
          </ns3:TrackPointExtension>
        </extensions>
      </trkpt>
      <trkpt lat="43.2985569722950458526611328125" lon="-109.804474823176860809326171875">
        <ele>2579</ele>
        <time>2017-09-05T23:12:14.000Z</time>
        <extensions>
          <ns3:TrackPointExtension>
            <ns3:atemp>32.0</ns3:atemp>
            <ns3:cad>57</ns3:cad>
          </ns3:TrackPointExtension>
        </extensions>
      </trkpt>
      <trkpt lat="43.29855403862893581390380859375" lon="-109.80452318675816059112548828125">
        <ele>2579</ele>
        <time>2017-09-05T23:12:16.000Z</time>
        <extensions>
          <ns3:TrackPointExtension>
            <ns3:atemp>32.0</ns3:atemp>
            <ns3:cad>54</ns3:cad>
          </ns3:TrackPointExtension>
        </extensions>
      </trkpt>
      <trkpt lat="43.2985475845634937286376953125" lon="-109.80455285869538784027099609375">
        <ele>2578.800048828125</ele>
        <time>2017-09-05T23:12:18.000Z</time>
        <extensions>
          <ns3:TrackPointExtension>
            <ns3:atemp>32.0</ns3:atemp>
            <ns3:cad>54</ns3:cad>
          </ns3:TrackPointExtension>
        </extensions>
      </trkpt>
      <trkpt lat="43.29847390763461589813232421875" lon="-109.80466182343661785125732421875">
        <ele>2578.199951171875</ele>
        <time>2017-09-05T23:12:25.000Z</time>
        <extensions>
          <ns3:TrackPointExtension>
            <ns3:atemp>32.0</ns3:atemp>
            <ns3:cad>54</ns3:cad>
          </ns3:TrackPointExtension>
        </extensions>
      </trkpt>
      <trkpt lat="43.298478685319423675537109375" lon="-109.8046922497451305389404296875">
        <ele>2578.199951171875</ele>
        <time>2017-09-05T23:12:27.000Z</time>
        <extensions>
          <ns3:TrackPointExtension>
            <ns3:atemp>32.0</ns3:atemp>
            <ns3:cad>54</ns3:cad>
          </ns3:TrackPointExtension>
        </extensions>
      </trkpt>
      <trkpt lat="43.29848513938486576080322265625" lon="-109.80477581731975078582763671875">
        <ele>2578.199951171875</ele>
        <time>2017-09-05T23:12:32.000Z</time>
        <extensions>
          <ns3:TrackPointExtension>
            <ns3:atemp>32.0</ns3:atemp>
            <ns3:cad>55</ns3:cad>
          </ns3:TrackPointExtension>
        </extensions>
      </trkpt>
      <trkpt lat="43.2984895817935466766357421875" lon="-109.8048035614192485809326171875">
        <ele>2578</ele>
        <time>2017-09-05T23:12:34.000Z</time>
        <extensions>
          <ns3:TrackPointExtension>
            <ns3:atemp>32.0</ns3:atemp>
            <ns3:cad>56</ns3:cad>
          </ns3:TrackPointExtension>
        </extensions>
      </trkpt>
      <trkpt lat="43.2984738238155841827392578125" lon="-109.8048679344356060028076171875">
        <ele>2578</ele>
        <time>2017-09-05T23:12:38.000Z</time>
        <extensions>
          <ns3:TrackPointExtension>
            <ns3:atemp>32.0</ns3:atemp>
            <ns3:cad>56</ns3:cad>
          </ns3:TrackPointExtension>
        </extensions>
      </trkpt>
      <trkpt lat="43.29848480410873889923095703125" lon="-109.80507957749068737030029296875">
        <ele>2578</ele>
        <time>2017-09-05T23:12:50.000Z</time>
        <extensions>
          <ns3:TrackPointExtension>
            <ns3:atemp>32.0</ns3:atemp>
            <ns3:cad>55</ns3:cad>
          </ns3:TrackPointExtension>
        </extensions>
      </trkpt>
      <trkpt lat="43.2984721474349498748779296875" lon="-109.8051294498145580291748046875">
        <ele>2578</ele>
        <time>2017-09-05T23:12:52.000Z</time>
        <extensions>
          <ns3:TrackPointExtension>
            <ns3:atemp>32.0</ns3:atemp>
            <ns3:cad>55</ns3:cad>
          </ns3:TrackPointExtension>
        </extensions>
      </trkpt>
      <trkpt lat="43.2984416373074054718017578125" lon="-109.8051468841731548309326171875">
        <ele>2577.800048828125</ele>
        <time>2017-09-05T23:12:54.000Z</time>
        <extensions>
          <ns3:TrackPointExtension>
            <ns3:atemp>32.0</ns3:atemp>
            <ns3:cad>55</ns3:cad>
          </ns3:TrackPointExtension>
        </extensions>
      </trkpt>
      <trkpt lat="43.2984168268740177154541015625" lon="-109.805164821445941925048828125">
        <ele>2577.800048828125</ele>
        <time>2017-09-05T23:12:57.000Z</time>
        <extensions>
          <ns3:TrackPointExtension>
            <ns3:atemp>32.0</ns3:atemp>
            <ns3:cad>54</ns3:cad>
          </ns3:TrackPointExtension>
        </extensions>
      </trkpt>
      <trkpt lat="43.2984661124646663665771484375" lon="-109.80515333823859691619873046875">
        <ele>2578.199951171875</ele>
        <time>2017-09-05T23:16:08.000Z</time>
        <extensions>
          <ns3:TrackPointExtension>
            <ns3:atemp>32.0</ns3:atemp>
            <ns3:cad>61</ns3:cad>
          </ns3:TrackPointExtension>
        </extensions>
      </trkpt>
      <trkpt lat="43.298465944826602935791015625" lon="-109.80515082366764545440673828125">
        <ele>2577.60009765625</ele>
        <time>2017-09-05T23:16:09.000Z</time>
        <extensions>
          <ns3:TrackPointExtension>
            <ns3:atemp>32.0</ns3:atemp>
            <ns3:cad>61</ns3:cad>
          </ns3:TrackPointExtension>
        </extensions>
      </trkpt>
      <trkpt lat="43.29845999367535114288330078125" lon="-109.8051445372402667999267578125">
        <ele>2578</ele>
        <time>2017-09-05T23:16:16.000Z</time>
        <extensions>
          <ns3:TrackPointExtension>
            <ns3:atemp>32.0</ns3:atemp>
            <ns3:cad>0</ns3:cad>
          </ns3:TrackPointExtension>
        </extensions>
      </trkpt>
      <trkpt lat="43.2984587363898754119873046875" lon="-109.80515032075345516204833984375">
        <ele>2578</ele>
        <time>2017-09-05T23:16:18.000Z</time>
        <extensions>
          <ns3:TrackPointExtension>
            <ns3:atemp>32.0</ns3:atemp>
            <ns3:cad>0</ns3:cad>
          </ns3:TrackPointExtension>
        </extensions>
      </trkpt>
      <trkpt lat="43.298344910144805908203125" lon="-109.80520698241889476776123046875">
        <ele>2577.39990234375</ele>
        <time>2017-09-05T23:16:31.000Z</time>
        <extensions>
          <ns3:TrackPointExtension>
            <ns3:atemp>32.0</ns3:atemp>
            <ns3:cad>55</ns3:cad>
          </ns3:TrackPointExtension>
        </extensions>
      </trkpt>
      <trkpt lat="43.29829738475382328033447265625" lon="-109.80522575788199901580810546875">
        <ele>2577.199951171875</ele>
        <time>2017-09-05T23:16:35.000Z</time>
        <extensions>
          <ns3:TrackPointExtension>
            <ns3:atemp>32.0</ns3:atemp>
            <ns3:cad>55</ns3:cad>
          </ns3:TrackPointExtension>
        </extensions>
      </trkpt>
      <trkpt lat="43.29823720268905162811279296875" lon="-109.80525434017181396484375">
        <ele>2576.60009765625</ele>
        <time>2017-09-05T23:16:38.000Z</time>
        <extensions>
          <ns3:TrackPointExtension>
            <ns3:atemp>32.0</ns3:atemp>
            <ns3:cad>55</ns3:cad>
          </ns3:TrackPointExtension>
        </extensions>
      </trkpt>
      <trkpt lat="43.2982284016907215118408203125" lon="-109.8052637279033660888671875">
        <ele>2576.39990234375</ele>
        <time>2017-09-05T23:16:39.000Z</time>
        <extensions>
          <ns3:TrackPointExtension>
            <ns3:atemp>32.0</ns3:atemp>
            <ns3:cad>55</ns3:cad>
          </ns3:TrackPointExtension>
        </extensions>
      </trkpt>
      <trkpt lat="43.29820342361927032470703125" lon="-109.80533489026129245758056640625">
        <ele>2576</ele>
        <time>2017-09-05T23:16:43.000Z</time>
        <extensions>
          <ns3:TrackPointExtension>
            <ns3:atemp>32.0</ns3:atemp>
            <ns3:cad>56</ns3:cad>
          </ns3:TrackPointExtension>
        </extensions>
      </trkpt>
      <trkpt lat="43.29818774946033954620361328125" lon="-109.8053520731627941131591796875">
        <ele>2575.60009765625</ele>
        <time>2017-09-05T23:16:46.000Z</time>
        <extensions>
          <ns3:TrackPointExtension>
            <ns3:atemp>32.0</ns3:atemp>
            <ns3:cad>58</ns3:cad>
          </ns3:TrackPointExtension>
        </extensions>
      </trkpt>
      <trkpt lat="43.2981355302035808563232421875" lon="-109.8053899593651294708251953125">
        <ele>2575.199951171875</ele>
        <time>2017-09-05T23:16:53.000Z</time>
        <extensions>
          <ns3:TrackPointExtension>
            <ns3:atemp>32.0</ns3:atemp>
            <ns3:cad>60</ns3:cad>
          </ns3:TrackPointExtension>
        </extensions>
      </trkpt>
      <trkpt lat="43.29807861708104610443115234375" lon="-109.80537327937781810760498046875">
        <ele>2574.800048828125</ele>
        <time>2017-09-05T23:16:57.000Z</time>
        <extensions>
          <ns3:TrackPointExtension>
            <ns3:atemp>32.0</ns3:atemp>
            <ns3:cad>54</ns3:cad>
          </ns3:TrackPointExtension>
        </extensions>
      </trkpt>
      <trkpt lat="43.29800988547503948211669921875" lon="-109.80536405928432941436767578125">
        <ele>2574.800048828125</ele>
        <time>2017-09-05T23:16:59.000Z</time>
        <extensions>
          <ns3:TrackPointExtension>
            <ns3:atemp>32.0</ns3:atemp>
            <ns3:cad>54</ns3:cad>
          </ns3:TrackPointExtension>
        </extensions>
      </trkpt>
      <trkpt lat="43.29799152910709381103515625" lon="-109.805402196943759918212890625">
        <ele>2574.800048828125</ele>
        <time>2017-09-05T23:17:02.000Z</time>
        <extensions>
          <ns3:TrackPointExtension>
            <ns3:atemp>32.0</ns3:atemp>
            <ns3:cad>54</ns3:cad>
          </ns3:TrackPointExtension>
        </extensions>
      </trkpt>
      <trkpt lat="43.29792791046202182769775390625" lon="-109.80542876757681369781494140625">
        <ele>2574.800048828125</ele>
        <time>2017-09-05T23:17:06.000Z</time>
        <extensions>
          <ns3:TrackPointExtension>
            <ns3:atemp>32.0</ns3:atemp>
            <ns3:cad>54</ns3:cad>
          </ns3:TrackPointExtension>
        </extensions>
      </trkpt>
      <trkpt lat="43.29790108837187290191650390625" lon="-109.80544553138315677642822265625">
        <ele>2574.60009765625</ele>
        <time>2017-09-05T23:17:08.000Z</time>
        <extensions>
          <ns3:TrackPointExtension>
            <ns3:atemp>32.0</ns3:atemp>
            <ns3:cad>51</ns3:cad>
          </ns3:TrackPointExtension>
        </extensions>
      </trkpt>
      <trkpt lat="43.2978770323097705841064453125" lon="-109.80544921942055225372314453125">
        <ele>2574.199951171875</ele>
        <time>2017-09-05T23:17:10.000Z</time>
        <extensions>
          <ns3:TrackPointExtension>
            <ns3:atemp>32.0</ns3:atemp>
            <ns3:cad>56</ns3:cad>
          </ns3:TrackPointExtension>
        </extensions>
      </trkpt>
      <trkpt lat="43.29783554188907146453857421875" lon="-109.80550252832472324371337890625">
        <ele>2573.39990234375</ele>
        <time>2017-09-05T23:17:16.000Z</time>
        <extensions>
          <ns3:TrackPointExtension>
            <ns3:atemp>32.0</ns3:atemp>
            <ns3:cad>57</ns3:cad>
          </ns3:TrackPointExtension>
        </extensions>
      </trkpt>
      <trkpt lat="43.297801427543163299560546875" lon="-109.80555818416178226470947265625">
        <ele>2573</ele>
        <time>2017-09-05T23:17:24.000Z</time>
        <extensions>
          <ns3:TrackPointExtension>
            <ns3:atemp>32.0</ns3:atemp>
            <ns3:cad>53</ns3:cad>
          </ns3:TrackPointExtension>
        </extensions>
      </trkpt>
      <trkpt lat="43.2977922074496746063232421875" lon="-109.80556589551270008087158203125">
        <ele>2573</ele>
        <time>2017-09-05T23:17:26.000Z</time>
        <extensions>
          <ns3:TrackPointExtension>
            <ns3:atemp>32.0</ns3:atemp>
            <ns3:cad>53</ns3:cad>
          </ns3:TrackPointExtension>
        </extensions>
      </trkpt>
      <trkpt lat="43.2977400720119476318359375" lon="-109.8056129179894924163818359375">
        <ele>2572.60009765625</ele>
        <time>2017-09-05T23:17:32.000Z</time>
        <extensions>
          <ns3:TrackPointExtension>
            <ns3:atemp>32.0</ns3:atemp>
            <ns3:cad>54</ns3:cad>
          </ns3:TrackPointExtension>
        </extensions>
      </trkpt>
      <trkpt lat="43.29767704010009765625" lon="-109.80566916055977344512939453125">
        <ele>2572.39990234375</ele>
        <time>2017-09-05T23:17:37.000Z</time>
        <extensions>
          <ns3:TrackPointExtension>
            <ns3:atemp>32.0</ns3:atemp>
            <ns3:cad>55</ns3:cad>
          </ns3:TrackPointExtension>
        </extensions>
      </trkpt>
      <trkpt lat="43.2976547442376613616943359375" lon="-109.8057854175567626953125">
        <ele>2572.199951171875</ele>
        <time>2017-09-05T23:17:46.000Z</time>
        <extensions>
          <ns3:TrackPointExtension>
            <ns3:atemp>32.0</ns3:atemp>
            <ns3:cad>55</ns3:cad>
          </ns3:TrackPointExtension>
        </extensions>
      </trkpt>
      <trkpt lat="43.2976703345775604248046875" lon="-109.80586160905659198760986328125">
        <ele>2572.39990234375</ele>
        <time>2017-09-05T23:17:50.000Z</time>
        <extensions>
          <ns3:TrackPointExtension>
            <ns3:atemp>32.0</ns3:atemp>
            <ns3:cad>56</ns3:cad>
          </ns3:TrackPointExtension>
        </extensions>
      </trkpt>
      <trkpt lat="43.29765801317989826202392578125" lon="-109.80594433844089508056640625">
        <ele>2572.60009765625</ele>
        <time>2017-09-05T23:17:53.000Z</time>
        <extensions>
          <ns3:TrackPointExtension>
            <ns3:atemp>32.0</ns3:atemp>
            <ns3:cad>54</ns3:cad>
          </ns3:TrackPointExtension>
        </extensions>
      </trkpt>
      <trkpt lat="43.29768785275518894195556640625" lon="-109.8061939515173435211181640625">
        <ele>2572.199951171875</ele>
        <time>2017-09-05T23:18:04.000Z</time>
        <extensions>
          <ns3:TrackPointExtension>
            <ns3:atemp>32.0</ns3:atemp>
            <ns3:cad>58</ns3:cad>
          </ns3:TrackPointExtension>
        </extensions>
      </trkpt>
      <trkpt lat="43.29783185385167598724365234375" lon="-109.80636418797075748443603515625">
        <ele>2572.60009765625</ele>
        <time>2017-09-05T23:18:18.000Z</time>
        <extensions>
          <ns3:TrackPointExtension>
            <ns3:atemp>32.0</ns3:atemp>
            <ns3:cad>56</ns3:cad>
          </ns3:TrackPointExtension>
        </extensions>
      </trkpt>
      <trkpt lat="43.29795506782829761505126953125" lon="-109.80655345134437084197998046875">
        <ele>2573</ele>
        <time>2017-09-05T23:18:32.000Z</time>
        <extensions>
          <ns3:TrackPointExtension>
            <ns3:atemp>32.0</ns3:atemp>
            <ns3:cad>56</ns3:cad>
          </ns3:TrackPointExtension>
        </extensions>
      </trkpt>
      <trkpt lat="43.2980681397020816802978515625" lon="-109.8067411221563816070556640625">
        <ele>2573</ele>
        <time>2017-09-05T23:18:43.000Z</time>
        <extensions>
          <ns3:TrackPointExtension>
            <ns3:atemp>32.0</ns3:atemp>
            <ns3:cad>61</ns3:cad>
          </ns3:TrackPointExtension>
        </extensions>
      </trkpt>
      <trkpt lat="43.2980994880199432373046875" lon="-109.806804321706295013427734375">
        <ele>2573.60009765625</ele>
        <time>2017-09-05T23:18:46.000Z</time>
        <extensions>
          <ns3:TrackPointExtension>
            <ns3:atemp>32.0</ns3:atemp>
            <ns3:cad>61</ns3:cad>
          </ns3:TrackPointExtension>
        </extensions>
      </trkpt>
      <trkpt lat="43.29824156127870082855224609375" lon="-109.80698143132030963897705078125">
        <ele>2573.800048828125</ele>
        <time>2017-09-05T23:19:01.000Z</time>
        <extensions>
          <ns3:TrackPointExtension>
            <ns3:atemp>32.0</ns3:atemp>
            <ns3:cad>56</ns3:cad>
          </ns3:TrackPointExtension>
        </extensions>
      </trkpt>
      <trkpt lat="43.298280872404575347900390625" lon="-109.80705569498240947723388671875">
        <ele>2574.39990234375</ele>
        <time>2017-09-05T23:19:06.000Z</time>
        <extensions>
          <ns3:TrackPointExtension>
            <ns3:atemp>32.0</ns3:atemp>
            <ns3:cad>55</ns3:cad>
          </ns3:TrackPointExtension>
        </extensions>
      </trkpt>
      <trkpt lat="43.29828062094748020172119140625" lon="-109.8070740513503551483154296875">
        <ele>2574.60009765625</ele>
        <time>2017-09-05T23:19:07.000Z</time>
        <extensions>
          <ns3:TrackPointExtension>
            <ns3:atemp>32.0</ns3:atemp>
            <ns3:cad>60</ns3:cad>
          </ns3:TrackPointExtension>
        </extensions>
      </trkpt>
      <trkpt lat="43.298284225165843963623046875" lon="-109.80717840604484081268310546875">
        <ele>2574.800048828125</ele>
        <time>2017-09-05T23:19:13.000Z</time>
        <extensions>
          <ns3:TrackPointExtension>
            <ns3:atemp>32.0</ns3:atemp>
            <ns3:cad>60</ns3:cad>
          </ns3:TrackPointExtension>
        </extensions>
      </trkpt>
      <trkpt lat="43.29833409748971462249755859375" lon="-109.80742684565484523773193359375">
        <ele>2573.60009765625</ele>
        <time>2017-09-05T23:19:25.000Z</time>
        <extensions>
          <ns3:TrackPointExtension>
            <ns3:atemp>32.0</ns3:atemp>
            <ns3:cad>59</ns3:cad>
          </ns3:TrackPointExtension>
        </extensions>
      </trkpt>
      <trkpt lat="43.2983775995671749114990234375" lon="-109.80760588310658931732177734375">
        <ele>2573.60009765625</ele>
        <time>2017-09-05T23:19:33.000Z</time>
        <extensions>
          <ns3:TrackPointExtension>
            <ns3:atemp>32.0</ns3:atemp>
            <ns3:cad>59</ns3:cad>
          </ns3:TrackPointExtension>
        </extensions>
      </trkpt>
      <trkpt lat="43.2984181679785251617431640625" lon="-109.807730019092559814453125">
        <ele>2572.60009765625</ele>
        <time>2017-09-05T23:19:39.000Z</time>
        <extensions>
          <ns3:TrackPointExtension>
            <ns3:atemp>32.0</ns3:atemp>
            <ns3:cad>59</ns3:cad>
          </ns3:TrackPointExtension>
        </extensions>
      </trkpt>
      <trkpt lat="43.29845831729471683502197265625" lon="-109.80792439542710781097412109375">
        <ele>2572.800048828125</ele>
        <time>2017-09-05T23:19:49.000Z</time>
        <extensions>
          <ns3:TrackPointExtension>
            <ns3:atemp>32.0</ns3:atemp>
            <ns3:cad>57</ns3:cad>
          </ns3:TrackPointExtension>
        </extensions>
      </trkpt>
      <trkpt lat="43.29848513938486576080322265625" lon="-109.808132015168666839599609375">
        <ele>2573.199951171875</ele>
        <time>2017-09-05T23:20:02.000Z</time>
        <extensions>
          <ns3:TrackPointExtension>
            <ns3:atemp>32.0</ns3:atemp>
            <ns3:cad>58</ns3:cad>
          </ns3:TrackPointExtension>
        </extensions>
      </trkpt>
      <trkpt lat="43.29851397313177585601806640625" lon="-109.80819563381373882293701171875">
        <ele>2573.60009765625</ele>
        <time>2017-09-05T23:20:11.000Z</time>
        <extensions>
          <ns3:TrackPointExtension>
            <ns3:atemp>32.0</ns3:atemp>
            <ns3:cad>57</ns3:cad>
          </ns3:TrackPointExtension>
        </extensions>
      </trkpt>
      <trkpt lat="43.2984332554042339324951171875" lon="-109.8082538880407810211181640625">
        <ele>2572.60009765625</ele>
        <time>2017-09-05T23:20:17.000Z</time>
        <extensions>
          <ns3:TrackPointExtension>
            <ns3:atemp>32.0</ns3:atemp>
            <ns3:cad>57</ns3:cad>
          </ns3:TrackPointExtension>
        </extensions>
      </trkpt>
      <trkpt lat="43.29839981161057949066162109375" lon="-109.808296300470829010009765625">
        <ele>2572.60009765625</ele>
        <time>2017-09-05T23:20:20.000Z</time>
        <extensions>
          <ns3:TrackPointExtension>
            <ns3:atemp>32.0</ns3:atemp>
            <ns3:cad>60</ns3:cad>
          </ns3:TrackPointExtension>
        </extensions>
      </trkpt>
      <trkpt lat="43.298395536839962005615234375" lon="-109.80835966765880584716796875">
        <ele>2572.60009765625</ele>
        <time>2017-09-05T23:20:24.000Z</time>
        <extensions>
          <ns3:TrackPointExtension>
            <ns3:atemp>32.0</ns3:atemp>
            <ns3:cad>60</ns3:cad>
          </ns3:TrackPointExtension>
        </extensions>
      </trkpt>
      <trkpt lat="43.298379443585872650146484375" lon="-109.8083997331559658050537109375">
        <ele>2572.199951171875</ele>
        <time>2017-09-05T23:20:26.000Z</time>
        <extensions>
          <ns3:TrackPointExtension>
            <ns3:atemp>32.0</ns3:atemp>
            <ns3:cad>58</ns3:cad>
          </ns3:TrackPointExtension>
        </extensions>
      </trkpt>
      <trkpt lat="43.29837047494947910308837890625" lon="-109.80842177756130695343017578125">
        <ele>2571.39990234375</ele>
        <time>2017-09-05T23:20:28.000Z</time>
        <extensions>
          <ns3:TrackPointExtension>
            <ns3:atemp>32.0</ns3:atemp>
            <ns3:cad>59</ns3:cad>
          </ns3:TrackPointExtension>
        </extensions>
      </trkpt>
      <trkpt lat="43.29837634228169918060302734375" lon="-109.80845228768885135650634765625">
        <ele>2571.199951171875</ele>
        <time>2017-09-05T23:20:30.000Z</time>
        <extensions>
          <ns3:TrackPointExtension>
            <ns3:atemp>32.0</ns3:atemp>
            <ns3:cad>59</ns3:cad>
          </ns3:TrackPointExtension>
        </extensions>
      </trkpt>
      <trkpt lat="43.298311047255992889404296875" lon="-109.80854482389986515045166015625">
        <ele>2571.39990234375</ele>
        <time>2017-09-05T23:20:36.000Z</time>
        <extensions>
          <ns3:TrackPointExtension>
            <ns3:atemp>32.0</ns3:atemp>
            <ns3:cad>59</ns3:cad>
          </ns3:TrackPointExtension>
        </extensions>
      </trkpt>
      <trkpt lat="43.2982230372726917266845703125" lon="-109.80873643420636653900146484375">
        <ele>2572</ele>
        <time>2017-09-05T23:20:48.000Z</time>
        <extensions>
          <ns3:TrackPointExtension>
            <ns3:atemp>32.0</ns3:atemp>
            <ns3:cad>57</ns3:cad>
          </ns3:TrackPointExtension>
        </extensions>
      </trkpt>
      <trkpt lat="43.29816662706434726715087890625" lon="-109.80875755660235881805419921875">
        <ele>2571.800048828125</ele>
        <time>2017-09-05T23:20:50.000Z</time>
        <extensions>
          <ns3:TrackPointExtension>
            <ns3:atemp>32.0</ns3:atemp>
            <ns3:cad>57</ns3:cad>
          </ns3:TrackPointExtension>
        </extensions>
      </trkpt>
      <trkpt lat="43.2981154136359691619873046875" lon="-109.80886283330619335174560546875">
        <ele>2570.800048828125</ele>
        <time>2017-09-05T23:20:56.000Z</time>
        <extensions>
          <ns3:TrackPointExtension>
            <ns3:atemp>32.0</ns3:atemp>
            <ns3:cad>61</ns3:cad>
          </ns3:TrackPointExtension>
        </extensions>
      </trkpt>
      <trkpt lat="43.29809806309640407562255859375" lon="-109.80890088714659214019775390625">
        <ele>2570.39990234375</ele>
        <time>2017-09-05T23:20:58.000Z</time>
        <extensions>
          <ns3:TrackPointExtension>
            <ns3:atemp>32.0</ns3:atemp>
            <ns3:cad>61</ns3:cad>
          </ns3:TrackPointExtension>
        </extensions>
      </trkpt>
      <trkpt lat="43.29809303395450115203857421875" lon="-109.80896442197263240814208984375">
        <ele>2570</ele>
        <time>2017-09-05T23:21:03.000Z</time>
        <extensions>
          <ns3:TrackPointExtension>
            <ns3:atemp>32.0</ns3:atemp>
            <ns3:cad>59</ns3:cad>
          </ns3:TrackPointExtension>
        </extensions>
      </trkpt>
      <trkpt lat="43.29808632843196392059326171875" lon="-109.80901588685810565948486328125">
        <ele>2570</ele>
        <time>2017-09-05T23:21:06.000Z</time>
        <extensions>
          <ns3:TrackPointExtension>
            <ns3:atemp>32.0</ns3:atemp>
            <ns3:cad>56</ns3:cad>
          </ns3:TrackPointExtension>
        </extensions>
      </trkpt>
      <trkpt lat="43.29797870479524135589599609375" lon="-109.8092191480100154876708984375">
        <ele>2570.199951171875</ele>
        <time>2017-09-05T23:21:17.000Z</time>
        <extensions>
          <ns3:TrackPointExtension>
            <ns3:atemp>32.0</ns3:atemp>
            <ns3:cad>58</ns3:cad>
          </ns3:TrackPointExtension>
        </extensions>
      </trkpt>
      <trkpt lat="43.297900669276714324951171875" lon="-109.80930606834590435028076171875">
        <ele>2569.60009765625</ele>
        <time>2017-09-05T23:21:23.000Z</time>
        <extensions>
          <ns3:TrackPointExtension>
            <ns3:atemp>32.0</ns3:atemp>
            <ns3:cad>57</ns3:cad>
          </ns3:TrackPointExtension>
        </extensions>
      </trkpt>
      <trkpt lat="43.2978538982570171356201171875" lon="-109.8093364946544170379638671875">
        <ele>2569.199951171875</ele>
        <time>2017-09-05T23:21:26.000Z</time>
        <extensions>
          <ns3:TrackPointExtension>
            <ns3:atemp>32.0</ns3:atemp>
            <ns3:cad>57</ns3:cad>
          </ns3:TrackPointExtension>
        </extensions>
      </trkpt>
      <trkpt lat="43.2978502102196216583251953125" lon="-109.8093688488006591796875">
        <ele>2568.39990234375</ele>
        <time>2017-09-05T23:21:29.000Z</time>
        <extensions>
          <ns3:TrackPointExtension>
            <ns3:atemp>32.0</ns3:atemp>
            <ns3:cad>56</ns3:cad>
          </ns3:TrackPointExtension>
        </extensions>
      </trkpt>
      <trkpt lat="43.29784627072513103485107421875" lon="-109.80938024818897247314453125">
        <ele>2568.199951171875</ele>
        <time>2017-09-05T23:21:30.000Z</time>
        <extensions>
          <ns3:TrackPointExtension>
            <ns3:atemp>32.0</ns3:atemp>
            <ns3:cad>56</ns3:cad>
          </ns3:TrackPointExtension>
        </extensions>
      </trkpt>
      <trkpt lat="43.2978438399732112884521484375" lon="-109.8093887977302074432373046875">
        <ele>2567.800048828125</ele>
        <time>2017-09-05T23:21:31.000Z</time>
        <extensions>
          <ns3:TrackPointExtension>
            <ns3:atemp>32.0</ns3:atemp>
            <ns3:cad>56</ns3:cad>
          </ns3:TrackPointExtension>
        </extensions>
      </trkpt>
      <trkpt lat="43.29779312945902347564697265625" lon="-109.809520058333873748779296875">
        <ele>2567.199951171875</ele>
        <time>2017-09-05T23:21:40.000Z</time>
        <extensions>
          <ns3:TrackPointExtension>
            <ns3:atemp>32.0</ns3:atemp>
            <ns3:cad>57</ns3:cad>
          </ns3:TrackPointExtension>
        </extensions>
      </trkpt>
      <trkpt lat="43.29777829349040985107421875" lon="-109.80953506194055080413818359375">
        <ele>2567</ele>
        <time>2017-09-05T23:21:41.000Z</time>
        <extensions>
          <ns3:TrackPointExtension>
            <ns3:atemp>32.0</ns3:atemp>
            <ns3:cad>57</ns3:cad>
          </ns3:TrackPointExtension>
        </extensions>
      </trkpt>
      <trkpt lat="43.29776354134082794189453125" lon="-109.8095534183084964752197265625">
        <ele>2567</ele>
        <time>2017-09-05T23:21:42.000Z</time>
        <extensions>
          <ns3:TrackPointExtension>
            <ns3:atemp>32.0</ns3:atemp>
            <ns3:cad>57</ns3:cad>
          </ns3:TrackPointExtension>
        </extensions>
      </trkpt>
      <trkpt lat="43.297752477228641510009765625" lon="-109.80964989401400089263916015625">
        <ele>2566.39990234375</ele>
        <time>2017-09-05T23:21:47.000Z</time>
        <extensions>
          <ns3:TrackPointExtension>
            <ns3:atemp>32.0</ns3:atemp>
            <ns3:cad>56</ns3:cad>
          </ns3:TrackPointExtension>
        </extensions>
      </trkpt>
      <trkpt lat="43.297741413116455078125" lon="-109.809730611741542816162109375">
        <ele>2566.39990234375</ele>
        <time>2017-09-05T23:21:51.000Z</time>
        <extensions>
          <ns3:TrackPointExtension>
            <ns3:atemp>32.0</ns3:atemp>
            <ns3:cad>58</ns3:cad>
          </ns3:TrackPointExtension>
        </extensions>
      </trkpt>
      <trkpt lat="43.29763789661228656768798828125" lon="-109.80981719680130481719970703125">
        <ele>2566</ele>
        <time>2017-09-05T23:21:58.000Z</time>
        <extensions>
          <ns3:TrackPointExtension>
            <ns3:atemp>32.0</ns3:atemp>
            <ns3:cad>58</ns3:cad>
          </ns3:TrackPointExtension>
        </extensions>
      </trkpt>
      <trkpt lat="43.29757620580494403839111328125" lon="-109.80988274328410625457763671875">
        <ele>2565.199951171875</ele>
        <time>2017-09-05T23:22:04.000Z</time>
        <extensions>
          <ns3:TrackPointExtension>
            <ns3:atemp>32.0</ns3:atemp>
            <ns3:cad>57</ns3:cad>
          </ns3:TrackPointExtension>
        </extensions>
      </trkpt>
      <trkpt lat="43.297531865537166595458984375" lon="-109.80990034528076648712158203125">
        <ele>2565</ele>
        <time>2017-09-05T23:22:06.000Z</time>
        <extensions>
          <ns3:TrackPointExtension>
            <ns3:atemp>32.0</ns3:atemp>
            <ns3:cad>60</ns3:cad>
          </ns3:TrackPointExtension>
        </extensions>
      </trkpt>
      <trkpt lat="43.29755776561796665191650390625" lon="-109.80997025035321712493896484375">
        <ele>2564.800048828125</ele>
        <time>2017-09-05T23:22:10.000Z</time>
        <extensions>
          <ns3:TrackPointExtension>
            <ns3:atemp>32.0</ns3:atemp>
            <ns3:cad>60</ns3:cad>
          </ns3:TrackPointExtension>
        </extensions>
      </trkpt>
      <trkpt lat="43.29754225909709930419921875" lon="-109.81004535220563411712646484375">
        <ele>2563.800048828125</ele>
        <time>2017-09-05T23:22:15.000Z</time>
        <extensions>
          <ns3:TrackPointExtension>
            <ns3:atemp>32.0</ns3:atemp>
            <ns3:cad>55</ns3:cad>
          </ns3:TrackPointExtension>
        </extensions>
      </trkpt>
      <trkpt lat="43.29754368402063846588134765625" lon="-109.81007217429578304290771484375">
        <ele>2563.60009765625</ele>
        <time>2017-09-05T23:22:17.000Z</time>
        <extensions>
          <ns3:TrackPointExtension>
            <ns3:atemp>31.0</ns3:atemp>
            <ns3:cad>55</ns3:cad>
          </ns3:TrackPointExtension>
        </extensions>
      </trkpt>
      <trkpt lat="43.2974924705922603607177734375" lon="-109.8100895248353481292724609375">
        <ele>2563</ele>
        <time>2017-09-05T23:22:20.000Z</time>
        <extensions>
          <ns3:TrackPointExtension>
            <ns3:atemp>31.0</ns3:atemp>
            <ns3:cad>57</ns3:cad>
          </ns3:TrackPointExtension>
        </extensions>
      </trkpt>
      <trkpt lat="43.29743631184101104736328125" lon="-109.81009044684469699859619140625">
        <ele>2562.60009765625</ele>
        <time>2017-09-05T23:22:22.000Z</time>
        <extensions>
          <ns3:TrackPointExtension>
            <ns3:atemp>31.0</ns3:atemp>
            <ns3:cad>58</ns3:cad>
          </ns3:TrackPointExtension>
        </extensions>
      </trkpt>
      <trkpt lat="43.297397084534168243408203125" lon="-109.810113497078418731689453125">
        <ele>2562.199951171875</ele>
        <time>2017-09-05T23:22:24.000Z</time>
        <extensions>
          <ns3:TrackPointExtension>
            <ns3:atemp>31.0</ns3:atemp>
            <ns3:cad>59</ns3:cad>
          </ns3:TrackPointExtension>
        </extensions>
      </trkpt>
      <trkpt lat="43.29739163629710674285888671875" lon="-109.81012682430446147918701171875">
        <ele>2562</ele>
        <time>2017-09-05T23:22:25.000Z</time>
        <extensions>
          <ns3:TrackPointExtension>
            <ns3:atemp>31.0</ns3:atemp>
            <ns3:cad>59</ns3:cad>
          </ns3:TrackPointExtension>
        </extensions>
      </trkpt>
      <trkpt lat="43.29738157801330089569091796875" lon="-109.81013973243534564971923828125">
        <ele>2562</ele>
        <time>2017-09-05T23:22:26.000Z</time>
        <extensions>
          <ns3:TrackPointExtension>
            <ns3:atemp>31.0</ns3:atemp>
            <ns3:cad>59</ns3:cad>
          </ns3:TrackPointExtension>
        </extensions>
      </trkpt>
      <trkpt lat="43.2973015308380126953125" lon="-109.810336120426654815673828125">
        <ele>2561.60009765625</ele>
        <time>2017-09-05T23:22:37.000Z</time>
        <extensions>
          <ns3:TrackPointExtension>
            <ns3:atemp>31.0</ns3:atemp>
            <ns3:cad>58</ns3:cad>
          </ns3:TrackPointExtension>
        </extensions>
      </trkpt>
      <trkpt lat="43.29727470874786376953125" lon="-109.81047852896153926849365234375">
        <ele>2561</ele>
        <time>2017-09-05T23:22:46.000Z</time>
        <extensions>
          <ns3:TrackPointExtension>
            <ns3:atemp>31.0</ns3:atemp>
            <ns3:cad>55</ns3:cad>
          </ns3:TrackPointExtension>
        </extensions>
      </trkpt>
      <trkpt lat="43.297187872231006622314453125" lon="-109.8105250485241413116455078125">
        <ele>2560.60009765625</ele>
        <time>2017-09-05T23:22:50.000Z</time>
        <extensions>
          <ns3:TrackPointExtension>
            <ns3:atemp>31.0</ns3:atemp>
            <ns3:cad>54</ns3:cad>
          </ns3:TrackPointExtension>
        </extensions>
      </trkpt>
      <trkpt lat="43.2971441186964511871337890625" lon="-109.8105662874877452850341796875">
        <ele>2560.60009765625</ele>
        <time>2017-09-05T23:22:53.000Z</time>
        <extensions>
          <ns3:TrackPointExtension>
            <ns3:atemp>31.0</ns3:atemp>
            <ns3:cad>52</ns3:cad>
          </ns3:TrackPointExtension>
        </extensions>
      </trkpt>
      <trkpt lat="43.29708955250680446624755859375" lon="-109.81060408987104892730712890625">
        <ele>2561</ele>
        <time>2017-09-05T23:22:57.000Z</time>
        <extensions>
          <ns3:TrackPointExtension>
            <ns3:atemp>31.0</ns3:atemp>
            <ns3:cad>53</ns3:cad>
          </ns3:TrackPointExtension>
        </extensions>
      </trkpt>
      <trkpt lat="43.297063820064067840576171875" lon="-109.81065622530877590179443359375">
        <ele>2561.60009765625</ele>
        <time>2017-09-05T23:23:00.000Z</time>
        <extensions>
          <ns3:TrackPointExtension>
            <ns3:atemp>31.0</ns3:atemp>
            <ns3:cad>54</ns3:cad>
          </ns3:TrackPointExtension>
        </extensions>
      </trkpt>
      <trkpt lat="43.29706088639795780181884765625" lon="-109.8106792755424976348876953125">
        <ele>2562</ele>
        <time>2017-09-05T23:23:01.000Z</time>
        <extensions>
          <ns3:TrackPointExtension>
            <ns3:atemp>31.0</ns3:atemp>
            <ns3:cad>54</ns3:cad>
          </ns3:TrackPointExtension>
        </extensions>
      </trkpt>
      <trkpt lat="43.2970515824854373931884765625" lon="-109.81073400937020778656005859375">
        <ele>2562.39990234375</ele>
        <time>2017-09-05T23:23:04.000Z</time>
        <extensions>
          <ns3:TrackPointExtension>
            <ns3:atemp>31.0</ns3:atemp>
            <ns3:cad>53</ns3:cad>
          </ns3:TrackPointExtension>
        </extensions>
      </trkpt>
      <trkpt lat="43.29703942872583866119384765625" lon="-109.81094640679657459259033203125">
        <ele>2562.60009765625</ele>
        <time>2017-09-05T23:23:13.000Z</time>
        <extensions>
          <ns3:TrackPointExtension>
            <ns3:atemp>31.0</ns3:atemp>
            <ns3:cad>57</ns3:cad>
          </ns3:TrackPointExtension>
        </extensions>
      </trkpt>
      <trkpt lat="43.29704160802066326141357421875" lon="-109.81116886250674724578857421875">
        <ele>2562.39990234375</ele>
        <time>2017-09-05T23:23:24.000Z</time>
        <extensions>
          <ns3:TrackPointExtension>
            <ns3:atemp>31.0</ns3:atemp>
            <ns3:cad>58</ns3:cad>
          </ns3:TrackPointExtension>
        </extensions>
      </trkpt>
      <trkpt lat="43.29704697243869304656982421875" lon="-109.81123323552310466766357421875">
        <ele>2562.800048828125</ele>
        <time>2017-09-05T23:23:27.000Z</time>
        <extensions>
          <ns3:TrackPointExtension>
            <ns3:atemp>31.0</ns3:atemp>
            <ns3:cad>58</ns3:cad>
          </ns3:TrackPointExtension>
        </extensions>
      </trkpt>
      <trkpt lat="43.29708628356456756591796875" lon="-109.811427108943462371826171875">
        <ele>2564</ele>
        <time>2017-09-05T23:23:39.000Z</time>
        <extensions>
          <ns3:TrackPointExtension>
            <ns3:atemp>31.0</ns3:atemp>
            <ns3:cad>61</ns3:cad>
          </ns3:TrackPointExtension>
        </extensions>
      </trkpt>
      <trkpt lat="43.2970978505909442901611328125" lon="-109.81144714169204235076904296875">
        <ele>2564.39990234375</ele>
        <time>2017-09-05T23:23:41.000Z</time>
        <extensions>
          <ns3:TrackPointExtension>
            <ns3:atemp>31.0</ns3:atemp>
            <ns3:cad>61</ns3:cad>
          </ns3:TrackPointExtension>
        </extensions>
      </trkpt>
      <trkpt lat="43.2971069030463695526123046875" lon="-109.8115060664713382720947265625">
        <ele>2564.60009765625</ele>
        <time>2017-09-05T23:23:46.000Z</time>
        <extensions>
          <ns3:TrackPointExtension>
            <ns3:atemp>31.0</ns3:atemp>
            <ns3:cad>47</ns3:cad>
          </ns3:TrackPointExtension>
        </extensions>
      </trkpt>
      <trkpt lat="43.29710732214152812957763671875" lon="-109.81153448112308979034423828125">
        <ele>2564.800048828125</ele>
        <time>2017-09-05T23:23:48.000Z</time>
        <extensions>
          <ns3:TrackPointExtension>
            <ns3:atemp>31.0</ns3:atemp>
            <ns3:cad>51</ns3:cad>
          </ns3:TrackPointExtension>
        </extensions>
      </trkpt>
      <trkpt lat="43.29711972735822200775146484375" lon="-109.8115600459277629852294921875">
        <ele>2565</ele>
        <time>2017-09-05T23:23:50.000Z</time>
        <extensions>
          <ns3:TrackPointExtension>
            <ns3:atemp>31.0</ns3:atemp>
            <ns3:cad>48</ns3:cad>
          </ns3:TrackPointExtension>
        </extensions>
      </trkpt>
      <trkpt lat="43.29711536876857280731201171875" lon="-109.81160405091941356658935546875">
        <ele>2566</ele>
        <time>2017-09-05T23:23:55.000Z</time>
        <extensions>
          <ns3:TrackPointExtension>
            <ns3:atemp>31.0</ns3:atemp>
            <ns3:cad>47</ns3:cad>
          </ns3:TrackPointExtension>
        </extensions>
      </trkpt>
      <trkpt lat="43.29710916616022586822509765625" lon="-109.81161477975547313690185546875">
        <ele>2566</ele>
        <time>2017-09-05T23:23:56.000Z</time>
        <extensions>
          <ns3:TrackPointExtension>
            <ns3:atemp>31.0</ns3:atemp>
            <ns3:cad>47</ns3:cad>
          </ns3:TrackPointExtension>
        </extensions>
      </trkpt>
      <trkpt lat="43.29710011370480060577392578125" lon="-109.81163456104695796966552734375">
        <ele>2566</ele>
        <time>2017-09-05T23:23:58.000Z</time>
        <extensions>
          <ns3:TrackPointExtension>
            <ns3:atemp>31.0</ns3:atemp>
            <ns3:cad>47</ns3:cad>
          </ns3:TrackPointExtension>
        </extensions>
      </trkpt>
      <trkpt lat="43.29710145480930805206298828125" lon="-109.811744950711727142333984375">
        <ele>2566</ele>
        <time>2017-09-05T23:24:03.000Z</time>
        <extensions>
          <ns3:TrackPointExtension>
            <ns3:atemp>31.0</ns3:atemp>
            <ns3:cad>53</ns3:cad>
          </ns3:TrackPointExtension>
        </extensions>
      </trkpt>
      <trkpt lat="43.297084607183933258056640625" lon="-109.81180722825229167938232421875">
        <ele>2566</ele>
        <time>2017-09-05T23:24:08.000Z</time>
        <extensions>
          <ns3:TrackPointExtension>
            <ns3:atemp>31.0</ns3:atemp>
            <ns3:cad>61</ns3:cad>
          </ns3:TrackPointExtension>
        </extensions>
      </trkpt>
      <trkpt lat="43.2970722019672393798828125" lon="-109.81187746860086917877197265625">
        <ele>2565</ele>
        <time>2017-09-05T23:24:14.000Z</time>
        <extensions>
          <ns3:TrackPointExtension>
            <ns3:atemp>31.0</ns3:atemp>
            <ns3:cad>61</ns3:cad>
          </ns3:TrackPointExtension>
        </extensions>
      </trkpt>
      <trkpt lat="43.29707664437592029571533203125" lon="-109.81189171783626079559326171875">
        <ele>2564.800048828125</ele>
        <time>2017-09-05T23:24:15.000Z</time>
        <extensions>
          <ns3:TrackPointExtension>
            <ns3:atemp>31.0</ns3:atemp>
            <ns3:cad>50</ns3:cad>
          </ns3:TrackPointExtension>
        </extensions>
      </trkpt>
      <trkpt lat="43.29702015034854412078857421875" lon="-109.81193647719919681549072265625">
        <ele>2564.39990234375</ele>
        <time>2017-09-05T23:24:18.000Z</time>
        <extensions>
          <ns3:TrackPointExtension>
            <ns3:atemp>31.0</ns3:atemp>
            <ns3:cad>50</ns3:cad>
          </ns3:TrackPointExtension>
        </extensions>
      </trkpt>
      <trkpt lat="43.29698410816490650177001953125" lon="-109.81198542751371860504150390625">
        <ele>2563.800048828125</ele>
        <time>2017-09-05T23:24:21.000Z</time>
        <extensions>
          <ns3:TrackPointExtension>
            <ns3:atemp>31.0</ns3:atemp>
            <ns3:cad>50</ns3:cad>
          </ns3:TrackPointExtension>
        </extensions>
      </trkpt>
      <trkpt lat="43.29697488807141780853271484375" lon="-109.812018536031246185302734375">
        <ele>2563.39990234375</ele>
        <time>2017-09-05T23:24:23.000Z</time>
        <extensions>
          <ns3:TrackPointExtension>
            <ns3:atemp>31.0</ns3:atemp>
            <ns3:cad>50</ns3:cad>
          </ns3:TrackPointExtension>
        </extensions>
      </trkpt>
      <trkpt lat="43.2969520054757595062255859375" lon="-109.81203672476112842559814453125">
        <ele>2562.800048828125</ele>
        <time>2017-09-05T23:24:25.000Z</time>
        <extensions>
          <ns3:TrackPointExtension>
            <ns3:atemp>31.0</ns3:atemp>
            <ns3:cad>50</ns3:cad>
          </ns3:TrackPointExtension>
        </extensions>
      </trkpt>
      <trkpt lat="43.29694320447742938995361328125" lon="-109.812053404748439788818359375">
        <ele>2562.60009765625</ele>
        <time>2017-09-05T23:24:26.000Z</time>
        <extensions>
          <ns3:TrackPointExtension>
            <ns3:atemp>31.0</ns3:atemp>
            <ns3:cad>50</ns3:cad>
          </ns3:TrackPointExtension>
        </extensions>
      </trkpt>
      <trkpt lat="43.29693968407809734344482421875" lon="-109.81208751909434795379638671875">
        <ele>2562.39990234375</ele>
        <time>2017-09-05T23:24:28.000Z</time>
        <extensions>
          <ns3:TrackPointExtension>
            <ns3:atemp>31.0</ns3:atemp>
            <ns3:cad>50</ns3:cad>
          </ns3:TrackPointExtension>
        </extensions>
      </trkpt>
      <trkpt lat="43.2969030551612377166748046875" lon="-109.81214602477848529815673828125">
        <ele>2562.199951171875</ele>
        <time>2017-09-05T23:24:32.000Z</time>
        <extensions>
          <ns3:TrackPointExtension>
            <ns3:atemp>31.0</ns3:atemp>
            <ns3:cad>50</ns3:cad>
          </ns3:TrackPointExtension>
        </extensions>
      </trkpt>
      <trkpt lat="43.296878747642040252685546875" lon="-109.81219748966395854949951171875">
        <ele>2561.60009765625</ele>
        <time>2017-09-05T23:24:36.000Z</time>
        <extensions>
          <ns3:TrackPointExtension>
            <ns3:atemp>31.0</ns3:atemp>
            <ns3:cad>60</ns3:cad>
          </ns3:TrackPointExtension>
        </extensions>
      </trkpt>
      <trkpt lat="43.29687573015689849853515625" lon="-109.812276698648929595947265625">
        <ele>2560.39990234375</ele>
        <time>2017-09-05T23:24:42.000Z</time>
        <extensions>
          <ns3:TrackPointExtension>
            <ns3:atemp>31.0</ns3:atemp>
            <ns3:cad>60</ns3:cad>
          </ns3:TrackPointExtension>
        </extensions>
      </trkpt>
      <trkpt lat="43.29689341597259044647216796875" lon="-109.812387339770793914794921875">
        <ele>2559.800048828125</ele>
        <time>2017-09-05T23:24:50.000Z</time>
        <extensions>
          <ns3:TrackPointExtension>
            <ns3:atemp>31.0</ns3:atemp>
            <ns3:cad>59</ns3:cad>
          </ns3:TrackPointExtension>
        </extensions>
      </trkpt>
      <trkpt lat="43.2968239299952983856201171875" lon="-109.81244198977947235107421875">
        <ele>2559.39990234375</ele>
        <time>2017-09-05T23:24:54.000Z</time>
        <extensions>
          <ns3:TrackPointExtension>
            <ns3:atemp>31.0</ns3:atemp>
            <ns3:cad>58</ns3:cad>
          </ns3:TrackPointExtension>
        </extensions>
      </trkpt>
      <trkpt lat="43.29682200215756893157958984375" lon="-109.81245883740484714508056640625">
        <ele>2559.199951171875</ele>
        <time>2017-09-05T23:24:55.000Z</time>
        <extensions>
          <ns3:TrackPointExtension>
            <ns3:atemp>31.0</ns3:atemp>
            <ns3:cad>58</ns3:cad>
          </ns3:TrackPointExtension>
        </extensions>
      </trkpt>
      <trkpt lat="43.29681915231049060821533203125" lon="-109.81248465366661548614501953125">
        <ele>2558.800048828125</ele>
        <time>2017-09-05T23:24:56.000Z</time>
        <extensions>
          <ns3:TrackPointExtension>
            <ns3:atemp>31.0</ns3:atemp>
            <ns3:cad>58</ns3:cad>
          </ns3:TrackPointExtension>
        </extensions>
      </trkpt>
      <trkpt lat="43.29681881703436374664306640625" lon="-109.812526144087314605712890625">
        <ele>2558.800048828125</ele>
        <time>2017-09-05T23:24:58.000Z</time>
        <extensions>
          <ns3:TrackPointExtension>
            <ns3:atemp>31.0</ns3:atemp>
            <ns3:cad>57</ns3:cad>
          </ns3:TrackPointExtension>
        </extensions>
      </trkpt>
      <trkpt lat="43.29670934937894344329833984375" lon="-109.81272538192570209503173828125">
        <ele>2559.800048828125</ele>
        <time>2017-09-05T23:25:11.000Z</time>
        <extensions>
          <ns3:TrackPointExtension>
            <ns3:atemp>31.0</ns3:atemp>
            <ns3:cad>53</ns3:cad>
          </ns3:TrackPointExtension>
        </extensions>
      </trkpt>
      <trkpt lat="43.2965768314898014068603515625" lon="-109.8129165731370449066162109375">
        <ele>2559.800048828125</ele>
        <time>2017-09-05T23:25:22.000Z</time>
        <extensions>
          <ns3:TrackPointExtension>
            <ns3:atemp>31.0</ns3:atemp>
            <ns3:cad>53</ns3:cad>
          </ns3:TrackPointExtension>
        </extensions>
      </trkpt>
      <trkpt lat="43.296552859246730804443359375" lon="-109.81299293227493762969970703125">
        <ele>2559.800048828125</ele>
        <time>2017-09-05T23:25:26.000Z</time>
        <extensions>
          <ns3:TrackPointExtension>
            <ns3:atemp>31.0</ns3:atemp>
            <ns3:cad>61</ns3:cad>
          </ns3:TrackPointExtension>
        </extensions>
      </trkpt>
      <trkpt lat="43.2965456508100032806396484375" lon="-109.8130764998495578765869140625">
        <ele>2559.800048828125</ele>
        <time>2017-09-05T23:25:31.000Z</time>
        <extensions>
          <ns3:TrackPointExtension>
            <ns3:atemp>31.0</ns3:atemp>
            <ns3:cad>56</ns3:cad>
          </ns3:TrackPointExtension>
        </extensions>
      </trkpt>
      <trkpt lat="43.29652360640466213226318359375" lon="-109.81314497999846935272216796875">
        <ele>2559</ele>
        <time>2017-09-05T23:25:35.000Z</time>
        <extensions>
          <ns3:TrackPointExtension>
            <ns3:atemp>31.0</ns3:atemp>
            <ns3:cad>54</ns3:cad>
          </ns3:TrackPointExtension>
        </extensions>
      </trkpt>
      <trkpt lat="43.2965503446757793426513671875" lon="-109.81318135745823383331298828125">
        <ele>2558.60009765625</ele>
        <time>2017-09-05T23:25:37.000Z</time>
        <extensions>
          <ns3:TrackPointExtension>
            <ns3:atemp>31.0</ns3:atemp>
            <ns3:cad>54</ns3:cad>
          </ns3:TrackPointExtension>
        </extensions>
      </trkpt>
      <trkpt lat="43.2965801842510700225830078125" lon="-109.8132354207336902618408203125">
        <ele>2558</ele>
        <time>2017-09-05T23:25:41.000Z</time>
        <extensions>
          <ns3:TrackPointExtension>
            <ns3:atemp>31.0</ns3:atemp>
            <ns3:cad>54</ns3:cad>
          </ns3:TrackPointExtension>
        </extensions>
      </trkpt>
      <trkpt lat="43.29656585119664669036865234375" lon="-109.813303314149379730224609375">
        <ele>2557.60009765625</ele>
        <time>2017-09-05T23:25:45.000Z</time>
        <extensions>
          <ns3:TrackPointExtension>
            <ns3:atemp>31.0</ns3:atemp>
            <ns3:cad>51</ns3:cad>
          </ns3:TrackPointExtension>
        </extensions>
      </trkpt>
      <trkpt lat="43.2965496741235256195068359375" lon="-109.81338679790496826171875">
        <ele>2558</ele>
        <time>2017-09-05T23:25:51.000Z</time>
        <extensions>
          <ns3:TrackPointExtension>
            <ns3:atemp>31.0</ns3:atemp>
            <ns3:cad>58</ns3:cad>
          </ns3:TrackPointExtension>
        </extensions>
      </trkpt>
      <trkpt lat="43.2964832894504070281982421875" lon="-109.8134751431643962860107421875">
        <ele>2557.800048828125</ele>
        <time>2017-09-05T23:25:57.000Z</time>
        <extensions>
          <ns3:TrackPointExtension>
            <ns3:atemp>31.0</ns3:atemp>
            <ns3:cad>58</ns3:cad>
          </ns3:TrackPointExtension>
        </extensions>
      </trkpt>
      <trkpt lat="43.296503238379955291748046875" lon="-109.813631884753704071044921875">
        <ele>2558.199951171875</ele>
        <time>2017-09-05T23:26:04.000Z</time>
        <extensions>
          <ns3:TrackPointExtension>
            <ns3:atemp>31.0</ns3:atemp>
            <ns3:cad>58</ns3:cad>
          </ns3:TrackPointExtension>
        </extensions>
      </trkpt>
      <trkpt lat="43.296524025499820709228515625" lon="-109.81367672793567180633544921875">
        <ele>2558.199951171875</ele>
        <time>2017-09-05T23:26:08.000Z</time>
        <extensions>
          <ns3:TrackPointExtension>
            <ns3:atemp>31.0</ns3:atemp>
            <ns3:cad>59</ns3:cad>
          </ns3:TrackPointExtension>
        </extensions>
      </trkpt>
      <trkpt lat="43.2965516857802867889404296875" lon="-109.8137004487216472625732421875">
        <ele>2558.60009765625</ele>
        <time>2017-09-05T23:26:10.000Z</time>
        <extensions>
          <ns3:TrackPointExtension>
            <ns3:atemp>31.0</ns3:atemp>
            <ns3:cad>59</ns3:cad>
          </ns3:TrackPointExtension>
        </extensions>
      </trkpt>
      <trkpt lat="43.29654824919998645782470703125" lon="-109.81371897272765636444091796875">
        <ele>2559</ele>
        <time>2017-09-05T23:26:13.000Z</time>
        <extensions>
          <ns3:TrackPointExtension>
            <ns3:atemp>31.0</ns3:atemp>
            <ns3:cad>59</ns3:cad>
          </ns3:TrackPointExtension>
        </extensions>
      </trkpt>
      <trkpt lat="43.29654523171484470367431640625" lon="-109.813748896121978759765625">
        <ele>2558.800048828125</ele>
        <time>2017-09-05T23:26:15.000Z</time>
        <extensions>
          <ns3:TrackPointExtension>
            <ns3:atemp>32.0</ns3:atemp>
            <ns3:cad>59</ns3:cad>
          </ns3:TrackPointExtension>
        </extensions>
      </trkpt>
      <trkpt lat="43.2965491712093353271484375" lon="-109.81379021890461444854736328125">
        <ele>2558.60009765625</ele>
        <time>2017-09-05T23:26:17.000Z</time>
        <extensions>
          <ns3:TrackPointExtension>
            <ns3:atemp>32.0</ns3:atemp>
            <ns3:cad>59</ns3:cad>
          </ns3:TrackPointExtension>
        </extensions>
      </trkpt>
      <trkpt lat="43.296547494828701019287109375" lon="-109.81388979591429233551025390625">
        <ele>2557</ele>
        <time>2017-09-05T23:26:22.000Z</time>
        <extensions>
          <ns3:TrackPointExtension>
            <ns3:atemp>32.0</ns3:atemp>
            <ns3:cad>51</ns3:cad>
          </ns3:TrackPointExtension>
        </extensions>
      </trkpt>
      <trkpt lat="43.29654221422970294952392578125" lon="-109.81394000351428985595703125">
        <ele>2556.800048828125</ele>
        <time>2017-09-05T23:26:25.000Z</time>
        <extensions>
          <ns3:TrackPointExtension>
            <ns3:atemp>32.0</ns3:atemp>
            <ns3:cad>51</ns3:cad>
          </ns3:TrackPointExtension>
        </extensions>
      </trkpt>
      <trkpt lat="43.296529389917850494384765625" lon="-109.81397864408791065216064453125">
        <ele>2557</ele>
        <time>2017-09-05T23:26:27.000Z</time>
        <extensions>
          <ns3:TrackPointExtension>
            <ns3:atemp>32.0</ns3:atemp>
            <ns3:cad>51</ns3:cad>
          </ns3:TrackPointExtension>
        </extensions>
      </trkpt>
      <trkpt lat="43.29655713401734828948974609375" lon="-109.8141326196491718292236328125">
        <ele>2557.60009765625</ele>
        <time>2017-09-05T23:26:37.000Z</time>
        <extensions>
          <ns3:TrackPointExtension>
            <ns3:atemp>32.0</ns3:atemp>
            <ns3:cad>57</ns3:cad>
          </ns3:TrackPointExtension>
        </extensions>
      </trkpt>
      <trkpt lat="43.296558558940887451171875" lon="-109.81417243368923664093017578125">
        <ele>2557.800048828125</ele>
        <time>2017-09-05T23:26:41.000Z</time>
        <extensions>
          <ns3:TrackPointExtension>
            <ns3:atemp>32.0</ns3:atemp>
            <ns3:cad>52</ns3:cad>
          </ns3:TrackPointExtension>
        </extensions>
      </trkpt>
      <trkpt lat="43.29653869383037090301513671875" lon="-109.81423278339207172393798828125">
        <ele>2558</ele>
        <time>2017-09-05T23:26:46.000Z</time>
        <extensions>
          <ns3:TrackPointExtension>
            <ns3:atemp>32.0</ns3:atemp>
            <ns3:cad>47</ns3:cad>
          </ns3:TrackPointExtension>
        </extensions>
      </trkpt>
      <trkpt lat="43.2965298928320407867431640625" lon="-109.8142539896070957183837890625">
        <ele>2558</ele>
        <time>2017-09-05T23:26:48.000Z</time>
        <extensions>
          <ns3:TrackPointExtension>
            <ns3:atemp>32.0</ns3:atemp>
            <ns3:cad>47</ns3:cad>
          </ns3:TrackPointExtension>
        </extensions>
      </trkpt>
      <trkpt lat="43.29651036299765110015869140625" lon="-109.81438885442912578582763671875">
        <ele>2559.199951171875</ele>
        <time>2017-09-05T23:26:59.000Z</time>
        <extensions>
          <ns3:TrackPointExtension>
            <ns3:atemp>32.0</ns3:atemp>
            <ns3:cad>45</ns3:cad>
          </ns3:TrackPointExtension>
        </extensions>
      </trkpt>
      <trkpt lat="43.2965013943612575531005859375" lon="-109.81447451747953891754150390625">
        <ele>2559.60009765625</ele>
        <time>2017-09-05T23:27:05.000Z</time>
        <extensions>
          <ns3:TrackPointExtension>
            <ns3:atemp>32.0</ns3:atemp>
            <ns3:cad>48</ns3:cad>
          </ns3:TrackPointExtension>
        </extensions>
      </trkpt>
      <trkpt lat="43.29650960862636566162109375" lon="-109.814556576311588287353515625">
        <ele>2560.199951171875</ele>
        <time>2017-09-05T23:27:11.000Z</time>
        <extensions>
          <ns3:TrackPointExtension>
            <ns3:atemp>32.0</ns3:atemp>
            <ns3:cad>46</ns3:cad>
          </ns3:TrackPointExtension>
        </extensions>
      </trkpt>
      <trkpt lat="43.29652167856693267822265625" lon="-109.814630337059497833251953125">
        <ele>2561.199951171875</ele>
        <time>2017-09-05T23:27:16.000Z</time>
        <extensions>
          <ns3:TrackPointExtension>
            <ns3:atemp>32.0</ns3:atemp>
            <ns3:cad>50</ns3:cad>
          </ns3:TrackPointExtension>
        </extensions>
      </trkpt>
      <trkpt lat="43.2965144701302051544189453125" lon="-109.8146408982574939727783203125">
        <ele>2561.39990234375</ele>
        <time>2017-09-05T23:27:17.000Z</time>
        <extensions>
          <ns3:TrackPointExtension>
            <ns3:atemp>32.0</ns3:atemp>
            <ns3:cad>49</ns3:cad>
          </ns3:TrackPointExtension>
        </extensions>
      </trkpt>
      <trkpt lat="43.29651673324406147003173828125" lon="-109.81468456797301769256591796875">
        <ele>2561.800048828125</ele>
        <time>2017-09-05T23:27:20.000Z</time>
        <extensions>
          <ns3:TrackPointExtension>
            <ns3:atemp>32.0</ns3:atemp>
            <ns3:cad>49</ns3:cad>
          </ns3:TrackPointExtension>
        </extensions>
      </trkpt>
      <trkpt lat="43.29648504965007305145263671875" lon="-109.81475648470222949981689453125">
        <ele>2561.800048828125</ele>
        <time>2017-09-05T23:27:26.000Z</time>
        <extensions>
          <ns3:TrackPointExtension>
            <ns3:atemp>32.0</ns3:atemp>
            <ns3:cad>50</ns3:cad>
          </ns3:TrackPointExtension>
        </extensions>
      </trkpt>
      <trkpt lat="43.29643291421234607696533203125" lon="-109.8148507811129093170166015625">
        <ele>2561.39990234375</ele>
        <time>2017-09-05T23:27:33.000Z</time>
        <extensions>
          <ns3:TrackPointExtension>
            <ns3:atemp>32.0</ns3:atemp>
            <ns3:cad>57</ns3:cad>
          </ns3:TrackPointExtension>
        </extensions>
      </trkpt>
      <trkpt lat="43.29629260115325450897216796875" lon="-109.81500810943543910980224609375">
        <ele>2561</ele>
        <time>2017-09-05T23:27:42.000Z</time>
        <extensions>
          <ns3:TrackPointExtension>
            <ns3:atemp>32.0</ns3:atemp>
            <ns3:cad>57</ns3:cad>
          </ns3:TrackPointExtension>
        </extensions>
      </trkpt>
      <trkpt lat="43.2961852289736270904541015625" lon="-109.815200977027416229248046875">
        <ele>2561.199951171875</ele>
        <time>2017-09-05T23:27:57.000Z</time>
        <extensions>
          <ns3:TrackPointExtension>
            <ns3:atemp>32.0</ns3:atemp>
            <ns3:cad>56</ns3:cad>
          </ns3:TrackPointExtension>
        </extensions>
      </trkpt>
      <trkpt lat="43.29616854898631572723388671875" lon="-109.815313629806041717529296875">
        <ele>2561.800048828125</ele>
        <time>2017-09-05T23:28:03.000Z</time>
        <extensions>
          <ns3:TrackPointExtension>
            <ns3:atemp>32.0</ns3:atemp>
            <ns3:cad>61</ns3:cad>
          </ns3:TrackPointExtension>
        </extensions>
      </trkpt>
      <trkpt lat="43.296108283102512359619140625" lon="-109.81555058620870113372802734375">
        <ele>2561</ele>
        <time>2017-09-05T23:28:16.000Z</time>
        <extensions>
          <ns3:TrackPointExtension>
            <ns3:atemp>32.0</ns3:atemp>
            <ns3:cad>61</ns3:cad>
          </ns3:TrackPointExtension>
        </extensions>
      </trkpt>
      <trkpt lat="43.2960467599332332611083984375" lon="-109.81569475494325160980224609375">
        <ele>2560.60009765625</ele>
        <time>2017-09-05T23:28:24.000Z</time>
        <extensions>
          <ns3:TrackPointExtension>
            <ns3:atemp>32.0</ns3:atemp>
            <ns3:cad>56</ns3:cad>
          </ns3:TrackPointExtension>
        </extensions>
      </trkpt>
      <trkpt lat="43.2960209436714649200439453125" lon="-109.8157245106995105743408203125">
        <ele>2560.60009765625</ele>
        <time>2017-09-05T23:28:26.000Z</time>
        <extensions>
          <ns3:TrackPointExtension>
            <ns3:atemp>32.0</ns3:atemp>
            <ns3:cad>56</ns3:cad>
          </ns3:TrackPointExtension>
        </extensions>
      </trkpt>
      <trkpt lat="43.295998983085155487060546875" lon="-109.81577689759433269500732421875">
        <ele>2560.199951171875</ele>
        <time>2017-09-05T23:28:29.000Z</time>
        <extensions>
          <ns3:TrackPointExtension>
            <ns3:atemp>32.0</ns3:atemp>
            <ns3:cad>58</ns3:cad>
          </ns3:TrackPointExtension>
        </extensions>
      </trkpt>
      <trkpt lat="43.29598800279200077056884765625" lon="-109.816030450165271759033203125">
        <ele>2559.60009765625</ele>
        <time>2017-09-05T23:28:42.000Z</time>
        <extensions>
          <ns3:TrackPointExtension>
            <ns3:atemp>32.0</ns3:atemp>
            <ns3:cad>60</ns3:cad>
          </ns3:TrackPointExtension>
        </extensions>
      </trkpt>
      <trkpt lat="43.295984566211700439453125" lon="-109.816087782382965087890625">
        <ele>2559.199951171875</ele>
        <time>2017-09-05T23:28:45.000Z</time>
        <extensions>
          <ns3:TrackPointExtension>
            <ns3:atemp>32.0</ns3:atemp>
            <ns3:cad>56</ns3:cad>
          </ns3:TrackPointExtension>
        </extensions>
      </trkpt>
      <trkpt lat="43.29590250737965106964111328125" lon="-109.8163156025111675262451171875">
        <ele>2559</ele>
        <time>2017-09-05T23:28:57.000Z</time>
        <extensions>
          <ns3:TrackPointExtension>
            <ns3:atemp>32.0</ns3:atemp>
            <ns3:cad>56</ns3:cad>
          </ns3:TrackPointExtension>
        </extensions>
      </trkpt>
      <trkpt lat="43.29585322178900241851806640625" lon="-109.81649304740130901336669921875">
        <ele>2559.199951171875</ele>
        <time>2017-09-05T23:29:07.000Z</time>
        <extensions>
          <ns3:TrackPointExtension>
            <ns3:atemp>32.0</ns3:atemp>
            <ns3:cad>55</ns3:cad>
          </ns3:TrackPointExtension>
        </extensions>
      </trkpt>
      <trkpt lat="43.29579873941838741302490234375" lon="-109.8166528902947902679443359375">
        <ele>2559.60009765625</ele>
        <time>2017-09-05T23:29:18.000Z</time>
        <extensions>
          <ns3:TrackPointExtension>
            <ns3:atemp>32.0</ns3:atemp>
            <ns3:cad>54</ns3:cad>
          </ns3:TrackPointExtension>
        </extensions>
      </trkpt>
      <trkpt lat="43.29579957760870456695556640625" lon="-109.8166555725038051605224609375">
        <ele>2559.60009765625</ele>
        <time>2017-09-05T23:29:20.000Z</time>
        <extensions>
          <ns3:TrackPointExtension>
            <ns3:atemp>32.0</ns3:atemp>
            <ns3:cad>0</ns3:cad>
          </ns3:TrackPointExtension>
        </extensions>
      </trkpt>
      <trkpt lat="43.29581223428249359130859375" lon="-109.81670946814119815826416015625">
        <ele>2559.199951171875</ele>
        <time>2017-09-05T23:29:26.000Z</time>
        <extensions>
          <ns3:TrackPointExtension>
            <ns3:atemp>32.0</ns3:atemp>
            <ns3:cad>61</ns3:cad>
          </ns3:TrackPointExtension>
        </extensions>
      </trkpt>
      <trkpt lat="43.29581181518733501434326171875" lon="-109.81674668379127979278564453125">
        <ele>2559.199951171875</ele>
        <time>2017-09-05T23:29:29.000Z</time>
        <extensions>
          <ns3:TrackPointExtension>
            <ns3:atemp>32.0</ns3:atemp>
            <ns3:cad>55</ns3:cad>
          </ns3:TrackPointExtension>
        </extensions>
      </trkpt>
      <trkpt lat="43.2957450114190578460693359375" lon="-109.81697148643434047698974609375">
        <ele>2559.199951171875</ele>
        <time>2017-09-05T23:29:43.000Z</time>
        <extensions>
          <ns3:TrackPointExtension>
            <ns3:atemp>32.0</ns3:atemp>
            <ns3:cad>56</ns3:cad>
          </ns3:TrackPointExtension>
        </extensions>
      </trkpt>
      <trkpt lat="43.2956782914698123931884765625" lon="-109.817095287144184112548828125">
        <ele>2558.39990234375</ele>
        <time>2017-09-05T23:29:52.000Z</time>
        <extensions>
          <ns3:TrackPointExtension>
            <ns3:atemp>32.0</ns3:atemp>
            <ns3:cad>60</ns3:cad>
          </ns3:TrackPointExtension>
        </extensions>
      </trkpt>
      <trkpt lat="43.2956497929990291595458984375" lon="-109.817331992089748382568359375">
        <ele>2558.800048828125</ele>
        <time>2017-09-05T23:30:03.000Z</time>
        <extensions>
          <ns3:TrackPointExtension>
            <ns3:atemp>32.0</ns3:atemp>
            <ns3:cad>56</ns3:cad>
          </ns3:TrackPointExtension>
        </extensions>
      </trkpt>
      <trkpt lat="43.29560427926480770111083984375" lon="-109.8174042440950870513916015625">
        <ele>2558</ele>
        <time>2017-09-05T23:30:07.000Z</time>
        <extensions>
          <ns3:TrackPointExtension>
            <ns3:atemp>32.0</ns3:atemp>
            <ns3:cad>56</ns3:cad>
          </ns3:TrackPointExtension>
        </extensions>
      </trkpt>
      <trkpt lat="43.29550336115062236785888671875" lon="-109.81756777502596378326416015625">
        <ele>2556.800048828125</ele>
        <time>2017-09-05T23:30:19.000Z</time>
        <extensions>
          <ns3:TrackPointExtension>
            <ns3:atemp>32.0</ns3:atemp>
            <ns3:cad>58</ns3:cad>
          </ns3:TrackPointExtension>
        </extensions>
      </trkpt>
      <trkpt lat="43.295492045581340789794921875" lon="-109.81761471368372440338134765625">
        <ele>2555.60009765625</ele>
        <time>2017-09-05T23:30:22.000Z</time>
        <extensions>
          <ns3:TrackPointExtension>
            <ns3:atemp>32.0</ns3:atemp>
            <ns3:cad>56</ns3:cad>
          </ns3:TrackPointExtension>
        </extensions>
      </trkpt>
      <trkpt lat="43.29542289488017559051513671875" lon="-109.81785343028604984283447265625">
        <ele>2554.39990234375</ele>
        <time>2017-09-05T23:30:37.000Z</time>
        <extensions>
          <ns3:TrackPointExtension>
            <ns3:atemp>32.0</ns3:atemp>
            <ns3:cad>58</ns3:cad>
          </ns3:TrackPointExtension>
        </extensions>
      </trkpt>
      <trkpt lat="43.29540990293025970458984375" lon="-109.81791914440691471099853515625">
        <ele>2553.199951171875</ele>
        <time>2017-09-05T23:30:42.000Z</time>
        <extensions>
          <ns3:TrackPointExtension>
            <ns3:atemp>32.0</ns3:atemp>
            <ns3:cad>58</ns3:cad>
          </ns3:TrackPointExtension>
        </extensions>
      </trkpt>
      <trkpt lat="43.29539892263710498809814453125" lon="-109.8179514147341251373291015625">
        <ele>2553.199951171875</ele>
        <time>2017-09-05T23:30:44.000Z</time>
        <extensions>
          <ns3:TrackPointExtension>
            <ns3:atemp>32.0</ns3:atemp>
            <ns3:cad>57</ns3:cad>
          </ns3:TrackPointExtension>
        </extensions>
      </trkpt>
      <trkpt lat="43.2953849248588085174560546875" lon="-109.81822122819721698760986328125">
        <ele>2553.800048828125</ele>
        <time>2017-09-05T23:30:56.000Z</time>
        <extensions>
          <ns3:TrackPointExtension>
            <ns3:atemp>32.0</ns3:atemp>
            <ns3:cad>56</ns3:cad>
          </ns3:TrackPointExtension>
        </extensions>
      </trkpt>
      <trkpt lat="43.2954154349863529205322265625" lon="-109.8184709250926971435546875">
        <ele>2552.199951171875</ele>
        <time>2017-09-05T23:31:07.000Z</time>
        <extensions>
          <ns3:TrackPointExtension>
            <ns3:atemp>32.0</ns3:atemp>
            <ns3:cad>58</ns3:cad>
          </ns3:TrackPointExtension>
        </extensions>
      </trkpt>
      <trkpt lat="43.2955086417496204376220703125" lon="-109.81869631446897983551025390625">
        <ele>2552.39990234375</ele>
        <time>2017-09-05T23:31:21.000Z</time>
        <extensions>
          <ns3:TrackPointExtension>
            <ns3:atemp>32.0</ns3:atemp>
            <ns3:cad>59</ns3:cad>
          </ns3:TrackPointExtension>
        </extensions>
      </trkpt>
      <trkpt lat="43.2955183647572994232177734375" lon="-109.81876605190336704254150390625">
        <ele>2553.39990234375</ele>
        <time>2017-09-05T23:31:26.000Z</time>
        <extensions>
          <ns3:TrackPointExtension>
            <ns3:atemp>32.0</ns3:atemp>
            <ns3:cad>55</ns3:cad>
          </ns3:TrackPointExtension>
        </extensions>
      </trkpt>
      <trkpt lat="43.2955140061676502227783203125" lon="-109.818811900913715362548828125">
        <ele>2554</ele>
        <time>2017-09-05T23:31:29.000Z</time>
        <extensions>
          <ns3:TrackPointExtension>
            <ns3:atemp>32.0</ns3:atemp>
            <ns3:cad>57</ns3:cad>
          </ns3:TrackPointExtension>
        </extensions>
      </trkpt>
      <trkpt lat="43.29549766145646572113037109375" lon="-109.81886009685695171356201171875">
        <ele>2554.39990234375</ele>
        <time>2017-09-05T23:31:32.000Z</time>
        <extensions>
          <ns3:TrackPointExtension>
            <ns3:atemp>32.0</ns3:atemp>
            <ns3:cad>58</ns3:cad>
          </ns3:TrackPointExtension>
        </extensions>
      </trkpt>
      <trkpt lat="43.29540261067450046539306640625" lon="-109.819035194814205169677734375">
        <ele>2554.39990234375</ele>
        <time>2017-09-05T23:31:42.000Z</time>
        <extensions>
          <ns3:TrackPointExtension>
            <ns3:atemp>32.0</ns3:atemp>
            <ns3:cad>58</ns3:cad>
          </ns3:TrackPointExtension>
        </extensions>
      </trkpt>
      <trkpt lat="43.29539221711456775665283203125" lon="-109.81928388588130474090576171875">
        <ele>2554.800048828125</ele>
        <time>2017-09-05T23:31:55.000Z</time>
        <extensions>
          <ns3:TrackPointExtension>
            <ns3:atemp>32.0</ns3:atemp>
            <ns3:cad>61</ns3:cad>
          </ns3:TrackPointExtension>
        </extensions>
      </trkpt>
      <trkpt lat="43.29536271281540393829345703125" lon="-109.81952570378780364990234375">
        <ele>2554.800048828125</ele>
        <time>2017-09-05T23:32:10.000Z</time>
        <extensions>
          <ns3:TrackPointExtension>
            <ns3:atemp>32.0</ns3:atemp>
            <ns3:cad>54</ns3:cad>
          </ns3:TrackPointExtension>
        </extensions>
      </trkpt>
      <trkpt lat="43.2953232340514659881591796875" lon="-109.8195778392255306243896484375">
        <ele>2554.800048828125</ele>
        <time>2017-09-05T23:32:14.000Z</time>
        <extensions>
          <ns3:TrackPointExtension>
            <ns3:atemp>32.0</ns3:atemp>
            <ns3:cad>57</ns3:cad>
          </ns3:TrackPointExtension>
        </extensions>
      </trkpt>
      <trkpt lat="43.295238576829433441162109375" lon="-109.81972008012235164642333984375">
        <ele>2555.199951171875</ele>
        <time>2017-09-05T23:32:23.000Z</time>
        <extensions>
          <ns3:TrackPointExtension>
            <ns3:atemp>32.0</ns3:atemp>
            <ns3:cad>53</ns3:cad>
          </ns3:TrackPointExtension>
        </extensions>
      </trkpt>
      <trkpt lat="43.2952132634818553924560546875" lon="-109.81980264186859130859375">
        <ele>2555</ele>
        <time>2017-09-05T23:32:27.000Z</time>
        <extensions>
          <ns3:TrackPointExtension>
            <ns3:atemp>32.0</ns3:atemp>
            <ns3:cad>53</ns3:cad>
          </ns3:TrackPointExtension>
        </extensions>
      </trkpt>
      <trkpt lat="43.29516456462442874908447265625" lon="-109.82000741176307201385498046875">
        <ele>2553.60009765625</ele>
        <time>2017-09-05T23:32:38.000Z</time>
        <extensions>
          <ns3:TrackPointExtension>
            <ns3:atemp>32.0</ns3:atemp>
            <ns3:cad>54</ns3:cad>
          </ns3:TrackPointExtension>
        </extensions>
      </trkpt>
      <trkpt lat="43.29516137950122356414794921875" lon="-109.82002719305455684661865234375">
        <ele>2553.39990234375</ele>
        <time>2017-09-05T23:32:39.000Z</time>
        <extensions>
          <ns3:TrackPointExtension>
            <ns3:atemp>32.0</ns3:atemp>
            <ns3:cad>54</ns3:cad>
          </ns3:TrackPointExtension>
        </extensions>
      </trkpt>
      <trkpt lat="43.29515182413160800933837890625" lon="-109.820087961852550506591796875">
        <ele>2552.199951171875</ele>
        <time>2017-09-05T23:32:43.000Z</time>
        <extensions>
          <ns3:TrackPointExtension>
            <ns3:atemp>32.0</ns3:atemp>
            <ns3:cad>56</ns3:cad>
          </ns3:TrackPointExtension>
        </extensions>
      </trkpt>
      <trkpt lat="43.29511309973895549774169921875" lon="-109.820247553288936614990234375">
        <ele>2551</ele>
        <time>2017-09-05T23:32:52.000Z</time>
        <extensions>
          <ns3:TrackPointExtension>
            <ns3:atemp>32.0</ns3:atemp>
            <ns3:cad>58</ns3:cad>
          </ns3:TrackPointExtension>
        </extensions>
      </trkpt>
      <trkpt lat="43.2951237447559833526611328125" lon="-109.820363558828830718994140625">
        <ele>2549.800048828125</ele>
        <time>2017-09-05T23:32:58.000Z</time>
        <extensions>
          <ns3:TrackPointExtension>
            <ns3:atemp>32.0</ns3:atemp>
            <ns3:cad>56</ns3:cad>
          </ns3:TrackPointExtension>
        </extensions>
      </trkpt>
      <trkpt lat="43.2951391674578189849853515625" lon="-109.82061124406754970550537109375">
        <ele>2549.39990234375</ele>
        <time>2017-09-05T23:33:10.000Z</time>
        <extensions>
          <ns3:TrackPointExtension>
            <ns3:atemp>32.0</ns3:atemp>
            <ns3:cad>56</ns3:cad>
          </ns3:TrackPointExtension>
        </extensions>
      </trkpt>
      <trkpt lat="43.29516272060573101043701171875" lon="-109.8208688199520111083984375">
        <ele>2549.39990234375</ele>
        <time>2017-09-05T23:33:23.000Z</time>
        <extensions>
          <ns3:TrackPointExtension>
            <ns3:atemp>32.0</ns3:atemp>
            <ns3:cad>56</ns3:cad>
          </ns3:TrackPointExtension>
        </extensions>
      </trkpt>
      <trkpt lat="43.29522089101374149322509765625" lon="-109.82108297757804393768310546875">
        <ele>2550</ele>
        <time>2017-09-05T23:33:36.000Z</time>
        <extensions>
          <ns3:TrackPointExtension>
            <ns3:atemp>32.0</ns3:atemp>
            <ns3:cad>55</ns3:cad>
          </ns3:TrackPointExtension>
        </extensions>
      </trkpt>
      <trkpt lat="43.2952739484608173370361328125" lon="-109.82132387347519397735595703125">
        <ele>2550.199951171875</ele>
        <time>2017-09-05T23:33:49.000Z</time>
        <extensions>
          <ns3:TrackPointExtension>
            <ns3:atemp>32.0</ns3:atemp>
            <ns3:cad>55</ns3:cad>
          </ns3:TrackPointExtension>
        </extensions>
      </trkpt>
      <trkpt lat="43.295348547399044036865234375" lon="-109.8215566389262676239013671875">
        <ele>2549.39990234375</ele>
        <time>2017-09-05T23:34:01.000Z</time>
        <extensions>
          <ns3:TrackPointExtension>
            <ns3:atemp>32.0</ns3:atemp>
            <ns3:cad>55</ns3:cad>
          </ns3:TrackPointExtension>
        </extensions>
      </trkpt>
      <trkpt lat="43.295396827161312103271484375" lon="-109.8218064196407794952392578125">
        <ele>2549</ele>
        <time>2017-09-05T23:34:15.000Z</time>
        <extensions>
          <ns3:TrackPointExtension>
            <ns3:atemp>32.0</ns3:atemp>
            <ns3:cad>55</ns3:cad>
          </ns3:TrackPointExtension>
        </extensions>
      </trkpt>
      <trkpt lat="43.29544703476130962371826171875" lon="-109.82204723171889781951904296875">
        <ele>2549.199951171875</ele>
        <time>2017-09-05T23:34:28.000Z</time>
        <extensions>
          <ns3:TrackPointExtension>
            <ns3:atemp>32.0</ns3:atemp>
            <ns3:cad>54</ns3:cad>
          </ns3:TrackPointExtension>
        </extensions>
      </trkpt>
      <trkpt lat="43.29546212218701839447021484375" lon="-109.82213121838867664337158203125">
        <ele>2549.60009765625</ele>
        <time>2017-09-05T23:34:33.000Z</time>
        <extensions>
          <ns3:TrackPointExtension>
            <ns3:atemp>32.0</ns3:atemp>
            <ns3:cad>55</ns3:cad>
          </ns3:TrackPointExtension>
        </extensions>
      </trkpt>
      <trkpt lat="43.2954682409763336181640625" lon="-109.8223874531686305999755859375">
        <ele>2549.39990234375</ele>
        <time>2017-09-05T23:34:47.000Z</time>
        <extensions>
          <ns3:TrackPointExtension>
            <ns3:atemp>32.0</ns3:atemp>
            <ns3:cad>55</ns3:cad>
          </ns3:TrackPointExtension>
        </extensions>
      </trkpt>
      <trkpt lat="43.295522890985012054443359375" lon="-109.82262625358998775482177734375">
        <ele>2549.199951171875</ele>
        <time>2017-09-05T23:35:01.000Z</time>
        <extensions>
          <ns3:TrackPointExtension>
            <ns3:atemp>32.0</ns3:atemp>
            <ns3:cad>54</ns3:cad>
          </ns3:TrackPointExtension>
        </extensions>
      </trkpt>
      <trkpt lat="43.29553906805813312530517578125" lon="-109.8228793032467365264892578125">
        <ele>2549.199951171875</ele>
        <time>2017-09-05T23:35:14.000Z</time>
        <extensions>
          <ns3:TrackPointExtension>
            <ns3:atemp>32.0</ns3:atemp>
            <ns3:cad>57</ns3:cad>
          </ns3:TrackPointExtension>
        </extensions>
      </trkpt>
      <trkpt lat="43.29548810608685016632080078125" lon="-109.82313822023570537567138671875">
        <ele>2548.800048828125</ele>
        <time>2017-09-05T23:35:28.000Z</time>
        <extensions>
          <ns3:TrackPointExtension>
            <ns3:atemp>32.0</ns3:atemp>
            <ns3:cad>55</ns3:cad>
          </ns3:TrackPointExtension>
        </extensions>
      </trkpt>
      <trkpt lat="43.29549011774361133575439453125" lon="-109.82319890521466732025146484375">
        <ele>2548.800048828125</ele>
        <time>2017-09-05T23:35:33.000Z</time>
        <extensions>
          <ns3:TrackPointExtension>
            <ns3:atemp>32.0</ns3:atemp>
            <ns3:cad>54</ns3:cad>
          </ns3:TrackPointExtension>
        </extensions>
      </trkpt>
      <trkpt lat="43.29547687433660030364990234375" lon="-109.823233522474765777587890625">
        <ele>2548.800048828125</ele>
        <time>2017-09-05T23:35:37.000Z</time>
        <extensions>
          <ns3:TrackPointExtension>
            <ns3:atemp>32.0</ns3:atemp>
            <ns3:cad>57</ns3:cad>
          </ns3:TrackPointExtension>
        </extensions>
      </trkpt>
      <trkpt lat="43.295458853244781494140625" lon="-109.8233054392039775848388671875">
        <ele>2548.800048828125</ele>
        <time>2017-09-05T23:35:39.000Z</time>
        <extensions>
          <ns3:TrackPointExtension>
            <ns3:atemp>32.0</ns3:atemp>
            <ns3:cad>57</ns3:cad>
          </ns3:TrackPointExtension>
        </extensions>
      </trkpt>
      <trkpt lat="43.29541794955730438232421875" lon="-109.8235582374036312103271484375">
        <ele>2549.39990234375</ele>
        <time>2017-09-05T23:35:53.000Z</time>
        <extensions>
          <ns3:TrackPointExtension>
            <ns3:atemp>33.0</ns3:atemp>
            <ns3:cad>55</ns3:cad>
          </ns3:TrackPointExtension>
        </extensions>
      </trkpt>
      <trkpt lat="43.29538903199136257171630859375" lon="-109.8236554674804210662841796875">
        <ele>2549.800048828125</ele>
        <time>2017-09-05T23:36:00.000Z</time>
        <extensions>
          <ns3:TrackPointExtension>
            <ns3:atemp>33.0</ns3:atemp>
            <ns3:cad>55</ns3:cad>
          </ns3:TrackPointExtension>
        </extensions>
      </trkpt>
      <trkpt lat="43.2953795604407787322998046875" lon="-109.8236816190183162689208984375">
        <ele>2550</ele>
        <time>2017-09-05T23:36:02.000Z</time>
        <extensions>
          <ns3:TrackPointExtension>
            <ns3:atemp>33.0</ns3:atemp>
            <ns3:cad>55</ns3:cad>
          </ns3:TrackPointExtension>
        </extensions>
      </trkpt>
      <trkpt lat="43.29536824487149715423583984375" lon="-109.82370886020362377166748046875">
        <ele>2550</ele>
        <time>2017-09-05T23:36:04.000Z</time>
        <extensions>
          <ns3:TrackPointExtension>
            <ns3:atemp>33.0</ns3:atemp>
            <ns3:cad>55</ns3:cad>
          </ns3:TrackPointExtension>
        </extensions>
      </trkpt>
      <trkpt lat="43.29535969533026218414306640625" lon="-109.82396501116454601287841796875">
        <ele>2550.199951171875</ele>
        <time>2017-09-05T23:36:19.000Z</time>
        <extensions>
          <ns3:TrackPointExtension>
            <ns3:atemp>33.0</ns3:atemp>
            <ns3:cad>54</ns3:cad>
          </ns3:TrackPointExtension>
        </extensions>
      </trkpt>
      <trkpt lat="43.295347876846790313720703125" lon="-109.82402016408741474151611328125">
        <ele>2550.199951171875</ele>
        <time>2017-09-05T23:36:22.000Z</time>
        <extensions>
          <ns3:TrackPointExtension>
            <ns3:atemp>33.0</ns3:atemp>
            <ns3:cad>55</ns3:cad>
          </ns3:TrackPointExtension>
        </extensions>
      </trkpt>
      <trkpt lat="43.29527922905981540679931640625" lon="-109.82426038943231105804443359375">
        <ele>2550.60009765625</ele>
        <time>2017-09-05T23:36:34.000Z</time>
        <extensions>
          <ns3:TrackPointExtension>
            <ns3:atemp>33.0</ns3:atemp>
            <ns3:cad>54</ns3:cad>
          </ns3:TrackPointExtension>
        </extensions>
      </trkpt>
      <trkpt lat="43.29523514024913311004638671875" lon="-109.8243561945855617523193359375">
        <ele>2551</ele>
        <time>2017-09-05T23:36:40.000Z</time>
        <extensions>
          <ns3:TrackPointExtension>
            <ns3:atemp>33.0</ns3:atemp>
            <ns3:cad>54</ns3:cad>
          </ns3:TrackPointExtension>
        </extensions>
      </trkpt>
      <trkpt lat="43.29523648135364055633544921875" lon="-109.824379496276378631591796875">
        <ele>2551</ele>
        <time>2017-09-05T23:36:42.000Z</time>
        <extensions>
          <ns3:TrackPointExtension>
            <ns3:atemp>33.0</ns3:atemp>
            <ns3:cad>54</ns3:cad>
          </ns3:TrackPointExtension>
        </extensions>
      </trkpt>
      <trkpt lat="43.29522508196532726287841796875" lon="-109.82444914989173412322998046875">
        <ele>2552</ele>
        <time>2017-09-05T23:36:46.000Z</time>
        <extensions>
          <ns3:TrackPointExtension>
            <ns3:atemp>33.0</ns3:atemp>
            <ns3:cad>53</ns3:cad>
          </ns3:TrackPointExtension>
        </extensions>
      </trkpt>
      <trkpt lat="43.29523547552525997161865234375" lon="-109.8244750499725341796875">
        <ele>2552.199951171875</ele>
        <time>2017-09-05T23:36:47.000Z</time>
        <extensions>
          <ns3:TrackPointExtension>
            <ns3:atemp>33.0</ns3:atemp>
            <ns3:cad>53</ns3:cad>
          </ns3:TrackPointExtension>
        </extensions>
      </trkpt>
      <trkpt lat="43.295154087245464324951171875" lon="-109.82469725422561168670654296875">
        <ele>2552.199951171875</ele>
        <time>2017-09-05T23:36:59.000Z</time>
        <extensions>
          <ns3:TrackPointExtension>
            <ns3:atemp>33.0</ns3:atemp>
            <ns3:cad>54</ns3:cad>
          </ns3:TrackPointExtension>
        </extensions>
      </trkpt>
      <trkpt lat="43.2950778119266033172607421875" lon="-109.82482985593378543853759765625">
        <ele>2552.60009765625</ele>
        <time>2017-09-05T23:37:07.000Z</time>
        <extensions>
          <ns3:TrackPointExtension>
            <ns3:atemp>33.0</ns3:atemp>
            <ns3:cad>55</ns3:cad>
          </ns3:TrackPointExtension>
        </extensions>
      </trkpt>
      <trkpt lat="43.295058198273181915283203125" lon="-109.824875034391880035400390625">
        <ele>2553.39990234375</ele>
        <time>2017-09-05T23:37:11.000Z</time>
        <extensions>
          <ns3:TrackPointExtension>
            <ns3:atemp>33.0</ns3:atemp>
            <ns3:cad>54</ns3:cad>
          </ns3:TrackPointExtension>
        </extensions>
      </trkpt>
      <trkpt lat="43.295035399496555328369140625" lon="-109.8249389044940471649169921875">
        <ele>2553.60009765625</ele>
        <time>2017-09-05T23:37:15.000Z</time>
        <extensions>
          <ns3:TrackPointExtension>
            <ns3:atemp>33.0</ns3:atemp>
            <ns3:cad>56</ns3:cad>
          </ns3:TrackPointExtension>
        </extensions>
      </trkpt>
      <trkpt lat="43.29498804174363613128662109375" lon="-109.8251524753868579864501953125">
        <ele>2554.39990234375</ele>
        <time>2017-09-05T23:37:26.000Z</time>
        <extensions>
          <ns3:TrackPointExtension>
            <ns3:atemp>33.0</ns3:atemp>
            <ns3:cad>56</ns3:cad>
          </ns3:TrackPointExtension>
        </extensions>
      </trkpt>
      <trkpt lat="43.29502559266984462738037109375" lon="-109.825416170060634613037109375">
        <ele>2554.39990234375</ele>
        <time>2017-09-05T23:37:38.000Z</time>
        <extensions>
          <ns3:TrackPointExtension>
            <ns3:atemp>33.0</ns3:atemp>
            <ns3:cad>56</ns3:cad>
          </ns3:TrackPointExtension>
        </extensions>
      </trkpt>
      <trkpt lat="43.2950204797089099884033203125" lon="-109.82550594024360179901123046875">
        <ele>2554.60009765625</ele>
        <time>2017-09-05T23:37:42.000Z</time>
        <extensions>
          <ns3:TrackPointExtension>
            <ns3:atemp>33.0</ns3:atemp>
            <ns3:cad>56</ns3:cad>
          </ns3:TrackPointExtension>
        </extensions>
      </trkpt>
      <trkpt lat="43.29500581137835979461669921875" lon="-109.82560937292873859405517578125">
        <ele>2555.199951171875</ele>
        <time>2017-09-05T23:37:47.000Z</time>
        <extensions>
          <ns3:TrackPointExtension>
            <ns3:atemp>33.0</ns3:atemp>
            <ns3:cad>56</ns3:cad>
          </ns3:TrackPointExtension>
        </extensions>
      </trkpt>
      <trkpt lat="43.29498653300106525421142578125" lon="-109.825657568871974945068359375">
        <ele>2555.39990234375</ele>
        <time>2017-09-05T23:37:50.000Z</time>
        <extensions>
          <ns3:TrackPointExtension>
            <ns3:atemp>33.0</ns3:atemp>
            <ns3:cad>57</ns3:cad>
          </ns3:TrackPointExtension>
        </extensions>
      </trkpt>
      <trkpt lat="43.29493976198136806488037109375" lon="-109.82587725855410099029541015625">
        <ele>2555.800048828125</ele>
        <time>2017-09-05T23:38:03.000Z</time>
        <extensions>
          <ns3:TrackPointExtension>
            <ns3:atemp>33.0</ns3:atemp>
            <ns3:cad>55</ns3:cad>
          </ns3:TrackPointExtension>
        </extensions>
      </trkpt>
      <trkpt lat="43.29491444863379001617431640625" lon="-109.82611991465091705322265625">
        <ele>2555.39990234375</ele>
        <time>2017-09-05T23:38:16.000Z</time>
        <extensions>
          <ns3:TrackPointExtension>
            <ns3:atemp>33.0</ns3:atemp>
            <ns3:cad>55</ns3:cad>
          </ns3:TrackPointExtension>
        </extensions>
      </trkpt>
      <trkpt lat="43.2948954217135906219482421875" lon="-109.8263671807944774627685546875">
        <ele>2555.800048828125</ele>
        <time>2017-09-05T23:38:28.000Z</time>
        <extensions>
          <ns3:TrackPointExtension>
            <ns3:atemp>33.0</ns3:atemp>
            <ns3:cad>55</ns3:cad>
          </ns3:TrackPointExtension>
        </extensions>
      </trkpt>
      <trkpt lat="43.29491713084280490875244140625" lon="-109.826511852443218231201171875">
        <ele>2556.39990234375</ele>
        <time>2017-09-05T23:38:36.000Z</time>
        <extensions>
          <ns3:TrackPointExtension>
            <ns3:atemp>33.0</ns3:atemp>
            <ns3:cad>53</ns3:cad>
          </ns3:TrackPointExtension>
        </extensions>
      </trkpt>
      <trkpt lat="43.29491059295833110809326171875" lon="-109.82676523737609386444091796875">
        <ele>2556</ele>
        <time>2017-09-05T23:38:50.000Z</time>
        <extensions>
          <ns3:TrackPointExtension>
            <ns3:atemp>33.0</ns3:atemp>
            <ns3:cad>55</ns3:cad>
          </ns3:TrackPointExtension>
        </extensions>
      </trkpt>
      <trkpt lat="43.2949440367519855499267578125" lon="-109.82700630091130733489990234375">
        <ele>2556.39990234375</ele>
        <time>2017-09-05T23:39:03.000Z</time>
        <extensions>
          <ns3:TrackPointExtension>
            <ns3:atemp>33.0</ns3:atemp>
            <ns3:cad>56</ns3:cad>
          </ns3:TrackPointExtension>
        </extensions>
      </trkpt>
      <trkpt lat="43.2949799112975597381591796875" lon="-109.82726044021546840667724609375">
        <ele>2557</ele>
        <time>2017-09-05T23:39:17.000Z</time>
        <extensions>
          <ns3:TrackPointExtension>
            <ns3:atemp>33.0</ns3:atemp>
            <ns3:cad>55</ns3:cad>
          </ns3:TrackPointExtension>
        </extensions>
      </trkpt>
      <trkpt lat="43.2950308732688426971435546875" lon="-109.82749597169458866119384765625">
        <ele>2556.199951171875</ele>
        <time>2017-09-05T23:39:30.000Z</time>
        <extensions>
          <ns3:TrackPointExtension>
            <ns3:atemp>33.0</ns3:atemp>
            <ns3:cad>55</ns3:cad>
          </ns3:TrackPointExtension>
        </extensions>
      </trkpt>
      <trkpt lat="43.29509566538035869598388671875" lon="-109.82774122618138790130615234375">
        <ele>2556.39990234375</ele>
        <time>2017-09-05T23:39:44.000Z</time>
        <extensions>
          <ns3:TrackPointExtension>
            <ns3:atemp>33.0</ns3:atemp>
            <ns3:cad>55</ns3:cad>
          </ns3:TrackPointExtension>
        </extensions>
      </trkpt>
      <trkpt lat="43.29516171477735042572021484375" lon="-109.8279775120317935943603515625">
        <ele>2556</ele>
        <time>2017-09-05T23:39:58.000Z</time>
        <extensions>
          <ns3:TrackPointExtension>
            <ns3:atemp>33.0</ns3:atemp>
            <ns3:cad>58</ns3:cad>
          </ns3:TrackPointExtension>
        </extensions>
      </trkpt>
      <trkpt lat="43.29522751271724700927734375" lon="-109.82815646566450595855712890625">
        <ele>2555.39990234375</ele>
        <time>2017-09-05T23:40:08.000Z</time>
        <extensions>
          <ns3:TrackPointExtension>
            <ns3:atemp>33.0</ns3:atemp>
            <ns3:cad>56</ns3:cad>
          </ns3:TrackPointExtension>
        </extensions>
      </trkpt>
      <trkpt lat="43.29530739225447177886962890625" lon="-109.8283785022795200347900390625">
        <ele>2554.39990234375</ele>
        <time>2017-09-05T23:40:21.000Z</time>
        <extensions>
          <ns3:TrackPointExtension>
            <ns3:atemp>33.0</ns3:atemp>
            <ns3:cad>55</ns3:cad>
          </ns3:TrackPointExtension>
        </extensions>
      </trkpt>
      <trkpt lat="43.295340836048126220703125" lon="-109.82854940928518772125244140625">
        <ele>2553.199951171875</ele>
        <time>2017-09-05T23:40:30.000Z</time>
        <extensions>
          <ns3:TrackPointExtension>
            <ns3:atemp>33.0</ns3:atemp>
            <ns3:cad>58</ns3:cad>
          </ns3:TrackPointExtension>
        </extensions>
      </trkpt>
      <trkpt lat="43.2954620383679866790771484375" lon="-109.82875141315162181854248046875">
        <ele>2552</ele>
        <time>2017-09-05T23:40:42.000Z</time>
        <extensions>
          <ns3:TrackPointExtension>
            <ns3:atemp>33.0</ns3:atemp>
            <ns3:cad>56</ns3:cad>
          </ns3:TrackPointExtension>
        </extensions>
      </trkpt>
      <trkpt lat="43.295485675334930419921875" lon="-109.82890463434159755706787109375">
        <ele>2551</ele>
        <time>2017-09-05T23:40:50.000Z</time>
        <extensions>
          <ns3:TrackPointExtension>
            <ns3:atemp>33.0</ns3:atemp>
            <ns3:cad>58</ns3:cad>
          </ns3:TrackPointExtension>
        </extensions>
      </trkpt>
      <trkpt lat="43.295573852956295013427734375" lon="-109.82912742532789707183837890625">
        <ele>2550</ele>
        <time>2017-09-05T23:41:03.000Z</time>
        <extensions>
          <ns3:TrackPointExtension>
            <ns3:atemp>33.0</ns3:atemp>
            <ns3:cad>56</ns3:cad>
          </ns3:TrackPointExtension>
        </extensions>
      </trkpt>
      <trkpt lat="43.29557410441339015960693359375" lon="-109.82914821244776248931884765625">
        <ele>2550</ele>
        <time>2017-09-05T23:41:04.000Z</time>
        <extensions>
          <ns3:TrackPointExtension>
            <ns3:atemp>33.0</ns3:atemp>
            <ns3:cad>59</ns3:cad>
          </ns3:TrackPointExtension>
        </extensions>
      </trkpt>
      <trkpt lat="43.29560377635061740875244140625" lon="-109.82940453104674816131591796875">
        <ele>2549.199951171875</ele>
        <time>2017-09-05T23:41:17.000Z</time>
        <extensions>
          <ns3:TrackPointExtension>
            <ns3:atemp>33.0</ns3:atemp>
            <ns3:cad>58</ns3:cad>
          </ns3:TrackPointExtension>
        </extensions>
      </trkpt>
      <trkpt lat="43.2955513894557952880859375" lon="-109.8296508751809597015380859375">
        <ele>2549.800048828125</ele>
        <time>2017-09-05T23:41:31.000Z</time>
        <extensions>
          <ns3:TrackPointExtension>
            <ns3:atemp>33.0</ns3:atemp>
            <ns3:cad>56</ns3:cad>
          </ns3:TrackPointExtension>
        </extensions>
      </trkpt>
      <trkpt lat="43.29554325900971889495849609375" lon="-109.8296584188938140869140625">
        <ele>2549.800048828125</ele>
        <time>2017-09-05T23:41:32.000Z</time>
        <extensions>
          <ns3:TrackPointExtension>
            <ns3:atemp>33.0</ns3:atemp>
            <ns3:cad>56</ns3:cad>
          </ns3:TrackPointExtension>
        </extensions>
      </trkpt>
      <trkpt lat="43.295431695878505706787109375" lon="-109.82974500395357608795166015625">
        <ele>2551</ele>
        <time>2017-09-05T23:41:41.000Z</time>
        <extensions>
          <ns3:TrackPointExtension>
            <ns3:atemp>33.0</ns3:atemp>
            <ns3:cad>55</ns3:cad>
          </ns3:TrackPointExtension>
        </extensions>
      </trkpt>
      <trkpt lat="43.295365981757640838623046875" lon="-109.829822368919849395751953125">
        <ele>2551</ele>
        <time>2017-09-05T23:41:46.000Z</time>
        <extensions>
          <ns3:TrackPointExtension>
            <ns3:atemp>33.0</ns3:atemp>
            <ns3:cad>54</ns3:cad>
          </ns3:TrackPointExtension>
        </extensions>
      </trkpt>
      <trkpt lat="43.29521753825247287750244140625" lon="-109.8298708163201808929443359375">
        <ele>2551.60009765625</ele>
        <time>2017-09-05T23:41:57.000Z</time>
        <extensions>
          <ns3:TrackPointExtension>
            <ns3:atemp>33.0</ns3:atemp>
            <ns3:cad>57</ns3:cad>
          </ns3:TrackPointExtension>
        </extensions>
      </trkpt>
      <trkpt lat="43.29504311084747314453125" lon="-109.829964525997638702392578125">
        <ele>2550.800048828125</ele>
        <time>2017-09-05T23:42:12.000Z</time>
        <extensions>
          <ns3:TrackPointExtension>
            <ns3:atemp>34.0</ns3:atemp>
            <ns3:cad>56</ns3:cad>
          </ns3:TrackPointExtension>
        </extensions>
      </trkpt>
      <trkpt lat="43.295018635690212249755859375" lon="-109.8299693875014781951904296875">
        <ele>2551</ele>
        <time>2017-09-05T23:42:15.000Z</time>
        <extensions>
          <ns3:TrackPointExtension>
            <ns3:atemp>34.0</ns3:atemp>
            <ns3:cad>53</ns3:cad>
          </ns3:TrackPointExtension>
        </extensions>
      </trkpt>
      <trkpt lat="43.2950057275593280792236328125" lon="-109.82997785322368144989013671875">
        <ele>2551.60009765625</ele>
        <time>2017-09-05T23:42:18.000Z</time>
        <extensions>
          <ns3:TrackPointExtension>
            <ns3:atemp>34.0</ns3:atemp>
            <ns3:cad>53</ns3:cad>
          </ns3:TrackPointExtension>
        </extensions>
      </trkpt>
      <trkpt lat="43.29499156214296817779541015625" lon="-109.83002009801566600799560546875">
        <ele>2551.800048828125</ele>
        <time>2017-09-05T23:42:20.000Z</time>
        <extensions>
          <ns3:TrackPointExtension>
            <ns3:atemp>34.0</ns3:atemp>
            <ns3:cad>53</ns3:cad>
          </ns3:TrackPointExtension>
        </extensions>
      </trkpt>
      <trkpt lat="43.29498401843011379241943359375" lon="-109.83003937639296054840087890625">
        <ele>2552</ele>
        <time>2017-09-05T23:42:21.000Z</time>
        <extensions>
          <ns3:TrackPointExtension>
            <ns3:atemp>34.0</ns3:atemp>
            <ns3:cad>53</ns3:cad>
          </ns3:TrackPointExtension>
        </extensions>
      </trkpt>
      <trkpt lat="43.2948628999292850494384765625" lon="-109.830163680016994476318359375">
        <ele>2553</ele>
        <time>2017-09-05T23:42:36.000Z</time>
        <extensions>
          <ns3:TrackPointExtension>
            <ns3:atemp>34.0</ns3:atemp>
            <ns3:cad>50</ns3:cad>
          </ns3:TrackPointExtension>
        </extensions>
      </trkpt>
      <trkpt lat="43.29485828988254070281982421875" lon="-109.83017742633819580078125">
        <ele>2553</ele>
        <time>2017-09-05T23:42:37.000Z</time>
        <extensions>
          <ns3:TrackPointExtension>
            <ns3:atemp>34.0</ns3:atemp>
            <ns3:cad>50</ns3:cad>
          </ns3:TrackPointExtension>
        </extensions>
      </trkpt>
      <trkpt lat="43.29482761211693286895751953125" lon="-109.83027306385338306427001953125">
        <ele>2554</ele>
        <time>2017-09-05T23:42:47.000Z</time>
        <extensions>
          <ns3:TrackPointExtension>
            <ns3:atemp>34.0</ns3:atemp>
            <ns3:cad>0</ns3:cad>
          </ns3:TrackPointExtension>
        </extensions>
      </trkpt>
      <trkpt lat="43.294642455875873565673828125" lon="-109.8303271271288394927978515625">
        <ele>2554.800048828125</ele>
        <time>2017-09-05T23:43:02.000Z</time>
        <extensions>
          <ns3:TrackPointExtension>
            <ns3:atemp>34.0</ns3:atemp>
            <ns3:cad>52</ns3:cad>
          </ns3:TrackPointExtension>
        </extensions>
      </trkpt>
      <trkpt lat="43.29461806453764438629150390625" lon="-109.83033022843301296234130859375">
        <ele>2555.199951171875</ele>
        <time>2017-09-05T23:43:04.000Z</time>
        <extensions>
          <ns3:TrackPointExtension>
            <ns3:atemp>34.0</ns3:atemp>
            <ns3:cad>60</ns3:cad>
          </ns3:TrackPointExtension>
        </extensions>
      </trkpt>
      <trkpt lat="43.29460834152996540069580078125" lon="-109.83032721094787120819091796875">
        <ele>2555.199951171875</ele>
        <time>2017-09-05T23:43:05.000Z</time>
        <extensions>
          <ns3:TrackPointExtension>
            <ns3:atemp>34.0</ns3:atemp>
            <ns3:cad>60</ns3:cad>
          </ns3:TrackPointExtension>
        </extensions>
      </trkpt>
      <trkpt lat="43.29452217556536197662353515625" lon="-109.83030960895121097564697265625">
        <ele>2554.199951171875</ele>
        <time>2017-09-05T23:43:13.000Z</time>
        <extensions>
          <ns3:TrackPointExtension>
            <ns3:atemp>34.0</ns3:atemp>
            <ns3:cad>56</ns3:cad>
          </ns3:TrackPointExtension>
        </extensions>
      </trkpt>
      <trkpt lat="43.294523768126964569091796875" lon="-109.830302484333515167236328125">
        <ele>2554</ele>
        <time>2017-09-05T23:43:14.000Z</time>
        <extensions>
          <ns3:TrackPointExtension>
            <ns3:atemp>34.0</ns3:atemp>
            <ns3:cad>0</ns3:cad>
          </ns3:TrackPointExtension>
        </extensions>
      </trkpt>
      <trkpt lat="43.2944945991039276123046875" lon="-109.83035453595221042633056640625">
        <ele>2553</ele>
        <time>2017-09-05T23:43:36.000Z</time>
        <extensions>
          <ns3:TrackPointExtension>
            <ns3:atemp>34.0</ns3:atemp>
            <ns3:cad>61</ns3:cad>
          </ns3:TrackPointExtension>
        </extensions>
      </trkpt>
      <trkpt lat="43.2944528572261333465576171875" lon="-109.8303569667041301727294921875">
        <ele>2552.199951171875</ele>
        <time>2017-09-05T23:43:40.000Z</time>
        <extensions>
          <ns3:TrackPointExtension>
            <ns3:atemp>34.0</ns3:atemp>
            <ns3:cad>54</ns3:cad>
          </ns3:TrackPointExtension>
        </extensions>
      </trkpt>
      <trkpt lat="43.29443265683948993682861328125" lon="-109.83034531585872173309326171875">
        <ele>2552</ele>
        <time>2017-09-05T23:43:42.000Z</time>
        <extensions>
          <ns3:TrackPointExtension>
            <ns3:atemp>34.0</ns3:atemp>
            <ns3:cad>53</ns3:cad>
          </ns3:TrackPointExtension>
        </extensions>
      </trkpt>
      <trkpt lat="43.2944196648895740509033203125" lon="-109.8303415440022945404052734375">
        <ele>2551.800048828125</ele>
        <time>2017-09-05T23:43:43.000Z</time>
        <extensions>
          <ns3:TrackPointExtension>
            <ns3:atemp>34.0</ns3:atemp>
            <ns3:cad>53</ns3:cad>
          </ns3:TrackPointExtension>
        </extensions>
      </trkpt>
      <trkpt lat="43.29421975649893283843994140625" lon="-109.83035436831414699554443359375">
        <ele>2551.199951171875</ele>
        <time>2017-09-05T23:43:55.000Z</time>
        <extensions>
          <ns3:TrackPointExtension>
            <ns3:atemp>34.0</ns3:atemp>
            <ns3:cad>0</ns3:cad>
          </ns3:TrackPointExtension>
        </extensions>
      </trkpt>
      <trkpt lat="43.29420181922614574432373046875" lon="-109.8303562961518764495849609375">
        <ele>2551</ele>
        <time>2017-09-05T23:43:56.000Z</time>
        <extensions>
          <ns3:TrackPointExtension>
            <ns3:atemp>34.0</ns3:atemp>
            <ns3:cad>0</ns3:cad>
          </ns3:TrackPointExtension>
        </extensions>
      </trkpt>
      <trkpt lat="43.29417734406888484954833984375" lon="-109.83036987483501434326171875">
        <ele>2550.800048828125</ele>
        <time>2017-09-05T23:43:58.000Z</time>
        <extensions>
          <ns3:TrackPointExtension>
            <ns3:atemp>33.0</ns3:atemp>
            <ns3:cad>45</ns3:cad>
          </ns3:TrackPointExtension>
        </extensions>
      </trkpt>
      <trkpt lat="43.29415840096771717071533203125" lon="-109.83038253150880336761474609375">
        <ele>2550.39990234375</ele>
        <time>2017-09-05T23:44:00.000Z</time>
        <extensions>
          <ns3:TrackPointExtension>
            <ns3:atemp>33.0</ns3:atemp>
            <ns3:cad>45</ns3:cad>
          </ns3:TrackPointExtension>
        </extensions>
      </trkpt>
      <trkpt lat="43.2941387034952640533447265625" lon="-109.83040608465671539306640625">
        <ele>2549.800048828125</ele>
        <time>2017-09-05T23:44:02.000Z</time>
        <extensions>
          <ns3:TrackPointExtension>
            <ns3:atemp>33.0</ns3:atemp>
            <ns3:cad>45</ns3:cad>
          </ns3:TrackPointExtension>
        </extensions>
      </trkpt>
      <trkpt lat="43.2940399646759033203125" lon="-109.83048914931714534759521484375">
        <ele>2548.800048828125</ele>
        <time>2017-09-05T23:44:10.000Z</time>
        <extensions>
          <ns3:TrackPointExtension>
            <ns3:atemp>33.0</ns3:atemp>
            <ns3:cad>61</ns3:cad>
          </ns3:TrackPointExtension>
        </extensions>
      </trkpt>
      <trkpt lat="43.293977268040180206298828125" lon="-109.8305229283869266510009765625">
        <ele>2548.60009765625</ele>
        <time>2017-09-05T23:44:15.000Z</time>
        <extensions>
          <ns3:TrackPointExtension>
            <ns3:atemp>33.0</ns3:atemp>
            <ns3:cad>61</ns3:cad>
          </ns3:TrackPointExtension>
        </extensions>
      </trkpt>
      <trkpt lat="43.2938989810645580291748046875" lon="-109.830577075481414794921875">
        <ele>2549</ele>
        <time>2017-09-05T23:44:21.000Z</time>
        <extensions>
          <ns3:TrackPointExtension>
            <ns3:atemp>33.0</ns3:atemp>
            <ns3:cad>56</ns3:cad>
          </ns3:TrackPointExtension>
        </extensions>
      </trkpt>
      <trkpt lat="43.29384273849427700042724609375" lon="-109.8306178115308284759521484375">
        <ele>2547.60009765625</ele>
        <time>2017-09-05T23:44:26.000Z</time>
        <extensions>
          <ns3:TrackPointExtension>
            <ns3:atemp>33.0</ns3:atemp>
            <ns3:cad>58</ns3:cad>
          </ns3:TrackPointExtension>
        </extensions>
      </trkpt>
      <trkpt lat="43.29382211901247501373291015625" lon="-109.83073976822197437286376953125">
        <ele>2546.39990234375</ele>
        <time>2017-09-05T23:44:33.000Z</time>
        <extensions>
          <ns3:TrackPointExtension>
            <ns3:atemp>33.0</ns3:atemp>
            <ns3:cad>55</ns3:cad>
          </ns3:TrackPointExtension>
        </extensions>
      </trkpt>
      <trkpt lat="43.29380460083484649658203125" lon="-109.830783270299434661865234375">
        <ele>2545.39990234375</ele>
        <time>2017-09-05T23:44:36.000Z</time>
        <extensions>
          <ns3:TrackPointExtension>
            <ns3:atemp>33.0</ns3:atemp>
            <ns3:cad>57</ns3:cad>
          </ns3:TrackPointExtension>
        </extensions>
      </trkpt>
      <trkpt lat="43.2937891781330108642578125" lon="-109.830826185643672943115234375">
        <ele>2544.39990234375</ele>
        <time>2017-09-05T23:44:39.000Z</time>
        <extensions>
          <ns3:TrackPointExtension>
            <ns3:atemp>33.0</ns3:atemp>
            <ns3:cad>55</ns3:cad>
          </ns3:TrackPointExtension>
        </extensions>
      </trkpt>
      <trkpt lat="43.29378792084753513336181640625" lon="-109.8308404348790645599365234375">
        <ele>2544</ele>
        <time>2017-09-05T23:44:40.000Z</time>
        <extensions>
          <ns3:TrackPointExtension>
            <ns3:atemp>33.0</ns3:atemp>
            <ns3:cad>55</ns3:cad>
          </ns3:TrackPointExtension>
        </extensions>
      </trkpt>
      <trkpt lat="43.2937692292034626007080078125" lon="-109.8308840207755565643310546875">
        <ele>2543</ele>
        <time>2017-09-05T23:44:44.000Z</time>
        <extensions>
          <ns3:TrackPointExtension>
            <ns3:atemp>33.0</ns3:atemp>
            <ns3:cad>52</ns3:cad>
          </ns3:TrackPointExtension>
        </extensions>
      </trkpt>
      <trkpt lat="43.29373159445822238922119140625" lon="-109.8309436999261379241943359375">
        <ele>2541.800048828125</ele>
        <time>2017-09-05T23:44:49.000Z</time>
        <extensions>
          <ns3:TrackPointExtension>
            <ns3:atemp>33.0</ns3:atemp>
            <ns3:cad>56</ns3:cad>
          </ns3:TrackPointExtension>
        </extensions>
      </trkpt>
      <trkpt lat="43.2937098853290081024169921875" lon="-109.831006228923797607421875">
        <ele>2540.800048828125</ele>
        <time>2017-09-05T23:44:56.000Z</time>
        <extensions>
          <ns3:TrackPointExtension>
            <ns3:atemp>33.0</ns3:atemp>
            <ns3:cad>54</ns3:cad>
          </ns3:TrackPointExtension>
        </extensions>
      </trkpt>
      <trkpt lat="43.293710388243198394775390625" lon="-109.831005893647670745849609375">
        <ele>2540.60009765625</ele>
        <time>2017-09-05T23:44:57.000Z</time>
        <extensions>
          <ns3:TrackPointExtension>
            <ns3:atemp>33.0</ns3:atemp>
            <ns3:cad>0</ns3:cad>
          </ns3:TrackPointExtension>
        </extensions>
      </trkpt>
      <trkpt lat="43.29367074184119701385498046875" lon="-109.8310540057718753814697265625">
        <ele>2541</ele>
        <time>2017-09-05T23:45:12.000Z</time>
        <extensions>
          <ns3:TrackPointExtension>
            <ns3:atemp>33.0</ns3:atemp>
            <ns3:cad>0</ns3:cad>
          </ns3:TrackPointExtension>
        </extensions>
      </trkpt>
      <trkpt lat="43.29369806684553623199462890625" lon="-109.83106649480760097503662109375">
        <ele>2539.60009765625</ele>
        <time>2017-09-05T23:46:04.000Z</time>
        <extensions>
          <ns3:TrackPointExtension>
            <ns3:atemp>33.0</ns3:atemp>
            <ns3:cad>0</ns3:cad>
          </ns3:TrackPointExtension>
        </extensions>
      </trkpt>
      <trkpt lat="43.29369337297976016998291015625" lon="-109.83106498606503009796142578125">
        <ele>2539.60009765625</ele>
        <time>2017-09-05T23:46:05.000Z</time>
        <extensions>
          <ns3:TrackPointExtension>
            <ns3:atemp>33.0</ns3:atemp>
            <ns3:cad>0</ns3:cad>
          </ns3:TrackPointExtension>
        </extensions>
      </trkpt>
      <trkpt lat="43.2936857454478740692138671875" lon="-109.831052161753177642822265625">
        <ele>2539.800048828125</ele>
        <time>2017-09-05T23:46:08.000Z</time>
        <extensions>
          <ns3:TrackPointExtension>
            <ns3:atemp>32.0</ns3:atemp>
            <ns3:cad>0</ns3:cad>
          </ns3:TrackPointExtension>
        </extensions>
      </trkpt>
      <trkpt lat="43.29368767328560352325439453125" lon="-109.8310529999434947967529296875">
        <ele>2539.800048828125</ele>
        <time>2017-09-05T23:46:09.000Z</time>
        <extensions>
          <ns3:TrackPointExtension>
            <ns3:atemp>32.0</ns3:atemp>
            <ns3:cad>0</ns3:cad>
          </ns3:TrackPointExtension>
        </extensions>
      </trkpt>
      <trkpt lat="43.29390359111130237579345703125" lon="-109.8314264975488185882568359375">
        <ele>2536.60009765625</ele>
        <time>2017-09-05T23:47:11.000Z</time>
        <extensions>
          <ns3:TrackPointExtension>
            <ns3:atemp>32.0</ns3:atemp>
            <ns3:cad>59</ns3:cad>
          </ns3:TrackPointExtension>
        </extensions>
      </trkpt>
      <trkpt lat="43.29394675791263580322265625" lon="-109.8315002582967281341552734375">
        <ele>2536.800048828125</ele>
        <time>2017-09-05T23:47:16.000Z</time>
        <extensions>
          <ns3:TrackPointExtension>
            <ns3:atemp>32.0</ns3:atemp>
            <ns3:cad>59</ns3:cad>
          </ns3:TrackPointExtension>
        </extensions>
      </trkpt>
      <trkpt lat="43.294134177267551422119140625" lon="-109.83153420500457286834716796875">
        <ele>2536.199951171875</ele>
        <time>2017-09-05T23:47:29.000Z</time>
        <extensions>
          <ns3:TrackPointExtension>
            <ns3:atemp>32.0</ns3:atemp>
            <ns3:cad>58</ns3:cad>
          </ns3:TrackPointExtension>
        </extensions>
      </trkpt>
      <trkpt lat="43.294179439544677734375" lon="-109.8315431736409664154052734375">
        <ele>2536.199951171875</ele>
        <time>2017-09-05T23:47:33.000Z</time>
        <extensions>
          <ns3:TrackPointExtension>
            <ns3:atemp>32.0</ns3:atemp>
            <ns3:cad>55</ns3:cad>
          </ns3:TrackPointExtension>
        </extensions>
      </trkpt>
      <trkpt lat="43.29419578425586223602294921875" lon="-109.8315656371414661407470703125">
        <ele>2536</ele>
        <time>2017-09-05T23:47:36.000Z</time>
        <extensions>
          <ns3:TrackPointExtension>
            <ns3:atemp>32.0</ns3:atemp>
            <ns3:cad>55</ns3:cad>
          </ns3:TrackPointExtension>
        </extensions>
      </trkpt>
      <trkpt lat="43.29415798187255859375" lon="-109.831655658781528472900390625">
        <ele>2535.60009765625</ele>
        <time>2017-09-05T23:47:42.000Z</time>
        <extensions>
          <ns3:TrackPointExtension>
            <ns3:atemp>32.0</ns3:atemp>
            <ns3:cad>55</ns3:cad>
          </ns3:TrackPointExtension>
        </extensions>
      </trkpt>
      <trkpt lat="43.2941450737416744232177734375" lon="-109.83171190135180950164794921875">
        <ele>2534.800048828125</ele>
        <time>2017-09-05T23:47:47.000Z</time>
        <extensions>
          <ns3:TrackPointExtension>
            <ns3:atemp>32.0</ns3:atemp>
            <ns3:cad>55</ns3:cad>
          </ns3:TrackPointExtension>
        </extensions>
      </trkpt>
      <trkpt lat="43.29415605403482913970947265625" lon="-109.8317383043467998504638671875">
        <ele>2534.39990234375</ele>
        <time>2017-09-05T23:47:50.000Z</time>
        <extensions>
          <ns3:TrackPointExtension>
            <ns3:atemp>32.0</ns3:atemp>
            <ns3:cad>55</ns3:cad>
          </ns3:TrackPointExtension>
        </extensions>
      </trkpt>
      <trkpt lat="43.2941611669957637786865234375" lon="-109.83177401125431060791015625">
        <ele>2534.39990234375</ele>
        <time>2017-09-05T23:47:52.000Z</time>
        <extensions>
          <ns3:TrackPointExtension>
            <ns3:atemp>32.0</ns3:atemp>
            <ns3:cad>55</ns3:cad>
          </ns3:TrackPointExtension>
        </extensions>
      </trkpt>
      <trkpt lat="43.294175751507282257080078125" lon="-109.8318522982299327850341796875">
        <ele>2533.39990234375</ele>
        <time>2017-09-05T23:47:57.000Z</time>
        <extensions>
          <ns3:TrackPointExtension>
            <ns3:atemp>32.0</ns3:atemp>
            <ns3:cad>57</ns3:cad>
          </ns3:TrackPointExtension>
        </extensions>
      </trkpt>
      <trkpt lat="43.29420450143516063690185546875" lon="-109.83196637593209743499755859375">
        <ele>2532.199951171875</ele>
        <time>2017-09-05T23:48:03.000Z</time>
        <extensions>
          <ns3:TrackPointExtension>
            <ns3:atemp>32.0</ns3:atemp>
            <ns3:cad>56</ns3:cad>
          </ns3:TrackPointExtension>
        </extensions>
      </trkpt>
      <trkpt lat="43.2942506857216358184814453125" lon="-109.83205706812441349029541015625">
        <ele>2532.199951171875</ele>
        <time>2017-09-05T23:48:10.000Z</time>
        <extensions>
          <ns3:TrackPointExtension>
            <ns3:atemp>32.0</ns3:atemp>
            <ns3:cad>54</ns3:cad>
          </ns3:TrackPointExtension>
        </extensions>
      </trkpt>
      <trkpt lat="43.29424104653298854827880859375" lon="-109.83211574144661426544189453125">
        <ele>2532</ele>
        <time>2017-09-05T23:48:14.000Z</time>
        <extensions>
          <ns3:TrackPointExtension>
            <ns3:atemp>32.0</ns3:atemp>
            <ns3:cad>56</ns3:cad>
          </ns3:TrackPointExtension>
        </extensions>
      </trkpt>
      <trkpt lat="43.29422713257372379302978515625" lon="-109.8321909271180629730224609375">
        <ele>2531.60009765625</ele>
        <time>2017-09-05T23:48:19.000Z</time>
        <extensions>
          <ns3:TrackPointExtension>
            <ns3:atemp>32.0</ns3:atemp>
            <ns3:cad>0</ns3:cad>
          </ns3:TrackPointExtension>
        </extensions>
      </trkpt>
      <trkpt lat="43.2942064292728900909423828125" lon="-109.83220324851572513580322265625">
        <ele>2531.60009765625</ele>
        <time>2017-09-05T23:48:21.000Z</time>
        <extensions>
          <ns3:TrackPointExtension>
            <ns3:atemp>32.0</ns3:atemp>
            <ns3:cad>0</ns3:cad>
          </ns3:TrackPointExtension>
        </extensions>
      </trkpt>
      <trkpt lat="43.29417751170694828033447265625" lon="-109.832179360091686248779296875">
        <ele>2531.199951171875</ele>
        <time>2017-09-05T23:48:26.000Z</time>
        <extensions>
          <ns3:TrackPointExtension>
            <ns3:atemp>32.0</ns3:atemp>
            <ns3:cad>72</ns3:cad>
          </ns3:TrackPointExtension>
        </extensions>
      </trkpt>
      <trkpt lat="43.29413979314267635345458984375" lon="-109.83211657963693141937255859375">
        <ele>2531.199951171875</ele>
        <time>2017-09-05T23:48:30.000Z</time>
        <extensions>
          <ns3:TrackPointExtension>
            <ns3:atemp>32.0</ns3:atemp>
            <ns3:cad>56</ns3:cad>
          </ns3:TrackPointExtension>
        </extensions>
      </trkpt>
      <trkpt lat="43.29411305487155914306640625" lon="-109.83209076337516307830810546875">
        <ele>2531.199951171875</ele>
        <time>2017-09-05T23:48:33.000Z</time>
        <extensions>
          <ns3:TrackPointExtension>
            <ns3:atemp>32.0</ns3:atemp>
            <ns3:cad>54</ns3:cad>
          </ns3:TrackPointExtension>
        </extensions>
      </trkpt>
      <trkpt lat="43.29394952394068241119384765625" lon="-109.83199219219386577606201171875">
        <ele>2530</ele>
        <time>2017-09-05T23:48:45.000Z</time>
        <extensions>
          <ns3:TrackPointExtension>
            <ns3:atemp>32.0</ns3:atemp>
            <ns3:cad>58</ns3:cad>
          </ns3:TrackPointExtension>
        </extensions>
      </trkpt>
      <trkpt lat="43.29377149231731891632080078125" lon="-109.83188322745263576507568359375">
        <ele>2529.199951171875</ele>
        <time>2017-09-05T23:48:58.000Z</time>
        <extensions>
          <ns3:TrackPointExtension>
            <ns3:atemp>32.0</ns3:atemp>
            <ns3:cad>61</ns3:cad>
          </ns3:TrackPointExtension>
        </extensions>
      </trkpt>
      <trkpt lat="43.29374785535037517547607421875" lon="-109.831864535808563232421875">
        <ele>2529</ele>
        <time>2017-09-05T23:49:00.000Z</time>
        <extensions>
          <ns3:TrackPointExtension>
            <ns3:atemp>32.0</ns3:atemp>
            <ns3:cad>61</ns3:cad>
          </ns3:TrackPointExtension>
        </extensions>
      </trkpt>
      <trkpt lat="43.29373419284820556640625" lon="-109.83185674063861370086669921875">
        <ele>2528.800048828125</ele>
        <time>2017-09-05T23:49:01.000Z</time>
        <extensions>
          <ns3:TrackPointExtension>
            <ns3:atemp>32.0</ns3:atemp>
            <ns3:cad>59</ns3:cad>
          </ns3:TrackPointExtension>
        </extensions>
      </trkpt>
      <trkpt lat="43.293672166764736175537109375" lon="-109.83185992576181888580322265625">
        <ele>2527.800048828125</ele>
        <time>2017-09-05T23:49:05.000Z</time>
        <extensions>
          <ns3:TrackPointExtension>
            <ns3:atemp>32.0</ns3:atemp>
            <ns3:cad>55</ns3:cad>
          </ns3:TrackPointExtension>
        </extensions>
      </trkpt>
      <trkpt lat="43.29362916760146617889404296875" lon="-109.8318734206259250640869140625">
        <ele>2526.800048828125</ele>
        <time>2017-09-05T23:49:08.000Z</time>
        <extensions>
          <ns3:TrackPointExtension>
            <ns3:atemp>32.0</ns3:atemp>
            <ns3:cad>57</ns3:cad>
          </ns3:TrackPointExtension>
        </extensions>
      </trkpt>
      <trkpt lat="43.2935824804008007049560546875" lon="-109.83191348612308502197265625">
        <ele>2526.199951171875</ele>
        <time>2017-09-05T23:49:13.000Z</time>
        <extensions>
          <ns3:TrackPointExtension>
            <ns3:atemp>32.0</ns3:atemp>
            <ns3:cad>55</ns3:cad>
          </ns3:TrackPointExtension>
        </extensions>
      </trkpt>
      <trkpt lat="43.2935854978859424591064453125" lon="-109.8319463431835174560546875">
        <ele>2526</ele>
        <time>2017-09-05T23:49:17.000Z</time>
        <extensions>
          <ns3:TrackPointExtension>
            <ns3:atemp>32.0</ns3:atemp>
            <ns3:cad>0</ns3:cad>
          </ns3:TrackPointExtension>
        </extensions>
      </trkpt>
      <trkpt lat="43.29359295777976512908935546875" lon="-109.83195237815380096435546875">
        <ele>2525.800048828125</ele>
        <time>2017-09-05T23:49:20.000Z</time>
        <extensions>
          <ns3:TrackPointExtension>
            <ns3:atemp>32.0</ns3:atemp>
            <ns3:cad>61</ns3:cad>
          </ns3:TrackPointExtension>
        </extensions>
      </trkpt>
      <trkpt lat="43.2936042733490467071533203125" lon="-109.8319783620536327362060546875">
        <ele>2525.39990234375</ele>
        <time>2017-09-05T23:49:23.000Z</time>
        <extensions>
          <ns3:TrackPointExtension>
            <ns3:atemp>32.0</ns3:atemp>
            <ns3:cad>61</ns3:cad>
          </ns3:TrackPointExtension>
        </extensions>
      </trkpt>
      <trkpt lat="43.29360955394804477691650390625" lon="-109.8320018313825130462646484375">
        <ele>2525.199951171875</ele>
        <time>2017-09-05T23:49:26.000Z</time>
        <extensions>
          <ns3:TrackPointExtension>
            <ns3:atemp>32.0</ns3:atemp>
            <ns3:cad>61</ns3:cad>
          </ns3:TrackPointExtension>
        </extensions>
      </trkpt>
      <trkpt lat="43.293633945286273956298828125" lon="-109.83203016221523284912109375">
        <ele>2524.800048828125</ele>
        <time>2017-09-05T23:49:29.000Z</time>
        <extensions>
          <ns3:TrackPointExtension>
            <ns3:atemp>32.0</ns3:atemp>
            <ns3:cad>61</ns3:cad>
          </ns3:TrackPointExtension>
        </extensions>
      </trkpt>
      <trkpt lat="43.29363889060914516448974609375" lon="-109.8320427350699901580810546875">
        <ele>2524.60009765625</ele>
        <time>2017-09-05T23:49:30.000Z</time>
        <extensions>
          <ns3:TrackPointExtension>
            <ns3:atemp>32.0</ns3:atemp>
            <ns3:cad>50</ns3:cad>
          </ns3:TrackPointExtension>
        </extensions>
      </trkpt>
      <trkpt lat="43.29365531913936138153076171875" lon="-109.832066036760807037353515625">
        <ele>2524.199951171875</ele>
        <time>2017-09-05T23:49:32.000Z</time>
        <extensions>
          <ns3:TrackPointExtension>
            <ns3:atemp>32.0</ns3:atemp>
            <ns3:cad>50</ns3:cad>
          </ns3:TrackPointExtension>
        </extensions>
      </trkpt>
      <trkpt lat="43.293774425983428955078125" lon="-109.83225571922957897186279296875">
        <ele>2523.60009765625</ele>
        <time>2017-09-05T23:49:44.000Z</time>
        <extensions>
          <ns3:TrackPointExtension>
            <ns3:atemp>32.0</ns3:atemp>
            <ns3:cad>57</ns3:cad>
          </ns3:TrackPointExtension>
        </extensions>
      </trkpt>
      <trkpt lat="43.29378138296306133270263671875" lon="-109.83226896263659000396728515625">
        <ele>2523.39990234375</ele>
        <time>2017-09-05T23:49:45.000Z</time>
        <extensions>
          <ns3:TrackPointExtension>
            <ns3:atemp>32.0</ns3:atemp>
            <ns3:cad>58</ns3:cad>
          </ns3:TrackPointExtension>
        </extensions>
      </trkpt>
      <trkpt lat="43.29387827776372432708740234375" lon="-109.832379855215549468994140625">
        <ele>2522.39990234375</ele>
        <time>2017-09-05T23:49:55.000Z</time>
        <extensions>
          <ns3:TrackPointExtension>
            <ns3:atemp>32.0</ns3:atemp>
            <ns3:cad>58</ns3:cad>
          </ns3:TrackPointExtension>
        </extensions>
      </trkpt>
      <trkpt lat="43.29398472793400287628173828125" lon="-109.83239569701254367828369140625">
        <ele>2521.39990234375</ele>
        <time>2017-09-05T23:50:05.000Z</time>
        <extensions>
          <ns3:TrackPointExtension>
            <ns3:atemp>32.0</ns3:atemp>
            <ns3:cad>54</ns3:cad>
          </ns3:TrackPointExtension>
        </extensions>
      </trkpt>
      <trkpt lat="43.2940086163580417633056640625" lon="-109.8324279673397541046142578125">
        <ele>2521.39990234375</ele>
        <time>2017-09-05T23:50:08.000Z</time>
        <extensions>
          <ns3:TrackPointExtension>
            <ns3:atemp>32.0</ns3:atemp>
            <ns3:cad>54</ns3:cad>
          </ns3:TrackPointExtension>
        </extensions>
      </trkpt>
      <trkpt lat="43.29405697993934154510498046875" lon="-109.83245252631604671478271484375">
        <ele>2521</ele>
        <time>2017-09-05T23:50:12.000Z</time>
        <extensions>
          <ns3:TrackPointExtension>
            <ns3:atemp>32.0</ns3:atemp>
            <ns3:cad>52</ns3:cad>
          </ns3:TrackPointExtension>
        </extensions>
      </trkpt>
      <trkpt lat="43.29412705264985561370849609375" lon="-109.83255495317280292510986328125">
        <ele>2521.199951171875</ele>
        <time>2017-09-05T23:50:19.000Z</time>
        <extensions>
          <ns3:TrackPointExtension>
            <ns3:atemp>32.0</ns3:atemp>
            <ns3:cad>58</ns3:cad>
          </ns3:TrackPointExtension>
        </extensions>
      </trkpt>
      <trkpt lat="43.294164352118968963623046875" lon="-109.83268504031002521514892578125">
        <ele>2521.199951171875</ele>
        <time>2017-09-05T23:50:25.000Z</time>
        <extensions>
          <ns3:TrackPointExtension>
            <ns3:atemp>32.0</ns3:atemp>
            <ns3:cad>57</ns3:cad>
          </ns3:TrackPointExtension>
        </extensions>
      </trkpt>
      <trkpt lat="43.2943026535212993621826171875" lon="-109.83287178911268711090087890625">
        <ele>2521</ele>
        <time>2017-09-05T23:50:40.000Z</time>
        <extensions>
          <ns3:TrackPointExtension>
            <ns3:atemp>32.0</ns3:atemp>
            <ns3:cad>59</ns3:cad>
          </ns3:TrackPointExtension>
        </extensions>
      </trkpt>
      <trkpt lat="43.294407092034816741943359375" lon="-109.8330943286418914794921875">
        <ele>2520.199951171875</ele>
        <time>2017-09-05T23:50:55.000Z</time>
        <extensions>
          <ns3:TrackPointExtension>
            <ns3:atemp>32.0</ns3:atemp>
            <ns3:cad>56</ns3:cad>
          </ns3:TrackPointExtension>
        </extensions>
      </trkpt>
      <trkpt lat="43.2944917492568492889404296875" lon="-109.83335919678211212158203125">
        <ele>2520.39990234375</ele>
        <time>2017-09-05T23:51:07.000Z</time>
        <extensions>
          <ns3:TrackPointExtension>
            <ns3:atemp>32.0</ns3:atemp>
            <ns3:cad>57</ns3:cad>
          </ns3:TrackPointExtension>
        </extensions>
      </trkpt>
      <trkpt lat="43.2945805974304676055908203125" lon="-109.83360436744987964630126953125">
        <ele>2520.199951171875</ele>
        <time>2017-09-05T23:51:21.000Z</time>
        <extensions>
          <ns3:TrackPointExtension>
            <ns3:atemp>32.0</ns3:atemp>
            <ns3:cad>55</ns3:cad>
          </ns3:TrackPointExtension>
        </extensions>
      </trkpt>
      <trkpt lat="43.2946074195206165313720703125" lon="-109.8336426727473735809326171875">
        <ele>2520.39990234375</ele>
        <time>2017-09-05T23:51:25.000Z</time>
        <extensions>
          <ns3:TrackPointExtension>
            <ns3:atemp>32.0</ns3:atemp>
            <ns3:cad>54</ns3:cad>
          </ns3:TrackPointExtension>
        </extensions>
      </trkpt>
      <trkpt lat="43.294731639325618743896484375" lon="-109.8338284157216548919677734375">
        <ele>2521.199951171875</ele>
        <time>2017-09-05T23:51:39.000Z</time>
        <extensions>
          <ns3:TrackPointExtension>
            <ns3:atemp>32.0</ns3:atemp>
            <ns3:cad>55</ns3:cad>
          </ns3:TrackPointExtension>
        </extensions>
      </trkpt>
      <trkpt lat="43.294766508042812347412109375" lon="-109.8338683135807514190673828125">
        <ele>2521.39990234375</ele>
        <time>2017-09-05T23:51:43.000Z</time>
        <extensions>
          <ns3:TrackPointExtension>
            <ns3:atemp>32.0</ns3:atemp>
            <ns3:cad>54</ns3:cad>
          </ns3:TrackPointExtension>
        </extensions>
      </trkpt>
      <trkpt lat="43.294834233820438385009765625" lon="-109.8339982330799102783203125">
        <ele>2522.39990234375</ele>
        <time>2017-09-05T23:51:54.000Z</time>
        <extensions>
          <ns3:TrackPointExtension>
            <ns3:atemp>32.0</ns3:atemp>
            <ns3:cad>52</ns3:cad>
          </ns3:TrackPointExtension>
        </extensions>
      </trkpt>
      <trkpt lat="43.29486818052828311920166015625" lon="-109.834046177566051483154296875">
        <ele>2523</ele>
        <time>2017-09-05T23:51:59.000Z</time>
        <extensions>
          <ns3:TrackPointExtension>
            <ns3:atemp>32.0</ns3:atemp>
            <ns3:cad>53</ns3:cad>
          </ns3:TrackPointExtension>
        </extensions>
      </trkpt>
      <trkpt lat="43.2948862016201019287109375" lon="-109.8340718261897563934326171875">
        <ele>2523.39990234375</ele>
        <time>2017-09-05T23:52:02.000Z</time>
        <extensions>
          <ns3:TrackPointExtension>
            <ns3:atemp>32.0</ns3:atemp>
            <ns3:cad>55</ns3:cad>
          </ns3:TrackPointExtension>
        </extensions>
      </trkpt>
      <trkpt lat="43.29497714526951313018798828125" lon="-109.83423083089292049407958984375">
        <ele>2524.39990234375</ele>
        <time>2017-09-05T23:52:14.000Z</time>
        <extensions>
          <ns3:TrackPointExtension>
            <ns3:atemp>32.0</ns3:atemp>
            <ns3:cad>51</ns3:cad>
          </ns3:TrackPointExtension>
        </extensions>
      </trkpt>
      <trkpt lat="43.29501234926283359527587890625" lon="-109.83426989056169986724853515625">
        <ele>2524.800048828125</ele>
        <time>2017-09-05T23:52:19.000Z</time>
        <extensions>
          <ns3:TrackPointExtension>
            <ns3:atemp>32.0</ns3:atemp>
            <ns3:cad>50</ns3:cad>
          </ns3:TrackPointExtension>
        </extensions>
      </trkpt>
      <trkpt lat="43.295029699802398681640625" lon="-109.8343323357403278350830078125">
        <ele>2525</ele>
        <time>2017-09-05T23:52:23.000Z</time>
        <extensions>
          <ns3:TrackPointExtension>
            <ns3:atemp>33.0</ns3:atemp>
            <ns3:cad>50</ns3:cad>
          </ns3:TrackPointExtension>
        </extensions>
      </trkpt>
      <trkpt lat="43.295117206871509552001953125" lon="-109.83446753583848476409912109375">
        <ele>2524.60009765625</ele>
        <time>2017-09-05T23:52:37.000Z</time>
        <extensions>
          <ns3:TrackPointExtension>
            <ns3:atemp>33.0</ns3:atemp>
            <ns3:cad>56</ns3:cad>
          </ns3:TrackPointExtension>
        </extensions>
      </trkpt>
      <trkpt lat="43.29509315080940723419189453125" lon="-109.83450827188789844512939453125">
        <ele>2524.60009765625</ele>
        <time>2017-09-05T23:52:43.000Z</time>
        <extensions>
          <ns3:TrackPointExtension>
            <ns3:atemp>33.0</ns3:atemp>
            <ns3:cad>0</ns3:cad>
          </ns3:TrackPointExtension>
        </extensions>
      </trkpt>
      <trkpt lat="43.29512902535498142242431640625" lon="-109.83455789275467395782470703125">
        <ele>2524.199951171875</ele>
        <time>2017-09-05T23:52:57.000Z</time>
        <extensions>
          <ns3:TrackPointExtension>
            <ns3:atemp>33.0</ns3:atemp>
            <ns3:cad>61</ns3:cad>
          </ns3:TrackPointExtension>
        </extensions>
      </trkpt>
      <trkpt lat="43.29521678388118743896484375" lon="-109.8346344195306301116943359375">
        <ele>2523.39990234375</ele>
        <time>2017-09-05T23:53:05.000Z</time>
        <extensions>
          <ns3:TrackPointExtension>
            <ns3:atemp>33.0</ns3:atemp>
            <ns3:cad>55</ns3:cad>
          </ns3:TrackPointExtension>
        </extensions>
      </trkpt>
      <trkpt lat="43.29536908306181430816650390625" lon="-109.83479342423379421234130859375">
        <ele>2524</ele>
        <time>2017-09-05T23:53:21.000Z</time>
        <extensions>
          <ns3:TrackPointExtension>
            <ns3:atemp>33.0</ns3:atemp>
            <ns3:cad>58</ns3:cad>
          </ns3:TrackPointExtension>
        </extensions>
      </trkpt>
      <trkpt lat="43.29539959318935871124267578125" lon="-109.834809266030788421630859375">
        <ele>2524.39990234375</ele>
        <time>2017-09-05T23:53:23.000Z</time>
        <extensions>
          <ns3:TrackPointExtension>
            <ns3:atemp>33.0</ns3:atemp>
            <ns3:cad>55</ns3:cad>
          </ns3:TrackPointExtension>
        </extensions>
      </trkpt>
      <trkpt lat="43.29550855793058872222900390625" lon="-109.83494094572961330413818359375">
        <ele>2525.39990234375</ele>
        <time>2017-09-05T23:53:35.000Z</time>
        <extensions>
          <ns3:TrackPointExtension>
            <ns3:atemp>33.0</ns3:atemp>
            <ns3:cad>57</ns3:cad>
          </ns3:TrackPointExtension>
        </extensions>
      </trkpt>
      <trkpt lat="43.29563361592590808868408203125" lon="-109.83513657934963703155517578125">
        <ele>2526.60009765625</ele>
        <time>2017-09-05T23:53:52.000Z</time>
        <extensions>
          <ns3:TrackPointExtension>
            <ns3:atemp>33.0</ns3:atemp>
            <ns3:cad>53</ns3:cad>
          </ns3:TrackPointExtension>
        </extensions>
      </trkpt>
      <trkpt lat="43.29564183019101619720458984375" lon="-109.83522525988519191741943359375">
        <ele>2526.800048828125</ele>
        <time>2017-09-05T23:53:55.000Z</time>
        <extensions>
          <ns3:TrackPointExtension>
            <ns3:atemp>33.0</ns3:atemp>
            <ns3:cad>51</ns3:cad>
          </ns3:TrackPointExtension>
        </extensions>
      </trkpt>
      <trkpt lat="43.29580695368349552154541015625" lon="-109.83535970561206340789794921875">
        <ele>2526.199951171875</ele>
        <time>2017-09-05T23:54:10.000Z</time>
        <extensions>
          <ns3:TrackPointExtension>
            <ns3:atemp>33.0</ns3:atemp>
            <ns3:cad>57</ns3:cad>
          </ns3:TrackPointExtension>
        </extensions>
      </trkpt>
      <trkpt lat="43.29594944603741168975830078125" lon="-109.835503287613391876220703125">
        <ele>2526</ele>
        <time>2017-09-05T23:54:24.000Z</time>
        <extensions>
          <ns3:TrackPointExtension>
            <ns3:atemp>33.0</ns3:atemp>
            <ns3:cad>58</ns3:cad>
          </ns3:TrackPointExtension>
        </extensions>
      </trkpt>
      <trkpt lat="43.29599730670452117919921875" lon="-109.83563840389251708984375">
        <ele>2525.39990234375</ele>
        <time>2017-09-05T23:54:32.000Z</time>
        <extensions>
          <ns3:TrackPointExtension>
            <ns3:atemp>33.0</ns3:atemp>
            <ns3:cad>60</ns3:cad>
          </ns3:TrackPointExtension>
        </extensions>
      </trkpt>
      <trkpt lat="43.29605891369283199310302734375" lon="-109.83580947853624820709228515625">
        <ele>2524.199951171875</ele>
        <time>2017-09-05T23:54:43.000Z</time>
        <extensions>
          <ns3:TrackPointExtension>
            <ns3:atemp>33.0</ns3:atemp>
            <ns3:cad>59</ns3:cad>
          </ns3:TrackPointExtension>
        </extensions>
      </trkpt>
      <trkpt lat="43.29611104913055896759033203125" lon="-109.8359544016420841217041015625">
        <ele>2523</ele>
        <time>2017-09-05T23:54:52.000Z</time>
        <extensions>
          <ns3:TrackPointExtension>
            <ns3:atemp>33.0</ns3:atemp>
            <ns3:cad>58</ns3:cad>
          </ns3:TrackPointExtension>
        </extensions>
      </trkpt>
      <trkpt lat="43.2961449958384037017822265625" lon="-109.8360124044120311737060546875">
        <ele>2521.800048828125</ele>
        <time>2017-09-05T23:54:57.000Z</time>
        <extensions>
          <ns3:TrackPointExtension>
            <ns3:atemp>33.0</ns3:atemp>
            <ns3:cad>60</ns3:cad>
          </ns3:TrackPointExtension>
        </extensions>
      </trkpt>
      <trkpt lat="43.29617642797529697418212890625" lon="-109.83618062920868396759033203125">
        <ele>2521</ele>
        <time>2017-09-05T23:55:05.000Z</time>
        <extensions>
          <ns3:TrackPointExtension>
            <ns3:atemp>33.0</ns3:atemp>
            <ns3:cad>61</ns3:cad>
          </ns3:TrackPointExtension>
        </extensions>
      </trkpt>
      <trkpt lat="43.296168632805347442626953125" lon="-109.83628272078931331634521484375">
        <ele>2520.800048828125</ele>
        <time>2017-09-05T23:55:08.000Z</time>
        <extensions>
          <ns3:TrackPointExtension>
            <ns3:atemp>33.0</ns3:atemp>
            <ns3:cad>57</ns3:cad>
          </ns3:TrackPointExtension>
        </extensions>
      </trkpt>
      <trkpt lat="43.29620241187512874603271484375" lon="-109.83638782985508441925048828125">
        <ele>2519.800048828125</ele>
        <time>2017-09-05T23:55:15.000Z</time>
        <extensions>
          <ns3:TrackPointExtension>
            <ns3:atemp>33.0</ns3:atemp>
            <ns3:cad>62</ns3:cad>
          </ns3:TrackPointExtension>
        </extensions>
      </trkpt>
      <trkpt lat="43.29620626755058765411376953125" lon="-109.836419261991977691650390625">
        <ele>2519.60009765625</ele>
        <time>2017-09-05T23:55:17.000Z</time>
        <extensions>
          <ns3:TrackPointExtension>
            <ns3:atemp>33.0</ns3:atemp>
            <ns3:cad>61</ns3:cad>
          </ns3:TrackPointExtension>
        </extensions>
      </trkpt>
      <trkpt lat="43.29621858894824981689453125" lon="-109.83645689673721790313720703125">
        <ele>2519.39990234375</ele>
        <time>2017-09-05T23:55:19.000Z</time>
        <extensions>
          <ns3:TrackPointExtension>
            <ns3:atemp>33.0</ns3:atemp>
            <ns3:cad>58</ns3:cad>
          </ns3:TrackPointExtension>
        </extensions>
      </trkpt>
      <trkpt lat="43.29624566249549388885498046875" lon="-109.83653987757861614227294921875">
        <ele>2518.60009765625</ele>
        <time>2017-09-05T23:55:24.000Z</time>
        <extensions>
          <ns3:TrackPointExtension>
            <ns3:atemp>33.0</ns3:atemp>
            <ns3:cad>60</ns3:cad>
          </ns3:TrackPointExtension>
        </extensions>
      </trkpt>
      <trkpt lat="43.2962487637996673583984375" lon="-109.8367342539131641387939453125">
        <ele>2517.60009765625</ele>
        <time>2017-09-05T23:55:34.000Z</time>
        <extensions>
          <ns3:TrackPointExtension>
            <ns3:atemp>33.0</ns3:atemp>
            <ns3:cad>58</ns3:cad>
          </ns3:TrackPointExtension>
        </extensions>
      </trkpt>
      <trkpt lat="43.2962398789823055267333984375" lon="-109.83685403130948543548583984375">
        <ele>2516.800048828125</ele>
        <time>2017-09-05T23:55:39.000Z</time>
        <extensions>
          <ns3:TrackPointExtension>
            <ns3:atemp>33.0</ns3:atemp>
            <ns3:cad>60</ns3:cad>
          </ns3:TrackPointExtension>
        </extensions>
      </trkpt>
      <trkpt lat="43.29624080099165439605712890625" lon="-109.83691580593585968017578125">
        <ele>2516.60009765625</ele>
        <time>2017-09-05T23:55:42.000Z</time>
        <extensions>
          <ns3:TrackPointExtension>
            <ns3:atemp>33.0</ns3:atemp>
            <ns3:cad>59</ns3:cad>
          </ns3:TrackPointExtension>
        </extensions>
      </trkpt>
      <trkpt lat="43.29624180682003498077392578125" lon="-109.83716717921197414398193359375">
        <ele>2515.800048828125</ele>
        <time>2017-09-05T23:55:54.000Z</time>
        <extensions>
          <ns3:TrackPointExtension>
            <ns3:atemp>33.0</ns3:atemp>
            <ns3:cad>60</ns3:cad>
          </ns3:TrackPointExtension>
        </extensions>
      </trkpt>
      <trkpt lat="43.29631975851953029632568359375" lon="-109.83739131130278110504150390625">
        <ele>2516</ele>
        <time>2017-09-05T23:56:08.000Z</time>
        <extensions>
          <ns3:TrackPointExtension>
            <ns3:atemp>34.0</ns3:atemp>
            <ns3:cad>59</ns3:cad>
          </ns3:TrackPointExtension>
        </extensions>
      </trkpt>
      <trkpt lat="43.29640575684607028961181640625" lon="-109.837607480585575103759765625">
        <ele>2516.800048828125</ele>
        <time>2017-09-05T23:56:24.000Z</time>
        <extensions>
          <ns3:TrackPointExtension>
            <ns3:atemp>34.0</ns3:atemp>
            <ns3:cad>52</ns3:cad>
          </ns3:TrackPointExtension>
        </extensions>
      </trkpt>
      <trkpt lat="43.2964192517101764678955078125" lon="-109.83762114308774471282958984375">
        <ele>2517</ele>
        <time>2017-09-05T23:56:26.000Z</time>
        <extensions>
          <ns3:TrackPointExtension>
            <ns3:atemp>34.0</ns3:atemp>
            <ns3:cad>52</ns3:cad>
          </ns3:TrackPointExtension>
        </extensions>
      </trkpt>
      <trkpt lat="43.2964303158223628997802734375" lon="-109.83764478005468845367431640625">
        <ele>2517.199951171875</ele>
        <time>2017-09-05T23:56:28.000Z</time>
        <extensions>
          <ns3:TrackPointExtension>
            <ns3:atemp>34.0</ns3:atemp>
            <ns3:cad>52</ns3:cad>
          </ns3:TrackPointExtension>
        </extensions>
      </trkpt>
      <trkpt lat="43.296436183154582977294921875" lon="-109.83769834041595458984375">
        <ele>2517.60009765625</ele>
        <time>2017-09-05T23:56:31.000Z</time>
        <extensions>
          <ns3:TrackPointExtension>
            <ns3:atemp>34.0</ns3:atemp>
            <ns3:cad>50</ns3:cad>
          </ns3:TrackPointExtension>
        </extensions>
      </trkpt>
      <trkpt lat="43.29645269550383090972900390625" lon="-109.83775374479591846466064453125">
        <ele>2518.60009765625</ele>
        <time>2017-09-05T23:56:37.000Z</time>
        <extensions>
          <ns3:TrackPointExtension>
            <ns3:atemp>34.0</ns3:atemp>
            <ns3:cad>51</ns3:cad>
          </ns3:TrackPointExtension>
        </extensions>
      </trkpt>
      <trkpt lat="43.29646560363471508026123046875" lon="-109.837761707603931427001953125">
        <ele>2518.800048828125</ele>
        <time>2017-09-05T23:56:38.000Z</time>
        <extensions>
          <ns3:TrackPointExtension>
            <ns3:atemp>34.0</ns3:atemp>
            <ns3:cad>51</ns3:cad>
          </ns3:TrackPointExtension>
        </extensions>
      </trkpt>
      <trkpt lat="43.2964809425175189971923828125" lon="-109.83782733790576457977294921875">
        <ele>2519.39990234375</ele>
        <time>2017-09-05T23:56:42.000Z</time>
        <extensions>
          <ns3:TrackPointExtension>
            <ns3:atemp>34.0</ns3:atemp>
            <ns3:cad>50</ns3:cad>
          </ns3:TrackPointExtension>
        </extensions>
      </trkpt>
      <trkpt lat="43.29647767357528209686279296875" lon="-109.83786371536552906036376953125">
        <ele>2519.60009765625</ele>
        <time>2017-09-05T23:56:44.000Z</time>
        <extensions>
          <ns3:TrackPointExtension>
            <ns3:atemp>34.0</ns3:atemp>
            <ns3:cad>50</ns3:cad>
          </ns3:TrackPointExtension>
        </extensions>
      </trkpt>
      <trkpt lat="43.29647717066109180450439453125" lon="-109.8378785513341426849365234375">
        <ele>2519.800048828125</ele>
        <time>2017-09-05T23:56:45.000Z</time>
        <extensions>
          <ns3:TrackPointExtension>
            <ns3:atemp>34.0</ns3:atemp>
            <ns3:cad>47</ns3:cad>
          </ns3:TrackPointExtension>
        </extensions>
      </trkpt>
      <trkpt lat="43.29648018814623355865478515625" lon="-109.83788986690342426300048828125">
        <ele>2519.800048828125</ele>
        <time>2017-09-05T23:56:46.000Z</time>
        <extensions>
          <ns3:TrackPointExtension>
            <ns3:atemp>34.0</ns3:atemp>
            <ns3:cad>47</ns3:cad>
          </ns3:TrackPointExtension>
        </extensions>
      </trkpt>
      <trkpt lat="43.29649619758129119873046875" lon="-109.837925992906093597412109375">
        <ele>2520</ele>
        <time>2017-09-05T23:56:50.000Z</time>
        <extensions>
          <ns3:TrackPointExtension>
            <ns3:atemp>34.0</ns3:atemp>
            <ns3:cad>45</ns3:cad>
          </ns3:TrackPointExtension>
        </extensions>
      </trkpt>
      <trkpt lat="43.2965111173689365386962890625" lon="-109.8379563353955745697021484375">
        <ele>2520.199951171875</ele>
        <time>2017-09-05T23:56:53.000Z</time>
        <extensions>
          <ns3:TrackPointExtension>
            <ns3:atemp>34.0</ns3:atemp>
            <ns3:cad>45</ns3:cad>
          </ns3:TrackPointExtension>
        </extensions>
      </trkpt>
      <trkpt lat="43.29652125947177410125732421875" lon="-109.83798575587570667266845703125">
        <ele>2520.39990234375</ele>
        <time>2017-09-05T23:56:55.000Z</time>
        <extensions>
          <ns3:TrackPointExtension>
            <ns3:atemp>34.0</ns3:atemp>
            <ns3:cad>48</ns3:cad>
          </ns3:TrackPointExtension>
        </extensions>
      </trkpt>
      <trkpt lat="43.29653064720332622528076171875" lon="-109.8379982449114322662353515625">
        <ele>2520.39990234375</ele>
        <time>2017-09-05T23:56:57.000Z</time>
        <extensions>
          <ns3:TrackPointExtension>
            <ns3:atemp>34.0</ns3:atemp>
            <ns3:cad>48</ns3:cad>
          </ns3:TrackPointExtension>
        </extensions>
      </trkpt>
      <trkpt lat="43.2965439744293689727783203125" lon="-109.83803135342895984649658203125">
        <ele>2520.800048828125</ele>
        <time>2017-09-05T23:57:01.000Z</time>
        <extensions>
          <ns3:TrackPointExtension>
            <ns3:atemp>34.0</ns3:atemp>
            <ns3:cad>48</ns3:cad>
          </ns3:TrackPointExtension>
        </extensions>
      </trkpt>
      <trkpt lat="43.29654942266643047332763671875" lon="-109.8380622826516628265380859375">
        <ele>2521</ele>
        <time>2017-09-05T23:57:03.000Z</time>
        <extensions>
          <ns3:TrackPointExtension>
            <ns3:atemp>34.0</ns3:atemp>
            <ns3:cad>49</ns3:cad>
          </ns3:TrackPointExtension>
        </extensions>
      </trkpt>
      <trkpt lat="43.296551518142223358154296875" lon="-109.83811073005199432373046875">
        <ele>2521.199951171875</ele>
        <time>2017-09-05T23:57:06.000Z</time>
        <extensions>
          <ns3:TrackPointExtension>
            <ns3:atemp>34.0</ns3:atemp>
            <ns3:cad>51</ns3:cad>
          </ns3:TrackPointExtension>
        </extensions>
      </trkpt>
      <trkpt lat="43.29656048677861690521240234375" lon="-109.83815968036651611328125">
        <ele>2521.39990234375</ele>
        <time>2017-09-05T23:57:09.000Z</time>
        <extensions>
          <ns3:TrackPointExtension>
            <ns3:atemp>34.0</ns3:atemp>
            <ns3:cad>51</ns3:cad>
          </ns3:TrackPointExtension>
        </extensions>
      </trkpt>
      <trkpt lat="43.296535424888134002685546875" lon="-109.83825230039656162261962890625">
        <ele>2521.60009765625</ele>
        <time>2017-09-05T23:57:13.000Z</time>
        <extensions>
          <ns3:TrackPointExtension>
            <ns3:atemp>33.0</ns3:atemp>
            <ns3:cad>0</ns3:cad>
          </ns3:TrackPointExtension>
        </extensions>
      </trkpt>
      <trkpt lat="43.296531736850738525390625" lon="-109.838243164122104644775390625">
        <ele>2521.800048828125</ele>
        <time>2017-09-05T23:57:17.000Z</time>
        <extensions>
          <ns3:TrackPointExtension>
            <ns3:atemp>33.0</ns3:atemp>
            <ns3:cad>0</ns3:cad>
          </ns3:TrackPointExtension>
        </extensions>
      </trkpt>
      <trkpt lat="43.29658378846943378448486328125" lon="-109.8383278213441371917724609375">
        <ele>2522.800048828125</ele>
        <time>2017-09-05T23:57:36.000Z</time>
        <extensions>
          <ns3:TrackPointExtension>
            <ns3:atemp>33.0</ns3:atemp>
            <ns3:cad>49</ns3:cad>
          </ns3:TrackPointExtension>
        </extensions>
      </trkpt>
      <trkpt lat="43.29669744707643985748291015625" lon="-109.83851884491741657257080078125">
        <ele>2523.60009765625</ele>
        <time>2017-09-05T23:57:52.000Z</time>
        <extensions>
          <ns3:TrackPointExtension>
            <ns3:atemp>33.0</ns3:atemp>
            <ns3:cad>60</ns3:cad>
          </ns3:TrackPointExtension>
        </extensions>
      </trkpt>
      <trkpt lat="43.2967112772166728973388671875" lon="-109.83854818157851696014404296875">
        <ele>2523.800048828125</ele>
        <time>2017-09-05T23:57:54.000Z</time>
        <extensions>
          <ns3:TrackPointExtension>
            <ns3:atemp>33.0</ns3:atemp>
            <ns3:cad>59</ns3:cad>
          </ns3:TrackPointExtension>
        </extensions>
      </trkpt>
      <trkpt lat="43.296803645789623260498046875" lon="-109.838768877089023590087890625">
        <ele>2523.60009765625</ele>
        <time>2017-09-05T23:58:08.000Z</time>
        <extensions>
          <ns3:TrackPointExtension>
            <ns3:atemp>33.0</ns3:atemp>
            <ns3:cad>58</ns3:cad>
          </ns3:TrackPointExtension>
        </extensions>
      </trkpt>
      <trkpt lat="43.29690112732350826263427734375" lon="-109.83898152597248554229736328125">
        <ele>2523</ele>
        <time>2017-09-05T23:58:23.000Z</time>
        <extensions>
          <ns3:TrackPointExtension>
            <ns3:atemp>33.0</ns3:atemp>
            <ns3:cad>59</ns3:cad>
          </ns3:TrackPointExtension>
        </extensions>
      </trkpt>
      <trkpt lat="43.29697371460497379302978515625" lon="-109.8392236791551113128662109375">
        <ele>2523.39990234375</ele>
        <time>2017-09-05T23:58:35.000Z</time>
        <extensions>
          <ns3:TrackPointExtension>
            <ns3:atemp>33.0</ns3:atemp>
            <ns3:cad>57</ns3:cad>
          </ns3:TrackPointExtension>
        </extensions>
      </trkpt>
      <trkpt lat="43.29706893302500247955322265625" lon="-109.83945158310234546661376953125">
        <ele>2522.800048828125</ele>
        <time>2017-09-05T23:58:49.000Z</time>
        <extensions>
          <ns3:TrackPointExtension>
            <ns3:atemp>33.0</ns3:atemp>
            <ns3:cad>55</ns3:cad>
          </ns3:TrackPointExtension>
        </extensions>
      </trkpt>
      <trkpt lat="43.2971551828086376190185546875" lon="-109.83961754478514194488525390625">
        <ele>2522.199951171875</ele>
        <time>2017-09-05T23:59:01.000Z</time>
        <extensions>
          <ns3:TrackPointExtension>
            <ns3:atemp>33.0</ns3:atemp>
            <ns3:cad>59</ns3:cad>
          </ns3:TrackPointExtension>
        </extensions>
      </trkpt>
      <trkpt lat="43.2972353138029575347900390625" lon="-109.83988626860082149505615234375">
        <ele>2522.60009765625</ele>
        <time>2017-09-05T23:59:13.000Z</time>
        <extensions>
          <ns3:TrackPointExtension>
            <ns3:atemp>33.0</ns3:atemp>
            <ns3:cad>58</ns3:cad>
          </ns3:TrackPointExtension>
        </extensions>
      </trkpt>
      <trkpt lat="43.29739264212548732757568359375" lon="-109.84003529883921146392822265625">
        <ele>2523.199951171875</ele>
        <time>2017-09-05T23:59:28.000Z</time>
        <extensions>
          <ns3:TrackPointExtension>
            <ns3:atemp>33.0</ns3:atemp>
            <ns3:cad>61</ns3:cad>
          </ns3:TrackPointExtension>
        </extensions>
      </trkpt>
      <trkpt lat="43.2975280098617076873779296875" lon="-109.84021366573870182037353515625">
        <ele>2522.199951171875</ele>
        <time>2017-09-05T23:59:44.000Z</time>
        <extensions>
          <ns3:TrackPointExtension>
            <ns3:atemp>33.0</ns3:atemp>
            <ns3:cad>59</ns3:cad>
          </ns3:TrackPointExtension>
        </extensions>
      </trkpt>
      <trkpt lat="43.2975675724446773529052734375" lon="-109.84026588499546051025390625">
        <ele>2521.800048828125</ele>
        <time>2017-09-05T23:59:48.000Z</time>
        <extensions>
          <ns3:TrackPointExtension>
            <ns3:atemp>33.0</ns3:atemp>
            <ns3:cad>58</ns3:cad>
          </ns3:TrackPointExtension>
        </extensions>
      </trkpt>
      <trkpt lat="43.29769204370677471160888671875" lon="-109.840346015989780426025390625">
        <ele>2520.800048828125</ele>
        <time>2017-09-05T23:59:58.000Z</time>
        <extensions>
          <ns3:TrackPointExtension>
            <ns3:atemp>33.0</ns3:atemp>
            <ns3:cad>60</ns3:cad>
          </ns3:TrackPointExtension>
        </extensions>
      </trkpt>
      <trkpt lat="43.29787326045334339141845703125" lon="-109.84042354859411716461181640625">
        <ele>2520</ele>
        <time>2017-09-06T00:00:12.000Z</time>
        <extensions>
          <ns3:TrackPointExtension>
            <ns3:atemp>33.0</ns3:atemp>
            <ns3:cad>59</ns3:cad>
          </ns3:TrackPointExtension>
        </extensions>
      </trkpt>
      <trkpt lat="43.29791215248405933380126953125" lon="-109.84046227298676967620849609375">
        <ele>2519.800048828125</ele>
        <time>2017-09-06T00:00:15.000Z</time>
        <extensions>
          <ns3:TrackPointExtension>
            <ns3:atemp>32.0</ns3:atemp>
            <ns3:cad>60</ns3:cad>
          </ns3:TrackPointExtension>
        </extensions>
      </trkpt>
      <trkpt lat="43.297991193830966949462890625" lon="-109.840576015412807464599609375">
        <ele>2519.60009765625</ele>
        <time>2017-09-06T00:00:22.000Z</time>
        <extensions>
          <ns3:TrackPointExtension>
            <ns3:atemp>32.0</ns3:atemp>
            <ns3:cad>58</ns3:cad>
          </ns3:TrackPointExtension>
        </extensions>
      </trkpt>
      <trkpt lat="43.29815070144832134246826171875" lon="-109.84071020968258380889892578125">
        <ele>2520.39990234375</ele>
        <time>2017-09-06T00:00:36.000Z</time>
        <extensions>
          <ns3:TrackPointExtension>
            <ns3:atemp>32.0</ns3:atemp>
            <ns3:cad>56</ns3:cad>
          </ns3:TrackPointExtension>
        </extensions>
      </trkpt>
      <trkpt lat="43.29818087629973888397216796875" lon="-109.84075362794101238250732421875">
        <ele>2520.800048828125</ele>
        <time>2017-09-06T00:00:39.000Z</time>
        <extensions>
          <ns3:TrackPointExtension>
            <ns3:atemp>32.0</ns3:atemp>
            <ns3:cad>56</ns3:cad>
          </ns3:TrackPointExtension>
        </extensions>
      </trkpt>
      <trkpt lat="43.29830400645732879638671875" lon="-109.84094892628490924835205078125">
        <ele>2521.60009765625</ele>
        <time>2017-09-06T00:00:52.000Z</time>
        <extensions>
          <ns3:TrackPointExtension>
            <ns3:atemp>32.0</ns3:atemp>
            <ns3:cad>54</ns3:cad>
          </ns3:TrackPointExtension>
        </extensions>
      </trkpt>
      <trkpt lat="43.2983149029314517974853515625" lon="-109.84096057713031768798828125">
        <ele>2521.800048828125</ele>
        <time>2017-09-06T00:00:53.000Z</time>
        <extensions>
          <ns3:TrackPointExtension>
            <ns3:atemp>32.0</ns3:atemp>
            <ns3:cad>54</ns3:cad>
          </ns3:TrackPointExtension>
        </extensions>
      </trkpt>
      <trkpt lat="43.29848497174680233001708984375" lon="-109.841037690639495849609375">
        <ele>2522.60009765625</ele>
        <time>2017-09-06T00:01:05.000Z</time>
        <extensions>
          <ns3:TrackPointExtension>
            <ns3:atemp>32.0</ns3:atemp>
            <ns3:cad>56</ns3:cad>
          </ns3:TrackPointExtension>
        </extensions>
      </trkpt>
      <trkpt lat="43.2985080219805240631103515625" lon="-109.84104515053331851959228515625">
        <ele>2522.800048828125</ele>
        <time>2017-09-06T00:01:07.000Z</time>
        <extensions>
          <ns3:TrackPointExtension>
            <ns3:atemp>32.0</ns3:atemp>
            <ns3:cad>56</ns3:cad>
          </ns3:TrackPointExtension>
        </extensions>
      </trkpt>
      <trkpt lat="43.29866719432175159454345703125" lon="-109.8411716334521770477294921875">
        <ele>2523.60009765625</ele>
        <time>2017-09-06T00:01:23.000Z</time>
        <extensions>
          <ns3:TrackPointExtension>
            <ns3:atemp>32.0</ns3:atemp>
            <ns3:cad>57</ns3:cad>
          </ns3:TrackPointExtension>
        </extensions>
      </trkpt>
      <trkpt lat="43.2986997999250888824462890625" lon="-109.84118529595434665679931640625">
        <ele>2523.800048828125</ele>
        <time>2017-09-06T00:01:27.000Z</time>
        <extensions>
          <ns3:TrackPointExtension>
            <ns3:atemp>32.0</ns3:atemp>
            <ns3:cad>58</ns3:cad>
          </ns3:TrackPointExtension>
        </extensions>
      </trkpt>
      <trkpt lat="43.298765011131763458251953125" lon="-109.84119518660008907318115234375">
        <ele>2524.800048828125</ele>
        <time>2017-09-06T00:01:33.000Z</time>
        <extensions>
          <ns3:TrackPointExtension>
            <ns3:atemp>32.0</ns3:atemp>
            <ns3:cad>54</ns3:cad>
          </ns3:TrackPointExtension>
        </extensions>
      </trkpt>
      <trkpt lat="43.29877205193042755126953125" lon="-109.8411957733333110809326171875">
        <ele>2525</ele>
        <time>2017-09-06T00:01:34.000Z</time>
        <extensions>
          <ns3:TrackPointExtension>
            <ns3:atemp>32.0</ns3:atemp>
            <ns3:cad>54</ns3:cad>
          </ns3:TrackPointExtension>
        </extensions>
      </trkpt>
      <trkpt lat="43.29879510216414928436279296875" lon="-109.841194264590740203857421875">
        <ele>2525.39990234375</ele>
        <time>2017-09-06T00:01:36.000Z</time>
        <extensions>
          <ns3:TrackPointExtension>
            <ns3:atemp>32.0</ns3:atemp>
            <ns3:cad>61</ns3:cad>
          </ns3:TrackPointExtension>
        </extensions>
      </trkpt>
      <trkpt lat="43.29882259480655193328857421875" lon="-109.8412101902067661285400390625">
        <ele>2525.60009765625</ele>
        <time>2017-09-06T00:01:39.000Z</time>
        <extensions>
          <ns3:TrackPointExtension>
            <ns3:atemp>32.0</ns3:atemp>
            <ns3:cad>61</ns3:cad>
          </ns3:TrackPointExtension>
        </extensions>
      </trkpt>
      <trkpt lat="43.29886835999786853790283203125" lon="-109.8412487469613552093505859375">
        <ele>2525.800048828125</ele>
        <time>2017-09-06T00:01:43.000Z</time>
        <extensions>
          <ns3:TrackPointExtension>
            <ns3:atemp>32.0</ns3:atemp>
            <ns3:cad>61</ns3:cad>
          </ns3:TrackPointExtension>
        </extensions>
      </trkpt>
      <trkpt lat="43.29889216460287570953369140625" lon="-109.8412574641406536102294921875">
        <ele>2526.199951171875</ele>
        <time>2017-09-06T00:01:45.000Z</time>
        <extensions>
          <ns3:TrackPointExtension>
            <ns3:atemp>32.0</ns3:atemp>
            <ns3:cad>61</ns3:cad>
          </ns3:TrackPointExtension>
        </extensions>
      </trkpt>
      <trkpt lat="43.29897916875779628753662109375" lon="-109.8413020558655261993408203125">
        <ele>2527</ele>
        <time>2017-09-06T00:01:53.000Z</time>
        <extensions>
          <ns3:TrackPointExtension>
            <ns3:atemp>32.0</ns3:atemp>
            <ns3:cad>51</ns3:cad>
          </ns3:TrackPointExtension>
        </extensions>
      </trkpt>
      <trkpt lat="43.29899325035512447357177734375" lon="-109.84128755517303943634033203125">
        <ele>2527.199951171875</ele>
        <time>2017-09-06T00:01:59.000Z</time>
        <extensions>
          <ns3:TrackPointExtension>
            <ns3:atemp>32.0</ns3:atemp>
            <ns3:cad>0</ns3:cad>
          </ns3:TrackPointExtension>
        </extensions>
      </trkpt>
      <trkpt lat="43.29901085235178470611572265625" lon="-109.8413094319403171539306640625">
        <ele>2527.199951171875</ele>
        <time>2017-09-06T00:02:02.000Z</time>
        <extensions>
          <ns3:TrackPointExtension>
            <ns3:atemp>32.0</ns3:atemp>
            <ns3:cad>61</ns3:cad>
          </ns3:TrackPointExtension>
        </extensions>
      </trkpt>
      <trkpt lat="43.2990156300365924835205078125" lon="-109.84133130870759487152099609375">
        <ele>2527.39990234375</ele>
        <time>2017-09-06T00:02:03.000Z</time>
        <extensions>
          <ns3:TrackPointExtension>
            <ns3:atemp>32.0</ns3:atemp>
            <ns3:cad>61</ns3:cad>
          </ns3:TrackPointExtension>
        </extensions>
      </trkpt>
      <trkpt lat="43.29906533472239971160888671875" lon="-109.8413624055683612823486328125">
        <ele>2528</ele>
        <time>2017-09-06T00:02:07.000Z</time>
        <extensions>
          <ns3:TrackPointExtension>
            <ns3:atemp>32.0</ns3:atemp>
            <ns3:cad>61</ns3:cad>
          </ns3:TrackPointExtension>
        </extensions>
      </trkpt>
      <trkpt lat="43.2991048134863376617431640625" lon="-109.8413955979049205780029296875">
        <ele>2528.39990234375</ele>
        <time>2017-09-06T00:02:10.000Z</time>
        <extensions>
          <ns3:TrackPointExtension>
            <ns3:atemp>32.0</ns3:atemp>
            <ns3:cad>61</ns3:cad>
          </ns3:TrackPointExtension>
        </extensions>
      </trkpt>
      <trkpt lat="43.29914378933608531951904296875" lon="-109.84140858985483646392822265625">
        <ele>2528.60009765625</ele>
        <time>2017-09-06T00:02:13.000Z</time>
        <extensions>
          <ns3:TrackPointExtension>
            <ns3:atemp>32.0</ns3:atemp>
            <ns3:cad>61</ns3:cad>
          </ns3:TrackPointExtension>
        </extensions>
      </trkpt>
      <trkpt lat="43.29923582263290882110595703125" lon="-109.84140490181744098663330078125">
        <ele>2529.39990234375</ele>
        <time>2017-09-06T00:02:20.000Z</time>
        <extensions>
          <ns3:TrackPointExtension>
            <ns3:atemp>32.0</ns3:atemp>
            <ns3:cad>58</ns3:cad>
          </ns3:TrackPointExtension>
        </extensions>
      </trkpt>
      <trkpt lat="43.2992523349821567535400390625" lon="-109.8414023034274578094482421875">
        <ele>2529.60009765625</ele>
        <time>2017-09-06T00:02:22.000Z</time>
        <extensions>
          <ns3:TrackPointExtension>
            <ns3:atemp>32.0</ns3:atemp>
            <ns3:cad>58</ns3:cad>
          </ns3:TrackPointExtension>
        </extensions>
      </trkpt>
      <trkpt lat="43.29929030500352382659912109375" lon="-109.84139668755233287811279296875">
        <ele>2529.800048828125</ele>
        <time>2017-09-06T00:02:26.000Z</time>
        <extensions>
          <ns3:TrackPointExtension>
            <ns3:atemp>32.0</ns3:atemp>
            <ns3:cad>58</ns3:cad>
          </ns3:TrackPointExtension>
        </extensions>
      </trkpt>
      <trkpt lat="43.2993271015584468841552734375" lon="-109.84140691347420215606689453125">
        <ele>2530.39990234375</ele>
        <time>2017-09-06T00:02:30.000Z</time>
        <extensions>
          <ns3:TrackPointExtension>
            <ns3:atemp>32.0</ns3:atemp>
            <ns3:cad>61</ns3:cad>
          </ns3:TrackPointExtension>
        </extensions>
      </trkpt>
      <trkpt lat="43.2994486391544342041015625" lon="-109.84146759845316410064697265625">
        <ele>2531.39990234375</ele>
        <time>2017-09-06T00:02:39.000Z</time>
        <extensions>
          <ns3:TrackPointExtension>
            <ns3:atemp>33.0</ns3:atemp>
            <ns3:cad>61</ns3:cad>
          </ns3:TrackPointExtension>
        </extensions>
      </trkpt>
      <trkpt lat="43.29953673295676708221435546875" lon="-109.841564409434795379638671875">
        <ele>2532.39990234375</ele>
        <time>2017-09-06T00:02:48.000Z</time>
        <extensions>
          <ns3:TrackPointExtension>
            <ns3:atemp>33.0</ns3:atemp>
            <ns3:cad>55</ns3:cad>
          </ns3:TrackPointExtension>
        </extensions>
      </trkpt>
      <trkpt lat="43.29970948398113250732421875" lon="-109.84166868031024932861328125">
        <ele>2532.39990234375</ele>
        <time>2017-09-06T00:03:04.000Z</time>
        <extensions>
          <ns3:TrackPointExtension>
            <ns3:atemp>33.0</ns3:atemp>
            <ns3:cad>69</ns3:cad>
          </ns3:TrackPointExtension>
        </extensions>
      </trkpt>
      <trkpt lat="43.29989212565124034881591796875" lon="-109.8417238332331180572509765625">
        <ele>2533</ele>
        <time>2017-09-06T00:03:21.000Z</time>
        <extensions>
          <ns3:TrackPointExtension>
            <ns3:atemp>33.0</ns3:atemp>
            <ns3:cad>50</ns3:cad>
          </ns3:TrackPointExtension>
        </extensions>
      </trkpt>
      <trkpt lat="43.29994551837444305419921875" lon="-109.84173615463078022003173828125">
        <ele>2533.39990234375</ele>
        <time>2017-09-06T00:03:26.000Z</time>
        <extensions>
          <ns3:TrackPointExtension>
            <ns3:atemp>33.0</ns3:atemp>
            <ns3:cad>51</ns3:cad>
          </ns3:TrackPointExtension>
        </extensions>
      </trkpt>
      <trkpt lat="43.29995700158178806304931640625" lon="-109.8417399264872074127197265625">
        <ele>2533.60009765625</ele>
        <time>2017-09-06T00:03:27.000Z</time>
        <extensions>
          <ns3:TrackPointExtension>
            <ns3:atemp>33.0</ns3:atemp>
            <ns3:cad>51</ns3:cad>
          </ns3:TrackPointExtension>
        </extensions>
      </trkpt>
      <trkpt lat="43.30013863742351531982421875" lon="-109.84182299114763736724853515625">
        <ele>2533</ele>
        <time>2017-09-06T00:03:43.000Z</time>
        <extensions>
          <ns3:TrackPointExtension>
            <ns3:atemp>33.0</ns3:atemp>
            <ns3:cad>56</ns3:cad>
          </ns3:TrackPointExtension>
        </extensions>
      </trkpt>
      <trkpt lat="43.30017358995974063873291015625" lon="-109.8418297804892063140869140625">
        <ele>2532.800048828125</ele>
        <time>2017-09-06T00:03:46.000Z</time>
        <extensions>
          <ns3:TrackPointExtension>
            <ns3:atemp>33.0</ns3:atemp>
            <ns3:cad>56</ns3:cad>
          </ns3:TrackPointExtension>
        </extensions>
      </trkpt>
      <trkpt lat="43.3001840673387050628662109375" lon="-109.8418307863175868988037109375">
        <ele>2533</ele>
        <time>2017-09-06T00:03:48.000Z</time>
        <extensions>
          <ns3:TrackPointExtension>
            <ns3:atemp>33.0</ns3:atemp>
            <ns3:cad>56</ns3:cad>
          </ns3:TrackPointExtension>
        </extensions>
      </trkpt>
      <trkpt lat="43.3003446646034717559814453125" lon="-109.841947294771671295166015625">
        <ele>2534.199951171875</ele>
        <time>2017-09-06T00:04:09.000Z</time>
        <extensions>
          <ns3:TrackPointExtension>
            <ns3:atemp>33.0</ns3:atemp>
            <ns3:cad>46</ns3:cad>
          </ns3:TrackPointExtension>
        </extensions>
      </trkpt>
      <trkpt lat="43.3003973029553890228271484375" lon="-109.84201133251190185546875">
        <ele>2534.60009765625</ele>
        <time>2017-09-06T00:04:14.000Z</time>
        <extensions>
          <ns3:TrackPointExtension>
            <ns3:atemp>33.0</ns3:atemp>
            <ns3:cad>49</ns3:cad>
          </ns3:TrackPointExtension>
        </extensions>
      </trkpt>
      <trkpt lat="43.300484977662563323974609375" lon="-109.84207713045179843902587890625">
        <ele>2535.800048828125</ele>
        <time>2017-09-06T00:04:25.000Z</time>
        <extensions>
          <ns3:TrackPointExtension>
            <ns3:atemp>33.0</ns3:atemp>
            <ns3:cad>50</ns3:cad>
          </ns3:TrackPointExtension>
        </extensions>
      </trkpt>
      <trkpt lat="43.30052529461681842803955078125" lon="-109.8421674035489559173583984375">
        <ele>2536.60009765625</ele>
        <time>2017-09-06T00:04:31.000Z</time>
        <extensions>
          <ns3:TrackPointExtension>
            <ns3:atemp>33.0</ns3:atemp>
            <ns3:cad>49</ns3:cad>
          </ns3:TrackPointExtension>
        </extensions>
      </trkpt>
      <trkpt lat="43.30052881501615047454833984375" lon="-109.8421990871429443359375">
        <ele>2536.800048828125</ele>
        <time>2017-09-06T00:04:32.000Z</time>
        <extensions>
          <ns3:TrackPointExtension>
            <ns3:atemp>33.0</ns3:atemp>
            <ns3:cad>49</ns3:cad>
          </ns3:TrackPointExtension>
        </extensions>
      </trkpt>
      <trkpt lat="43.30058380030095577239990234375" lon="-109.842324815690517425537109375">
        <ele>2537.800048828125</ele>
        <time>2017-09-06T00:04:40.000Z</time>
        <extensions>
          <ns3:TrackPointExtension>
            <ns3:atemp>33.0</ns3:atemp>
            <ns3:cad>47</ns3:cad>
          </ns3:TrackPointExtension>
        </extensions>
      </trkpt>
      <trkpt lat="43.3005954511463642120361328125" lon="-109.8423216305673122406005859375">
        <ele>2538</ele>
        <time>2017-09-06T00:04:42.000Z</time>
        <extensions>
          <ns3:TrackPointExtension>
            <ns3:atemp>33.0</ns3:atemp>
            <ns3:cad>46</ns3:cad>
          </ns3:TrackPointExtension>
        </extensions>
      </trkpt>
      <trkpt lat="43.30065571703016757965087890625" lon="-109.8422864265739917755126953125">
        <ele>2539</ele>
        <time>2017-09-06T00:04:50.000Z</time>
        <extensions>
          <ns3:TrackPointExtension>
            <ns3:atemp>33.0</ns3:atemp>
            <ns3:cad>45</ns3:cad>
          </ns3:TrackPointExtension>
        </extensions>
      </trkpt>
      <trkpt lat="43.30066544003784656524658203125" lon="-109.84228466637432575225830078125">
        <ele>2539.199951171875</ele>
        <time>2017-09-06T00:04:51.000Z</time>
        <extensions>
          <ns3:TrackPointExtension>
            <ns3:atemp>33.0</ns3:atemp>
            <ns3:cad>45</ns3:cad>
          </ns3:TrackPointExtension>
        </extensions>
      </trkpt>
      <trkpt lat="43.3007171563804149627685546875" lon="-109.8422817327082157135009765625">
        <ele>2540</ele>
        <time>2017-09-06T00:04:58.000Z</time>
        <extensions>
          <ns3:TrackPointExtension>
            <ns3:atemp>33.0</ns3:atemp>
            <ns3:cad>40</ns3:cad>
          </ns3:TrackPointExtension>
        </extensions>
      </trkpt>
      <trkpt lat="43.30079720355570316314697265625" lon="-109.84227946959435939788818359375">
        <ele>2541</ele>
        <time>2017-09-06T00:05:06.000Z</time>
        <extensions>
          <ns3:TrackPointExtension>
            <ns3:atemp>33.0</ns3:atemp>
            <ns3:cad>42</ns3:cad>
          </ns3:TrackPointExtension>
        </extensions>
      </trkpt>
      <trkpt lat="43.30085570923984050750732421875" lon="-109.84230729751288890838623046875">
        <ele>2542.199951171875</ele>
        <time>2017-09-06T00:05:14.000Z</time>
        <extensions>
          <ns3:TrackPointExtension>
            <ns3:atemp>33.0</ns3:atemp>
            <ns3:cad>45</ns3:cad>
          </ns3:TrackPointExtension>
        </extensions>
      </trkpt>
      <trkpt lat="43.30098512582480907440185546875" lon="-109.84244325198233127593994140625">
        <ele>2543.199951171875</ele>
        <time>2017-09-06T00:05:29.000Z</time>
        <extensions>
          <ns3:TrackPointExtension>
            <ns3:atemp>33.0</ns3:atemp>
            <ns3:cad>46</ns3:cad>
          </ns3:TrackPointExtension>
        </extensions>
      </trkpt>
      <trkpt lat="43.30099283717572689056396484375" lon="-109.84243134967982769012451171875">
        <ele>2543.199951171875</ele>
        <time>2017-09-06T00:05:30.000Z</time>
        <extensions>
          <ns3:TrackPointExtension>
            <ns3:atemp>33.0</ns3:atemp>
            <ns3:cad>46</ns3:cad>
          </ns3:TrackPointExtension>
        </extensions>
      </trkpt>
      <trkpt lat="43.3010088466107845306396484375" lon="-109.84242313541471958160400390625">
        <ele>2543.60009765625</ele>
        <time>2017-09-06T00:05:33.000Z</time>
        <extensions>
          <ns3:TrackPointExtension>
            <ns3:atemp>33.0</ns3:atemp>
            <ns3:cad>45</ns3:cad>
          </ns3:TrackPointExtension>
        </extensions>
      </trkpt>
      <trkpt lat="43.300999961793422698974609375" lon="-109.8424235545098781585693359375">
        <ele>2544.199951171875</ele>
        <time>2017-09-06T00:05:37.000Z</time>
        <extensions>
          <ns3:TrackPointExtension>
            <ns3:atemp>33.0</ns3:atemp>
            <ns3:cad>0</ns3:cad>
          </ns3:TrackPointExtension>
        </extensions>
      </trkpt>
      <trkpt lat="43.30099652521312236785888671875" lon="-109.84242598526179790496826171875">
        <ele>2544.199951171875</ele>
        <time>2017-09-06T00:05:39.000Z</time>
        <extensions>
          <ns3:TrackPointExtension>
            <ns3:atemp>33.0</ns3:atemp>
            <ns3:cad>0</ns3:cad>
          </ns3:TrackPointExtension>
        </extensions>
      </trkpt>
      <trkpt lat="43.30099820159375667572021484375" lon="-109.84244727529585361480712890625">
        <ele>2544.199951171875</ele>
        <time>2017-09-06T00:05:41.000Z</time>
        <extensions>
          <ns3:TrackPointExtension>
            <ns3:atemp>33.0</ns3:atemp>
            <ns3:cad>0</ns3:cad>
          </ns3:TrackPointExtension>
        </extensions>
      </trkpt>
      <trkpt lat="43.3010152168571949005126953125" lon="-109.8424565792083740234375">
        <ele>2544.39990234375</ele>
        <time>2017-09-06T00:05:43.000Z</time>
        <extensions>
          <ns3:TrackPointExtension>
            <ns3:atemp>33.0</ns3:atemp>
            <ns3:cad>61</ns3:cad>
          </ns3:TrackPointExtension>
        </extensions>
      </trkpt>
      <trkpt lat="43.301194421947002410888671875" lon="-109.84243000857532024383544921875">
        <ele>2545.199951171875</ele>
        <time>2017-09-06T00:06:03.000Z</time>
        <extensions>
          <ns3:TrackPointExtension>
            <ns3:atemp>34.0</ns3:atemp>
            <ns3:cad>52</ns3:cad>
          </ns3:TrackPointExtension>
        </extensions>
      </trkpt>
      <trkpt lat="43.3012706972658634185791015625" lon="-109.842459596693515777587890625">
        <ele>2545</ele>
        <time>2017-09-06T00:06:09.000Z</time>
        <extensions>
          <ns3:TrackPointExtension>
            <ns3:atemp>34.0</ns3:atemp>
            <ns3:cad>52</ns3:cad>
          </ns3:TrackPointExtension>
        </extensions>
      </trkpt>
      <trkpt lat="43.30137915909290313720703125" lon="-109.842636287212371826171875">
        <ele>2544.199951171875</ele>
        <time>2017-09-06T00:06:25.000Z</time>
        <extensions>
          <ns3:TrackPointExtension>
            <ns3:atemp>34.0</ns3:atemp>
            <ns3:cad>54</ns3:cad>
          </ns3:TrackPointExtension>
        </extensions>
      </trkpt>
      <trkpt lat="43.3014520816504955291748046875" lon="-109.8427212797105312347412109375">
        <ele>2543</ele>
        <time>2017-09-06T00:06:32.000Z</time>
        <extensions>
          <ns3:TrackPointExtension>
            <ns3:atemp>34.0</ns3:atemp>
            <ns3:cad>53</ns3:cad>
          </ns3:TrackPointExtension>
        </extensions>
      </trkpt>
      <trkpt lat="43.3015032112598419189453125" lon="-109.84275405295193195343017578125">
        <ele>2542</ele>
        <time>2017-09-06T00:06:36.000Z</time>
        <extensions>
          <ns3:TrackPointExtension>
            <ns3:atemp>34.0</ns3:atemp>
            <ns3:cad>54</ns3:cad>
          </ns3:TrackPointExtension>
        </extensions>
      </trkpt>
      <trkpt lat="43.30151150934398174285888671875" lon="-109.84276578761637210845947265625">
        <ele>2542</ele>
        <time>2017-09-06T00:06:37.000Z</time>
        <extensions>
          <ns3:TrackPointExtension>
            <ns3:atemp>34.0</ns3:atemp>
            <ns3:cad>53</ns3:cad>
          </ns3:TrackPointExtension>
        </extensions>
      </trkpt>
      <trkpt lat="43.3016384951770305633544921875" lon="-109.84296225942671298980712890625">
        <ele>2541</ele>
        <time>2017-09-06T00:06:52.000Z</time>
        <extensions>
          <ns3:TrackPointExtension>
            <ns3:atemp>34.0</ns3:atemp>
            <ns3:cad>55</ns3:cad>
          </ns3:TrackPointExtension>
        </extensions>
      </trkpt>
      <trkpt lat="43.3016539178788661956787109375" lon="-109.84299042262136936187744140625">
        <ele>2540.800048828125</ele>
        <time>2017-09-06T00:06:54.000Z</time>
        <extensions>
          <ns3:TrackPointExtension>
            <ns3:atemp>34.0</ns3:atemp>
            <ns3:cad>55</ns3:cad>
          </ns3:TrackPointExtension>
        </extensions>
      </trkpt>
      <trkpt lat="43.30170865170657634735107421875" lon="-109.843076169490814208984375">
        <ele>2540.199951171875</ele>
        <time>2017-09-06T00:07:02.000Z</time>
        <extensions>
          <ns3:TrackPointExtension>
            <ns3:atemp>34.0</ns3:atemp>
            <ns3:cad>56</ns3:cad>
          </ns3:TrackPointExtension>
        </extensions>
      </trkpt>
      <trkpt lat="43.30174930393695831298828125" lon="-109.84316845424473285675048828125">
        <ele>2539.800048828125</ele>
        <time>2017-09-06T00:07:10.000Z</time>
        <extensions>
          <ns3:TrackPointExtension>
            <ns3:atemp>33.0</ns3:atemp>
            <ns3:cad>53</ns3:cad>
          </ns3:TrackPointExtension>
        </extensions>
      </trkpt>
      <trkpt lat="43.30177009105682373046875" lon="-109.8431708849966526031494140625">
        <ele>2539.60009765625</ele>
        <time>2017-09-06T00:07:12.000Z</time>
        <extensions>
          <ns3:TrackPointExtension>
            <ns3:atemp>33.0</ns3:atemp>
            <ns3:cad>52</ns3:cad>
          </ns3:TrackPointExtension>
        </extensions>
      </trkpt>
      <trkpt lat="43.3018819056451320648193359375" lon="-109.843315221369266510009765625">
        <ele>2539.39990234375</ele>
        <time>2017-09-06T00:07:27.000Z</time>
        <extensions>
          <ns3:TrackPointExtension>
            <ns3:atemp>34.0</ns3:atemp>
            <ns3:cad>53</ns3:cad>
          </ns3:TrackPointExtension>
        </extensions>
      </trkpt>
      <trkpt lat="43.30189221538603305816650390625" lon="-109.84338655136525630950927734375">
        <ele>2538.800048828125</ele>
        <time>2017-09-06T00:07:32.000Z</time>
        <extensions>
          <ns3:TrackPointExtension>
            <ns3:atemp>34.0</ns3:atemp>
            <ns3:cad>55</ns3:cad>
          </ns3:TrackPointExtension>
        </extensions>
      </trkpt>
      <trkpt lat="43.3020021021366119384765625" lon="-109.84358268789947032928466796875">
        <ele>2538</ele>
        <time>2017-09-06T00:07:45.000Z</time>
        <extensions>
          <ns3:TrackPointExtension>
            <ns3:atemp>34.0</ns3:atemp>
            <ns3:cad>55</ns3:cad>
          </ns3:TrackPointExtension>
        </extensions>
      </trkpt>
      <trkpt lat="43.30201894976198673248291015625" lon="-109.8436235077679157257080078125">
        <ele>2537.39990234375</ele>
        <time>2017-09-06T00:07:48.000Z</time>
        <extensions>
          <ns3:TrackPointExtension>
            <ns3:atemp>34.0</ns3:atemp>
            <ns3:cad>57</ns3:cad>
          </ns3:TrackPointExtension>
        </extensions>
      </trkpt>
      <trkpt lat="43.302035629749298095703125" lon="-109.84367589466273784637451171875">
        <ele>2536.199951171875</ele>
        <time>2017-09-06T00:07:52.000Z</time>
        <extensions>
          <ns3:TrackPointExtension>
            <ns3:atemp>34.0</ns3:atemp>
            <ns3:cad>56</ns3:cad>
          </ns3:TrackPointExtension>
        </extensions>
      </trkpt>
      <trkpt lat="43.30206572078168392181396484375" lon="-109.843722917139530181884765625">
        <ele>2535.60009765625</ele>
        <time>2017-09-06T00:07:58.000Z</time>
        <extensions>
          <ns3:TrackPointExtension>
            <ns3:atemp>34.0</ns3:atemp>
            <ns3:cad>52</ns3:cad>
          </ns3:TrackPointExtension>
        </extensions>
      </trkpt>
      <trkpt lat="43.3020870946347713470458984375" lon="-109.843779243528842926025390625">
        <ele>2535.199951171875</ele>
        <time>2017-09-06T00:08:03.000Z</time>
        <extensions>
          <ns3:TrackPointExtension>
            <ns3:atemp>34.0</ns3:atemp>
            <ns3:cad>49</ns3:cad>
          </ns3:TrackPointExtension>
        </extensions>
      </trkpt>
      <trkpt lat="43.302091620862483978271484375" lon="-109.8437894694507122039794921875">
        <ele>2535.199951171875</ele>
        <time>2017-09-06T00:08:04.000Z</time>
        <extensions>
          <ns3:TrackPointExtension>
            <ns3:atemp>34.0</ns3:atemp>
            <ns3:cad>49</ns3:cad>
          </ns3:TrackPointExtension>
        </extensions>
      </trkpt>
      <trkpt lat="43.3021072112023830413818359375" lon="-109.84382693655788898468017578125">
        <ele>2535</ele>
        <time>2017-09-06T00:08:09.000Z</time>
        <extensions>
          <ns3:TrackPointExtension>
            <ns3:atemp>34.0</ns3:atemp>
            <ns3:cad>53</ns3:cad>
          </ns3:TrackPointExtension>
        </extensions>
      </trkpt>
      <trkpt lat="43.3021192811429500579833984375" lon="-109.843891896307468414306640625">
        <ele>2534</ele>
        <time>2017-09-06T00:08:15.000Z</time>
        <extensions>
          <ns3:TrackPointExtension>
            <ns3:atemp>34.0</ns3:atemp>
            <ns3:cad>53</ns3:cad>
          </ns3:TrackPointExtension>
        </extensions>
      </trkpt>
      <trkpt lat="43.30213311128318309783935546875" lon="-109.84395048581063747406005859375">
        <ele>2533</ele>
        <time>2017-09-06T00:08:20.000Z</time>
        <extensions>
          <ns3:TrackPointExtension>
            <ns3:atemp>34.0</ns3:atemp>
            <ns3:cad>49</ns3:cad>
          </ns3:TrackPointExtension>
        </extensions>
      </trkpt>
      <trkpt lat="43.30215297639369964599609375" lon="-109.84400882385671138763427734375">
        <ele>2532.60009765625</ele>
        <time>2017-09-06T00:08:24.000Z</time>
        <extensions>
          <ns3:TrackPointExtension>
            <ns3:atemp>34.0</ns3:atemp>
            <ns3:cad>61</ns3:cad>
          </ns3:TrackPointExtension>
        </extensions>
      </trkpt>
      <trkpt lat="43.3022795431315898895263671875" lon="-109.84419322572648525238037109375">
        <ele>2533.60009765625</ele>
        <time>2017-09-06T00:08:44.000Z</time>
        <extensions>
          <ns3:TrackPointExtension>
            <ns3:atemp>34.0</ns3:atemp>
            <ns3:cad>48</ns3:cad>
          </ns3:TrackPointExtension>
        </extensions>
      </trkpt>
      <trkpt lat="43.30230007879436016082763671875" lon="-109.84422071836888790130615234375">
        <ele>2533.800048828125</ele>
        <time>2017-09-06T00:08:47.000Z</time>
        <extensions>
          <ns3:TrackPointExtension>
            <ns3:atemp>34.0</ns3:atemp>
            <ns3:cad>48</ns3:cad>
          </ns3:TrackPointExtension>
        </extensions>
      </trkpt>
      <trkpt lat="43.3023663796484470367431640625" lon="-109.8442850075662136077880859375">
        <ele>2533.800048828125</ele>
        <time>2017-09-06T00:08:55.000Z</time>
        <extensions>
          <ns3:TrackPointExtension>
            <ns3:atemp>34.0</ns3:atemp>
            <ns3:cad>0</ns3:cad>
          </ns3:TrackPointExtension>
        </extensions>
      </trkpt>
      <trkpt lat="43.3023734204471111297607421875" lon="-109.84429447911679744720458984375">
        <ele>2534</ele>
        <time>2017-09-06T00:08:56.000Z</time>
        <extensions>
          <ns3:TrackPointExtension>
            <ns3:atemp>34.0</ns3:atemp>
            <ns3:cad>0</ns3:cad>
          </ns3:TrackPointExtension>
        </extensions>
      </trkpt>
      <trkpt lat="43.3024981431663036346435546875" lon="-109.84447720460593700408935546875">
        <ele>2534.39990234375</ele>
        <time>2017-09-06T00:09:12.000Z</time>
        <extensions>
          <ns3:TrackPointExtension>
            <ns3:atemp>34.0</ns3:atemp>
            <ns3:cad>51</ns3:cad>
          </ns3:TrackPointExtension>
        </extensions>
      </trkpt>
      <trkpt lat="43.30250032246112823486328125" lon="-109.84448675997555255889892578125">
        <ele>2534.39990234375</ele>
        <time>2017-09-06T00:09:13.000Z</time>
        <extensions>
          <ns3:TrackPointExtension>
            <ns3:atemp>34.0</ns3:atemp>
            <ns3:cad>0</ns3:cad>
          </ns3:TrackPointExtension>
        </extensions>
      </trkpt>
      <trkpt lat="43.30253074876964092254638671875" lon="-109.84453319571912288665771484375">
        <ele>2534.60009765625</ele>
        <time>2017-09-06T00:09:18.000Z</time>
        <extensions>
          <ns3:TrackPointExtension>
            <ns3:atemp>34.0</ns3:atemp>
            <ns3:cad>61</ns3:cad>
          </ns3:TrackPointExtension>
        </extensions>
      </trkpt>
      <trkpt lat="43.30255203880369663238525390625" lon="-109.84455079771578311920166015625">
        <ele>2535</ele>
        <time>2017-09-06T00:09:20.000Z</time>
        <extensions>
          <ns3:TrackPointExtension>
            <ns3:atemp>34.0</ns3:atemp>
            <ns3:cad>50</ns3:cad>
          </ns3:TrackPointExtension>
        </extensions>
      </trkpt>
      <trkpt lat="43.3026765100657939910888671875" lon="-109.84471893869340419769287109375">
        <ele>2534.800048828125</ele>
        <time>2017-09-06T00:09:35.000Z</time>
        <extensions>
          <ns3:TrackPointExtension>
            <ns3:atemp>33.0</ns3:atemp>
            <ns3:cad>53</ns3:cad>
          </ns3:TrackPointExtension>
        </extensions>
      </trkpt>
      <trkpt lat="43.302827887237071990966796875" lon="-109.8448670469224452972412109375">
        <ele>2535.60009765625</ele>
        <time>2017-09-06T00:09:55.000Z</time>
        <extensions>
          <ns3:TrackPointExtension>
            <ns3:atemp>33.0</ns3:atemp>
            <ns3:cad>49</ns3:cad>
          </ns3:TrackPointExtension>
        </extensions>
      </trkpt>
      <trkpt lat="43.30285512842237949371337890625" lon="-109.8448858223855495452880859375">
        <ele>2535.800048828125</ele>
        <time>2017-09-06T00:09:58.000Z</time>
        <extensions>
          <ns3:TrackPointExtension>
            <ns3:atemp>33.0</ns3:atemp>
            <ns3:cad>0</ns3:cad>
          </ns3:TrackPointExtension>
        </extensions>
      </trkpt>
      <trkpt lat="43.30298923887312412261962890625" lon="-109.84506930224597454071044921875">
        <ele>2535.199951171875</ele>
        <time>2017-09-06T00:10:17.000Z</time>
        <extensions>
          <ns3:TrackPointExtension>
            <ns3:atemp>33.0</ns3:atemp>
            <ns3:cad>48</ns3:cad>
          </ns3:TrackPointExtension>
        </extensions>
      </trkpt>
      <trkpt lat="43.3030563779175281524658203125" lon="-109.845154546201229095458984375">
        <ele>2534.60009765625</ele>
        <time>2017-09-06T00:10:27.000Z</time>
        <extensions>
          <ns3:TrackPointExtension>
            <ns3:atemp>33.0</ns3:atemp>
            <ns3:cad>54</ns3:cad>
          </ns3:TrackPointExtension>
        </extensions>
      </trkpt>
      <trkpt lat="43.30307900905609130859375" lon="-109.8451734893023967742919921875">
        <ele>2534.800048828125</ele>
        <time>2017-09-06T00:10:30.000Z</time>
        <extensions>
          <ns3:TrackPointExtension>
            <ns3:atemp>33.0</ns3:atemp>
            <ns3:cad>54</ns3:cad>
          </ns3:TrackPointExtension>
        </extensions>
      </trkpt>
      <trkpt lat="43.30322451889514923095703125" lon="-109.84533433802425861358642578125">
        <ele>2535.199951171875</ele>
        <time>2017-09-06T00:10:48.000Z</time>
        <extensions>
          <ns3:TrackPointExtension>
            <ns3:atemp>34.0</ns3:atemp>
            <ns3:cad>52</ns3:cad>
          </ns3:TrackPointExtension>
        </extensions>
      </trkpt>
      <trkpt lat="43.303387463092803955078125" lon="-109.845458976924419403076171875">
        <ele>2536</ele>
        <time>2017-09-06T00:11:01.000Z</time>
        <extensions>
          <ns3:TrackPointExtension>
            <ns3:atemp>34.0</ns3:atemp>
            <ns3:cad>49</ns3:cad>
          </ns3:TrackPointExtension>
        </extensions>
      </trkpt>
      <trkpt lat="43.3033983595669269561767578125" lon="-109.8454673588275909423828125">
        <ele>2536</ele>
        <time>2017-09-06T00:11:02.000Z</time>
        <extensions>
          <ns3:TrackPointExtension>
            <ns3:atemp>34.0</ns3:atemp>
            <ns3:cad>49</ns3:cad>
          </ns3:TrackPointExtension>
        </extensions>
      </trkpt>
      <trkpt lat="43.3034754730761051177978515625" lon="-109.84551572240889072418212890625">
        <ele>2536.800048828125</ele>
        <time>2017-09-06T00:11:11.000Z</time>
        <extensions>
          <ns3:TrackPointExtension>
            <ns3:atemp>34.0</ns3:atemp>
            <ns3:cad>42</ns3:cad>
          </ns3:TrackPointExtension>
        </extensions>
      </trkpt>
      <trkpt lat="43.30348159186542034149169921875" lon="-109.84551521949470043182373046875">
        <ele>2537</ele>
        <time>2017-09-06T00:11:13.000Z</time>
        <extensions>
          <ns3:TrackPointExtension>
            <ns3:atemp>34.0</ns3:atemp>
            <ns3:cad>0</ns3:cad>
          </ns3:TrackPointExtension>
        </extensions>
      </trkpt>
      <trkpt lat="43.30364788882434368133544921875" lon="-109.845611192286014556884765625">
        <ele>2538</ele>
        <time>2017-09-06T00:11:33.000Z</time>
        <extensions>
          <ns3:TrackPointExtension>
            <ns3:atemp>34.0</ns3:atemp>
            <ns3:cad>49</ns3:cad>
          </ns3:TrackPointExtension>
        </extensions>
      </trkpt>
      <trkpt lat="43.303670771420001983642578125" lon="-109.84565067104995250701904296875">
        <ele>2538.199951171875</ele>
        <time>2017-09-06T00:11:36.000Z</time>
        <extensions>
          <ns3:TrackPointExtension>
            <ns3:atemp>34.0</ns3:atemp>
            <ns3:cad>52</ns3:cad>
          </ns3:TrackPointExtension>
        </extensions>
      </trkpt>
      <trkpt lat="43.30376355908811092376708984375" lon="-109.84573968686163425445556640625">
        <ele>2539</ele>
        <time>2017-09-06T00:11:46.000Z</time>
        <extensions>
          <ns3:TrackPointExtension>
            <ns3:atemp>34.0</ns3:atemp>
            <ns3:cad>51</ns3:cad>
          </ns3:TrackPointExtension>
        </extensions>
      </trkpt>
      <trkpt lat="43.3037775568664073944091796875" lon="-109.84575024805963039398193359375">
        <ele>2539.39990234375</ele>
        <time>2017-09-06T00:11:48.000Z</time>
        <extensions>
          <ns3:TrackPointExtension>
            <ns3:atemp>34.0</ns3:atemp>
            <ns3:cad>51</ns3:cad>
          </ns3:TrackPointExtension>
        </extensions>
      </trkpt>
      <trkpt lat="43.303813599050045013427734375" lon="-109.845747314393520355224609375">
        <ele>2540</ele>
        <time>2017-09-06T00:11:53.000Z</time>
        <extensions>
          <ns3:TrackPointExtension>
            <ns3:atemp>34.0</ns3:atemp>
            <ns3:cad>50</ns3:cad>
          </ns3:TrackPointExtension>
        </extensions>
      </trkpt>
      <trkpt lat="43.30385508947074413299560546875" lon="-109.84575024805963039398193359375">
        <ele>2540.39990234375</ele>
        <time>2017-09-06T00:11:58.000Z</time>
        <extensions>
          <ns3:TrackPointExtension>
            <ns3:atemp>34.0</ns3:atemp>
            <ns3:cad>48</ns3:cad>
          </ns3:TrackPointExtension>
        </extensions>
      </trkpt>
      <trkpt lat="43.30403362400829792022705078125" lon="-109.845817722380161285400390625">
        <ele>2541.199951171875</ele>
        <time>2017-09-06T00:12:14.000Z</time>
        <extensions>
          <ns3:TrackPointExtension>
            <ns3:atemp>33.0</ns3:atemp>
            <ns3:cad>51</ns3:cad>
          </ns3:TrackPointExtension>
        </extensions>
      </trkpt>
      <trkpt lat="43.3040658943355083465576171875" lon="-109.84580556862056255340576171875">
        <ele>2541.39990234375</ele>
        <time>2017-09-06T00:12:17.000Z</time>
        <extensions>
          <ns3:TrackPointExtension>
            <ns3:atemp>33.0</ns3:atemp>
            <ns3:cad>51</ns3:cad>
          </ns3:TrackPointExtension>
        </extensions>
      </trkpt>
      <trkpt lat="43.3041250705718994140625" lon="-109.84583792276680469512939453125">
        <ele>2542.60009765625</ele>
        <time>2017-09-06T00:12:24.000Z</time>
        <extensions>
          <ns3:TrackPointExtension>
            <ns3:atemp>33.0</ns3:atemp>
            <ns3:cad>48</ns3:cad>
          </ns3:TrackPointExtension>
        </extensions>
      </trkpt>
      <trkpt lat="43.30431257374584674835205078125" lon="-109.845901541411876678466796875">
        <ele>2543.39990234375</ele>
        <time>2017-09-06T00:12:41.000Z</time>
        <extensions>
          <ns3:TrackPointExtension>
            <ns3:atemp>33.0</ns3:atemp>
            <ns3:cad>51</ns3:cad>
          </ns3:TrackPointExtension>
        </extensions>
      </trkpt>
      <trkpt lat="43.30432279966771602630615234375" lon="-109.84590732492506504058837890625">
        <ele>2543.800048828125</ele>
        <time>2017-09-06T00:12:42.000Z</time>
        <extensions>
          <ns3:TrackPointExtension>
            <ns3:atemp>33.0</ns3:atemp>
            <ns3:cad>51</ns3:cad>
          </ns3:TrackPointExtension>
        </extensions>
      </trkpt>
      <trkpt lat="43.30448783934116363525390625" lon="-109.8460064828395843505859375">
        <ele>2544.199951171875</ele>
        <time>2017-09-06T00:13:00.000Z</time>
        <extensions>
          <ns3:TrackPointExtension>
            <ns3:atemp>33.0</ns3:atemp>
            <ns3:cad>54</ns3:cad>
          </ns3:TrackPointExtension>
        </extensions>
      </trkpt>
      <trkpt lat="43.30451826564967632293701171875" lon="-109.84600447118282318115234375">
        <ele>2544.60009765625</ele>
        <time>2017-09-06T00:13:03.000Z</time>
        <extensions>
          <ns3:TrackPointExtension>
            <ns3:atemp>33.0</ns3:atemp>
            <ns3:cad>48</ns3:cad>
          </ns3:TrackPointExtension>
        </extensions>
      </trkpt>
      <trkpt lat="43.3045657910406589508056640625" lon="-109.84600245952606201171875">
        <ele>2544.800048828125</ele>
        <time>2017-09-06T00:13:07.000Z</time>
        <extensions>
          <ns3:TrackPointExtension>
            <ns3:atemp>33.0</ns3:atemp>
            <ns3:cad>51</ns3:cad>
          </ns3:TrackPointExtension>
        </extensions>
      </trkpt>
      <trkpt lat="43.30475396476686000823974609375" lon="-109.84600958414375782012939453125">
        <ele>2546</ele>
        <time>2017-09-06T00:13:26.000Z</time>
        <extensions>
          <ns3:TrackPointExtension>
            <ns3:atemp>33.0</ns3:atemp>
            <ns3:cad>49</ns3:cad>
          </ns3:TrackPointExtension>
        </extensions>
      </trkpt>
      <trkpt lat="43.30483795143663883209228515625" lon="-109.8460096679627895355224609375">
        <ele>2546.199951171875</ele>
        <time>2017-09-06T00:13:33.000Z</time>
        <extensions>
          <ns3:TrackPointExtension>
            <ns3:atemp>33.0</ns3:atemp>
            <ns3:cad>55</ns3:cad>
          </ns3:TrackPointExtension>
        </extensions>
      </trkpt>
      <trkpt lat="43.30499720759689807891845703125" lon="-109.84613992273807525634765625">
        <ele>2546</ele>
        <time>2017-09-06T00:13:47.000Z</time>
        <extensions>
          <ns3:TrackPointExtension>
            <ns3:atemp>33.0</ns3:atemp>
            <ns3:cad>53</ns3:cad>
          </ns3:TrackPointExtension>
        </extensions>
      </trkpt>
      <trkpt lat="43.305159397423267364501953125" lon="-109.84628333710134029388427734375">
        <ele>2545.800048828125</ele>
        <time>2017-09-06T00:14:02.000Z</time>
        <extensions>
          <ns3:TrackPointExtension>
            <ns3:atemp>33.0</ns3:atemp>
            <ns3:cad>53</ns3:cad>
          </ns3:TrackPointExtension>
        </extensions>
      </trkpt>
      <trkpt lat="43.30530717037618160247802734375" lon="-109.84644259326159954071044921875">
        <ele>2545.199951171875</ele>
        <time>2017-09-06T00:14:17.000Z</time>
        <extensions>
          <ns3:TrackPointExtension>
            <ns3:atemp>32.0</ns3:atemp>
            <ns3:cad>52</ns3:cad>
          </ns3:TrackPointExtension>
        </extensions>
      </trkpt>
      <trkpt lat="43.3053218387067317962646484375" lon="-109.84646522440016269683837890625">
        <ele>2544.800048828125</ele>
        <time>2017-09-06T00:14:19.000Z</time>
        <extensions>
          <ns3:TrackPointExtension>
            <ns3:atemp>32.0</ns3:atemp>
            <ns3:cad>52</ns3:cad>
          </ns3:TrackPointExtension>
        </extensions>
      </trkpt>
      <trkpt lat="43.30535897053778171539306640625" lon="-109.8465105704963207244873046875">
        <ele>2544.39990234375</ele>
        <time>2017-09-06T00:14:23.000Z</time>
        <extensions>
          <ns3:TrackPointExtension>
            <ns3:atemp>32.0</ns3:atemp>
            <ns3:cad>53</ns3:cad>
          </ns3:TrackPointExtension>
        </extensions>
      </trkpt>
      <trkpt lat="43.30541915260255336761474609375" lon="-109.84657309949398040771484375">
        <ele>2543.800048828125</ele>
        <time>2017-09-06T00:14:29.000Z</time>
        <extensions>
          <ns3:TrackPointExtension>
            <ns3:atemp>32.0</ns3:atemp>
            <ns3:cad>54</ns3:cad>
          </ns3:TrackPointExtension>
        </extensions>
      </trkpt>
      <trkpt lat="43.30551655031740665435791015625" lon="-109.84678289853036403656005859375">
        <ele>2543</ele>
        <time>2017-09-06T00:14:46.000Z</time>
        <extensions>
          <ns3:TrackPointExtension>
            <ns3:atemp>32.0</ns3:atemp>
            <ns3:cad>52</ns3:cad>
          </ns3:TrackPointExtension>
        </extensions>
      </trkpt>
      <trkpt lat="43.3055397681891918182373046875" lon="-109.84682363457977771759033203125">
        <ele>2542.60009765625</ele>
        <time>2017-09-06T00:14:49.000Z</time>
        <extensions>
          <ns3:TrackPointExtension>
            <ns3:atemp>32.0</ns3:atemp>
            <ns3:cad>53</ns3:cad>
          </ns3:TrackPointExtension>
        </extensions>
      </trkpt>
      <trkpt lat="43.30569877289235591888427734375" lon="-109.8469648696482181549072265625">
        <ele>2542</ele>
        <time>2017-09-06T00:15:02.000Z</time>
        <extensions>
          <ns3:TrackPointExtension>
            <ns3:atemp>32.0</ns3:atemp>
            <ns3:cad>54</ns3:cad>
          </ns3:TrackPointExtension>
        </extensions>
      </trkpt>
      <trkpt lat="43.3058374933898448944091796875" lon="-109.84712655656039714813232421875">
        <ele>2542.199951171875</ele>
        <time>2017-09-06T00:15:17.000Z</time>
        <extensions>
          <ns3:TrackPointExtension>
            <ns3:atemp>32.0</ns3:atemp>
            <ns3:cad>53</ns3:cad>
          </ns3:TrackPointExtension>
        </extensions>
      </trkpt>
      <trkpt lat="43.30590211786329746246337890625" lon="-109.847201071679592132568359375">
        <ele>2541.60009765625</ele>
        <time>2017-09-06T00:15:22.000Z</time>
        <extensions>
          <ns3:TrackPointExtension>
            <ns3:atemp>32.0</ns3:atemp>
            <ns3:cad>57</ns3:cad>
          </ns3:TrackPointExtension>
        </extensions>
      </trkpt>
      <trkpt lat="43.306003622710704803466796875" lon="-109.84741791151463985443115234375">
        <ele>2541.800048828125</ele>
        <time>2017-09-06T00:15:36.000Z</time>
        <extensions>
          <ns3:TrackPointExtension>
            <ns3:atemp>32.0</ns3:atemp>
            <ns3:cad>61</ns3:cad>
          </ns3:TrackPointExtension>
        </extensions>
      </trkpt>
      <trkpt lat="43.3060825802385807037353515625" lon="-109.8476426303386688232421875">
        <ele>2541</ele>
        <time>2017-09-06T00:15:51.000Z</time>
        <extensions>
          <ns3:TrackPointExtension>
            <ns3:atemp>32.0</ns3:atemp>
            <ns3:cad>51</ns3:cad>
          </ns3:TrackPointExtension>
        </extensions>
      </trkpt>
      <trkpt lat="43.3061338774859905242919921875" lon="-109.84769250266253948211669921875">
        <ele>2540.60009765625</ele>
        <time>2017-09-06T00:15:56.000Z</time>
        <extensions>
          <ns3:TrackPointExtension>
            <ns3:atemp>32.0</ns3:atemp>
            <ns3:cad>54</ns3:cad>
          </ns3:TrackPointExtension>
        </extensions>
      </trkpt>
      <trkpt lat="43.30629522912204265594482421875" lon="-109.8478013835847377777099609375">
        <ele>2541.199951171875</ele>
        <time>2017-09-06T00:16:11.000Z</time>
        <extensions>
          <ns3:TrackPointExtension>
            <ns3:atemp>32.0</ns3:atemp>
            <ns3:cad>50</ns3:cad>
          </ns3:TrackPointExtension>
        </extensions>
      </trkpt>
      <trkpt lat="43.306462951004505157470703125" lon="-109.847913868725299835205078125">
        <ele>2540.60009765625</ele>
        <time>2017-09-06T00:16:27.000Z</time>
        <extensions>
          <ns3:TrackPointExtension>
            <ns3:atemp>33.0</ns3:atemp>
            <ns3:cad>44</ns3:cad>
          </ns3:TrackPointExtension>
        </extensions>
      </trkpt>
      <trkpt lat="43.30661776475608348846435546875" lon="-109.84804454259574413299560546875">
        <ele>2540.39990234375</ele>
        <time>2017-09-06T00:16:41.000Z</time>
        <extensions>
          <ns3:TrackPointExtension>
            <ns3:atemp>33.0</ns3:atemp>
            <ns3:cad>61</ns3:cad>
          </ns3:TrackPointExtension>
        </extensions>
      </trkpt>
      <trkpt lat="43.306717090308666229248046875" lon="-109.84818988479673862457275390625">
        <ele>2539.60009765625</ele>
        <time>2017-09-06T00:16:53.000Z</time>
        <extensions>
          <ns3:TrackPointExtension>
            <ns3:atemp>33.0</ns3:atemp>
            <ns3:cad>54</ns3:cad>
          </ns3:TrackPointExtension>
        </extensions>
      </trkpt>
      <trkpt lat="43.3068677969276905059814453125" lon="-109.848236404359340667724609375">
        <ele>2538.800048828125</ele>
        <time>2017-09-06T00:17:06.000Z</time>
        <extensions>
          <ns3:TrackPointExtension>
            <ns3:atemp>33.0</ns3:atemp>
            <ns3:cad>54</ns3:cad>
          </ns3:TrackPointExtension>
        </extensions>
      </trkpt>
      <trkpt lat="43.30687643028795719146728515625" lon="-109.84831209294497966766357421875">
        <ele>2538.39990234375</ele>
        <time>2017-09-06T00:17:10.000Z</time>
        <extensions>
          <ns3:TrackPointExtension>
            <ns3:atemp>33.0</ns3:atemp>
            <ns3:cad>53</ns3:cad>
          </ns3:TrackPointExtension>
        </extensions>
      </trkpt>
      <trkpt lat="43.30695706419646739959716796875" lon="-109.848408401012420654296875">
        <ele>2538.39990234375</ele>
        <time>2017-09-06T00:17:19.000Z</time>
        <extensions>
          <ns3:TrackPointExtension>
            <ns3:atemp>33.0</ns3:atemp>
            <ns3:cad>52</ns3:cad>
          </ns3:TrackPointExtension>
        </extensions>
      </trkpt>
      <trkpt lat="43.30713224597275257110595703125" lon="-109.8484910465776920318603515625">
        <ele>2538.199951171875</ele>
        <time>2017-09-06T00:17:36.000Z</time>
        <extensions>
          <ns3:TrackPointExtension>
            <ns3:atemp>33.0</ns3:atemp>
            <ns3:cad>51</ns3:cad>
          </ns3:TrackPointExtension>
        </extensions>
      </trkpt>
      <trkpt lat="43.30730943940579891204833984375" lon="-109.848606884479522705078125">
        <ele>2538.39990234375</ele>
        <time>2017-09-06T00:17:51.000Z</time>
        <extensions>
          <ns3:TrackPointExtension>
            <ns3:atemp>33.0</ns3:atemp>
            <ns3:cad>49</ns3:cad>
          </ns3:TrackPointExtension>
        </extensions>
      </trkpt>
      <trkpt lat="43.3073747344315052032470703125" lon="-109.8486214689910411834716796875">
        <ele>2537.39990234375</ele>
        <time>2017-09-06T00:17:57.000Z</time>
        <extensions>
          <ns3:TrackPointExtension>
            <ns3:atemp>33.0</ns3:atemp>
            <ns3:cad>57</ns3:cad>
          </ns3:TrackPointExtension>
        </extensions>
      </trkpt>
      <trkpt lat="43.30738068558275699615478515625" lon="-109.84862708486616611480712890625">
        <ele>2537.199951171875</ele>
        <time>2017-09-06T00:17:58.000Z</time>
        <extensions>
          <ns3:TrackPointExtension>
            <ns3:atemp>33.0</ns3:atemp>
            <ns3:cad>53</ns3:cad>
          </ns3:TrackPointExtension>
        </extensions>
      </trkpt>
      <trkpt lat="43.307440280914306640625" lon="-109.84865759499371051788330078125">
        <ele>2536.199951171875</ele>
        <time>2017-09-06T00:18:05.000Z</time>
        <extensions>
          <ns3:TrackPointExtension>
            <ns3:atemp>33.0</ns3:atemp>
            <ns3:cad>61</ns3:cad>
          </ns3:TrackPointExtension>
        </extensions>
      </trkpt>
      <trkpt lat="43.30746986903250217437744140625" lon="-109.84865608625113964080810546875">
        <ele>2535.800048828125</ele>
        <time>2017-09-06T00:18:07.000Z</time>
        <extensions>
          <ns3:TrackPointExtension>
            <ns3:atemp>33.0</ns3:atemp>
            <ns3:cad>61</ns3:cad>
          </ns3:TrackPointExtension>
        </extensions>
      </trkpt>
      <trkpt lat="43.30754077993333339691162109375" lon="-109.848676957190036773681640625">
        <ele>2535.60009765625</ele>
        <time>2017-09-06T00:18:13.000Z</time>
        <extensions>
          <ns3:TrackPointExtension>
            <ns3:atemp>33.0</ns3:atemp>
            <ns3:cad>55</ns3:cad>
          </ns3:TrackPointExtension>
        </extensions>
      </trkpt>
      <trkpt lat="43.30754597671329975128173828125" lon="-109.8487388156354427337646484375">
        <ele>2535.199951171875</ele>
        <time>2017-09-06T00:18:18.000Z</time>
        <extensions>
          <ns3:TrackPointExtension>
            <ns3:atemp>33.0</ns3:atemp>
            <ns3:cad>54</ns3:cad>
          </ns3:TrackPointExtension>
        </extensions>
      </trkpt>
      <trkpt lat="43.30754245631396770477294921875" lon="-109.8488196171820163726806640625">
        <ele>2534</ele>
        <time>2017-09-06T00:18:23.000Z</time>
        <extensions>
          <ns3:TrackPointExtension>
            <ns3:atemp>33.0</ns3:atemp>
            <ns3:cad>55</ns3:cad>
          </ns3:TrackPointExtension>
        </extensions>
      </trkpt>
      <trkpt lat="43.307552598416805267333984375" lon="-109.8489081300795078277587890625">
        <ele>2533.199951171875</ele>
        <time>2017-09-06T00:18:29.000Z</time>
        <extensions>
          <ns3:TrackPointExtension>
            <ns3:atemp>33.0</ns3:atemp>
            <ns3:cad>53</ns3:cad>
          </ns3:TrackPointExtension>
        </extensions>
      </trkpt>
      <trkpt lat="43.3075645007193088531494140625" lon="-109.84897091053426265716552734375">
        <ele>2533</ele>
        <time>2017-09-06T00:18:33.000Z</time>
        <extensions>
          <ns3:TrackPointExtension>
            <ns3:atemp>33.0</ns3:atemp>
            <ns3:cad>52</ns3:cad>
          </ns3:TrackPointExtension>
        </extensions>
      </trkpt>
      <trkpt lat="43.30762309022247791290283203125" lon="-109.84903109259903430938720703125">
        <ele>2532</ele>
        <time>2017-09-06T00:18:39.000Z</time>
        <extensions>
          <ns3:TrackPointExtension>
            <ns3:atemp>33.0</ns3:atemp>
            <ns3:cad>55</ns3:cad>
          </ns3:TrackPointExtension>
        </extensions>
      </trkpt>
      <trkpt lat="43.3076815120875835418701171875" lon="-109.8490895144641399383544921875">
        <ele>2530.800048828125</ele>
        <time>2017-09-06T00:18:45.000Z</time>
        <extensions>
          <ns3:TrackPointExtension>
            <ns3:atemp>33.0</ns3:atemp>
            <ns3:cad>53</ns3:cad>
          </ns3:TrackPointExtension>
        </extensions>
      </trkpt>
      <trkpt lat="43.3077502436935901641845703125" lon="-109.84915145672857761383056640625">
        <ele>2529.800048828125</ele>
        <time>2017-09-06T00:18:52.000Z</time>
        <extensions>
          <ns3:TrackPointExtension>
            <ns3:atemp>33.0</ns3:atemp>
            <ns3:cad>56</ns3:cad>
          </ns3:TrackPointExtension>
        </extensions>
      </trkpt>
      <trkpt lat="43.3078799955546855926513671875" lon="-109.84923326410353183746337890625">
        <ele>2528.800048828125</ele>
        <time>2017-09-06T00:19:04.000Z</time>
        <extensions>
          <ns3:TrackPointExtension>
            <ns3:atemp>33.0</ns3:atemp>
            <ns3:cad>52</ns3:cad>
          </ns3:TrackPointExtension>
        </extensions>
      </trkpt>
      <trkpt lat="43.307983092963695526123046875" lon="-109.8493439890444278717041015625">
        <ele>2527.800048828125</ele>
        <time>2017-09-06T00:19:14.000Z</time>
        <extensions>
          <ns3:TrackPointExtension>
            <ns3:atemp>33.0</ns3:atemp>
            <ns3:cad>54</ns3:cad>
          </ns3:TrackPointExtension>
        </extensions>
      </trkpt>
      <trkpt lat="43.30812759697437286376953125" lon="-109.84949058853089809417724609375">
        <ele>2527.39990234375</ele>
        <time>2017-09-06T00:19:28.000Z</time>
        <extensions>
          <ns3:TrackPointExtension>
            <ns3:atemp>33.0</ns3:atemp>
            <ns3:cad>54</ns3:cad>
          </ns3:TrackPointExtension>
        </extensions>
      </trkpt>
      <trkpt lat="43.3081646449863910675048828125" lon="-109.84954859130084514617919921875">
        <ele>2527.39990234375</ele>
        <time>2017-09-06T00:19:33.000Z</time>
        <extensions>
          <ns3:TrackPointExtension>
            <ns3:atemp>33.0</ns3:atemp>
            <ns3:cad>52</ns3:cad>
          </ns3:TrackPointExtension>
        </extensions>
      </trkpt>
      <trkpt lat="43.30832717008888721466064453125" lon="-109.84967448748648166656494140625">
        <ele>2528</ele>
        <time>2017-09-06T00:19:49.000Z</time>
        <extensions>
          <ns3:TrackPointExtension>
            <ns3:atemp>33.0</ns3:atemp>
            <ns3:cad>52</ns3:cad>
          </ns3:TrackPointExtension>
        </extensions>
      </trkpt>
      <trkpt lat="43.308469913899898529052734375" lon="-109.84984145499765872955322265625">
        <ele>2528</ele>
        <time>2017-09-06T00:20:05.000Z</time>
        <extensions>
          <ns3:TrackPointExtension>
            <ns3:atemp>33.0</ns3:atemp>
            <ns3:cad>51</ns3:cad>
          </ns3:TrackPointExtension>
        </extensions>
      </trkpt>
      <trkpt lat="43.30863964743912220001220703125" lon="-109.8499575443565845489501953125">
        <ele>2527.199951171875</ele>
        <time>2017-09-06T00:20:22.000Z</time>
        <extensions>
          <ns3:TrackPointExtension>
            <ns3:atemp>33.0</ns3:atemp>
            <ns3:cad>53</ns3:cad>
          </ns3:TrackPointExtension>
        </extensions>
      </trkpt>
      <trkpt lat="43.30868356861174106597900390625" lon="-109.8500504158437252044677734375">
        <ele>2527</ele>
        <time>2017-09-06T00:20:28.000Z</time>
        <extensions>
          <ns3:TrackPointExtension>
            <ns3:atemp>33.0</ns3:atemp>
            <ns3:cad>53</ns3:cad>
          </ns3:TrackPointExtension>
        </extensions>
      </trkpt>
      <trkpt lat="43.30875121057033538818359375" lon="-109.85005167312920093536376953125">
        <ele>2526.800048828125</ele>
        <time>2017-09-06T00:20:34.000Z</time>
        <extensions>
          <ns3:TrackPointExtension>
            <ns3:atemp>32.0</ns3:atemp>
            <ns3:cad>52</ns3:cad>
          </ns3:TrackPointExtension>
        </extensions>
      </trkpt>
      <trkpt lat="43.30885271541774272918701171875" lon="-109.85011135227978229522705078125">
        <ele>2525.800048828125</ele>
        <time>2017-09-06T00:20:42.000Z</time>
        <extensions>
          <ns3:TrackPointExtension>
            <ns3:atemp>32.0</ns3:atemp>
            <ns3:cad>55</ns3:cad>
          </ns3:TrackPointExtension>
        </extensions>
      </trkpt>
      <trkpt lat="43.3089515380561351776123046875" lon="-109.85031419433653354644775390625">
        <ele>2525.60009765625</ele>
        <time>2017-09-06T00:20:57.000Z</time>
        <extensions>
          <ns3:TrackPointExtension>
            <ns3:atemp>32.0</ns3:atemp>
            <ns3:cad>49</ns3:cad>
          </ns3:TrackPointExtension>
        </extensions>
      </trkpt>
      <trkpt lat="43.30907709896564483642578125" lon="-109.850377142429351806640625">
        <ele>2524.60009765625</ele>
        <time>2017-09-06T00:21:08.000Z</time>
        <extensions>
          <ns3:TrackPointExtension>
            <ns3:atemp>32.0</ns3:atemp>
            <ns3:cad>53</ns3:cad>
          </ns3:TrackPointExtension>
        </extensions>
      </trkpt>
      <trkpt lat="43.30920517444610595703125" lon="-109.85048686154186725616455078125">
        <ele>2524.60009765625</ele>
        <time>2017-09-06T00:21:19.000Z</time>
        <extensions>
          <ns3:TrackPointExtension>
            <ns3:atemp>32.0</ns3:atemp>
            <ns3:cad>54</ns3:cad>
          </ns3:TrackPointExtension>
        </extensions>
      </trkpt>
      <trkpt lat="43.309242725372314453125" lon="-109.850563891232013702392578125">
        <ele>2523.60009765625</ele>
        <time>2017-09-06T00:21:27.000Z</time>
        <extensions>
          <ns3:TrackPointExtension>
            <ns3:atemp>32.0</ns3:atemp>
            <ns3:cad>54</ns3:cad>
          </ns3:TrackPointExtension>
        </extensions>
      </trkpt>
      <trkpt lat="43.3093934319913387298583984375" lon="-109.85067176632583141326904296875">
        <ele>2522.800048828125</ele>
        <time>2017-09-06T00:21:40.000Z</time>
        <extensions>
          <ns3:TrackPointExtension>
            <ns3:atemp>33.0</ns3:atemp>
            <ns3:cad>51</ns3:cad>
          </ns3:TrackPointExtension>
        </extensions>
      </trkpt>
      <trkpt lat="43.30940323881804943084716796875" lon="-109.85067008994519710540771484375">
        <ele>2522.60009765625</ele>
        <time>2017-09-06T00:21:41.000Z</time>
        <extensions>
          <ns3:TrackPointExtension>
            <ns3:atemp>33.0</ns3:atemp>
            <ns3:cad>52</ns3:cad>
          </ns3:TrackPointExtension>
        </extensions>
      </trkpt>
      <trkpt lat="43.30958864651620388031005859375" lon="-109.85069389455020427703857421875">
        <ele>2522.199951171875</ele>
        <time>2017-09-06T00:21:56.000Z</time>
        <extensions>
          <ns3:TrackPointExtension>
            <ns3:atemp>33.0</ns3:atemp>
            <ns3:cad>54</ns3:cad>
          </ns3:TrackPointExtension>
        </extensions>
      </trkpt>
      <trkpt lat="43.3097374252974987030029296875" lon="-109.8508570902049541473388671875">
        <ele>2522</ele>
        <time>2017-09-06T00:22:11.000Z</time>
        <extensions>
          <ns3:TrackPointExtension>
            <ns3:atemp>33.0</ns3:atemp>
            <ns3:cad>50</ns3:cad>
          </ns3:TrackPointExtension>
        </extensions>
      </trkpt>
      <trkpt lat="43.309795595705509185791015625" lon="-109.85093160532414913177490234375">
        <ele>2521.39990234375</ele>
        <time>2017-09-06T00:22:18.000Z</time>
        <extensions>
          <ns3:TrackPointExtension>
            <ns3:atemp>33.0</ns3:atemp>
            <ns3:cad>48</ns3:cad>
          </ns3:TrackPointExtension>
        </extensions>
      </trkpt>
      <trkpt lat="43.309855945408344268798828125" lon="-109.851028583943843841552734375">
        <ele>2520.39990234375</ele>
        <time>2017-09-06T00:22:27.000Z</time>
        <extensions>
          <ns3:TrackPointExtension>
            <ns3:atemp>33.0</ns3:atemp>
            <ns3:cad>52</ns3:cad>
          </ns3:TrackPointExtension>
        </extensions>
      </trkpt>
      <trkpt lat="43.31000782549381256103515625" lon="-109.8511836491525173187255859375">
        <ele>2519.39990234375</ele>
        <time>2017-09-06T00:22:41.000Z</time>
        <extensions>
          <ns3:TrackPointExtension>
            <ns3:atemp>33.0</ns3:atemp>
            <ns3:cad>55</ns3:cad>
          </ns3:TrackPointExtension>
        </extensions>
      </trkpt>
      <trkpt lat="43.310012854635715484619140625" lon="-109.85119898803532123565673828125">
        <ele>2519.39990234375</ele>
        <time>2017-09-06T00:22:42.000Z</time>
        <extensions>
          <ns3:TrackPointExtension>
            <ns3:atemp>33.0</ns3:atemp>
            <ns3:cad>54</ns3:cad>
          </ns3:TrackPointExtension>
        </extensions>
      </trkpt>
      <trkpt lat="43.31004026345908641815185546875" lon="-109.8512627743184566497802734375">
        <ele>2519.199951171875</ele>
        <time>2017-09-06T00:22:50.000Z</time>
        <extensions>
          <ns3:TrackPointExtension>
            <ns3:atemp>33.0</ns3:atemp>
            <ns3:cad>0</ns3:cad>
          </ns3:TrackPointExtension>
        </extensions>
      </trkpt>
      <trkpt lat="43.310104049742221832275390625" lon="-109.8513553105294704437255859375">
        <ele>2518.800048828125</ele>
        <time>2017-09-06T00:24:13.000Z</time>
        <extensions>
          <ns3:TrackPointExtension>
            <ns3:atemp>33.0</ns3:atemp>
            <ns3:cad>61</ns3:cad>
          </ns3:TrackPointExtension>
        </extensions>
      </trkpt>
      <trkpt lat="43.31012726761400699615478515625" lon="-109.8513539694249629974365234375">
        <ele>2519.199951171875</ele>
        <time>2017-09-06T00:24:15.000Z</time>
        <extensions>
          <ns3:TrackPointExtension>
            <ns3:atemp>33.0</ns3:atemp>
            <ns3:cad>48</ns3:cad>
          </ns3:TrackPointExtension>
        </extensions>
      </trkpt>
      <trkpt lat="43.3102165348827838897705078125" lon="-109.85137634910643100738525390625">
        <ele>2518.39990234375</ele>
        <time>2017-09-06T00:24:23.000Z</time>
        <extensions>
          <ns3:TrackPointExtension>
            <ns3:atemp>33.0</ns3:atemp>
            <ns3:cad>51</ns3:cad>
          </ns3:TrackPointExtension>
        </extensions>
      </trkpt>
      <trkpt lat="43.31023472361266613006591796875" lon="-109.85137701965868473052978515625">
        <ele>2518.39990234375</ele>
        <time>2017-09-06T00:24:25.000Z</time>
        <extensions>
          <ns3:TrackPointExtension>
            <ns3:atemp>33.0</ns3:atemp>
            <ns3:cad>51</ns3:cad>
          </ns3:TrackPointExtension>
        </extensions>
      </trkpt>
      <trkpt lat="43.31025098450481891632080078125" lon="-109.851372577250003814697265625">
        <ele>2518.39990234375</ele>
        <time>2017-09-06T00:24:27.000Z</time>
        <extensions>
          <ns3:TrackPointExtension>
            <ns3:atemp>33.0</ns3:atemp>
            <ns3:cad>51</ns3:cad>
          </ns3:TrackPointExtension>
        </extensions>
      </trkpt>
      <trkpt lat="43.31035642884671688079833984375" lon="-109.8513724096119403839111328125">
        <ele>2519</ele>
        <time>2017-09-06T00:24:34.000Z</time>
        <extensions>
          <ns3:TrackPointExtension>
            <ns3:atemp>33.0</ns3:atemp>
            <ns3:cad>47</ns3:cad>
          </ns3:TrackPointExtension>
        </extensions>
      </trkpt>
      <trkpt lat="43.310499005019664764404296875" lon="-109.85139864496886730194091796875">
        <ele>2520.39990234375</ele>
        <time>2017-09-06T00:24:45.000Z</time>
        <extensions>
          <ns3:TrackPointExtension>
            <ns3:atemp>33.0</ns3:atemp>
            <ns3:cad>54</ns3:cad>
          </ns3:TrackPointExtension>
        </extensions>
      </trkpt>
      <trkpt lat="43.31067695282399654388427734375" lon="-109.85145698301494121551513671875">
        <ele>2520.800048828125</ele>
        <time>2017-09-06T00:25:00.000Z</time>
        <extensions>
          <ns3:TrackPointExtension>
            <ns3:atemp>33.0</ns3:atemp>
            <ns3:cad>53</ns3:cad>
          </ns3:TrackPointExtension>
        </extensions>
      </trkpt>
      <trkpt lat="43.31084626726806163787841796875" lon="-109.8515524528920650482177734375">
        <ele>2520.800048828125</ele>
        <time>2017-09-06T00:25:15.000Z</time>
        <extensions>
          <ns3:TrackPointExtension>
            <ns3:atemp>33.0</ns3:atemp>
            <ns3:cad>53</ns3:cad>
          </ns3:TrackPointExtension>
        </extensions>
      </trkpt>
      <trkpt lat="43.31102966330945491790771484375" lon="-109.8516325838863849639892578125">
        <ele>2520.39990234375</ele>
        <time>2017-09-06T00:25:29.000Z</time>
        <extensions>
          <ns3:TrackPointExtension>
            <ns3:atemp>33.0</ns3:atemp>
            <ns3:cad>54</ns3:cad>
          </ns3:TrackPointExtension>
        </extensions>
      </trkpt>
      <trkpt lat="43.3112143166363239288330078125" lon="-109.85169075429439544677734375">
        <ele>2520.39990234375</ele>
        <time>2017-09-06T00:25:46.000Z</time>
        <extensions>
          <ns3:TrackPointExtension>
            <ns3:atemp>32.0</ns3:atemp>
            <ns3:cad>55</ns3:cad>
          </ns3:TrackPointExtension>
        </extensions>
      </trkpt>
      <trkpt lat="43.3113957010209560394287109375" lon="-109.85177566297352313995361328125">
        <ele>2520.199951171875</ele>
        <time>2017-09-06T00:26:01.000Z</time>
        <extensions>
          <ns3:TrackPointExtension>
            <ns3:atemp>32.0</ns3:atemp>
            <ns3:cad>54</ns3:cad>
          </ns3:TrackPointExtension>
        </extensions>
      </trkpt>
      <trkpt lat="43.31156887114048004150390625" lon="-109.85185168683528900146484375">
        <ele>2520</ele>
        <time>2017-09-06T00:26:16.000Z</time>
        <extensions>
          <ns3:TrackPointExtension>
            <ns3:atemp>32.0</ns3:atemp>
            <ns3:cad>52</ns3:cad>
          </ns3:TrackPointExtension>
        </extensions>
      </trkpt>
      <trkpt lat="43.3117118664085865020751953125" lon="-109.8519242741167545318603515625">
        <ele>2519.39990234375</ele>
        <time>2017-09-06T00:26:28.000Z</time>
        <extensions>
          <ns3:TrackPointExtension>
            <ns3:atemp>32.0</ns3:atemp>
            <ns3:cad>53</ns3:cad>
          </ns3:TrackPointExtension>
        </extensions>
      </trkpt>
      <trkpt lat="43.31188646145164966583251953125" lon="-109.8520094342529773712158203125">
        <ele>2518.60009765625</ele>
        <time>2017-09-06T00:26:44.000Z</time>
        <extensions>
          <ns3:TrackPointExtension>
            <ns3:atemp>32.0</ns3:atemp>
            <ns3:cad>53</ns3:cad>
          </ns3:TrackPointExtension>
        </extensions>
      </trkpt>
      <trkpt lat="43.31196717917919158935546875" lon="-109.85203801654279232025146484375">
        <ele>2518.39990234375</ele>
        <time>2017-09-06T00:26:51.000Z</time>
        <extensions>
          <ns3:TrackPointExtension>
            <ns3:atemp>32.0</ns3:atemp>
            <ns3:cad>54</ns3:cad>
          </ns3:TrackPointExtension>
        </extensions>
      </trkpt>
      <trkpt lat="43.3121547661721706390380859375" lon="-109.85207975842058658599853515625">
        <ele>2517.39990234375</ele>
        <time>2017-09-06T00:27:06.000Z</time>
        <extensions>
          <ns3:TrackPointExtension>
            <ns3:atemp>32.0</ns3:atemp>
            <ns3:cad>55</ns3:cad>
          </ns3:TrackPointExtension>
        </extensions>
      </trkpt>
      <trkpt lat="43.3121822588145732879638671875" lon="-109.85207724384963512420654296875">
        <ele>2517.199951171875</ele>
        <time>2017-09-06T00:27:08.000Z</time>
        <extensions>
          <ns3:TrackPointExtension>
            <ns3:atemp>32.0</ns3:atemp>
            <ns3:cad>55</ns3:cad>
          </ns3:TrackPointExtension>
        </extensions>
      </trkpt>
      <trkpt lat="43.31236909143626689910888671875" lon="-109.852088056504726409912109375">
        <ele>2517</ele>
        <time>2017-09-06T00:27:22.000Z</time>
        <extensions>
          <ns3:TrackPointExtension>
            <ns3:atemp>32.0</ns3:atemp>
            <ns3:cad>54</ns3:cad>
          </ns3:TrackPointExtension>
        </extensions>
      </trkpt>
      <trkpt lat="43.31254946999251842498779296875" lon="-109.8520909063518047332763671875">
        <ele>2517.800048828125</ele>
        <time>2017-09-06T00:27:38.000Z</time>
        <extensions>
          <ns3:TrackPointExtension>
            <ns3:atemp>32.0</ns3:atemp>
            <ns3:cad>52</ns3:cad>
          </ns3:TrackPointExtension>
        </extensions>
      </trkpt>
      <trkpt lat="43.3125896193087100982666015625" lon="-109.8520843684673309326171875">
        <ele>2518.39990234375</ele>
        <time>2017-09-06T00:27:43.000Z</time>
        <extensions>
          <ns3:TrackPointExtension>
            <ns3:atemp>32.0</ns3:atemp>
            <ns3:cad>45</ns3:cad>
          </ns3:TrackPointExtension>
        </extensions>
      </trkpt>
      <trkpt lat="43.31277058459818363189697265625" lon="-109.85208512283861637115478515625">
        <ele>2518.39990234375</ele>
        <time>2017-09-06T00:28:00.000Z</time>
        <extensions>
          <ns3:TrackPointExtension>
            <ns3:atemp>32.0</ns3:atemp>
            <ns3:cad>51</ns3:cad>
          </ns3:TrackPointExtension>
        </extensions>
      </trkpt>
      <trkpt lat="43.31290100701153278350830078125" lon="-109.85208797268569469451904296875">
        <ele>2517.60009765625</ele>
        <time>2017-09-06T00:28:10.000Z</time>
        <extensions>
          <ns3:TrackPointExtension>
            <ns3:atemp>32.0</ns3:atemp>
            <ns3:cad>51</ns3:cad>
          </ns3:TrackPointExtension>
        </extensions>
      </trkpt>
      <trkpt lat="43.31299723125994205474853515625" lon="-109.85212049447000026702880859375">
        <ele>2518</ele>
        <time>2017-09-06T00:28:18.000Z</time>
        <extensions>
          <ns3:TrackPointExtension>
            <ns3:atemp>32.0</ns3:atemp>
            <ns3:cad>58</ns3:cad>
          </ns3:TrackPointExtension>
        </extensions>
      </trkpt>
      <trkpt lat="43.3131149969995021820068359375" lon="-109.8521428741514682769775390625">
        <ele>2519.39990234375</ele>
        <time>2017-09-06T00:28:29.000Z</time>
        <extensions>
          <ns3:TrackPointExtension>
            <ns3:atemp>32.0</ns3:atemp>
            <ns3:cad>0</ns3:cad>
          </ns3:TrackPointExtension>
        </extensions>
      </trkpt>
      <trkpt lat="43.3132936991751194000244140625" lon="-109.85219500958919525146484375">
        <ele>2520.199951171875</ele>
        <time>2017-09-06T00:28:44.000Z</time>
        <extensions>
          <ns3:TrackPointExtension>
            <ns3:atemp>32.0</ns3:atemp>
            <ns3:cad>57</ns3:cad>
          </ns3:TrackPointExtension>
        </extensions>
      </trkpt>
      <trkpt lat="43.31346997059881687164306640625" lon="-109.8522461391985416412353515625">
        <ele>2519.39990234375</ele>
        <time>2017-09-06T00:28:58.000Z</time>
        <extensions>
          <ns3:TrackPointExtension>
            <ns3:atemp>32.0</ns3:atemp>
            <ns3:cad>55</ns3:cad>
          </ns3:TrackPointExtension>
        </extensions>
      </trkpt>
      <trkpt lat="43.31365722231566905975341796875" lon="-109.85227623023092746734619140625">
        <ele>2519.60009765625</ele>
        <time>2017-09-06T00:29:13.000Z</time>
        <extensions>
          <ns3:TrackPointExtension>
            <ns3:atemp>32.0</ns3:atemp>
            <ns3:cad>56</ns3:cad>
          </ns3:TrackPointExtension>
        </extensions>
      </trkpt>
      <trkpt lat="43.31384263001382350921630859375" lon="-109.852295927703380584716796875">
        <ele>2519.39990234375</ele>
        <time>2017-09-06T00:29:28.000Z</time>
        <extensions>
          <ns3:TrackPointExtension>
            <ns3:atemp>33.0</ns3:atemp>
            <ns3:cad>54</ns3:cad>
          </ns3:TrackPointExtension>
        </extensions>
      </trkpt>
      <trkpt lat="43.31399249844253063201904296875" lon="-109.85238536261022090911865234375">
        <ele>2518.39990234375</ele>
        <time>2017-09-06T00:29:42.000Z</time>
        <extensions>
          <ns3:TrackPointExtension>
            <ns3:atemp>33.0</ns3:atemp>
            <ns3:cad>54</ns3:cad>
          </ns3:TrackPointExtension>
        </extensions>
      </trkpt>
      <trkpt lat="43.3140819333493709564208984375" lon="-109.85243800096213817596435546875">
        <ele>2517.199951171875</ele>
        <time>2017-09-06T00:29:51.000Z</time>
        <extensions>
          <ns3:TrackPointExtension>
            <ns3:atemp>32.0</ns3:atemp>
            <ns3:cad>53</ns3:cad>
          </ns3:TrackPointExtension>
        </extensions>
      </trkpt>
      <trkpt lat="43.31415544264018535614013671875" lon="-109.85246281139552593231201171875">
        <ele>2516</ele>
        <time>2017-09-06T00:29:57.000Z</time>
        <extensions>
          <ns3:TrackPointExtension>
            <ns3:atemp>32.0</ns3:atemp>
            <ns3:cad>55</ns3:cad>
          </ns3:TrackPointExtension>
        </extensions>
      </trkpt>
      <trkpt lat="43.314325511455535888671875" lon="-109.8525669984519481658935546875">
        <ele>2515.60009765625</ele>
        <time>2017-09-06T00:30:10.000Z</time>
        <extensions>
          <ns3:TrackPointExtension>
            <ns3:atemp>32.0</ns3:atemp>
            <ns3:cad>54</ns3:cad>
          </ns3:TrackPointExtension>
        </extensions>
      </trkpt>
      <trkpt lat="43.314476720988750457763671875" lon="-109.85272365622222423553466796875">
        <ele>2515.199951171875</ele>
        <time>2017-09-06T00:30:25.000Z</time>
        <extensions>
          <ns3:TrackPointExtension>
            <ns3:atemp>32.0</ns3:atemp>
            <ns3:cad>52</ns3:cad>
          </ns3:TrackPointExtension>
        </extensions>
      </trkpt>
      <trkpt lat="43.314482755959033966064453125" lon="-109.8527343012392520904541015625">
        <ele>2515</ele>
        <time>2017-09-06T00:30:26.000Z</time>
        <extensions>
          <ns3:TrackPointExtension>
            <ns3:atemp>32.0</ns3:atemp>
            <ns3:cad>51</ns3:cad>
          </ns3:TrackPointExtension>
        </extensions>
      </trkpt>
      <trkpt lat="43.31453195773065090179443359375" lon="-109.85279791988432407379150390625">
        <ele>2514</ele>
        <time>2017-09-06T00:30:32.000Z</time>
        <extensions>
          <ns3:TrackPointExtension>
            <ns3:atemp>32.0</ns3:atemp>
            <ns3:cad>51</ns3:cad>
          </ns3:TrackPointExtension>
        </extensions>
      </trkpt>
      <trkpt lat="43.31456280313432216644287109375" lon="-109.85282130539417266845703125">
        <ele>2513.39990234375</ele>
        <time>2017-09-06T00:30:36.000Z</time>
        <extensions>
          <ns3:TrackPointExtension>
            <ns3:atemp>32.0</ns3:atemp>
            <ns3:cad>52</ns3:cad>
          </ns3:TrackPointExtension>
        </extensions>
      </trkpt>
      <trkpt lat="43.3145928941667079925537109375" lon="-109.85285374335944652557373046875">
        <ele>2512.800048828125</ele>
        <time>2017-09-06T00:30:41.000Z</time>
        <extensions>
          <ns3:TrackPointExtension>
            <ns3:atemp>31.0</ns3:atemp>
            <ns3:cad>52</ns3:cad>
          </ns3:TrackPointExtension>
        </extensions>
      </trkpt>
      <trkpt lat="43.3146344684064388275146484375" lon="-109.85289934091269969940185546875">
        <ele>2512.800048828125</ele>
        <time>2017-09-06T00:30:46.000Z</time>
        <extensions>
          <ns3:TrackPointExtension>
            <ns3:atemp>31.0</ns3:atemp>
            <ns3:cad>48</ns3:cad>
          </ns3:TrackPointExtension>
        </extensions>
      </trkpt>
      <trkpt lat="43.31470437347888946533203125" lon="-109.852981232106685638427734375">
        <ele>2512.800048828125</ele>
        <time>2017-09-06T00:30:54.000Z</time>
        <extensions>
          <ns3:TrackPointExtension>
            <ns3:atemp>31.0</ns3:atemp>
            <ns3:cad>52</ns3:cad>
          </ns3:TrackPointExtension>
        </extensions>
      </trkpt>
      <trkpt lat="43.3148364722728729248046875" lon="-109.8531664721667766571044921875">
        <ele>2512.800048828125</ele>
        <time>2017-09-06T00:31:08.000Z</time>
        <extensions>
          <ns3:TrackPointExtension>
            <ns3:atemp>31.0</ns3:atemp>
            <ns3:cad>54</ns3:cad>
          </ns3:TrackPointExtension>
        </extensions>
      </trkpt>
      <trkpt lat="43.314901180565357208251953125" lon="-109.853265546262264251708984375">
        <ele>2513.60009765625</ele>
        <time>2017-09-06T00:31:16.000Z</time>
        <extensions>
          <ns3:TrackPointExtension>
            <ns3:atemp>31.0</ns3:atemp>
            <ns3:cad>61</ns3:cad>
          </ns3:TrackPointExtension>
        </extensions>
      </trkpt>
      <trkpt lat="43.3149147592484951019287109375" lon="-109.85330368392169475555419921875">
        <ele>2513.60009765625</ele>
        <time>2017-09-06T00:31:19.000Z</time>
        <extensions>
          <ns3:TrackPointExtension>
            <ns3:atemp>31.0</ns3:atemp>
            <ns3:cad>61</ns3:cad>
          </ns3:TrackPointExtension>
        </extensions>
      </trkpt>
      <trkpt lat="43.31488383002579212188720703125" lon="-109.85352982766926288604736328125">
        <ele>2513.39990234375</ele>
        <time>2017-09-06T00:31:34.000Z</time>
        <extensions>
          <ns3:TrackPointExtension>
            <ns3:atemp>31.0</ns3:atemp>
            <ns3:cad>51</ns3:cad>
          </ns3:TrackPointExtension>
        </extensions>
      </trkpt>
      <trkpt lat="43.3147565089166164398193359375" lon="-109.8537220247089862823486328125">
        <ele>2511.800048828125</ele>
        <time>2017-09-06T00:31:49.000Z</time>
        <extensions>
          <ns3:TrackPointExtension>
            <ns3:atemp>31.0</ns3:atemp>
            <ns3:cad>52</ns3:cad>
          </ns3:TrackPointExtension>
        </extensions>
      </trkpt>
      <trkpt lat="43.3147467859089374542236328125" lon="-109.8537285625934600830078125">
        <ele>2511.800048828125</ele>
        <time>2017-09-06T00:31:52.000Z</time>
        <extensions>
          <ns3:TrackPointExtension>
            <ns3:atemp>31.0</ns3:atemp>
            <ns3:cad>0</ns3:cad>
          </ns3:TrackPointExtension>
        </extensions>
      </trkpt>
      <trkpt lat="43.3145851828157901763916015625" lon="-109.85380710102617740631103515625">
        <ele>2511.199951171875</ele>
        <time>2017-09-06T00:32:14.000Z</time>
        <extensions>
          <ns3:TrackPointExtension>
            <ns3:atemp>31.0</ns3:atemp>
            <ns3:cad>54</ns3:cad>
          </ns3:TrackPointExtension>
        </extensions>
      </trkpt>
      <trkpt lat="43.31440262496471405029296875" lon="-109.8538695462048053741455078125">
        <ele>2512</ele>
        <time>2017-09-06T00:32:32.000Z</time>
        <extensions>
          <ns3:TrackPointExtension>
            <ns3:atemp>32.0</ns3:atemp>
            <ns3:cad>48</ns3:cad>
          </ns3:TrackPointExtension>
        </extensions>
      </trkpt>
      <trkpt lat="43.31421621143817901611328125" lon="-109.85387742519378662109375">
        <ele>2512</ele>
        <time>2017-09-06T00:32:47.000Z</time>
        <extensions>
          <ns3:TrackPointExtension>
            <ns3:atemp>32.0</ns3:atemp>
            <ns3:cad>53</ns3:cad>
          </ns3:TrackPointExtension>
        </extensions>
      </trkpt>
      <trkpt lat="43.314121328294277191162109375" lon="-109.853883795440196990966796875">
        <ele>2512.199951171875</ele>
        <time>2017-09-06T00:32:56.000Z</time>
        <extensions>
          <ns3:TrackPointExtension>
            <ns3:atemp>32.0</ns3:atemp>
            <ns3:cad>52</ns3:cad>
          </ns3:TrackPointExtension>
        </extensions>
      </trkpt>
      <trkpt lat="43.3141017146408557891845703125" lon="-109.85391086898744106292724609375">
        <ele>2512.39990234375</ele>
        <time>2017-09-06T00:33:00.000Z</time>
        <extensions>
          <ns3:TrackPointExtension>
            <ns3:atemp>32.0</ns3:atemp>
            <ns3:cad>42</ns3:cad>
          </ns3:TrackPointExtension>
        </extensions>
      </trkpt>
      <trkpt lat="43.3140747249126434326171875" lon="-109.85393978655338287353515625">
        <ele>2512.800048828125</ele>
        <time>2017-09-06T00:33:03.000Z</time>
        <extensions>
          <ns3:TrackPointExtension>
            <ns3:atemp>32.0</ns3:atemp>
            <ns3:cad>43</ns3:cad>
          </ns3:TrackPointExtension>
        </extensions>
      </trkpt>
      <trkpt lat="43.31406441517174243927001953125" lon="-109.8539513535797595977783203125">
        <ele>2513</ele>
        <time>2017-09-06T00:33:04.000Z</time>
        <extensions>
          <ns3:TrackPointExtension>
            <ns3:atemp>32.0</ns3:atemp>
            <ns3:cad>43</ns3:cad>
          </ns3:TrackPointExtension>
        </extensions>
      </trkpt>
      <trkpt lat="43.31401772797107696533203125" lon="-109.8540257848799228668212890625">
        <ele>2514</ele>
        <time>2017-09-06T00:33:10.000Z</time>
        <extensions>
          <ns3:TrackPointExtension>
            <ns3:atemp>32.0</ns3:atemp>
            <ns3:cad>51</ns3:cad>
          </ns3:TrackPointExtension>
        </extensions>
      </trkpt>
      <trkpt lat="43.3139401115477085113525390625" lon="-109.85417154617607593536376953125">
        <ele>2513</ele>
        <time>2017-09-06T00:33:20.000Z</time>
        <extensions>
          <ns3:TrackPointExtension>
            <ns3:atemp>32.0</ns3:atemp>
            <ns3:cad>52</ns3:cad>
          </ns3:TrackPointExtension>
        </extensions>
      </trkpt>
      <trkpt lat="43.31390901468694210052490234375" lon="-109.8542765714228153228759765625">
        <ele>2512.199951171875</ele>
        <time>2017-09-06T00:33:27.000Z</time>
        <extensions>
          <ns3:TrackPointExtension>
            <ns3:atemp>32.0</ns3:atemp>
            <ns3:cad>53</ns3:cad>
          </ns3:TrackPointExtension>
        </extensions>
      </trkpt>
      <trkpt lat="43.31393013708293437957763671875" lon="-109.85433247871696949005126953125">
        <ele>2512.39990234375</ele>
        <time>2017-09-06T00:33:56.000Z</time>
        <extensions>
          <ns3:TrackPointExtension>
            <ns3:atemp>32.0</ns3:atemp>
            <ns3:cad>61</ns3:cad>
          </ns3:TrackPointExtension>
        </extensions>
      </trkpt>
      <trkpt lat="43.31392091698944568634033203125" lon="-109.85435980372130870819091796875">
        <ele>2512.39990234375</ele>
        <time>2017-09-06T00:33:58.000Z</time>
        <extensions>
          <ns3:TrackPointExtension>
            <ns3:atemp>32.0</ns3:atemp>
            <ns3:cad>61</ns3:cad>
          </ns3:TrackPointExtension>
        </extensions>
      </trkpt>
      <trkpt lat="43.313929550349712371826171875" lon="-109.854447729885578155517578125">
        <ele>2512.199951171875</ele>
        <time>2017-09-06T00:34:04.000Z</time>
        <extensions>
          <ns3:TrackPointExtension>
            <ns3:atemp>32.0</ns3:atemp>
            <ns3:cad>61</ns3:cad>
          </ns3:TrackPointExtension>
        </extensions>
      </trkpt>
      <trkpt lat="43.31395176239311695098876953125" lon="-109.85457018949091434478759765625">
        <ele>2512</ele>
        <time>2017-09-06T00:34:11.000Z</time>
        <extensions>
          <ns3:TrackPointExtension>
            <ns3:atemp>32.0</ns3:atemp>
            <ns3:cad>52</ns3:cad>
          </ns3:TrackPointExtension>
        </extensions>
      </trkpt>
      <trkpt lat="43.31396735273301601409912109375" lon="-109.85461813397705554962158203125">
        <ele>2512</ele>
        <time>2017-09-06T00:34:15.000Z</time>
        <extensions>
          <ns3:TrackPointExtension>
            <ns3:atemp>32.0</ns3:atemp>
            <ns3:cad>52</ns3:cad>
          </ns3:TrackPointExtension>
        </extensions>
      </trkpt>
    </trkseg>
  </trk>
</gpx>
