<?xml version="1.0" encoding="UTF-8"?>
<gpx creator="Garmin Connect" version="1.1"
  xsi:schemaLocation="http://www.topografix.com/GPX/1/1 http://www.topografix.com/GPX/11.xsd"
  xmlns:ns3="http://www.garmin.com/xmlschemas/TrackPointExtension/v1"
  xmlns="http://www.topografix.com/GPX/1/1"
  xmlns:xsi="http://www.w3.org/2001/XMLSchema-instance" xmlns:ns2="http://www.garmin.com/xmlschemas/GpxExtensions/v3">
  <metadata>
    <link href="connect.garmin.com">
      <text>Garmin Connect</text>
    </link>
    <time>2017-09-03T15:50:46.000Z</time>
  </metadata>
  <trk>
    <name>Dubois Hiking</name>
    <type>hiking</type>
    <trkseg>
      <trkpt lat="43.204151093959808349609375" lon="-109.64833547361195087432861328125">
        <ele>3552.39990234375</ele>
        <time>2017-09-03T15:50:46.000Z</time>
        <extensions>
          <ns3:TrackPointExtension>
            <ns3:atemp>27.0</ns3:atemp>
            <ns3:cad>61</ns3:cad>
          </ns3:TrackPointExtension>
        </extensions>
      </trkpt>
      <trkpt lat="43.2041524350643157958984375" lon="-109.64832893572747707366943359375">
        <ele>3553.39990234375</ele>
        <time>2017-09-03T15:50:48.000Z</time>
        <extensions>
          <ns3:TrackPointExtension>
            <ns3:atemp>27.0</ns3:atemp>
            <ns3:cad>0</ns3:cad>
          </ns3:TrackPointExtension>
        </extensions>
      </trkpt>
      <trkpt lat="43.20419467985630035400390625" lon="-109.64853663928806781768798828125">
        <ele>3554.39990234375</ele>
        <time>2017-09-03T15:51:10.000Z</time>
        <extensions>
          <ns3:TrackPointExtension>
            <ns3:atemp>27.0</ns3:atemp>
            <ns3:cad>0</ns3:cad>
          </ns3:TrackPointExtension>
        </extensions>
      </trkpt>
      <trkpt lat="43.20426517166197299957275390625" lon="-109.6486389823257923126220703125">
        <ele>3555.39990234375</ele>
        <time>2017-09-03T15:51:41.000Z</time>
        <extensions>
          <ns3:TrackPointExtension>
            <ns3:atemp>27.0</ns3:atemp>
            <ns3:cad>61</ns3:cad>
          </ns3:TrackPointExtension>
        </extensions>
      </trkpt>
      <trkpt lat="43.20426466874778270721435546875" lon="-109.64866387657821178436279296875">
        <ele>3556.60009765625</ele>
        <time>2017-09-03T15:52:05.000Z</time>
        <extensions>
          <ns3:TrackPointExtension>
            <ns3:atemp>27.0</ns3:atemp>
            <ns3:cad>0</ns3:cad>
          </ns3:TrackPointExtension>
        </extensions>
      </trkpt>
      <trkpt lat="43.2042669318616390228271484375" lon="-109.64870880357921123504638671875">
        <ele>3556.39990234375</ele>
        <time>2017-09-03T15:53:21.000Z</time>
        <extensions>
          <ns3:TrackPointExtension>
            <ns3:atemp>27.0</ns3:atemp>
            <ns3:cad>0</ns3:cad>
          </ns3:TrackPointExtension>
        </extensions>
      </trkpt>
      <trkpt lat="43.2042934186756610870361328125" lon="-109.64878055267035961151123046875">
        <ele>3557.60009765625</ele>
        <time>2017-09-03T15:53:49.000Z</time>
        <extensions>
          <ns3:TrackPointExtension>
            <ns3:atemp>27.0</ns3:atemp>
            <ns3:cad>0</ns3:cad>
          </ns3:TrackPointExtension>
        </extensions>
      </trkpt>
      <trkpt lat="43.20431269705295562744140625" lon="-109.6487321890890598297119140625">
        <ele>3558.60009765625</ele>
        <time>2017-09-03T15:54:13.000Z</time>
        <extensions>
          <ns3:TrackPointExtension>
            <ns3:atemp>27.0</ns3:atemp>
            <ns3:cad>0</ns3:cad>
          </ns3:TrackPointExtension>
        </extensions>
      </trkpt>
      <trkpt lat="43.20430624298751354217529296875" lon="-109.6487710811197757720947265625">
        <ele>3559.60009765625</ele>
        <time>2017-09-03T15:54:31.000Z</time>
        <extensions>
          <ns3:TrackPointExtension>
            <ns3:atemp>27.0</ns3:atemp>
            <ns3:cad>0</ns3:cad>
          </ns3:TrackPointExtension>
        </extensions>
      </trkpt>
      <trkpt lat="43.20430691353976726531982421875" lon="-109.64877225458621978759765625">
        <ele>3558.199951171875</ele>
        <time>2017-09-03T15:54:32.000Z</time>
        <extensions>
          <ns3:TrackPointExtension>
            <ns3:atemp>27.0</ns3:atemp>
            <ns3:cad>0</ns3:cad>
          </ns3:TrackPointExtension>
        </extensions>
      </trkpt>
      <trkpt lat="43.2043091766536235809326171875" lon="-109.6487751044332981109619140625">
        <ele>3559.800048828125</ele>
        <time>2017-09-03T15:54:34.000Z</time>
        <extensions>
          <ns3:TrackPointExtension>
            <ns3:atemp>27.0</ns3:atemp>
            <ns3:cad>0</ns3:cad>
          </ns3:TrackPointExtension>
        </extensions>
      </trkpt>
      <trkpt lat="43.20430389605462551116943359375" lon="-109.64878432452678680419921875">
        <ele>3561</ele>
        <time>2017-09-03T15:54:56.000Z</time>
        <extensions>
          <ns3:TrackPointExtension>
            <ns3:atemp>27.0</ns3:atemp>
            <ns3:cad>0</ns3:cad>
          </ns3:TrackPointExtension>
        </extensions>
      </trkpt>
      <trkpt lat="43.20432183332741260528564453125" lon="-109.6487673930823802947998046875">
        <ele>3562</ele>
        <time>2017-09-03T15:55:17.000Z</time>
        <extensions>
          <ns3:TrackPointExtension>
            <ns3:atemp>27.0</ns3:atemp>
            <ns3:cad>0</ns3:cad>
          </ns3:TrackPointExtension>
        </extensions>
      </trkpt>
      <trkpt lat="43.2043133676052093505859375" lon="-109.648777283728122711181640625">
        <ele>3563.199951171875</ele>
        <time>2017-09-03T15:55:26.000Z</time>
        <extensions>
          <ns3:TrackPointExtension>
            <ns3:atemp>27.0</ns3:atemp>
            <ns3:cad>0</ns3:cad>
          </ns3:TrackPointExtension>
        </extensions>
      </trkpt>
      <trkpt lat="43.204312361776828765869140625" lon="-109.64877619408071041107177734375">
        <ele>3562</ele>
        <time>2017-09-03T15:55:27.000Z</time>
        <extensions>
          <ns3:TrackPointExtension>
            <ns3:atemp>27.0</ns3:atemp>
            <ns3:cad>0</ns3:cad>
          </ns3:TrackPointExtension>
        </extensions>
      </trkpt>
      <trkpt lat="43.20430062711238861083984375" lon="-109.64883117936551570892333984375">
        <ele>3563.60009765625</ele>
        <time>2017-09-03T15:55:29.000Z</time>
        <extensions>
          <ns3:TrackPointExtension>
            <ns3:atemp>27.0</ns3:atemp>
            <ns3:cad>0</ns3:cad>
          </ns3:TrackPointExtension>
        </extensions>
      </trkpt>
      <trkpt lat="43.204307667911052703857421875" lon="-109.64892514050006866455078125">
        <ele>3564</ele>
        <time>2017-09-03T15:55:34.000Z</time>
        <extensions>
          <ns3:TrackPointExtension>
            <ns3:atemp>27.0</ns3:atemp>
            <ns3:cad>0</ns3:cad>
          </ns3:TrackPointExtension>
        </extensions>
      </trkpt>
      <trkpt lat="43.20432652719318866729736328125" lon="-109.648878537118434906005859375">
        <ele>3564.60009765625</ele>
        <time>2017-09-03T15:55:45.000Z</time>
        <extensions>
          <ns3:TrackPointExtension>
            <ns3:atemp>27.0</ns3:atemp>
            <ns3:cad>0</ns3:cad>
          </ns3:TrackPointExtension>
        </extensions>
      </trkpt>
      <trkpt lat="43.2043212465941905975341796875" lon="-109.6488587558269500732421875">
        <ele>3565.800048828125</ele>
        <time>2017-09-03T15:55:55.000Z</time>
        <extensions>
          <ns3:TrackPointExtension>
            <ns3:atemp>27.0</ns3:atemp>
            <ns3:cad>0</ns3:cad>
          </ns3:TrackPointExtension>
        </extensions>
      </trkpt>
      <trkpt lat="43.20432334206998348236083984375" lon="-109.6488609351217746734619140625">
        <ele>3564</ele>
        <time>2017-09-03T15:55:56.000Z</time>
        <extensions>
          <ns3:TrackPointExtension>
            <ns3:atemp>27.0</ns3:atemp>
            <ns3:cad>0</ns3:cad>
          </ns3:TrackPointExtension>
        </extensions>
      </trkpt>
      <trkpt lat="43.20433138869702816009521484375" lon="-109.6488475240767002105712890625">
        <ele>3565.39990234375</ele>
        <time>2017-09-03T15:55:59.000Z</time>
        <extensions>
          <ns3:TrackPointExtension>
            <ns3:atemp>27.0</ns3:atemp>
            <ns3:cad>0</ns3:cad>
          </ns3:TrackPointExtension>
        </extensions>
      </trkpt>
      <trkpt lat="43.2043416984379291534423828125" lon="-109.6488937921822071075439453125">
        <ele>3566.800048828125</ele>
        <time>2017-09-03T15:56:10.000Z</time>
        <extensions>
          <ns3:TrackPointExtension>
            <ns3:atemp>27.0</ns3:atemp>
            <ns3:cad>61</ns3:cad>
          </ns3:TrackPointExtension>
        </extensions>
      </trkpt>
      <trkpt lat="43.2043468952178955078125" lon="-109.64884576387703418731689453125">
        <ele>3565.199951171875</ele>
        <time>2017-09-03T15:56:13.000Z</time>
        <extensions>
          <ns3:TrackPointExtension>
            <ns3:atemp>27.0</ns3:atemp>
            <ns3:cad>0</ns3:cad>
          </ns3:TrackPointExtension>
        </extensions>
      </trkpt>
      <trkpt lat="43.2043500803411006927490234375" lon="-109.64884861372411251068115234375">
        <ele>3566.39990234375</ele>
        <time>2017-09-03T15:56:14.000Z</time>
        <extensions>
          <ns3:TrackPointExtension>
            <ns3:atemp>27.0</ns3:atemp>
            <ns3:cad>0</ns3:cad>
          </ns3:TrackPointExtension>
        </extensions>
      </trkpt>
      <trkpt lat="43.20434798486530780792236328125" lon="-109.64884827844798564910888671875">
        <ele>3567.39990234375</ele>
        <time>2017-09-03T15:56:19.000Z</time>
        <extensions>
          <ns3:TrackPointExtension>
            <ns3:atemp>26.0</ns3:atemp>
            <ns3:cad>0</ns3:cad>
          </ns3:TrackPointExtension>
        </extensions>
      </trkpt>
      <trkpt lat="43.20433055050671100616455078125" lon="-109.64891483075916767120361328125">
        <ele>3566.39990234375</ele>
        <time>2017-09-03T15:56:39.000Z</time>
        <extensions>
          <ns3:TrackPointExtension>
            <ns3:atemp>27.0</ns3:atemp>
            <ns3:cad>0</ns3:cad>
          </ns3:TrackPointExtension>
        </extensions>
      </trkpt>
      <trkpt lat="43.20431881584227085113525390625" lon="-109.64911348186433315277099609375">
        <ele>3567.39990234375</ele>
        <time>2017-09-03T15:56:53.000Z</time>
        <extensions>
          <ns3:TrackPointExtension>
            <ns3:atemp>26.0</ns3:atemp>
            <ns3:cad>0</ns3:cad>
          </ns3:TrackPointExtension>
        </extensions>
      </trkpt>
      <trkpt lat="43.2043554447591304779052734375" lon="-109.648983478546142578125">
        <ele>3567.60009765625</ele>
        <time>2017-09-03T15:57:03.000Z</time>
        <extensions>
          <ns3:TrackPointExtension>
            <ns3:atemp>26.0</ns3:atemp>
            <ns3:cad>0</ns3:cad>
          </ns3:TrackPointExtension>
        </extensions>
      </trkpt>
      <trkpt lat="43.20436273701488971710205078125" lon="-109.648989178240299224853515625">
        <ele>3568.60009765625</ele>
        <time>2017-09-03T15:57:19.000Z</time>
        <extensions>
          <ns3:TrackPointExtension>
            <ns3:atemp>26.0</ns3:atemp>
            <ns3:cad>0</ns3:cad>
          </ns3:TrackPointExtension>
        </extensions>
      </trkpt>
      <trkpt lat="43.20435469038784503936767578125" lon="-109.64902572333812713623046875">
        <ele>3567.60009765625</ele>
        <time>2017-09-03T15:57:21.000Z</time>
        <extensions>
          <ns3:TrackPointExtension>
            <ns3:atemp>26.0</ns3:atemp>
            <ns3:cad>0</ns3:cad>
          </ns3:TrackPointExtension>
        </extensions>
      </trkpt>
      <trkpt lat="43.2043500803411006927490234375" lon="-109.64903972111642360687255859375">
        <ele>3568.800048828125</ele>
        <time>2017-09-03T15:57:23.000Z</time>
        <extensions>
          <ns3:TrackPointExtension>
            <ns3:atemp>26.0</ns3:atemp>
            <ns3:cad>0</ns3:cad>
          </ns3:TrackPointExtension>
        </extensions>
      </trkpt>
      <trkpt lat="43.20436659269034862518310546875" lon="-109.64908364228904247283935546875">
        <ele>3570</ele>
        <time>2017-09-03T15:57:37.000Z</time>
        <extensions>
          <ns3:TrackPointExtension>
            <ns3:atemp>26.0</ns3:atemp>
            <ns3:cad>0</ns3:cad>
          </ns3:TrackPointExtension>
        </extensions>
      </trkpt>
      <trkpt lat="43.20435133762657642364501953125" lon="-109.6491833031177520751953125">
        <ele>3570.60009765625</ele>
        <time>2017-09-03T15:57:44.000Z</time>
        <extensions>
          <ns3:TrackPointExtension>
            <ns3:atemp>26.0</ns3:atemp>
            <ns3:cad>0</ns3:cad>
          </ns3:TrackPointExtension>
        </extensions>
      </trkpt>
      <trkpt lat="43.20436273701488971710205078125" lon="-109.64916226454079151153564453125">
        <ele>3571</ele>
        <time>2017-09-03T15:57:58.000Z</time>
        <extensions>
          <ns3:TrackPointExtension>
            <ns3:atemp>25.0</ns3:atemp>
            <ns3:cad>0</ns3:cad>
          </ns3:TrackPointExtension>
        </extensions>
      </trkpt>
      <trkpt lat="43.204308338463306427001953125" lon="-109.649102501571178436279296875">
        <ele>3571.60009765625</ele>
        <time>2017-09-03T15:58:10.000Z</time>
        <extensions>
          <ns3:TrackPointExtension>
            <ns3:atemp>25.0</ns3:atemp>
            <ns3:cad>0</ns3:cad>
          </ns3:TrackPointExtension>
        </extensions>
      </trkpt>
      <trkpt lat="43.20432300679385662078857421875" lon="-109.649109542369842529296875">
        <ele>3572.199951171875</ele>
        <time>2017-09-03T15:58:14.000Z</time>
        <extensions>
          <ns3:TrackPointExtension>
            <ns3:atemp>25.0</ns3:atemp>
            <ns3:cad>0</ns3:cad>
          </ns3:TrackPointExtension>
        </extensions>
      </trkpt>
      <trkpt lat="43.20435351692140102386474609375" lon="-109.6491591632366180419921875">
        <ele>3570.800048828125</ele>
        <time>2017-09-03T15:58:21.000Z</time>
        <extensions>
          <ns3:TrackPointExtension>
            <ns3:atemp>25.0</ns3:atemp>
            <ns3:cad>0</ns3:cad>
          </ns3:TrackPointExtension>
        </extensions>
      </trkpt>
      <trkpt lat="43.20437413640320301055908203125" lon="-109.64927441440522670745849609375">
        <ele>3570.60009765625</ele>
        <time>2017-09-03T15:58:42.000Z</time>
        <extensions>
          <ns3:TrackPointExtension>
            <ns3:atemp>25.0</ns3:atemp>
            <ns3:cad>0</ns3:cad>
          </ns3:TrackPointExtension>
        </extensions>
      </trkpt>
      <trkpt lat="43.20438151247799396514892578125" lon="-109.6491908468306064605712890625">
        <ele>3570.39990234375</ele>
        <time>2017-09-03T15:58:57.000Z</time>
        <extensions>
          <ns3:TrackPointExtension>
            <ns3:atemp>25.0</ns3:atemp>
            <ns3:cad>0</ns3:cad>
          </ns3:TrackPointExtension>
        </extensions>
      </trkpt>
      <trkpt lat="43.20438218303024768829345703125" lon="-109.64916695840656757354736328125">
        <ele>3570.800048828125</ele>
        <time>2017-09-03T15:58:58.000Z</time>
        <extensions>
          <ns3:TrackPointExtension>
            <ns3:atemp>25.0</ns3:atemp>
            <ns3:cad>0</ns3:cad>
          </ns3:TrackPointExtension>
        </extensions>
      </trkpt>
      <trkpt lat="43.204377405345439910888671875" lon="-109.64913678355515003204345703125">
        <ele>3570.800048828125</ele>
        <time>2017-09-03T15:59:22.000Z</time>
        <extensions>
          <ns3:TrackPointExtension>
            <ns3:atemp>25.0</ns3:atemp>
            <ns3:cad>0</ns3:cad>
          </ns3:TrackPointExtension>
        </extensions>
      </trkpt>
      <trkpt lat="43.20436659269034862518310546875" lon="-109.64923082850873470306396484375">
        <ele>3572</ele>
        <time>2017-09-03T15:59:39.000Z</time>
        <extensions>
          <ns3:TrackPointExtension>
            <ns3:atemp>25.0</ns3:atemp>
            <ns3:cad>0</ns3:cad>
          </ns3:TrackPointExtension>
        </extensions>
      </trkpt>
      <trkpt lat="43.204361312091350555419921875" lon="-109.64923686347901821136474609375">
        <ele>3570.39990234375</ele>
        <time>2017-09-03T15:59:41.000Z</time>
        <extensions>
          <ns3:TrackPointExtension>
            <ns3:atemp>25.0</ns3:atemp>
            <ns3:cad>0</ns3:cad>
          </ns3:TrackPointExtension>
        </extensions>
      </trkpt>
      <trkpt lat="43.2043517567217350006103515625" lon="-109.6492361091077327728271484375">
        <ele>3571.800048828125</ele>
        <time>2017-09-03T15:59:43.000Z</time>
        <extensions>
          <ns3:TrackPointExtension>
            <ns3:atemp>25.0</ns3:atemp>
            <ns3:cad>0</ns3:cad>
          </ns3:TrackPointExtension>
        </extensions>
      </trkpt>
      <trkpt lat="43.2043696939945220947265625" lon="-109.64935236610472202301025390625">
        <ele>3571.199951171875</ele>
        <time>2017-09-03T15:59:57.000Z</time>
        <extensions>
          <ns3:TrackPointExtension>
            <ns3:atemp>25.0</ns3:atemp>
            <ns3:cad>0</ns3:cad>
          </ns3:TrackPointExtension>
        </extensions>
      </trkpt>
      <trkpt lat="43.20437304675579071044921875" lon="-109.6494583971798419952392578125">
        <ele>3572.800048828125</ele>
        <time>2017-09-03T16:00:18.000Z</time>
        <extensions>
          <ns3:TrackPointExtension>
            <ns3:atemp>25.0</ns3:atemp>
            <ns3:cad>61</ns3:cad>
          </ns3:TrackPointExtension>
        </extensions>
      </trkpt>
      <trkpt lat="43.20437908172607421875" lon="-109.6491935290396213531494140625">
        <ele>3574</ele>
        <time>2017-09-03T16:00:39.000Z</time>
        <extensions>
          <ns3:TrackPointExtension>
            <ns3:atemp>25.0</ns3:atemp>
            <ns3:cad>0</ns3:cad>
          </ns3:TrackPointExtension>
        </extensions>
      </trkpt>
      <trkpt lat="43.204376734793186187744140625" lon="-109.6493205986917018890380859375">
        <ele>3575</ele>
        <time>2017-09-03T16:00:49.000Z</time>
        <extensions>
          <ns3:TrackPointExtension>
            <ns3:atemp>25.0</ns3:atemp>
            <ns3:cad>0</ns3:cad>
          </ns3:TrackPointExtension>
        </extensions>
      </trkpt>
      <trkpt lat="43.20436055772006511688232421875" lon="-109.6495650149881839752197265625">
        <ele>3575</ele>
        <time>2017-09-03T16:00:54.000Z</time>
        <extensions>
          <ns3:TrackPointExtension>
            <ns3:atemp>25.0</ns3:atemp>
            <ns3:cad>0</ns3:cad>
          </ns3:TrackPointExtension>
        </extensions>
      </trkpt>
      <trkpt lat="43.204440437257289886474609375" lon="-109.649685211479663848876953125">
        <ele>3575.199951171875</ele>
        <time>2017-09-03T16:00:57.000Z</time>
        <extensions>
          <ns3:TrackPointExtension>
            <ns3:atemp>25.0</ns3:atemp>
            <ns3:cad>60</ns3:cad>
          </ns3:TrackPointExtension>
        </extensions>
      </trkpt>
      <trkpt lat="43.2044815085828304290771484375" lon="-109.64967255480587482452392578125">
        <ele>3575.199951171875</ele>
        <time>2017-09-03T16:00:59.000Z</time>
        <extensions>
          <ns3:TrackPointExtension>
            <ns3:atemp>25.0</ns3:atemp>
            <ns3:cad>0</ns3:cad>
          </ns3:TrackPointExtension>
        </extensions>
      </trkpt>
      <trkpt lat="43.20446533150970935821533203125" lon="-109.649593345820903778076171875">
        <ele>3575.39990234375</ele>
        <time>2017-09-03T16:01:04.000Z</time>
        <extensions>
          <ns3:TrackPointExtension>
            <ns3:atemp>26.0</ns3:atemp>
            <ns3:cad>0</ns3:cad>
          </ns3:TrackPointExtension>
        </extensions>
      </trkpt>
      <trkpt lat="43.204436413943767547607421875" lon="-109.64956794865429401397705078125">
        <ele>3576</ele>
        <time>2017-09-03T16:01:10.000Z</time>
        <extensions>
          <ns3:TrackPointExtension>
            <ns3:atemp>26.0</ns3:atemp>
            <ns3:cad>0</ns3:cad>
          </ns3:TrackPointExtension>
        </extensions>
      </trkpt>
      <trkpt lat="43.20441327989101409912109375" lon="-109.6495507657527923583984375">
        <ele>3577.199951171875</ele>
        <time>2017-09-03T16:01:26.000Z</time>
        <extensions>
          <ns3:TrackPointExtension>
            <ns3:atemp>26.0</ns3:atemp>
            <ns3:cad>0</ns3:cad>
          </ns3:TrackPointExtension>
        </extensions>
      </trkpt>
      <trkpt lat="43.2043670117855072021484375" lon="-109.6495445631444454193115234375">
        <ele>3578.39990234375</ele>
        <time>2017-09-03T16:01:48.000Z</time>
        <extensions>
          <ns3:TrackPointExtension>
            <ns3:atemp>26.0</ns3:atemp>
            <ns3:cad>0</ns3:cad>
          </ns3:TrackPointExtension>
        </extensions>
      </trkpt>
      <trkpt lat="43.2043624855577945709228515625" lon="-109.64958873577415943145751953125">
        <ele>3578.800048828125</ele>
        <time>2017-09-03T16:01:51.000Z</time>
        <extensions>
          <ns3:TrackPointExtension>
            <ns3:atemp>26.0</ns3:atemp>
            <ns3:cad>0</ns3:cad>
          </ns3:TrackPointExtension>
        </extensions>
      </trkpt>
      <trkpt lat="43.20436893962323665618896484375" lon="-109.64959996752440929412841796875">
        <ele>3579.39990234375</ele>
        <time>2017-09-03T16:02:00.000Z</time>
        <extensions>
          <ns3:TrackPointExtension>
            <ns3:atemp>26.0</ns3:atemp>
            <ns3:cad>0</ns3:cad>
          </ns3:TrackPointExtension>
        </extensions>
      </trkpt>
      <trkpt lat="43.20437698625028133392333984375" lon="-109.649630226194858551025390625">
        <ele>3579.39990234375</ele>
        <time>2017-09-03T16:02:09.000Z</time>
        <extensions>
          <ns3:TrackPointExtension>
            <ns3:atemp>26.0</ns3:atemp>
            <ns3:cad>0</ns3:cad>
          </ns3:TrackPointExtension>
        </extensions>
      </trkpt>
      <trkpt lat="43.20438201539218425750732421875" lon="-109.64971915818750858306884765625">
        <ele>3579.800048828125</ele>
        <time>2017-09-03T16:02:14.000Z</time>
        <extensions>
          <ns3:TrackPointExtension>
            <ns3:atemp>26.0</ns3:atemp>
            <ns3:cad>0</ns3:cad>
          </ns3:TrackPointExtension>
        </extensions>
      </trkpt>
      <trkpt lat="43.20439743809401988983154296875" lon="-109.649765007197856903076171875">
        <ele>3580.39990234375</ele>
        <time>2017-09-03T16:02:18.000Z</time>
        <extensions>
          <ns3:TrackPointExtension>
            <ns3:atemp>26.0</ns3:atemp>
            <ns3:cad>0</ns3:cad>
          </ns3:TrackPointExtension>
        </extensions>
      </trkpt>
      <trkpt lat="43.2044218294322490692138671875" lon="-109.6498094312846660614013671875">
        <ele>3581.60009765625</ele>
        <time>2017-09-03T16:02:27.000Z</time>
        <extensions>
          <ns3:TrackPointExtension>
            <ns3:atemp>26.0</ns3:atemp>
            <ns3:cad>0</ns3:cad>
          </ns3:TrackPointExtension>
        </extensions>
      </trkpt>
      <trkpt lat="43.20446667261421680450439453125" lon="-109.64973407797515392303466796875">
        <ele>3582.60009765625</ele>
        <time>2017-09-03T16:02:52.000Z</time>
        <extensions>
          <ns3:TrackPointExtension>
            <ns3:atemp>26.0</ns3:atemp>
            <ns3:cad>0</ns3:cad>
          </ns3:TrackPointExtension>
        </extensions>
      </trkpt>
      <trkpt lat="43.2045160420238971710205078125" lon="-109.64966970495879650115966796875">
        <ele>3583.60009765625</ele>
        <time>2017-09-03T16:03:30.000Z</time>
        <extensions>
          <ns3:TrackPointExtension>
            <ns3:atemp>26.0</ns3:atemp>
            <ns3:cad>0</ns3:cad>
          </ns3:TrackPointExtension>
        </extensions>
      </trkpt>
      <trkpt lat="43.20452584885060787200927734375" lon="-109.64974497444927692413330078125">
        <ele>3583.800048828125</ele>
        <time>2017-09-03T16:03:40.000Z</time>
        <extensions>
          <ns3:TrackPointExtension>
            <ns3:atemp>26.0</ns3:atemp>
            <ns3:cad>0</ns3:cad>
          </ns3:TrackPointExtension>
        </extensions>
      </trkpt>
      <trkpt lat="43.204549066722393035888671875" lon="-109.64979392476379871368408203125">
        <ele>3584</ele>
        <time>2017-09-03T16:04:22.000Z</time>
        <extensions>
          <ns3:TrackPointExtension>
            <ns3:atemp>27.0</ns3:atemp>
            <ns3:cad>0</ns3:cad>
          </ns3:TrackPointExtension>
        </extensions>
      </trkpt>
      <trkpt lat="43.2045981846749782562255859375" lon="-109.6495874784886837005615234375">
        <ele>3584.39990234375</ele>
        <time>2017-09-03T16:04:40.000Z</time>
        <extensions>
          <ns3:TrackPointExtension>
            <ns3:atemp>27.0</ns3:atemp>
            <ns3:cad>0</ns3:cad>
          </ns3:TrackPointExtension>
        </extensions>
      </trkpt>
      <trkpt lat="43.2046132721006870269775390625" lon="-109.6496339142322540283203125">
        <ele>3583</ele>
        <time>2017-09-03T16:04:57.000Z</time>
        <extensions>
          <ns3:TrackPointExtension>
            <ns3:atemp>27.0</ns3:atemp>
            <ns3:cad>61</ns3:cad>
          </ns3:TrackPointExtension>
        </extensions>
      </trkpt>
      <trkpt lat="43.2046471349895000457763671875" lon="-109.6496790088713169097900390625">
        <ele>3583.199951171875</ele>
        <time>2017-09-03T16:05:04.000Z</time>
        <extensions>
          <ns3:TrackPointExtension>
            <ns3:atemp>27.0</ns3:atemp>
            <ns3:cad>0</ns3:cad>
          </ns3:TrackPointExtension>
        </extensions>
      </trkpt>
      <trkpt lat="43.20465208031237125396728515625" lon="-109.6497358381748199462890625">
        <ele>3583.39990234375</ele>
        <time>2017-09-03T16:05:07.000Z</time>
        <extensions>
          <ns3:TrackPointExtension>
            <ns3:atemp>27.0</ns3:atemp>
            <ns3:cad>0</ns3:cad>
          </ns3:TrackPointExtension>
        </extensions>
      </trkpt>
      <trkpt lat="43.2046595402061939239501953125" lon="-109.64976173825562000274658203125">
        <ele>3583.39990234375</ele>
        <time>2017-09-03T16:05:09.000Z</time>
        <extensions>
          <ns3:TrackPointExtension>
            <ns3:atemp>27.0</ns3:atemp>
            <ns3:cad>0</ns3:cad>
          </ns3:TrackPointExtension>
        </extensions>
      </trkpt>
      <trkpt lat="43.20466943085193634033203125" lon="-109.64978135190904140472412109375">
        <ele>3583.60009765625</ele>
        <time>2017-09-03T16:05:11.000Z</time>
        <extensions>
          <ns3:TrackPointExtension>
            <ns3:atemp>27.0</ns3:atemp>
            <ns3:cad>0</ns3:cad>
          </ns3:TrackPointExtension>
        </extensions>
      </trkpt>
      <trkpt lat="43.204727433621883392333984375" lon="-109.6498726308345794677734375">
        <ele>3584.39990234375</ele>
        <time>2017-09-03T16:05:22.000Z</time>
        <extensions>
          <ns3:TrackPointExtension>
            <ns3:atemp>27.0</ns3:atemp>
            <ns3:cad>0</ns3:cad>
          </ns3:TrackPointExtension>
        </extensions>
      </trkpt>
      <trkpt lat="43.20474780164659023284912109375" lon="-109.64988327585160732269287109375">
        <ele>3584.60009765625</ele>
        <time>2017-09-03T16:05:27.000Z</time>
        <extensions>
          <ns3:TrackPointExtension>
            <ns3:atemp>27.0</ns3:atemp>
            <ns3:cad>0</ns3:cad>
          </ns3:TrackPointExtension>
        </extensions>
      </trkpt>
      <trkpt lat="43.2047564350068569183349609375" lon="-109.64987439103424549102783203125">
        <ele>3584.800048828125</ele>
        <time>2017-09-03T16:05:33.000Z</time>
        <extensions>
          <ns3:TrackPointExtension>
            <ns3:atemp>27.0</ns3:atemp>
            <ns3:cad>0</ns3:cad>
          </ns3:TrackPointExtension>
        </extensions>
      </trkpt>
      <trkpt lat="43.20477428846061229705810546875" lon="-109.6498033963143825531005859375">
        <ele>3585</ele>
        <time>2017-09-03T16:05:38.000Z</time>
        <extensions>
          <ns3:TrackPointExtension>
            <ns3:atemp>27.0</ns3:atemp>
            <ns3:cad>0</ns3:cad>
          </ns3:TrackPointExtension>
        </extensions>
      </trkpt>
      <trkpt lat="43.2047725282609462738037109375" lon="-109.649854861199855804443359375">
        <ele>3585.199951171875</ele>
        <time>2017-09-03T16:06:30.000Z</time>
        <extensions>
          <ns3:TrackPointExtension>
            <ns3:atemp>27.0</ns3:atemp>
            <ns3:cad>0</ns3:cad>
          </ns3:TrackPointExtension>
        </extensions>
      </trkpt>
      <trkpt lat="43.20479951798915863037109375" lon="-109.64974631555378437042236328125">
        <ele>3585.199951171875</ele>
        <time>2017-09-03T16:06:33.000Z</time>
        <extensions>
          <ns3:TrackPointExtension>
            <ns3:atemp>27.0</ns3:atemp>
            <ns3:cad>0</ns3:cad>
          </ns3:TrackPointExtension>
        </extensions>
      </trkpt>
      <trkpt lat="43.20485592819750308990478515625" lon="-109.6498141251504421234130859375">
        <ele>3585.800048828125</ele>
        <time>2017-09-03T16:06:50.000Z</time>
        <extensions>
          <ns3:TrackPointExtension>
            <ns3:atemp>27.0</ns3:atemp>
            <ns3:cad>0</ns3:cad>
          </ns3:TrackPointExtension>
        </extensions>
      </trkpt>
      <trkpt lat="43.204907141625881195068359375" lon="-109.649927951395511627197265625">
        <ele>3586.800048828125</ele>
        <time>2017-09-03T16:07:12.000Z</time>
        <extensions>
          <ns3:TrackPointExtension>
            <ns3:atemp>27.0</ns3:atemp>
            <ns3:cad>0</ns3:cad>
          </ns3:TrackPointExtension>
        </extensions>
      </trkpt>
      <trkpt lat="43.204902447760105133056640625" lon="-109.649969525635242462158203125">
        <ele>3586.800048828125</ele>
        <time>2017-09-03T16:07:14.000Z</time>
        <extensions>
          <ns3:TrackPointExtension>
            <ns3:atemp>27.0</ns3:atemp>
            <ns3:cad>0</ns3:cad>
          </ns3:TrackPointExtension>
        </extensions>
      </trkpt>
      <trkpt lat="43.2049716822803020477294921875" lon="-109.649928621947765350341796875">
        <ele>3587.60009765625</ele>
        <time>2017-09-03T16:07:32.000Z</time>
        <extensions>
          <ns3:TrackPointExtension>
            <ns3:atemp>27.0</ns3:atemp>
            <ns3:cad>0</ns3:cad>
          </ns3:TrackPointExtension>
        </extensions>
      </trkpt>
      <trkpt lat="43.20498584769666194915771484375" lon="-109.64993658475577831268310546875">
        <ele>3587.800048828125</ele>
        <time>2017-09-03T16:07:35.000Z</time>
        <extensions>
          <ns3:TrackPointExtension>
            <ns3:atemp>26.0</ns3:atemp>
            <ns3:cad>0</ns3:cad>
          </ns3:TrackPointExtension>
        </extensions>
      </trkpt>
      <trkpt lat="43.2050095684826374053955078125" lon="-109.6500059030950069427490234375">
        <ele>3588.800048828125</ele>
        <time>2017-09-03T16:07:55.000Z</time>
        <extensions>
          <ns3:TrackPointExtension>
            <ns3:atemp>26.0</ns3:atemp>
            <ns3:cad>0</ns3:cad>
          </ns3:TrackPointExtension>
        </extensions>
      </trkpt>
      <trkpt lat="43.20499640889465808868408203125" lon="-109.6499182283878326416015625">
        <ele>3587.800048828125</ele>
        <time>2017-09-03T16:08:07.000Z</time>
        <extensions>
          <ns3:TrackPointExtension>
            <ns3:atemp>26.0</ns3:atemp>
            <ns3:cad>0</ns3:cad>
          </ns3:TrackPointExtension>
        </extensions>
      </trkpt>
      <trkpt lat="43.2050102390348911285400390625" lon="-109.64991361834108829498291015625">
        <ele>3588.800048828125</ele>
        <time>2017-09-03T16:08:10.000Z</time>
        <extensions>
          <ns3:TrackPointExtension>
            <ns3:atemp>26.0</ns3:atemp>
            <ns3:cad>0</ns3:cad>
          </ns3:TrackPointExtension>
        </extensions>
      </trkpt>
      <trkpt lat="43.20502591319382190704345703125" lon="-109.6499343216419219970703125">
        <ele>3589</ele>
        <time>2017-09-03T16:08:13.000Z</time>
        <extensions>
          <ns3:TrackPointExtension>
            <ns3:atemp>26.0</ns3:atemp>
            <ns3:cad>0</ns3:cad>
          </ns3:TrackPointExtension>
        </extensions>
      </trkpt>
      <trkpt lat="43.20505139417946338653564453125" lon="-109.65007488615810871124267578125">
        <ele>3589.39990234375</ele>
        <time>2017-09-03T16:08:21.000Z</time>
        <extensions>
          <ns3:TrackPointExtension>
            <ns3:atemp>26.0</ns3:atemp>
            <ns3:cad>0</ns3:cad>
          </ns3:TrackPointExtension>
        </extensions>
      </trkpt>
      <trkpt lat="43.2051178626716136932373046875" lon="-109.65002241544425487518310546875">
        <ele>3589.800048828125</ele>
        <time>2017-09-03T16:08:35.000Z</time>
        <extensions>
          <ns3:TrackPointExtension>
            <ns3:atemp>26.0</ns3:atemp>
            <ns3:cad>61</ns3:cad>
          </ns3:TrackPointExtension>
        </extensions>
      </trkpt>
      <trkpt lat="43.205122053623199462890625" lon="-109.65003155171871185302734375">
        <ele>3589.800048828125</ele>
        <time>2017-09-03T16:08:37.000Z</time>
        <extensions>
          <ns3:TrackPointExtension>
            <ns3:atemp>26.0</ns3:atemp>
            <ns3:cad>0</ns3:cad>
          </ns3:TrackPointExtension>
        </extensions>
      </trkpt>
      <trkpt lat="43.2051319442689418792724609375" lon="-109.650075472891330718994140625">
        <ele>3591</ele>
        <time>2017-09-03T16:08:45.000Z</time>
        <extensions>
          <ns3:TrackPointExtension>
            <ns3:atemp>25.0</ns3:atemp>
            <ns3:cad>46</ns3:cad>
          </ns3:TrackPointExtension>
        </extensions>
      </trkpt>
      <trkpt lat="43.205135129392147064208984375" lon="-109.65008326806128025054931640625">
        <ele>3592</ele>
        <time>2017-09-03T16:08:55.000Z</time>
        <extensions>
          <ns3:TrackPointExtension>
            <ns3:atemp>25.0</ns3:atemp>
            <ns3:cad>0</ns3:cad>
          </ns3:TrackPointExtension>
        </extensions>
      </trkpt>
      <trkpt lat="43.205161280930042266845703125" lon="-109.65006566606462001800537109375">
        <ele>3591.39990234375</ele>
        <time>2017-09-03T16:09:24.000Z</time>
        <extensions>
          <ns3:TrackPointExtension>
            <ns3:atemp>25.0</ns3:atemp>
            <ns3:cad>0</ns3:cad>
          </ns3:TrackPointExtension>
        </extensions>
      </trkpt>
      <trkpt lat="43.205148875713348388671875" lon="-109.65013959445059299468994140625">
        <ele>3593</ele>
        <time>2017-09-03T16:09:44.000Z</time>
        <extensions>
          <ns3:TrackPointExtension>
            <ns3:atemp>25.0</ns3:atemp>
            <ns3:cad>61</ns3:cad>
          </ns3:TrackPointExtension>
        </extensions>
      </trkpt>
      <trkpt lat="43.20521517656743526458740234375" lon="-109.65015417896211147308349609375">
        <ele>3593.800048828125</ele>
        <time>2017-09-03T16:10:17.000Z</time>
        <extensions>
          <ns3:TrackPointExtension>
            <ns3:atemp>25.0</ns3:atemp>
            <ns3:cad>0</ns3:cad>
          </ns3:TrackPointExtension>
        </extensions>
      </trkpt>
      <trkpt lat="43.2052167691290378570556640625" lon="-109.65015283785760402679443359375">
        <ele>3594</ele>
        <time>2017-09-03T16:10:18.000Z</time>
        <extensions>
          <ns3:TrackPointExtension>
            <ns3:atemp>25.0</ns3:atemp>
            <ns3:cad>0</ns3:cad>
          </ns3:TrackPointExtension>
        </extensions>
      </trkpt>
      <trkpt lat="43.20521199144423007965087890625" lon="-109.65018804185092449188232421875">
        <ele>3595</ele>
        <time>2017-09-03T16:10:28.000Z</time>
        <extensions>
          <ns3:TrackPointExtension>
            <ns3:atemp>25.0</ns3:atemp>
            <ns3:cad>0</ns3:cad>
          </ns3:TrackPointExtension>
        </extensions>
      </trkpt>
      <trkpt lat="43.2053487002849578857421875" lon="-109.6502758003771305084228515625">
        <ele>3596.199951171875</ele>
        <time>2017-09-03T16:11:04.000Z</time>
        <extensions>
          <ns3:TrackPointExtension>
            <ns3:atemp>26.0</ns3:atemp>
            <ns3:cad>0</ns3:cad>
          </ns3:TrackPointExtension>
        </extensions>
      </trkpt>
      <trkpt lat="43.205367811024188995361328125" lon="-109.65026624500751495361328125">
        <ele>3594.60009765625</ele>
        <time>2017-09-03T16:11:22.000Z</time>
        <extensions>
          <ns3:TrackPointExtension>
            <ns3:atemp>26.0</ns3:atemp>
            <ns3:cad>61</ns3:cad>
          </ns3:TrackPointExtension>
        </extensions>
      </trkpt>
      <trkpt lat="43.20537409745156764984130859375" lon="-109.65026968158781528472900390625">
        <ele>3595.800048828125</ele>
        <time>2017-09-03T16:11:24.000Z</time>
        <extensions>
          <ns3:TrackPointExtension>
            <ns3:atemp>26.0</ns3:atemp>
            <ns3:cad>61</ns3:cad>
          </ns3:TrackPointExtension>
        </extensions>
      </trkpt>
      <trkpt lat="43.20537107996642589569091796875" lon="-109.6502695977687835693359375">
        <ele>3594.800048828125</ele>
        <time>2017-09-03T16:11:28.000Z</time>
        <extensions>
          <ns3:TrackPointExtension>
            <ns3:atemp>26.0</ns3:atemp>
            <ns3:cad>0</ns3:cad>
          </ns3:TrackPointExtension>
        </extensions>
      </trkpt>
      <trkpt lat="43.20541248656809329986572265625" lon="-109.65033824555575847625732421875">
        <ele>3595.800048828125</ele>
        <time>2017-09-03T16:11:52.000Z</time>
        <extensions>
          <ns3:TrackPointExtension>
            <ns3:atemp>26.0</ns3:atemp>
            <ns3:cad>0</ns3:cad>
          </ns3:TrackPointExtension>
        </extensions>
      </trkpt>
      <trkpt lat="43.2054058648645877838134765625" lon="-109.6503482200205326080322265625">
        <ele>3596.800048828125</ele>
        <time>2017-09-03T16:11:58.000Z</time>
        <extensions>
          <ns3:TrackPointExtension>
            <ns3:atemp>26.0</ns3:atemp>
            <ns3:cad>0</ns3:cad>
          </ns3:TrackPointExtension>
        </extensions>
      </trkpt>
      <trkpt lat="43.20544953458011150360107421875" lon="-109.6505245752632617950439453125">
        <ele>3600.199951171875</ele>
        <time>2017-09-03T16:13:05.000Z</time>
        <extensions>
          <ns3:TrackPointExtension>
            <ns3:atemp>26.0</ns3:atemp>
            <ns3:cad>0</ns3:cad>
          </ns3:TrackPointExtension>
        </extensions>
      </trkpt>
      <trkpt lat="43.20547870360314846038818359375" lon="-109.65047470293939113616943359375">
        <ele>3600.199951171875</ele>
        <time>2017-09-03T16:13:58.000Z</time>
        <extensions>
          <ns3:TrackPointExtension>
            <ns3:atemp>26.0</ns3:atemp>
            <ns3:cad>61</ns3:cad>
          </ns3:TrackPointExtension>
        </extensions>
      </trkpt>
      <trkpt lat="43.2055282406508922576904296875" lon="-109.6504984237253665924072265625">
        <ele>3599.199951171875</ele>
        <time>2017-09-03T16:14:11.000Z</time>
        <extensions>
          <ns3:TrackPointExtension>
            <ns3:atemp>26.0</ns3:atemp>
            <ns3:cad>0</ns3:cad>
          </ns3:TrackPointExtension>
        </extensions>
      </trkpt>
      <trkpt lat="43.20557844825088977813720703125" lon="-109.6504531614482402801513671875">
        <ele>3598.199951171875</ele>
        <time>2017-09-03T16:14:32.000Z</time>
        <extensions>
          <ns3:TrackPointExtension>
            <ns3:atemp>26.0</ns3:atemp>
            <ns3:cad>61</ns3:cad>
          </ns3:TrackPointExtension>
        </extensions>
      </trkpt>
      <trkpt lat="43.20562270469963550567626953125" lon="-109.65042776428163051605224609375">
        <ele>3597.199951171875</ele>
        <time>2017-09-03T16:14:45.000Z</time>
        <extensions>
          <ns3:TrackPointExtension>
            <ns3:atemp>27.0</ns3:atemp>
            <ns3:cad>0</ns3:cad>
          </ns3:TrackPointExtension>
        </extensions>
      </trkpt>
      <trkpt lat="43.2056217826902866363525390625" lon="-109.6504072286188602447509765625">
        <ele>3596</ele>
        <time>2017-09-03T16:14:55.000Z</time>
        <extensions>
          <ns3:TrackPointExtension>
            <ns3:atemp>27.0</ns3:atemp>
            <ns3:cad>0</ns3:cad>
          </ns3:TrackPointExtension>
        </extensions>
      </trkpt>
      <trkpt lat="43.2056348584592342376708984375" lon="-109.65037562884390354156494140625">
        <ele>3594.800048828125</ele>
        <time>2017-09-03T16:15:03.000Z</time>
        <extensions>
          <ns3:TrackPointExtension>
            <ns3:atemp>27.0</ns3:atemp>
            <ns3:cad>0</ns3:cad>
          </ns3:TrackPointExtension>
        </extensions>
      </trkpt>
      <trkpt lat="43.20560795255005359649658203125" lon="-109.650351740419864654541015625">
        <ele>3593.800048828125</ele>
        <time>2017-09-03T16:15:11.000Z</time>
        <extensions>
          <ns3:TrackPointExtension>
            <ns3:atemp>27.0</ns3:atemp>
            <ns3:cad>0</ns3:cad>
          </ns3:TrackPointExtension>
        </extensions>
      </trkpt>
      <trkpt lat="43.205631673336029052734375" lon="-109.6503438614308834075927734375">
        <ele>3592.800048828125</ele>
        <time>2017-09-03T16:15:21.000Z</time>
        <extensions>
          <ns3:TrackPointExtension>
            <ns3:atemp>27.0</ns3:atemp>
            <ns3:cad>0</ns3:cad>
          </ns3:TrackPointExtension>
        </extensions>
      </trkpt>
      <trkpt lat="43.20561717264354228973388671875" lon="-109.6503220684826374053955078125">
        <ele>3591.800048828125</ele>
        <time>2017-09-03T16:15:30.000Z</time>
        <extensions>
          <ns3:TrackPointExtension>
            <ns3:atemp>27.0</ns3:atemp>
            <ns3:cad>0</ns3:cad>
          </ns3:TrackPointExtension>
        </extensions>
      </trkpt>
      <trkpt lat="43.2056442461907863616943359375" lon="-109.65028359554708003997802734375">
        <ele>3590.60009765625</ele>
        <time>2017-09-03T16:15:40.000Z</time>
        <extensions>
          <ns3:TrackPointExtension>
            <ns3:atemp>27.0</ns3:atemp>
            <ns3:cad>61</ns3:cad>
          </ns3:TrackPointExtension>
        </extensions>
      </trkpt>
      <trkpt lat="43.205642737448215484619140625" lon="-109.65027554892003536224365234375">
        <ele>3590.39990234375</ele>
        <time>2017-09-03T16:15:42.000Z</time>
        <extensions>
          <ns3:TrackPointExtension>
            <ns3:atemp>27.0</ns3:atemp>
            <ns3:cad>0</ns3:cad>
          </ns3:TrackPointExtension>
        </extensions>
      </trkpt>
      <trkpt lat="43.20565572939813137054443359375" lon="-109.65025283396244049072265625">
        <ele>3589.60009765625</ele>
        <time>2017-09-03T16:15:49.000Z</time>
        <extensions>
          <ns3:TrackPointExtension>
            <ns3:atemp>27.0</ns3:atemp>
            <ns3:cad>0</ns3:cad>
          </ns3:TrackPointExtension>
        </extensions>
      </trkpt>
      <trkpt lat="43.20567123591899871826171875" lon="-109.65024269185960292816162109375">
        <ele>3588.60009765625</ele>
        <time>2017-09-03T16:16:06.000Z</time>
        <extensions>
          <ns3:TrackPointExtension>
            <ns3:atemp>27.0</ns3:atemp>
            <ns3:cad>0</ns3:cad>
          </ns3:TrackPointExtension>
        </extensions>
      </trkpt>
      <trkpt lat="43.2056931965053081512451171875" lon="-109.65022408403456211090087890625">
        <ele>3588.199951171875</ele>
        <time>2017-09-03T16:16:10.000Z</time>
        <extensions>
          <ns3:TrackPointExtension>
            <ns3:atemp>27.0</ns3:atemp>
            <ns3:cad>61</ns3:cad>
          </ns3:TrackPointExtension>
        </extensions>
      </trkpt>
      <trkpt lat="43.2057002373039722442626953125" lon="-109.65020363219082355499267578125">
        <ele>3587.60009765625</ele>
        <time>2017-09-03T16:16:14.000Z</time>
        <extensions>
          <ns3:TrackPointExtension>
            <ns3:atemp>27.0</ns3:atemp>
            <ns3:cad>0</ns3:cad>
          </ns3:TrackPointExtension>
        </extensions>
      </trkpt>
      <trkpt lat="43.2057106308639049530029296875" lon="-109.65020581148564815521240234375">
        <ele>3587.39990234375</ele>
        <time>2017-09-03T16:16:16.000Z</time>
        <extensions>
          <ns3:TrackPointExtension>
            <ns3:atemp>27.0</ns3:atemp>
            <ns3:cad>0</ns3:cad>
          </ns3:TrackPointExtension>
        </extensions>
      </trkpt>
      <trkpt lat="43.20573586039245128631591796875" lon="-109.650193154811859130859375">
        <ele>3586.39990234375</ele>
        <time>2017-09-03T16:16:22.000Z</time>
        <extensions>
          <ns3:TrackPointExtension>
            <ns3:atemp>27.0</ns3:atemp>
            <ns3:cad>0</ns3:cad>
          </ns3:TrackPointExtension>
        </extensions>
      </trkpt>
      <trkpt lat="43.2057361118495464324951171875" lon="-109.65014864690601825714111328125">
        <ele>3585.199951171875</ele>
        <time>2017-09-03T16:16:29.000Z</time>
        <extensions>
          <ns3:TrackPointExtension>
            <ns3:atemp>27.0</ns3:atemp>
            <ns3:cad>0</ns3:cad>
          </ns3:TrackPointExtension>
        </extensions>
      </trkpt>
      <trkpt lat="43.20572890341281890869140625" lon="-109.65010589919984340667724609375">
        <ele>3584.199951171875</ele>
        <time>2017-09-03T16:16:34.000Z</time>
        <extensions>
          <ns3:TrackPointExtension>
            <ns3:atemp>27.0</ns3:atemp>
            <ns3:cad>61</ns3:cad>
          </ns3:TrackPointExtension>
        </extensions>
      </trkpt>
      <trkpt lat="43.20574700832366943359375" lon="-109.65007983148097991943359375">
        <ele>3583</ele>
        <time>2017-09-03T16:16:40.000Z</time>
        <extensions>
          <ns3:TrackPointExtension>
            <ns3:atemp>27.0</ns3:atemp>
            <ns3:cad>0</ns3:cad>
          </ns3:TrackPointExtension>
        </extensions>
      </trkpt>
      <trkpt lat="43.20575094781816005706787109375" lon="-109.65004001744091510772705078125">
        <ele>3581.800048828125</ele>
        <time>2017-09-03T16:16:49.000Z</time>
        <extensions>
          <ns3:TrackPointExtension>
            <ns3:atemp>27.0</ns3:atemp>
            <ns3:cad>0</ns3:cad>
          </ns3:TrackPointExtension>
        </extensions>
      </trkpt>
      <trkpt lat="43.205774165689945220947265625" lon="-109.6500119380652904510498046875">
        <ele>3580.800048828125</ele>
        <time>2017-09-03T16:16:54.000Z</time>
        <extensions>
          <ns3:TrackPointExtension>
            <ns3:atemp>27.0</ns3:atemp>
            <ns3:cad>61</ns3:cad>
          </ns3:TrackPointExtension>
        </extensions>
      </trkpt>
      <trkpt lat="43.20579000748693943023681640625" lon="-109.65000363998115062713623046875">
        <ele>3580.60009765625</ele>
        <time>2017-09-03T16:16:55.000Z</time>
        <extensions>
          <ns3:TrackPointExtension>
            <ns3:atemp>27.0</ns3:atemp>
            <ns3:cad>61</ns3:cad>
          </ns3:TrackPointExtension>
        </extensions>
      </trkpt>
      <trkpt lat="43.20579419843852519989013671875" lon="-109.64998519979417324066162109375">
        <ele>3580.199951171875</ele>
        <time>2017-09-03T16:16:57.000Z</time>
        <extensions>
          <ns3:TrackPointExtension>
            <ns3:atemp>28.0</ns3:atemp>
            <ns3:cad>61</ns3:cad>
          </ns3:TrackPointExtension>
        </extensions>
      </trkpt>
      <trkpt lat="43.2058046758174896240234375" lon="-109.64996441267430782318115234375">
        <ele>3579.800048828125</ele>
        <time>2017-09-03T16:16:59.000Z</time>
        <extensions>
          <ns3:TrackPointExtension>
            <ns3:atemp>28.0</ns3:atemp>
            <ns3:cad>61</ns3:cad>
          </ns3:TrackPointExtension>
        </extensions>
      </trkpt>
      <trkpt lat="43.20580668747425079345703125" lon="-109.64993809349834918975830078125">
        <ele>3579.60009765625</ele>
        <time>2017-09-03T16:17:01.000Z</time>
        <extensions>
          <ns3:TrackPointExtension>
            <ns3:atemp>28.0</ns3:atemp>
            <ns3:cad>61</ns3:cad>
          </ns3:TrackPointExtension>
        </extensions>
      </trkpt>
      <trkpt lat="43.2058060169219970703125" lon="-109.6499163843691349029541015625">
        <ele>3579.199951171875</ele>
        <time>2017-09-03T16:17:03.000Z</time>
        <extensions>
          <ns3:TrackPointExtension>
            <ns3:atemp>28.0</ns3:atemp>
            <ns3:cad>61</ns3:cad>
          </ns3:TrackPointExtension>
        </extensions>
      </trkpt>
      <trkpt lat="43.205817081034183502197265625" lon="-109.6498966030776500701904296875">
        <ele>3578.199951171875</ele>
        <time>2017-09-03T16:17:06.000Z</time>
        <extensions>
          <ns3:TrackPointExtension>
            <ns3:atemp>28.0</ns3:atemp>
            <ns3:cad>61</ns3:cad>
          </ns3:TrackPointExtension>
        </extensions>
      </trkpt>
      <trkpt lat="43.2058249600231647491455078125" lon="-109.649891071021556854248046875">
        <ele>3577.60009765625</ele>
        <time>2017-09-03T16:17:09.000Z</time>
        <extensions>
          <ns3:TrackPointExtension>
            <ns3:atemp>28.0</ns3:atemp>
            <ns3:cad>61</ns3:cad>
          </ns3:TrackPointExtension>
        </extensions>
      </trkpt>
      <trkpt lat="43.2058427296578884124755859375" lon="-109.64987992309033870697021484375">
        <ele>3577.199951171875</ele>
        <time>2017-09-03T16:17:11.000Z</time>
        <extensions>
          <ns3:TrackPointExtension>
            <ns3:atemp>28.0</ns3:atemp>
            <ns3:cad>61</ns3:cad>
          </ns3:TrackPointExtension>
        </extensions>
      </trkpt>
      <trkpt lat="43.205862678587436676025390625" lon="-109.64984807185828685760498046875">
        <ele>3576.199951171875</ele>
        <time>2017-09-03T16:17:15.000Z</time>
        <extensions>
          <ns3:TrackPointExtension>
            <ns3:atemp>28.0</ns3:atemp>
            <ns3:cad>51</ns3:cad>
          </ns3:TrackPointExtension>
        </extensions>
      </trkpt>
      <trkpt lat="43.20585974492132663726806640625" lon="-109.649828374385833740234375">
        <ele>3576</ele>
        <time>2017-09-03T16:17:17.000Z</time>
        <extensions>
          <ns3:TrackPointExtension>
            <ns3:atemp>28.0</ns3:atemp>
            <ns3:cad>51</ns3:cad>
          </ns3:TrackPointExtension>
        </extensions>
      </trkpt>
      <trkpt lat="43.20585739798843860626220703125" lon="-109.64981538243591785430908203125">
        <ele>3575.39990234375</ele>
        <time>2017-09-03T16:17:19.000Z</time>
        <extensions>
          <ns3:TrackPointExtension>
            <ns3:atemp>28.0</ns3:atemp>
            <ns3:cad>51</ns3:cad>
          </ns3:TrackPointExtension>
        </extensions>
      </trkpt>
      <trkpt lat="43.2058812864124774932861328125" lon="-109.6497976966202259063720703125">
        <ele>3574.800048828125</ele>
        <time>2017-09-03T16:17:22.000Z</time>
        <extensions>
          <ns3:TrackPointExtension>
            <ns3:atemp>28.0</ns3:atemp>
            <ns3:cad>51</ns3:cad>
          </ns3:TrackPointExtension>
        </extensions>
      </trkpt>
      <trkpt lat="43.20588304661214351654052734375" lon="-109.64979224838316440582275390625">
        <ele>3574.60009765625</ele>
        <time>2017-09-03T16:17:23.000Z</time>
        <extensions>
          <ns3:TrackPointExtension>
            <ns3:atemp>28.0</ns3:atemp>
            <ns3:cad>0</ns3:cad>
          </ns3:TrackPointExtension>
        </extensions>
      </trkpt>
      <trkpt lat="43.20587282069027423858642578125" lon="-109.6497500874102115631103515625">
        <ele>3573.60009765625</ele>
        <time>2017-09-03T16:17:28.000Z</time>
        <extensions>
          <ns3:TrackPointExtension>
            <ns3:atemp>28.0</ns3:atemp>
            <ns3:cad>0</ns3:cad>
          </ns3:TrackPointExtension>
        </extensions>
      </trkpt>
      <trkpt lat="43.20587231777608394622802734375" lon="-109.649730809032917022705078125">
        <ele>3572.800048828125</ele>
        <time>2017-09-03T16:17:31.000Z</time>
        <extensions>
          <ns3:TrackPointExtension>
            <ns3:atemp>28.0</ns3:atemp>
            <ns3:cad>0</ns3:cad>
          </ns3:TrackPointExtension>
        </extensions>
      </trkpt>
      <trkpt lat="43.20586980320513248443603515625" lon="-109.64971614070236682891845703125">
        <ele>3572.39990234375</ele>
        <time>2017-09-03T16:17:33.000Z</time>
        <extensions>
          <ns3:TrackPointExtension>
            <ns3:atemp>28.0</ns3:atemp>
            <ns3:cad>0</ns3:cad>
          </ns3:TrackPointExtension>
        </extensions>
      </trkpt>
      <trkpt lat="43.20587868802249431610107421875" lon="-109.6497105248272418975830078125">
        <ele>3572.199951171875</ele>
        <time>2017-09-03T16:17:35.000Z</time>
        <extensions>
          <ns3:TrackPointExtension>
            <ns3:atemp>28.0</ns3:atemp>
            <ns3:cad>0</ns3:cad>
          </ns3:TrackPointExtension>
        </extensions>
      </trkpt>
      <trkpt lat="43.20590592920780181884765625" lon="-109.64969987981021404266357421875">
        <ele>3571.39990234375</ele>
        <time>2017-09-03T16:17:39.000Z</time>
        <extensions>
          <ns3:TrackPointExtension>
            <ns3:atemp>28.0</ns3:atemp>
            <ns3:cad>0</ns3:cad>
          </ns3:TrackPointExtension>
        </extensions>
      </trkpt>
      <trkpt lat="43.2059107907116413116455078125" lon="-109.64969501830637454986572265625">
        <ele>3571.199951171875</ele>
        <time>2017-09-03T16:17:40.000Z</time>
        <extensions>
          <ns3:TrackPointExtension>
            <ns3:atemp>28.0</ns3:atemp>
            <ns3:cad>0</ns3:cad>
          </ns3:TrackPointExtension>
        </extensions>
      </trkpt>
      <trkpt lat="43.2059121318161487579345703125" lon="-109.6496867202222347259521484375">
        <ele>3571</ele>
        <time>2017-09-03T16:17:42.000Z</time>
        <extensions>
          <ns3:TrackPointExtension>
            <ns3:atemp>28.0</ns3:atemp>
            <ns3:cad>0</ns3:cad>
          </ns3:TrackPointExtension>
        </extensions>
      </trkpt>
      <trkpt lat="43.20589520037174224853515625" lon="-109.64967624284327030181884765625">
        <ele>3570.39990234375</ele>
        <time>2017-09-03T16:17:44.000Z</time>
        <extensions>
          <ns3:TrackPointExtension>
            <ns3:atemp>28.0</ns3:atemp>
            <ns3:cad>0</ns3:cad>
          </ns3:TrackPointExtension>
        </extensions>
      </trkpt>
      <trkpt lat="43.20588983595371246337890625" lon="-109.649626873433589935302734375">
        <ele>3569.39990234375</ele>
        <time>2017-09-03T16:17:48.000Z</time>
        <extensions>
          <ns3:TrackPointExtension>
            <ns3:atemp>28.0</ns3:atemp>
            <ns3:cad>0</ns3:cad>
          </ns3:TrackPointExtension>
        </extensions>
      </trkpt>
      <trkpt lat="43.20588706992566585540771484375" lon="-109.64961715042591094970703125">
        <ele>3569.199951171875</ele>
        <time>2017-09-03T16:17:49.000Z</time>
        <extensions>
          <ns3:TrackPointExtension>
            <ns3:atemp>28.0</ns3:atemp>
            <ns3:cad>49</ns3:cad>
          </ns3:TrackPointExtension>
        </extensions>
      </trkpt>
      <trkpt lat="43.205889500677585601806640625" lon="-109.64955956675112247467041015625">
        <ele>3568.800048828125</ele>
        <time>2017-09-03T16:17:54.000Z</time>
        <extensions>
          <ns3:TrackPointExtension>
            <ns3:atemp>28.0</ns3:atemp>
            <ns3:cad>52</ns3:cad>
          </ns3:TrackPointExtension>
        </extensions>
      </trkpt>
      <trkpt lat="43.20589520037174224853515625" lon="-109.64954473078250885009765625">
        <ele>3568.199951171875</ele>
        <time>2017-09-03T16:17:56.000Z</time>
        <extensions>
          <ns3:TrackPointExtension>
            <ns3:atemp>28.0</ns3:atemp>
            <ns3:cad>54</ns3:cad>
          </ns3:TrackPointExtension>
        </extensions>
      </trkpt>
      <trkpt lat="43.2059131376445293426513671875" lon="-109.6495298109948635101318359375">
        <ele>3567.60009765625</ele>
        <time>2017-09-03T16:17:58.000Z</time>
        <extensions>
          <ns3:TrackPointExtension>
            <ns3:atemp>28.0</ns3:atemp>
            <ns3:cad>54</ns3:cad>
          </ns3:TrackPointExtension>
        </extensions>
      </trkpt>
      <trkpt lat="43.205929733812808990478515625" lon="-109.64951681904494762420654296875">
        <ele>3567.199951171875</ele>
        <time>2017-09-03T16:18:00.000Z</time>
        <extensions>
          <ns3:TrackPointExtension>
            <ns3:atemp>28.0</ns3:atemp>
            <ns3:cad>54</ns3:cad>
          </ns3:TrackPointExtension>
        </extensions>
      </trkpt>
      <trkpt lat="43.2059597410261631011962890625" lon="-109.64948697946965694427490234375">
        <ele>3566.60009765625</ele>
        <time>2017-09-03T16:18:03.000Z</time>
        <extensions>
          <ns3:TrackPointExtension>
            <ns3:atemp>28.0</ns3:atemp>
            <ns3:cad>56</ns3:cad>
          </ns3:TrackPointExtension>
        </extensions>
      </trkpt>
      <trkpt lat="43.20599620230495929718017578125" lon="-109.64944817125797271728515625">
        <ele>3566</ele>
        <time>2017-09-03T16:18:06.000Z</time>
        <extensions>
          <ns3:TrackPointExtension>
            <ns3:atemp>28.0</ns3:atemp>
            <ns3:cad>56</ns3:cad>
          </ns3:TrackPointExtension>
        </extensions>
      </trkpt>
      <trkpt lat="43.20600441657006740570068359375" lon="-109.64943752624094486236572265625">
        <ele>3565.800048828125</ele>
        <time>2017-09-03T16:18:07.000Z</time>
        <extensions>
          <ns3:TrackPointExtension>
            <ns3:atemp>28.0</ns3:atemp>
            <ns3:cad>51</ns3:cad>
          </ns3:TrackPointExtension>
        </extensions>
      </trkpt>
      <trkpt lat="43.20602134801447391510009765625" lon="-109.6493936888873577117919921875">
        <ele>3564.800048828125</ele>
        <time>2017-09-03T16:18:11.000Z</time>
        <extensions>
          <ns3:TrackPointExtension>
            <ns3:atemp>28.0</ns3:atemp>
            <ns3:cad>46</ns3:cad>
          </ns3:TrackPointExtension>
        </extensions>
      </trkpt>
      <trkpt lat="43.20602595806121826171875" lon="-109.649319089949131011962890625">
        <ele>3563.60009765625</ele>
        <time>2017-09-03T16:18:18.000Z</time>
        <extensions>
          <ns3:TrackPointExtension>
            <ns3:atemp>28.0</ns3:atemp>
            <ns3:cad>56</ns3:cad>
          </ns3:TrackPointExtension>
        </extensions>
      </trkpt>
      <trkpt lat="43.20603140629827976226806640625" lon="-109.64927609078586101531982421875">
        <ele>3562.60009765625</ele>
        <time>2017-09-03T16:18:22.000Z</time>
        <extensions>
          <ns3:TrackPointExtension>
            <ns3:atemp>28.0</ns3:atemp>
            <ns3:cad>58</ns3:cad>
          </ns3:TrackPointExtension>
        </extensions>
      </trkpt>
      <trkpt lat="43.20603157393634319305419921875" lon="-109.6492713131010532379150390625">
        <ele>3562.39990234375</ele>
        <time>2017-09-03T16:18:23.000Z</time>
        <extensions>
          <ns3:TrackPointExtension>
            <ns3:atemp>28.0</ns3:atemp>
            <ns3:cad>0</ns3:cad>
          </ns3:TrackPointExtension>
        </extensions>
      </trkpt>
      <trkpt lat="43.2060522772371768951416015625" lon="-109.6492421440780162811279296875">
        <ele>3561.800048828125</ele>
        <time>2017-09-03T16:18:26.000Z</time>
        <extensions>
          <ns3:TrackPointExtension>
            <ns3:atemp>28.0</ns3:atemp>
            <ns3:cad>0</ns3:cad>
          </ns3:TrackPointExtension>
        </extensions>
      </trkpt>
      <trkpt lat="43.20607365109026432037353515625" lon="-109.6492183394730091094970703125">
        <ele>3561.60009765625</ele>
        <time>2017-09-03T16:18:28.000Z</time>
        <extensions>
          <ns3:TrackPointExtension>
            <ns3:atemp>28.0</ns3:atemp>
            <ns3:cad>0</ns3:cad>
          </ns3:TrackPointExtension>
        </extensions>
      </trkpt>
      <trkpt lat="43.20608161389827728271484375" lon="-109.64919361285865306854248046875">
        <ele>3561.199951171875</ele>
        <time>2017-09-03T16:18:30.000Z</time>
        <extensions>
          <ns3:TrackPointExtension>
            <ns3:atemp>28.0</ns3:atemp>
            <ns3:cad>61</ns3:cad>
          </ns3:TrackPointExtension>
        </extensions>
      </trkpt>
      <trkpt lat="43.206083290278911590576171875" lon="-109.649176932871341705322265625">
        <ele>3560.800048828125</ele>
        <time>2017-09-03T16:18:32.000Z</time>
        <extensions>
          <ns3:TrackPointExtension>
            <ns3:atemp>28.0</ns3:atemp>
            <ns3:cad>61</ns3:cad>
          </ns3:TrackPointExtension>
        </extensions>
      </trkpt>
      <trkpt lat="43.206099383533000946044921875" lon="-109.64916561730206012725830078125">
        <ele>3560.199951171875</ele>
        <time>2017-09-03T16:18:35.000Z</time>
        <extensions>
          <ns3:TrackPointExtension>
            <ns3:atemp>28.0</ns3:atemp>
            <ns3:cad>61</ns3:cad>
          </ns3:TrackPointExtension>
        </extensions>
      </trkpt>
      <trkpt lat="43.206144981086254119873046875" lon="-109.64915673248469829559326171875">
        <ele>3559</ele>
        <time>2017-09-03T16:18:41.000Z</time>
        <extensions>
          <ns3:TrackPointExtension>
            <ns3:atemp>28.0</ns3:atemp>
            <ns3:cad>61</ns3:cad>
          </ns3:TrackPointExtension>
        </extensions>
      </trkpt>
      <trkpt lat="43.20615001022815704345703125" lon="-109.649158827960491180419921875">
        <ele>3558.800048828125</ele>
        <time>2017-09-03T16:18:42.000Z</time>
        <extensions>
          <ns3:TrackPointExtension>
            <ns3:atemp>28.0</ns3:atemp>
            <ns3:cad>61</ns3:cad>
          </ns3:TrackPointExtension>
        </extensions>
      </trkpt>
      <trkpt lat="43.2061900757253170013427734375" lon="-109.649162180721759796142578125">
        <ele>3557.800048828125</ele>
        <time>2017-09-03T16:18:49.000Z</time>
        <extensions>
          <ns3:TrackPointExtension>
            <ns3:atemp>28.0</ns3:atemp>
            <ns3:cad>61</ns3:cad>
          </ns3:TrackPointExtension>
        </extensions>
      </trkpt>
      <trkpt lat="43.2062101922929286956787109375" lon="-109.64915907941758632659912109375">
        <ele>3557.39990234375</ele>
        <time>2017-09-03T16:18:51.000Z</time>
        <extensions>
          <ns3:TrackPointExtension>
            <ns3:atemp>28.0</ns3:atemp>
            <ns3:cad>61</ns3:cad>
          </ns3:TrackPointExtension>
        </extensions>
      </trkpt>
      <trkpt lat="43.20622469298541545867919921875" lon="-109.64913904666900634765625">
        <ele>3557</ele>
        <time>2017-09-03T16:18:53.000Z</time>
        <extensions>
          <ns3:TrackPointExtension>
            <ns3:atemp>28.0</ns3:atemp>
            <ns3:cad>61</ns3:cad>
          </ns3:TrackPointExtension>
        </extensions>
      </trkpt>
      <trkpt lat="43.20623793639242649078369140625" lon="-109.6491318382322788238525390625">
        <ele>3556.800048828125</ele>
        <time>2017-09-03T16:18:56.000Z</time>
        <extensions>
          <ns3:TrackPointExtension>
            <ns3:atemp>28.0</ns3:atemp>
            <ns3:cad>61</ns3:cad>
          </ns3:TrackPointExtension>
        </extensions>
      </trkpt>
      <trkpt lat="43.20624397136270999908447265625" lon="-109.6491335146129131317138671875">
        <ele>3556.800048828125</ele>
        <time>2017-09-03T16:18:57.000Z</time>
        <extensions>
          <ns3:TrackPointExtension>
            <ns3:atemp>28.0</ns3:atemp>
            <ns3:cad>61</ns3:cad>
          </ns3:TrackPointExtension>
        </extensions>
      </trkpt>
      <trkpt lat="43.20624791085720062255859375" lon="-109.649138711392879486083984375">
        <ele>3556.60009765625</ele>
        <time>2017-09-03T16:18:58.000Z</time>
        <extensions>
          <ns3:TrackPointExtension>
            <ns3:atemp>28.0</ns3:atemp>
            <ns3:cad>61</ns3:cad>
          </ns3:TrackPointExtension>
        </extensions>
      </trkpt>
      <trkpt lat="43.20627917535603046417236328125" lon="-109.64911314658820629119873046875">
        <ele>3555.60009765625</ele>
        <time>2017-09-03T16:19:03.000Z</time>
        <extensions>
          <ns3:TrackPointExtension>
            <ns3:atemp>28.0</ns3:atemp>
            <ns3:cad>61</ns3:cad>
          </ns3:TrackPointExtension>
        </extensions>
      </trkpt>
      <trkpt lat="43.206309266388416290283203125" lon="-109.64908204972743988037109375">
        <ele>3554.39990234375</ele>
        <time>2017-09-03T16:19:07.000Z</time>
        <extensions>
          <ns3:TrackPointExtension>
            <ns3:atemp>28.0</ns3:atemp>
            <ns3:cad>47</ns3:cad>
          </ns3:TrackPointExtension>
        </extensions>
      </trkpt>
      <trkpt lat="43.20632913149893283843994140625" lon="-109.64904860593378543853759765625">
        <ele>3553.800048828125</ele>
        <time>2017-09-03T16:19:10.000Z</time>
        <extensions>
          <ns3:TrackPointExtension>
            <ns3:atemp>28.0</ns3:atemp>
            <ns3:cad>51</ns3:cad>
          </ns3:TrackPointExtension>
        </extensions>
      </trkpt>
      <trkpt lat="43.20636819116771221160888671875" lon="-109.649030081927776336669921875">
        <ele>3553.199951171875</ele>
        <time>2017-09-03T16:19:13.000Z</time>
        <extensions>
          <ns3:TrackPointExtension>
            <ns3:atemp>28.0</ns3:atemp>
            <ns3:cad>52</ns3:cad>
          </ns3:TrackPointExtension>
        </extensions>
      </trkpt>
      <trkpt lat="43.20645268075168132781982421875" lon="-109.6490171737968921661376953125">
        <ele>3552.39990234375</ele>
        <time>2017-09-03T16:19:20.000Z</time>
        <extensions>
          <ns3:TrackPointExtension>
            <ns3:atemp>28.0</ns3:atemp>
            <ns3:cad>0</ns3:cad>
          </ns3:TrackPointExtension>
        </extensions>
      </trkpt>
      <trkpt lat="43.20647145621478557586669921875" lon="-109.6490128152072429656982421875">
        <ele>3552.199951171875</ele>
        <time>2017-09-03T16:19:23.000Z</time>
        <extensions>
          <ns3:TrackPointExtension>
            <ns3:atemp>28.0</ns3:atemp>
            <ns3:cad>0</ns3:cad>
          </ns3:TrackPointExtension>
        </extensions>
      </trkpt>
      <trkpt lat="43.2064599730074405670166015625" lon="-109.64902128092944622039794921875">
        <ele>3551.800048828125</ele>
        <time>2017-09-03T16:19:33.000Z</time>
        <extensions>
          <ns3:TrackPointExtension>
            <ns3:atemp>28.0</ns3:atemp>
            <ns3:cad>61</ns3:cad>
          </ns3:TrackPointExtension>
        </extensions>
      </trkpt>
      <trkpt lat="43.20648017339408397674560546875" lon="-109.64903418906033039093017578125">
        <ele>3551.39990234375</ele>
        <time>2017-09-03T16:19:37.000Z</time>
        <extensions>
          <ns3:TrackPointExtension>
            <ns3:atemp>28.0</ns3:atemp>
            <ns3:cad>0</ns3:cad>
          </ns3:TrackPointExtension>
        </extensions>
      </trkpt>
      <trkpt lat="43.206447064876556396484375" lon="-109.648997895419597625732421875">
        <ele>3551.199951171875</ele>
        <time>2017-09-03T16:19:56.000Z</time>
        <extensions>
          <ns3:TrackPointExtension>
            <ns3:atemp>28.0</ns3:atemp>
            <ns3:cad>0</ns3:cad>
          </ns3:TrackPointExtension>
        </extensions>
      </trkpt>
      <trkpt lat="43.2065099291503429412841796875" lon="-109.64902295731008052825927734375">
        <ele>3551.39990234375</ele>
        <time>2017-09-03T16:21:10.000Z</time>
        <extensions>
          <ns3:TrackPointExtension>
            <ns3:atemp>28.0</ns3:atemp>
            <ns3:cad>0</ns3:cad>
          </ns3:TrackPointExtension>
        </extensions>
      </trkpt>
      <trkpt lat="43.206449411809444427490234375" lon="-109.64898155070841312408447265625">
        <ele>3551.39990234375</ele>
        <time>2017-09-03T16:21:13.000Z</time>
        <extensions>
          <ns3:TrackPointExtension>
            <ns3:atemp>28.0</ns3:atemp>
            <ns3:cad>0</ns3:cad>
          </ns3:TrackPointExtension>
        </extensions>
      </trkpt>
      <trkpt lat="43.206439353525638580322265625" lon="-109.648980461061000823974609375">
        <ele>3551.39990234375</ele>
        <time>2017-09-03T16:21:14.000Z</time>
        <extensions>
          <ns3:TrackPointExtension>
            <ns3:atemp>28.0</ns3:atemp>
            <ns3:cad>0</ns3:cad>
          </ns3:TrackPointExtension>
        </extensions>
      </trkpt>
      <trkpt lat="43.2064455561339855194091796875" lon="-109.648987837135791778564453125">
        <ele>3551</ele>
        <time>2017-09-03T16:21:18.000Z</time>
        <extensions>
          <ns3:TrackPointExtension>
            <ns3:atemp>28.0</ns3:atemp>
            <ns3:cad>61</ns3:cad>
          </ns3:TrackPointExtension>
        </extensions>
      </trkpt>
      <trkpt lat="43.20644639432430267333984375" lon="-109.64898976497352123260498046875">
        <ele>3550.800048828125</ele>
        <time>2017-09-03T16:21:23.000Z</time>
        <extensions>
          <ns3:TrackPointExtension>
            <ns3:atemp>28.0</ns3:atemp>
            <ns3:cad>63</ns3:cad>
          </ns3:TrackPointExtension>
        </extensions>
      </trkpt>
      <trkpt lat="43.2064301334321498870849609375" lon="-109.64896847493946552276611328125">
        <ele>3551.199951171875</ele>
        <time>2017-09-03T16:23:00.000Z</time>
        <extensions>
          <ns3:TrackPointExtension>
            <ns3:atemp>29.0</ns3:atemp>
            <ns3:cad>61</ns3:cad>
          </ns3:TrackPointExtension>
        </extensions>
      </trkpt>
      <trkpt lat="43.20649442262947559356689453125" lon="-109.64901541359722614288330078125">
        <ele>3550.39990234375</ele>
        <time>2017-09-03T16:23:33.000Z</time>
        <extensions>
          <ns3:TrackPointExtension>
            <ns3:atemp>29.0</ns3:atemp>
            <ns3:cad>0</ns3:cad>
          </ns3:TrackPointExtension>
        </extensions>
      </trkpt>
      <trkpt lat="43.20651235990226268768310546875" lon="-109.649023376405239105224609375">
        <ele>3550.60009765625</ele>
        <time>2017-09-03T16:23:35.000Z</time>
        <extensions>
          <ns3:TrackPointExtension>
            <ns3:atemp>29.0</ns3:atemp>
            <ns3:cad>61</ns3:cad>
          </ns3:TrackPointExtension>
        </extensions>
      </trkpt>
      <trkpt lat="43.20655225776135921478271484375" lon="-109.6490295790135860443115234375">
        <ele>3550.60009765625</ele>
        <time>2017-09-03T16:23:41.000Z</time>
        <extensions>
          <ns3:TrackPointExtension>
            <ns3:atemp>29.0</ns3:atemp>
            <ns3:cad>62</ns3:cad>
          </ns3:TrackPointExtension>
        </extensions>
      </trkpt>
      <trkpt lat="43.206674046814441680908203125" lon="-109.64918053708970546722412109375">
        <ele>3550.60009765625</ele>
        <time>2017-09-03T16:24:05.000Z</time>
        <extensions>
          <ns3:TrackPointExtension>
            <ns3:atemp>29.0</ns3:atemp>
            <ns3:cad>61</ns3:cad>
          </ns3:TrackPointExtension>
        </extensions>
      </trkpt>
      <trkpt lat="43.2066898047924041748046875" lon="-109.64918338693678379058837890625">
        <ele>3550.800048828125</ele>
        <time>2017-09-03T16:24:09.000Z</time>
        <extensions>
          <ns3:TrackPointExtension>
            <ns3:atemp>29.0</ns3:atemp>
            <ns3:cad>0</ns3:cad>
          </ns3:TrackPointExtension>
        </extensions>
      </trkpt>
      <trkpt lat="43.20680287666618824005126953125" lon="-109.64925102889537811279296875">
        <ele>3551.39990234375</ele>
        <time>2017-09-03T16:24:41.000Z</time>
        <extensions>
          <ns3:TrackPointExtension>
            <ns3:atemp>29.0</ns3:atemp>
            <ns3:cad>0</ns3:cad>
          </ns3:TrackPointExtension>
        </extensions>
      </trkpt>
      <trkpt lat="43.20690077729523181915283203125" lon="-109.6491720713675022125244140625">
        <ele>3551.60009765625</ele>
        <time>2017-09-03T16:25:34.000Z</time>
        <extensions>
          <ns3:TrackPointExtension>
            <ns3:atemp>28.0</ns3:atemp>
            <ns3:cad>0</ns3:cad>
          </ns3:TrackPointExtension>
        </extensions>
      </trkpt>
      <trkpt lat="43.20699683390557765960693359375" lon="-109.64918489567935466766357421875">
        <ele>3552.199951171875</ele>
        <time>2017-09-03T16:26:03.000Z</time>
        <extensions>
          <ns3:TrackPointExtension>
            <ns3:atemp>28.0</ns3:atemp>
            <ns3:cad>61</ns3:cad>
          </ns3:TrackPointExtension>
        </extensions>
      </trkpt>
      <trkpt lat="43.20704243145883083343505859375" lon="-109.64913644827902317047119140625">
        <ele>3553.199951171875</ele>
        <time>2017-09-03T16:26:11.000Z</time>
        <extensions>
          <ns3:TrackPointExtension>
            <ns3:atemp>28.0</ns3:atemp>
            <ns3:cad>0</ns3:cad>
          </ns3:TrackPointExtension>
        </extensions>
      </trkpt>
      <trkpt lat="43.20707864128053188323974609375" lon="-109.64911214075982570648193359375">
        <ele>3554.39990234375</ele>
        <time>2017-09-03T16:26:18.000Z</time>
        <extensions>
          <ns3:TrackPointExtension>
            <ns3:atemp>28.0</ns3:atemp>
            <ns3:cad>61</ns3:cad>
          </ns3:TrackPointExtension>
        </extensions>
      </trkpt>
      <trkpt lat="43.2071057148277759552001953125" lon="-109.6491452492773532867431640625">
        <ele>3555.39990234375</ele>
        <time>2017-09-03T16:26:34.000Z</time>
        <extensions>
          <ns3:TrackPointExtension>
            <ns3:atemp>28.0</ns3:atemp>
            <ns3:cad>61</ns3:cad>
          </ns3:TrackPointExtension>
        </extensions>
      </trkpt>
      <trkpt lat="43.20715852081775665283203125" lon="-109.64913301169872283935546875">
        <ele>3556.199951171875</ele>
        <time>2017-09-03T16:26:38.000Z</time>
        <extensions>
          <ns3:TrackPointExtension>
            <ns3:atemp>28.0</ns3:atemp>
            <ns3:cad>61</ns3:cad>
          </ns3:TrackPointExtension>
        </extensions>
      </trkpt>
      <trkpt lat="43.20717402733862400054931640625" lon="-109.64913443662226200103759765625">
        <ele>3556.39990234375</ele>
        <time>2017-09-03T16:26:40.000Z</time>
        <extensions>
          <ns3:TrackPointExtension>
            <ns3:atemp>28.0</ns3:atemp>
            <ns3:cad>61</ns3:cad>
          </ns3:TrackPointExtension>
        </extensions>
      </trkpt>
      <trkpt lat="43.2071774639189243316650390625" lon="-109.64913644827902317047119140625">
        <ele>3556.39990234375</ele>
        <time>2017-09-03T16:26:41.000Z</time>
        <extensions>
          <ns3:TrackPointExtension>
            <ns3:atemp>28.0</ns3:atemp>
            <ns3:cad>0</ns3:cad>
          </ns3:TrackPointExtension>
        </extensions>
      </trkpt>
      <trkpt lat="43.20721409283578395843505859375" lon="-109.64913879521191120147705078125">
        <ele>3556.800048828125</ele>
        <time>2017-09-03T16:26:46.000Z</time>
        <extensions>
          <ns3:TrackPointExtension>
            <ns3:atemp>28.0</ns3:atemp>
            <ns3:cad>0</ns3:cad>
          </ns3:TrackPointExtension>
        </extensions>
      </trkpt>
      <trkpt lat="43.2072181999683380126953125" lon="-109.6491348557174205780029296875">
        <ele>3557</ele>
        <time>2017-09-03T16:26:48.000Z</time>
        <extensions>
          <ns3:TrackPointExtension>
            <ns3:atemp>28.0</ns3:atemp>
            <ns3:cad>0</ns3:cad>
          </ns3:TrackPointExtension>
        </extensions>
      </trkpt>
      <trkpt lat="43.20723907090723514556884765625" lon="-109.6491355262696743011474609375">
        <ele>3557.39990234375</ele>
        <time>2017-09-03T16:26:52.000Z</time>
        <extensions>
          <ns3:TrackPointExtension>
            <ns3:atemp>28.0</ns3:atemp>
            <ns3:cad>71</ns3:cad>
          </ns3:TrackPointExtension>
        </extensions>
      </trkpt>
      <trkpt lat="43.2072425074875354766845703125" lon="-109.64913628064095973968505859375">
        <ele>3557.60009765625</ele>
        <time>2017-09-03T16:26:53.000Z</time>
        <extensions>
          <ns3:TrackPointExtension>
            <ns3:atemp>28.0</ns3:atemp>
            <ns3:cad>71</ns3:cad>
          </ns3:TrackPointExtension>
        </extensions>
      </trkpt>
      <trkpt lat="43.20727947168052196502685546875" lon="-109.64914013631641864776611328125">
        <ele>3558</ele>
        <time>2017-09-03T16:26:57.000Z</time>
        <extensions>
          <ns3:TrackPointExtension>
            <ns3:atemp>28.0</ns3:atemp>
            <ns3:cad>0</ns3:cad>
          </ns3:TrackPointExtension>
        </extensions>
      </trkpt>
      <trkpt lat="43.20731752552092075347900390625" lon="-109.649146087467670440673828125">
        <ele>3558.39990234375</ele>
        <time>2017-09-03T16:27:02.000Z</time>
        <extensions>
          <ns3:TrackPointExtension>
            <ns3:atemp>28.0</ns3:atemp>
            <ns3:cad>0</ns3:cad>
          </ns3:TrackPointExtension>
        </extensions>
      </trkpt>
      <trkpt lat="43.20732607506215572357177734375" lon="-109.64914818294346332550048828125">
        <ele>3558.60009765625</ele>
        <time>2017-09-03T16:27:04.000Z</time>
        <extensions>
          <ns3:TrackPointExtension>
            <ns3:atemp>28.0</ns3:atemp>
            <ns3:cad>0</ns3:cad>
          </ns3:TrackPointExtension>
        </extensions>
      </trkpt>
      <trkpt lat="43.2073974050581455230712890625" lon="-109.64919470250606536865234375">
        <ele>3559.60009765625</ele>
        <time>2017-09-03T16:27:15.000Z</time>
        <extensions>
          <ns3:TrackPointExtension>
            <ns3:atemp>28.0</ns3:atemp>
            <ns3:cad>0</ns3:cad>
          </ns3:TrackPointExtension>
        </extensions>
      </trkpt>
      <trkpt lat="43.20747845806181430816650390625" lon="-109.64925496838986873626708984375">
        <ele>3560.60009765625</ele>
        <time>2017-09-03T16:27:23.000Z</time>
        <extensions>
          <ns3:TrackPointExtension>
            <ns3:atemp>28.0</ns3:atemp>
            <ns3:cad>61</ns3:cad>
          </ns3:TrackPointExtension>
        </extensions>
      </trkpt>
      <trkpt lat="43.207539729773998260498046875" lon="-109.64926904998719692230224609375">
        <ele>3561.60009765625</ele>
        <time>2017-09-03T16:27:34.000Z</time>
        <extensions>
          <ns3:TrackPointExtension>
            <ns3:atemp>28.0</ns3:atemp>
            <ns3:cad>0</ns3:cad>
          </ns3:TrackPointExtension>
        </extensions>
      </trkpt>
      <trkpt lat="43.20762212388217449188232421875" lon="-109.6493148989975452423095703125">
        <ele>3562.39990234375</ele>
        <time>2017-09-03T16:27:42.000Z</time>
        <extensions>
          <ns3:TrackPointExtension>
            <ns3:atemp>28.0</ns3:atemp>
            <ns3:cad>61</ns3:cad>
          </ns3:TrackPointExtension>
        </extensions>
      </trkpt>
      <trkpt lat="43.20766068063676357269287109375" lon="-109.64933811686933040618896484375">
        <ele>3562.60009765625</ele>
        <time>2017-09-03T16:27:45.000Z</time>
        <extensions>
          <ns3:TrackPointExtension>
            <ns3:atemp>28.0</ns3:atemp>
            <ns3:cad>61</ns3:cad>
          </ns3:TrackPointExtension>
        </extensions>
      </trkpt>
      <trkpt lat="43.20769764482975006103515625" lon="-109.64935831725597381591796875">
        <ele>3562.60009765625</ele>
        <time>2017-09-03T16:27:47.000Z</time>
        <extensions>
          <ns3:TrackPointExtension>
            <ns3:atemp>28.0</ns3:atemp>
            <ns3:cad>61</ns3:cad>
          </ns3:TrackPointExtension>
        </extensions>
      </trkpt>
      <trkpt lat="43.20769890211522579193115234375" lon="-109.64936963282525539398193359375">
        <ele>3562.800048828125</ele>
        <time>2017-09-03T16:27:48.000Z</time>
        <extensions>
          <ns3:TrackPointExtension>
            <ns3:atemp>28.0</ns3:atemp>
            <ns3:cad>61</ns3:cad>
          </ns3:TrackPointExtension>
        </extensions>
      </trkpt>
      <trkpt lat="43.20769974030554294586181640625" lon="-109.64937868528068065643310546875">
        <ele>3562.800048828125</ele>
        <time>2017-09-03T16:27:50.000Z</time>
        <extensions>
          <ns3:TrackPointExtension>
            <ns3:atemp>28.0</ns3:atemp>
            <ns3:cad>0</ns3:cad>
          </ns3:TrackPointExtension>
        </extensions>
      </trkpt>
      <trkpt lat="43.2076941244304180145263671875" lon="-109.6494094468653202056884765625">
        <ele>3563.800048828125</ele>
        <time>2017-09-03T16:28:21.000Z</time>
        <extensions>
          <ns3:TrackPointExtension>
            <ns3:atemp>27.0</ns3:atemp>
            <ns3:cad>61</ns3:cad>
          </ns3:TrackPointExtension>
        </extensions>
      </trkpt>
      <trkpt lat="43.2077001594007015228271484375" lon="-109.64941087178885936737060546875">
        <ele>3564</ele>
        <time>2017-09-03T16:28:22.000Z</time>
        <extensions>
          <ns3:TrackPointExtension>
            <ns3:atemp>27.0</ns3:atemp>
            <ns3:cad>61</ns3:cad>
          </ns3:TrackPointExtension>
        </extensions>
      </trkpt>
      <trkpt lat="43.2077149115502834320068359375" lon="-109.64942394755780696868896484375">
        <ele>3564.800048828125</ele>
        <time>2017-09-03T16:28:25.000Z</time>
        <extensions>
          <ns3:TrackPointExtension>
            <ns3:atemp>27.0</ns3:atemp>
            <ns3:cad>0</ns3:cad>
          </ns3:TrackPointExtension>
        </extensions>
      </trkpt>
      <trkpt lat="43.20782798342406749725341796875" lon="-109.6494902484118938446044921875">
        <ele>3564.60009765625</ele>
        <time>2017-09-03T16:28:54.000Z</time>
        <extensions>
          <ns3:TrackPointExtension>
            <ns3:atemp>27.0</ns3:atemp>
            <ns3:cad>0</ns3:cad>
          </ns3:TrackPointExtension>
        </extensions>
      </trkpt>
      <trkpt lat="43.207906521856784820556640625" lon="-109.6495103649795055389404296875">
        <ele>3564.39990234375</ele>
        <time>2017-09-03T16:30:11.000Z</time>
        <extensions>
          <ns3:TrackPointExtension>
            <ns3:atemp>27.0</ns3:atemp>
            <ns3:cad>0</ns3:cad>
          </ns3:TrackPointExtension>
        </extensions>
      </trkpt>
      <trkpt lat="43.20799939334392547607421875" lon="-109.64960013516247272491455078125">
        <ele>3564.39990234375</ele>
        <time>2017-09-03T16:31:22.000Z</time>
        <extensions>
          <ns3:TrackPointExtension>
            <ns3:atemp>27.0</ns3:atemp>
            <ns3:cad>61</ns3:cad>
          </ns3:TrackPointExtension>
        </extensions>
      </trkpt>
      <trkpt lat="43.2080471701920032501220703125" lon="-109.6495402045547962188720703125">
        <ele>3565.800048828125</ele>
        <time>2017-09-03T16:31:42.000Z</time>
        <extensions>
          <ns3:TrackPointExtension>
            <ns3:atemp>28.0</ns3:atemp>
            <ns3:cad>0</ns3:cad>
          </ns3:TrackPointExtension>
        </extensions>
      </trkpt>
      <trkpt lat="43.20807122625410556793212890625" lon="-109.64956794865429401397705078125">
        <ele>3566.199951171875</ele>
        <time>2017-09-03T16:31:49.000Z</time>
        <extensions>
          <ns3:TrackPointExtension>
            <ns3:atemp>28.0</ns3:atemp>
            <ns3:cad>62</ns3:cad>
          </ns3:TrackPointExtension>
        </extensions>
      </trkpt>
      <trkpt lat="43.20813023485243320465087890625" lon="-109.64961807243525981903076171875">
        <ele>3566</ele>
        <time>2017-09-03T16:33:14.000Z</time>
        <extensions>
          <ns3:TrackPointExtension>
            <ns3:atemp>27.0</ns3:atemp>
            <ns3:cad>0</ns3:cad>
          </ns3:TrackPointExtension>
        </extensions>
      </trkpt>
      <trkpt lat="43.20816158317029476165771484375" lon="-109.649591334164142608642578125">
        <ele>3564.800048828125</ele>
        <time>2017-09-03T16:34:01.000Z</time>
        <extensions>
          <ns3:TrackPointExtension>
            <ns3:atemp>27.0</ns3:atemp>
            <ns3:cad>0</ns3:cad>
          </ns3:TrackPointExtension>
        </extensions>
      </trkpt>
      <trkpt lat="43.20811464451253414154052734375" lon="-109.64960466139018535614013671875">
        <ele>3566</ele>
        <time>2017-09-03T16:34:05.000Z</time>
        <extensions>
          <ns3:TrackPointExtension>
            <ns3:atemp>27.0</ns3:atemp>
            <ns3:cad>61</ns3:cad>
          </ns3:TrackPointExtension>
        </extensions>
      </trkpt>
      <trkpt lat="43.2082245312631130218505859375" lon="-109.6495579741895198822021484375">
        <ele>3565.199951171875</ele>
        <time>2017-09-03T16:35:25.000Z</time>
        <extensions>
          <ns3:TrackPointExtension>
            <ns3:atemp>27.0</ns3:atemp>
            <ns3:cad>0</ns3:cad>
          </ns3:TrackPointExtension>
        </extensions>
      </trkpt>
      <trkpt lat="43.2083462364971637725830078125" lon="-109.64957733638584613800048828125">
        <ele>3565.199951171875</ele>
        <time>2017-09-03T16:36:14.000Z</time>
        <extensions>
          <ns3:TrackPointExtension>
            <ns3:atemp>27.0</ns3:atemp>
            <ns3:cad>61</ns3:cad>
          </ns3:TrackPointExtension>
        </extensions>
      </trkpt>
      <trkpt lat="43.208393342792987823486328125" lon="-109.649624861776828765869140625">
        <ele>3565.199951171875</ele>
        <time>2017-09-03T16:36:19.000Z</time>
        <extensions>
          <ns3:TrackPointExtension>
            <ns3:atemp>27.0</ns3:atemp>
            <ns3:cad>61</ns3:cad>
          </ns3:TrackPointExtension>
        </extensions>
      </trkpt>
      <trkpt lat="43.2084072567522525787353515625" lon="-109.6496441401541233062744140625">
        <ele>3565.199951171875</ele>
        <time>2017-09-03T16:36:21.000Z</time>
        <extensions>
          <ns3:TrackPointExtension>
            <ns3:atemp>27.0</ns3:atemp>
            <ns3:cad>0</ns3:cad>
          </ns3:TrackPointExtension>
        </extensions>
      </trkpt>
      <trkpt lat="43.2084226794540882110595703125" lon="-109.64967657811939716339111328125">
        <ele>3565.199951171875</ele>
        <time>2017-09-03T16:36:23.000Z</time>
        <extensions>
          <ns3:TrackPointExtension>
            <ns3:atemp>27.0</ns3:atemp>
            <ns3:cad>0</ns3:cad>
          </ns3:TrackPointExtension>
        </extensions>
      </trkpt>
      <trkpt lat="43.2084293849766254425048828125" lon="-109.6496873907744884490966796875">
        <ele>3565</ele>
        <time>2017-09-03T16:36:24.000Z</time>
        <extensions>
          <ns3:TrackPointExtension>
            <ns3:atemp>27.0</ns3:atemp>
            <ns3:cad>0</ns3:cad>
          </ns3:TrackPointExtension>
        </extensions>
      </trkpt>
      <trkpt lat="43.2084334082901477813720703125" lon="-109.64969552122056484222412109375">
        <ele>3565</ele>
        <time>2017-09-03T16:36:25.000Z</time>
        <extensions>
          <ns3:TrackPointExtension>
            <ns3:atemp>27.0</ns3:atemp>
            <ns3:cad>0</ns3:cad>
          </ns3:TrackPointExtension>
        </extensions>
      </trkpt>
      <trkpt lat="43.20843148045241832733154296875" lon="-109.6497111953794956207275390625">
        <ele>3564</ele>
        <time>2017-09-03T16:36:38.000Z</time>
        <extensions>
          <ns3:TrackPointExtension>
            <ns3:atemp>27.0</ns3:atemp>
            <ns3:cad>0</ns3:cad>
          </ns3:TrackPointExtension>
        </extensions>
      </trkpt>
      <trkpt lat="43.2084481604397296905517578125" lon="-109.64971781708300113677978515625">
        <ele>3564.800048828125</ele>
        <time>2017-09-03T16:36:57.000Z</time>
        <extensions>
          <ns3:TrackPointExtension>
            <ns3:atemp>27.0</ns3:atemp>
            <ns3:cad>61</ns3:cad>
          </ns3:TrackPointExtension>
        </extensions>
      </trkpt>
      <trkpt lat="43.20854262448847293853759765625" lon="-109.6497889794409275054931640625">
        <ele>3565</ele>
        <time>2017-09-03T16:37:15.000Z</time>
        <extensions>
          <ns3:TrackPointExtension>
            <ns3:atemp>27.0</ns3:atemp>
            <ns3:cad>0</ns3:cad>
          </ns3:TrackPointExtension>
        </extensions>
      </trkpt>
      <trkpt lat="43.20867137052118778228759765625" lon="-109.6498603932559490203857421875">
        <ele>3566.199951171875</ele>
        <time>2017-09-03T16:37:42.000Z</time>
        <extensions>
          <ns3:TrackPointExtension>
            <ns3:atemp>27.0</ns3:atemp>
            <ns3:cad>63</ns3:cad>
          </ns3:TrackPointExtension>
        </extensions>
      </trkpt>
      <trkpt lat="43.20869408547878265380859375" lon="-109.64987623505294322967529296875">
        <ele>3567.199951171875</ele>
        <time>2017-09-03T16:37:47.000Z</time>
        <extensions>
          <ns3:TrackPointExtension>
            <ns3:atemp>27.0</ns3:atemp>
            <ns3:cad>0</ns3:cad>
          </ns3:TrackPointExtension>
        </extensions>
      </trkpt>
      <trkpt lat="43.20875032804906368255615234375" lon="-109.6500880457460880279541015625">
        <ele>3568</ele>
        <time>2017-09-03T16:38:18.000Z</time>
        <extensions>
          <ns3:TrackPointExtension>
            <ns3:atemp>27.0</ns3:atemp>
            <ns3:cad>0</ns3:cad>
          </ns3:TrackPointExtension>
        </extensions>
      </trkpt>
      <trkpt lat="43.20877882651984691619873046875" lon="-109.6502372436225414276123046875">
        <ele>3568</ele>
        <time>2017-09-03T16:38:22.000Z</time>
        <extensions>
          <ns3:TrackPointExtension>
            <ns3:atemp>27.0</ns3:atemp>
            <ns3:cad>0</ns3:cad>
          </ns3:TrackPointExtension>
        </extensions>
      </trkpt>
      <trkpt lat="43.20879626087844371795654296875" lon="-109.6502224914729595184326171875">
        <ele>3568</ele>
        <time>2017-09-03T16:38:28.000Z</time>
        <extensions>
          <ns3:TrackPointExtension>
            <ns3:atemp>27.0</ns3:atemp>
            <ns3:cad>0</ns3:cad>
          </ns3:TrackPointExtension>
        </extensions>
      </trkpt>
      <trkpt lat="43.208800368010997772216796875" lon="-109.65016105212271213531494140625">
        <ele>3568.39990234375</ele>
        <time>2017-09-03T16:38:32.000Z</time>
        <extensions>
          <ns3:TrackPointExtension>
            <ns3:atemp>27.0</ns3:atemp>
            <ns3:cad>0</ns3:cad>
          </ns3:TrackPointExtension>
        </extensions>
      </trkpt>
      <trkpt lat="43.20878787897527217864990234375" lon="-109.65008695609867572784423828125">
        <ele>3568.60009765625</ele>
        <time>2017-09-03T16:39:16.000Z</time>
        <extensions>
          <ns3:TrackPointExtension>
            <ns3:atemp>28.0</ns3:atemp>
            <ns3:cad>0</ns3:cad>
          </ns3:TrackPointExtension>
        </extensions>
      </trkpt>
      <trkpt lat="43.2088025473058223724365234375" lon="-109.6500645764172077178955078125">
        <ele>3568.60009765625</ele>
        <time>2017-09-03T16:39:31.000Z</time>
        <extensions>
          <ns3:TrackPointExtension>
            <ns3:atemp>28.0</ns3:atemp>
            <ns3:cad>61</ns3:cad>
          </ns3:TrackPointExtension>
        </extensions>
      </trkpt>
      <trkpt lat="43.20882308296859264373779296875" lon="-109.65006365440785884857177734375">
        <ele>3568.39990234375</ele>
        <time>2017-09-03T16:39:33.000Z</time>
        <extensions>
          <ns3:TrackPointExtension>
            <ns3:atemp>28.0</ns3:atemp>
            <ns3:cad>61</ns3:cad>
          </ns3:TrackPointExtension>
        </extensions>
      </trkpt>
      <trkpt lat="43.208841271698474884033203125" lon="-109.65004990808665752410888671875">
        <ele>3568.199951171875</ele>
        <time>2017-09-03T16:39:35.000Z</time>
        <extensions>
          <ns3:TrackPointExtension>
            <ns3:atemp>28.0</ns3:atemp>
            <ns3:cad>61</ns3:cad>
          </ns3:TrackPointExtension>
        </extensions>
      </trkpt>
      <trkpt lat="43.208892904222011566162109375" lon="-109.649956785142421722412109375">
        <ele>3568.60009765625</ele>
        <time>2017-09-03T16:39:41.000Z</time>
        <extensions>
          <ns3:TrackPointExtension>
            <ns3:atemp>28.0</ns3:atemp>
            <ns3:cad>0</ns3:cad>
          </ns3:TrackPointExtension>
        </extensions>
      </trkpt>
      <trkpt lat="43.2089041359722614288330078125" lon="-109.6498922444880008697509765625">
        <ele>3568.800048828125</ele>
        <time>2017-09-03T16:39:45.000Z</time>
        <extensions>
          <ns3:TrackPointExtension>
            <ns3:atemp>28.0</ns3:atemp>
            <ns3:cad>0</ns3:cad>
          </ns3:TrackPointExtension>
        </extensions>
      </trkpt>
      <trkpt lat="43.20893892087042331695556640625" lon="-109.64980632998049259185791015625">
        <ele>3569.39990234375</ele>
        <time>2017-09-03T16:39:52.000Z</time>
        <extensions>
          <ns3:TrackPointExtension>
            <ns3:atemp>28.0</ns3:atemp>
            <ns3:cad>0</ns3:cad>
          </ns3:TrackPointExtension>
        </extensions>
      </trkpt>
      <trkpt lat="43.208949565887451171875" lon="-109.6498027257621288299560546875">
        <ele>3569.60009765625</ele>
        <time>2017-09-03T16:39:53.000Z</time>
        <extensions>
          <ns3:TrackPointExtension>
            <ns3:atemp>28.0</ns3:atemp>
            <ns3:cad>0</ns3:cad>
          </ns3:TrackPointExtension>
        </extensions>
      </trkpt>
      <trkpt lat="43.208981417119503021240234375" lon="-109.64978017844259738922119140625">
        <ele>3570</ele>
        <time>2017-09-03T16:39:56.000Z</time>
        <extensions>
          <ns3:TrackPointExtension>
            <ns3:atemp>28.0</ns3:atemp>
            <ns3:cad>0</ns3:cad>
          </ns3:TrackPointExtension>
        </extensions>
      </trkpt>
      <trkpt lat="43.20901997387409210205078125" lon="-109.6497494168579578399658203125">
        <ele>3570.39990234375</ele>
        <time>2017-09-03T16:40:00.000Z</time>
        <extensions>
          <ns3:TrackPointExtension>
            <ns3:atemp>28.0</ns3:atemp>
            <ns3:cad>0</ns3:cad>
          </ns3:TrackPointExtension>
        </extensions>
      </trkpt>
      <trkpt lat="43.209049142897129058837890625" lon="-109.649737179279327392578125">
        <ele>3570.800048828125</ele>
        <time>2017-09-03T16:40:04.000Z</time>
        <extensions>
          <ns3:TrackPointExtension>
            <ns3:atemp>28.0</ns3:atemp>
            <ns3:cad>0</ns3:cad>
          </ns3:TrackPointExtension>
        </extensions>
      </trkpt>
      <trkpt lat="43.2090674154460430145263671875" lon="-109.64973944239318370819091796875">
        <ele>3570.800048828125</ele>
        <time>2017-09-03T16:40:06.000Z</time>
        <extensions>
          <ns3:TrackPointExtension>
            <ns3:atemp>28.0</ns3:atemp>
            <ns3:cad>0</ns3:cad>
          </ns3:TrackPointExtension>
        </extensions>
      </trkpt>
      <trkpt lat="43.20911812596023082733154296875" lon="-109.64976475574076175689697265625">
        <ele>3571.39990234375</ele>
        <time>2017-09-03T16:40:16.000Z</time>
        <extensions>
          <ns3:TrackPointExtension>
            <ns3:atemp>28.0</ns3:atemp>
            <ns3:cad>0</ns3:cad>
          </ns3:TrackPointExtension>
        </extensions>
      </trkpt>
      <trkpt lat="43.20916481316089630126953125" lon="-109.64979954063892364501953125">
        <ele>3572.60009765625</ele>
        <time>2017-09-03T16:40:32.000Z</time>
        <extensions>
          <ns3:TrackPointExtension>
            <ns3:atemp>27.0</ns3:atemp>
            <ns3:cad>61</ns3:cad>
          </ns3:TrackPointExtension>
        </extensions>
      </trkpt>
      <trkpt lat="43.20918082259595394134521484375" lon="-109.6497894823551177978515625">
        <ele>3573.60009765625</ele>
        <time>2017-09-03T16:40:41.000Z</time>
        <extensions>
          <ns3:TrackPointExtension>
            <ns3:atemp>27.0</ns3:atemp>
            <ns3:cad>61</ns3:cad>
          </ns3:TrackPointExtension>
        </extensions>
      </trkpt>
      <trkpt lat="43.209227509796619415283203125" lon="-109.64983901940286159515380859375">
        <ele>3574.800048828125</ele>
        <time>2017-09-03T16:40:48.000Z</time>
        <extensions>
          <ns3:TrackPointExtension>
            <ns3:atemp>27.0</ns3:atemp>
            <ns3:cad>62</ns3:cad>
          </ns3:TrackPointExtension>
        </extensions>
      </trkpt>
      <trkpt lat="43.20933320559561252593994140625" lon="-109.649846144020557403564453125">
        <ele>3575.800048828125</ele>
        <time>2017-09-03T16:41:29.000Z</time>
        <extensions>
          <ns3:TrackPointExtension>
            <ns3:atemp>27.0</ns3:atemp>
            <ns3:cad>0</ns3:cad>
          </ns3:TrackPointExtension>
        </extensions>
      </trkpt>
      <trkpt lat="43.2094013504683971405029296875" lon="-109.64984606020152568817138671875">
        <ele>3577</ele>
        <time>2017-09-03T16:41:55.000Z</time>
        <extensions>
          <ns3:TrackPointExtension>
            <ns3:atemp>27.0</ns3:atemp>
            <ns3:cad>61</ns3:cad>
          </ns3:TrackPointExtension>
        </extensions>
      </trkpt>
      <trkpt lat="43.209438733756542205810546875" lon="-109.64985293336212635040283203125">
        <ele>3578.199951171875</ele>
        <time>2017-09-03T16:42:12.000Z</time>
        <extensions>
          <ns3:TrackPointExtension>
            <ns3:atemp>27.0</ns3:atemp>
            <ns3:cad>0</ns3:cad>
          </ns3:TrackPointExtension>
        </extensions>
      </trkpt>
      <trkpt lat="43.2094596885144710540771484375" lon="-109.6498865447938442230224609375">
        <ele>3579.199951171875</ele>
        <time>2017-09-03T16:42:24.000Z</time>
        <extensions>
          <ns3:TrackPointExtension>
            <ns3:atemp>27.0</ns3:atemp>
            <ns3:cad>0</ns3:cad>
          </ns3:TrackPointExtension>
        </extensions>
      </trkpt>
      <trkpt lat="43.20950545370578765869140625" lon="-109.64987975545227527618408203125">
        <ele>3580.39990234375</ele>
        <time>2017-09-03T16:42:42.000Z</time>
        <extensions>
          <ns3:TrackPointExtension>
            <ns3:atemp>27.0</ns3:atemp>
            <ns3:cad>0</ns3:cad>
          </ns3:TrackPointExtension>
        </extensions>
      </trkpt>
      <trkpt lat="43.2095311023294925689697265625" lon="-109.64986014179885387420654296875">
        <ele>3581.39990234375</ele>
        <time>2017-09-03T16:43:00.000Z</time>
        <extensions>
          <ns3:TrackPointExtension>
            <ns3:atemp>27.0</ns3:atemp>
            <ns3:cad>0</ns3:cad>
          </ns3:TrackPointExtension>
        </extensions>
      </trkpt>
      <trkpt lat="43.20951911620795726776123046875" lon="-109.6498645842075347900390625">
        <ele>3582.60009765625</ele>
        <time>2017-09-03T16:43:11.000Z</time>
        <extensions>
          <ns3:TrackPointExtension>
            <ns3:atemp>27.0</ns3:atemp>
            <ns3:cad>61</ns3:cad>
          </ns3:TrackPointExtension>
        </extensions>
      </trkpt>
      <trkpt lat="43.2096303440630435943603515625" lon="-109.64992216788232326507568359375">
        <ele>3583.60009765625</ele>
        <time>2017-09-03T16:43:29.000Z</time>
        <extensions>
          <ns3:TrackPointExtension>
            <ns3:atemp>27.0</ns3:atemp>
            <ns3:cad>61</ns3:cad>
          </ns3:TrackPointExtension>
        </extensions>
      </trkpt>
      <trkpt lat="43.20971642620861530303955078125" lon="-109.64993725530803203582763671875">
        <ele>3584.800048828125</ele>
        <time>2017-09-03T16:43:45.000Z</time>
        <extensions>
          <ns3:TrackPointExtension>
            <ns3:atemp>27.0</ns3:atemp>
            <ns3:cad>0</ns3:cad>
          </ns3:TrackPointExtension>
        </extensions>
      </trkpt>
      <trkpt lat="43.20981482975184917449951171875" lon="-109.64996055699884891510009765625">
        <ele>3585.60009765625</ele>
        <time>2017-09-03T16:43:58.000Z</time>
        <extensions>
          <ns3:TrackPointExtension>
            <ns3:atemp>27.0</ns3:atemp>
            <ns3:cad>61</ns3:cad>
          </ns3:TrackPointExtension>
        </extensions>
      </trkpt>
      <trkpt lat="43.209818936884403228759765625" lon="-109.64995435439050197601318359375">
        <ele>3585.800048828125</ele>
        <time>2017-09-03T16:43:59.000Z</time>
        <extensions>
          <ns3:TrackPointExtension>
            <ns3:atemp>27.0</ns3:atemp>
            <ns3:cad>0</ns3:cad>
          </ns3:TrackPointExtension>
        </extensions>
      </trkpt>
      <trkpt lat="43.2098315097391605377197265625" lon="-109.64998536743223667144775390625">
        <ele>3586.800048828125</ele>
        <time>2017-09-03T16:44:05.000Z</time>
        <extensions>
          <ns3:TrackPointExtension>
            <ns3:atemp>27.0</ns3:atemp>
            <ns3:cad>0</ns3:cad>
          </ns3:TrackPointExtension>
        </extensions>
      </trkpt>
      <trkpt lat="43.20974408648908138275146484375" lon="-109.6499854512512683868408203125">
        <ele>3586.199951171875</ele>
        <time>2017-09-03T16:44:21.000Z</time>
        <extensions>
          <ns3:TrackPointExtension>
            <ns3:atemp>27.0</ns3:atemp>
            <ns3:cad>0</ns3:cad>
          </ns3:TrackPointExtension>
        </extensions>
      </trkpt>
      <trkpt lat="43.20982488803565502166748046875" lon="-109.65005594305694103240966796875">
        <ele>3587.800048828125</ele>
        <time>2017-09-03T16:44:39.000Z</time>
        <extensions>
          <ns3:TrackPointExtension>
            <ns3:atemp>27.0</ns3:atemp>
            <ns3:cad>47</ns3:cad>
          </ns3:TrackPointExtension>
        </extensions>
      </trkpt>
      <trkpt lat="43.20984877645969390869140625" lon="-109.6500075794756412506103515625">
        <ele>3588.800048828125</ele>
        <time>2017-09-03T16:44:49.000Z</time>
        <extensions>
          <ns3:TrackPointExtension>
            <ns3:atemp>27.0</ns3:atemp>
            <ns3:cad>61</ns3:cad>
          </ns3:TrackPointExtension>
        </extensions>
      </trkpt>
      <trkpt lat="43.209889344871044158935546875" lon="-109.65000280179083347320556640625">
        <ele>3589.800048828125</ele>
        <time>2017-09-03T16:44:59.000Z</time>
        <extensions>
          <ns3:TrackPointExtension>
            <ns3:atemp>27.0</ns3:atemp>
            <ns3:cad>61</ns3:cad>
          </ns3:TrackPointExtension>
        </extensions>
      </trkpt>
      <trkpt lat="43.20991323329508304595947265625" lon="-109.65001755394041538238525390625">
        <ele>3590.800048828125</ele>
        <time>2017-09-03T16:45:27.000Z</time>
        <extensions>
          <ns3:TrackPointExtension>
            <ns3:atemp>27.0</ns3:atemp>
            <ns3:cad>0</ns3:cad>
          </ns3:TrackPointExtension>
        </extensions>
      </trkpt>
      <trkpt lat="43.20999654941260814666748046875" lon="-109.65003289282321929931640625">
        <ele>3591.39990234375</ele>
        <time>2017-09-03T16:45:39.000Z</time>
        <extensions>
          <ns3:TrackPointExtension>
            <ns3:atemp>27.0</ns3:atemp>
            <ns3:cad>0</ns3:cad>
          </ns3:TrackPointExtension>
        </extensions>
      </trkpt>
      <trkpt lat="43.21002588607370853424072265625" lon="-109.65005929581820964813232421875">
        <ele>3591.800048828125</ele>
        <time>2017-09-03T16:45:46.000Z</time>
        <extensions>
          <ns3:TrackPointExtension>
            <ns3:atemp>27.0</ns3:atemp>
            <ns3:cad>0</ns3:cad>
          </ns3:TrackPointExtension>
        </extensions>
      </trkpt>
      <trkpt lat="43.21004080586135387420654296875" lon="-109.6501051448285579681396484375">
        <ele>3592.39990234375</ele>
        <time>2017-09-03T16:45:51.000Z</time>
        <extensions>
          <ns3:TrackPointExtension>
            <ns3:atemp>27.0</ns3:atemp>
            <ns3:cad>63</ns3:cad>
          </ns3:TrackPointExtension>
        </extensions>
      </trkpt>
      <trkpt lat="43.2100732438266277313232421875" lon="-109.650115706026554107666015625">
        <ele>3593</ele>
        <time>2017-09-03T16:46:09.000Z</time>
        <extensions>
          <ns3:TrackPointExtension>
            <ns3:atemp>27.0</ns3:atemp>
            <ns3:cad>0</ns3:cad>
          </ns3:TrackPointExtension>
        </extensions>
      </trkpt>
      <trkpt lat="43.210184387862682342529296875" lon="-109.6502402611076831817626953125">
        <ele>3594.199951171875</ele>
        <time>2017-09-03T16:46:45.000Z</time>
        <extensions>
          <ns3:TrackPointExtension>
            <ns3:atemp>27.0</ns3:atemp>
            <ns3:cad>61</ns3:cad>
          </ns3:TrackPointExtension>
        </extensions>
      </trkpt>
      <trkpt lat="43.2101862318813800811767578125" lon="-109.65022265911102294921875">
        <ele>3595.199951171875</ele>
        <time>2017-09-03T16:47:15.000Z</time>
        <extensions>
          <ns3:TrackPointExtension>
            <ns3:atemp>27.0</ns3:atemp>
            <ns3:cad>0</ns3:cad>
          </ns3:TrackPointExtension>
        </extensions>
      </trkpt>
      <trkpt lat="43.210218250751495361328125" lon="-109.65023514814674854278564453125">
        <ele>3596.39990234375</ele>
        <time>2017-09-03T16:47:21.000Z</time>
        <extensions>
          <ns3:TrackPointExtension>
            <ns3:atemp>27.0</ns3:atemp>
            <ns3:cad>0</ns3:cad>
          </ns3:TrackPointExtension>
        </extensions>
      </trkpt>
      <trkpt lat="43.2102237828075885772705078125" lon="-109.65025492943823337554931640625">
        <ele>3597.39990234375</ele>
        <time>2017-09-03T16:47:25.000Z</time>
        <extensions>
          <ns3:TrackPointExtension>
            <ns3:atemp>27.0</ns3:atemp>
            <ns3:cad>0</ns3:cad>
          </ns3:TrackPointExtension>
        </extensions>
      </trkpt>
      <trkpt lat="43.21020324714481830596923828125" lon="-109.65029147453606128692626953125">
        <ele>3597.800048828125</ele>
        <time>2017-09-03T16:47:32.000Z</time>
        <extensions>
          <ns3:TrackPointExtension>
            <ns3:atemp>27.0</ns3:atemp>
            <ns3:cad>61</ns3:cad>
          </ns3:TrackPointExtension>
        </extensions>
      </trkpt>
      <trkpt lat="43.2102113775908946990966796875" lon="-109.65030622668564319610595703125">
        <ele>3598</ele>
        <time>2017-09-03T16:47:34.000Z</time>
        <extensions>
          <ns3:TrackPointExtension>
            <ns3:atemp>27.0</ns3:atemp>
            <ns3:cad>61</ns3:cad>
          </ns3:TrackPointExtension>
        </extensions>
      </trkpt>
      <trkpt lat="43.210224620997905731201171875" lon="-109.65034562163054943084716796875">
        <ele>3598.60009765625</ele>
        <time>2017-09-03T16:47:37.000Z</time>
        <extensions>
          <ns3:TrackPointExtension>
            <ns3:atemp>27.0</ns3:atemp>
            <ns3:cad>63</ns3:cad>
          </ns3:TrackPointExtension>
        </extensions>
      </trkpt>
      <trkpt lat="43.21022788994014263153076171875" lon="-109.650354422628879547119140625">
        <ele>3598.60009765625</ele>
        <time>2017-09-03T16:47:38.000Z</time>
        <extensions>
          <ns3:TrackPointExtension>
            <ns3:atemp>27.0</ns3:atemp>
            <ns3:cad>63</ns3:cad>
          </ns3:TrackPointExtension>
        </extensions>
      </trkpt>
      <trkpt lat="43.21024113334715366363525390625" lon="-109.6503901295363903045654296875">
        <ele>3599.199951171875</ele>
        <time>2017-09-03T16:47:41.000Z</time>
        <extensions>
          <ns3:TrackPointExtension>
            <ns3:atemp>27.0</ns3:atemp>
            <ns3:cad>0</ns3:cad>
          </ns3:TrackPointExtension>
        </extensions>
      </trkpt>
      <trkpt lat="43.2103122957050800323486328125" lon="-109.65043044649064540863037109375">
        <ele>3599.199951171875</ele>
        <time>2017-09-03T16:48:13.000Z</time>
        <extensions>
          <ns3:TrackPointExtension>
            <ns3:atemp>27.0</ns3:atemp>
            <ns3:cad>0</ns3:cad>
          </ns3:TrackPointExtension>
        </extensions>
      </trkpt>
      <trkpt lat="43.2103340886533260345458984375" lon="-109.6504575200378894805908203125">
        <ele>3599.39990234375</ele>
        <time>2017-09-03T16:48:17.000Z</time>
        <extensions>
          <ns3:TrackPointExtension>
            <ns3:atemp>27.0</ns3:atemp>
            <ns3:cad>0</ns3:cad>
          </ns3:TrackPointExtension>
        </extensions>
      </trkpt>
      <trkpt lat="43.21045738644897937774658203125" lon="-109.6505953185260295867919921875">
        <ele>3599.60009765625</ele>
        <time>2017-09-03T16:48:46.000Z</time>
        <extensions>
          <ns3:TrackPointExtension>
            <ns3:atemp>27.0</ns3:atemp>
            <ns3:cad>0</ns3:cad>
          </ns3:TrackPointExtension>
        </extensions>
      </trkpt>
      <trkpt lat="43.21047029457986354827880859375" lon="-109.65054385364055633544921875">
        <ele>3599.199951171875</ele>
        <time>2017-09-03T16:49:32.000Z</time>
        <extensions>
          <ns3:TrackPointExtension>
            <ns3:atemp>26.0</ns3:atemp>
            <ns3:cad>0</ns3:cad>
          </ns3:TrackPointExtension>
        </extensions>
      </trkpt>
      <trkpt lat="43.2104065082967281341552734375" lon="-109.6505389921367168426513671875">
        <ele>3599.39990234375</ele>
        <time>2017-09-03T16:50:55.000Z</time>
        <extensions>
          <ns3:TrackPointExtension>
            <ns3:atemp>26.0</ns3:atemp>
            <ns3:cad>0</ns3:cad>
          </ns3:TrackPointExtension>
        </extensions>
      </trkpt>
      <trkpt lat="43.2103904150426387786865234375" lon="-109.6505069732666015625">
        <ele>3599.39990234375</ele>
        <time>2017-09-03T16:51:31.000Z</time>
        <extensions>
          <ns3:TrackPointExtension>
            <ns3:atemp>26.0</ns3:atemp>
            <ns3:cad>61</ns3:cad>
          </ns3:TrackPointExtension>
        </extensions>
      </trkpt>
      <trkpt lat="43.21041162125766277313232421875" lon="-109.6505136787891387939453125">
        <ele>3598.60009765625</ele>
        <time>2017-09-03T16:51:42.000Z</time>
        <extensions>
          <ns3:TrackPointExtension>
            <ns3:atemp>26.0</ns3:atemp>
            <ns3:cad>0</ns3:cad>
          </ns3:TrackPointExtension>
        </extensions>
      </trkpt>
      <trkpt lat="43.2104588113725185394287109375" lon="-109.6506617031991481781005859375">
        <ele>3598.39990234375</ele>
        <time>2017-09-03T16:52:02.000Z</time>
        <extensions>
          <ns3:TrackPointExtension>
            <ns3:atemp>26.0</ns3:atemp>
            <ns3:cad>0</ns3:cad>
          </ns3:TrackPointExtension>
        </extensions>
      </trkpt>
      <trkpt lat="43.21046945638954639434814453125" lon="-109.6506915427744388580322265625">
        <ele>3598.199951171875</ele>
        <time>2017-09-03T16:52:05.000Z</time>
        <extensions>
          <ns3:TrackPointExtension>
            <ns3:atemp>26.0</ns3:atemp>
            <ns3:cad>0</ns3:cad>
          </ns3:TrackPointExtension>
        </extensions>
      </trkpt>
      <trkpt lat="43.21050533093512058258056640625" lon="-109.65073923580348491668701171875">
        <ele>3597.60009765625</ele>
        <time>2017-09-03T16:52:12.000Z</time>
        <extensions>
          <ns3:TrackPointExtension>
            <ns3:atemp>27.0</ns3:atemp>
            <ns3:cad>0</ns3:cad>
          </ns3:TrackPointExtension>
        </extensions>
      </trkpt>
      <trkpt lat="43.21051086299121379852294921875" lon="-109.65074409730732440948486328125">
        <ele>3597.39990234375</ele>
        <time>2017-09-03T16:52:13.000Z</time>
        <extensions>
          <ns3:TrackPointExtension>
            <ns3:atemp>27.0</ns3:atemp>
            <ns3:cad>0</ns3:cad>
          </ns3:TrackPointExtension>
        </extensions>
      </trkpt>
      <trkpt lat="43.21057087741792201995849609375" lon="-109.65074677951633930206298828125">
        <ele>3598</ele>
        <time>2017-09-03T16:52:22.000Z</time>
        <extensions>
          <ns3:TrackPointExtension>
            <ns3:atemp>27.0</ns3:atemp>
            <ns3:cad>62</ns3:cad>
          </ns3:TrackPointExtension>
        </extensions>
      </trkpt>
      <trkpt lat="43.21064212359488010406494140625" lon="-109.6507938019931316375732421875">
        <ele>3596.39990234375</ele>
        <time>2017-09-03T16:52:38.000Z</time>
        <extensions>
          <ns3:TrackPointExtension>
            <ns3:atemp>27.0</ns3:atemp>
            <ns3:cad>61</ns3:cad>
          </ns3:TrackPointExtension>
        </extensions>
      </trkpt>
      <trkpt lat="43.21074622683227062225341796875" lon="-109.650835208594799041748046875">
        <ele>3596.60009765625</ele>
        <time>2017-09-03T16:53:01.000Z</time>
        <extensions>
          <ns3:TrackPointExtension>
            <ns3:atemp>27.0</ns3:atemp>
            <ns3:cad>61</ns3:cad>
          </ns3:TrackPointExtension>
        </extensions>
      </trkpt>
      <trkpt lat="43.21080900728702545166015625" lon="-109.6508112363517284393310546875">
        <ele>3595.39990234375</ele>
        <time>2017-09-03T16:53:19.000Z</time>
        <extensions>
          <ns3:TrackPointExtension>
            <ns3:atemp>27.0</ns3:atemp>
            <ns3:cad>61</ns3:cad>
          </ns3:TrackPointExtension>
        </extensions>
      </trkpt>
      <trkpt lat="43.21087799035012722015380859375" lon="-109.650852642953395843505859375">
        <ele>3596.199951171875</ele>
        <time>2017-09-03T16:53:27.000Z</time>
        <extensions>
          <ns3:TrackPointExtension>
            <ns3:atemp>27.0</ns3:atemp>
            <ns3:cad>0</ns3:cad>
          </ns3:TrackPointExtension>
        </extensions>
      </trkpt>
      <trkpt lat="43.2109064050018787384033203125" lon="-109.65086597017943859100341796875">
        <ele>3596.199951171875</ele>
        <time>2017-09-03T16:53:31.000Z</time>
        <extensions>
          <ns3:TrackPointExtension>
            <ns3:atemp>27.0</ns3:atemp>
            <ns3:cad>0</ns3:cad>
          </ns3:TrackPointExtension>
        </extensions>
      </trkpt>
      <trkpt lat="43.21094035170972347259521484375" lon="-109.65090821497142314910888671875">
        <ele>3596</ele>
        <time>2017-09-03T16:53:36.000Z</time>
        <extensions>
          <ns3:TrackPointExtension>
            <ns3:atemp>27.0</ns3:atemp>
            <ns3:cad>0</ns3:cad>
          </ns3:TrackPointExtension>
        </extensions>
      </trkpt>
      <trkpt lat="43.2109543494880199432373046875" lon="-109.65090502984821796417236328125">
        <ele>3596.199951171875</ele>
        <time>2017-09-03T16:53:39.000Z</time>
        <extensions>
          <ns3:TrackPointExtension>
            <ns3:atemp>27.0</ns3:atemp>
            <ns3:cad>0</ns3:cad>
          </ns3:TrackPointExtension>
        </extensions>
      </trkpt>
      <trkpt lat="43.2109573669731616973876953125" lon="-109.65088508091866970062255859375">
        <ele>3596.39990234375</ele>
        <time>2017-09-03T16:53:42.000Z</time>
        <extensions>
          <ns3:TrackPointExtension>
            <ns3:atemp>27.0</ns3:atemp>
            <ns3:cad>0</ns3:cad>
          </ns3:TrackPointExtension>
        </extensions>
      </trkpt>
      <trkpt lat="43.21095627732574939727783203125" lon="-109.65096470899879932403564453125">
        <ele>3597</ele>
        <time>2017-09-03T16:54:02.000Z</time>
        <extensions>
          <ns3:TrackPointExtension>
            <ns3:atemp>26.0</ns3:atemp>
            <ns3:cad>61</ns3:cad>
          </ns3:TrackPointExtension>
        </extensions>
      </trkpt>
      <trkpt lat="43.210967592895030975341796875" lon="-109.6510050259530544281005859375">
        <ele>3597</ele>
        <time>2017-09-03T16:54:05.000Z</time>
        <extensions>
          <ns3:TrackPointExtension>
            <ns3:atemp>26.0</ns3:atemp>
            <ns3:cad>61</ns3:cad>
          </ns3:TrackPointExtension>
        </extensions>
      </trkpt>
      <trkpt lat="43.210984356701374053955078125" lon="-109.6510248072445392608642578125">
        <ele>3597.39990234375</ele>
        <time>2017-09-03T16:54:08.000Z</time>
        <extensions>
          <ns3:TrackPointExtension>
            <ns3:atemp>26.0</ns3:atemp>
            <ns3:cad>0</ns3:cad>
          </ns3:TrackPointExtension>
        </extensions>
      </trkpt>
      <trkpt lat="43.21102492511272430419921875" lon="-109.6511498652398586273193359375">
        <ele>3598.39990234375</ele>
        <time>2017-09-03T16:54:17.000Z</time>
        <extensions>
          <ns3:TrackPointExtension>
            <ns3:atemp>26.0</ns3:atemp>
            <ns3:cad>0</ns3:cad>
          </ns3:TrackPointExtension>
        </extensions>
      </trkpt>
      <trkpt lat="43.21102618239820003509521484375" lon="-109.65115581639111042022705078125">
        <ele>3598.60009765625</ele>
        <time>2017-09-03T16:54:18.000Z</time>
        <extensions>
          <ns3:TrackPointExtension>
            <ns3:atemp>26.0</ns3:atemp>
            <ns3:cad>0</ns3:cad>
          </ns3:TrackPointExtension>
        </extensions>
      </trkpt>
      <trkpt lat="43.21102618239820003509521484375" lon="-109.651197977364063262939453125">
        <ele>3598.800048828125</ele>
        <time>2017-09-03T16:54:21.000Z</time>
        <extensions>
          <ns3:TrackPointExtension>
            <ns3:atemp>26.0</ns3:atemp>
            <ns3:cad>0</ns3:cad>
          </ns3:TrackPointExtension>
        </extensions>
      </trkpt>
      <trkpt lat="43.21104445494711399078369140625" lon="-109.6512474305927753448486328125">
        <ele>3599.199951171875</ele>
        <time>2017-09-03T16:54:27.000Z</time>
        <extensions>
          <ns3:TrackPointExtension>
            <ns3:atemp>26.0</ns3:atemp>
            <ns3:cad>0</ns3:cad>
          </ns3:TrackPointExtension>
        </extensions>
      </trkpt>
      <trkpt lat="43.211061470210552215576171875" lon="-109.65131632983684539794921875">
        <ele>3599.39990234375</ele>
        <time>2017-09-03T16:54:32.000Z</time>
        <extensions>
          <ns3:TrackPointExtension>
            <ns3:atemp>26.0</ns3:atemp>
            <ns3:cad>0</ns3:cad>
          </ns3:TrackPointExtension>
        </extensions>
      </trkpt>
      <trkpt lat="43.21106909774243831634521484375" lon="-109.65130803175270557403564453125">
        <ele>3599.39990234375</ele>
        <time>2017-09-03T16:54:37.000Z</time>
        <extensions>
          <ns3:TrackPointExtension>
            <ns3:atemp>26.0</ns3:atemp>
            <ns3:cad>0</ns3:cad>
          </ns3:TrackPointExtension>
        </extensions>
      </trkpt>
      <trkpt lat="43.21106909774243831634521484375" lon="-109.6513102948665618896484375">
        <ele>3599.60009765625</ele>
        <time>2017-09-03T16:54:38.000Z</time>
        <extensions>
          <ns3:TrackPointExtension>
            <ns3:atemp>26.0</ns3:atemp>
            <ns3:cad>0</ns3:cad>
          </ns3:TrackPointExtension>
        </extensions>
      </trkpt>
      <trkpt lat="43.2110659964382648468017578125" lon="-109.6512507833540439605712890625">
        <ele>3599.60009765625</ele>
        <time>2017-09-03T16:54:41.000Z</time>
        <extensions>
          <ns3:TrackPointExtension>
            <ns3:atemp>26.0</ns3:atemp>
            <ns3:cad>0</ns3:cad>
          </ns3:TrackPointExtension>
        </extensions>
      </trkpt>
      <trkpt lat="43.2110680080950260162353515625" lon="-109.651291854679584503173828125">
        <ele>3599.60009765625</ele>
        <time>2017-09-03T16:54:43.000Z</time>
        <extensions>
          <ns3:TrackPointExtension>
            <ns3:atemp>26.0</ns3:atemp>
            <ns3:cad>0</ns3:cad>
          </ns3:TrackPointExtension>
        </extensions>
      </trkpt>
      <trkpt lat="43.2111149467527866363525390625" lon="-109.65140945278108119964599609375">
        <ele>3599.199951171875</ele>
        <time>2017-09-03T16:55:31.000Z</time>
        <extensions>
          <ns3:TrackPointExtension>
            <ns3:atemp>26.0</ns3:atemp>
            <ns3:cad>0</ns3:cad>
          </ns3:TrackPointExtension>
        </extensions>
      </trkpt>
      <trkpt lat="43.211175464093685150146484375" lon="-109.65163710527122020721435546875">
        <ele>3599</ele>
        <time>2017-09-03T16:55:54.000Z</time>
        <extensions>
          <ns3:TrackPointExtension>
            <ns3:atemp>26.0</ns3:atemp>
            <ns3:cad>0</ns3:cad>
          </ns3:TrackPointExtension>
        </extensions>
      </trkpt>
      <trkpt lat="43.21124662645161151885986328125" lon="-109.65170231647789478302001953125">
        <ele>3599.800048828125</ele>
        <time>2017-09-03T16:56:05.000Z</time>
        <extensions>
          <ns3:TrackPointExtension>
            <ns3:atemp>26.0</ns3:atemp>
            <ns3:cad>0</ns3:cad>
          </ns3:TrackPointExtension>
        </extensions>
      </trkpt>
      <trkpt lat="43.21126808412373065948486328125" lon="-109.651759564876556396484375">
        <ele>3600.199951171875</ele>
        <time>2017-09-03T16:56:11.000Z</time>
        <extensions>
          <ns3:TrackPointExtension>
            <ns3:atemp>26.0</ns3:atemp>
            <ns3:cad>63</ns3:cad>
          </ns3:TrackPointExtension>
        </extensions>
      </trkpt>
      <trkpt lat="43.21127705276012420654296875" lon="-109.6517409570515155792236328125">
        <ele>3600.39990234375</ele>
        <time>2017-09-03T16:56:13.000Z</time>
        <extensions>
          <ns3:TrackPointExtension>
            <ns3:atemp>26.0</ns3:atemp>
            <ns3:cad>0</ns3:cad>
          </ns3:TrackPointExtension>
        </extensions>
      </trkpt>
      <trkpt lat="43.2112802378833293914794921875" lon="-109.65174414217472076416015625">
        <ele>3600.60009765625</ele>
        <time>2017-09-03T16:56:14.000Z</time>
        <extensions>
          <ns3:TrackPointExtension>
            <ns3:atemp>26.0</ns3:atemp>
            <ns3:cad>0</ns3:cad>
          </ns3:TrackPointExtension>
        </extensions>
      </trkpt>
      <trkpt lat="43.211282081902027130126953125" lon="-109.65174657292664051055908203125">
        <ele>3600.800048828125</ele>
        <time>2017-09-03T16:56:15.000Z</time>
        <extensions>
          <ns3:TrackPointExtension>
            <ns3:atemp>26.0</ns3:atemp>
            <ns3:cad>0</ns3:cad>
          </ns3:TrackPointExtension>
        </extensions>
      </trkpt>
      <trkpt lat="43.21129851043224334716796875" lon="-109.6517563797533512115478515625">
        <ele>3601.199951171875</ele>
        <time>2017-09-03T16:56:18.000Z</time>
        <extensions>
          <ns3:TrackPointExtension>
            <ns3:atemp>26.0</ns3:atemp>
            <ns3:cad>0</ns3:cad>
          </ns3:TrackPointExtension>
        </extensions>
      </trkpt>
      <trkpt lat="43.211323656141757965087890625" lon="-109.65177356265485286712646484375">
        <ele>3601.60009765625</ele>
        <time>2017-09-03T16:56:26.000Z</time>
        <extensions>
          <ns3:TrackPointExtension>
            <ns3:atemp>26.0</ns3:atemp>
            <ns3:cad>61</ns3:cad>
          </ns3:TrackPointExtension>
        </extensions>
      </trkpt>
      <trkpt lat="43.21132910437881946563720703125" lon="-109.65177289210259914398193359375">
        <ele>3602.800048828125</ele>
        <time>2017-09-03T16:56:37.000Z</time>
        <extensions>
          <ns3:TrackPointExtension>
            <ns3:atemp>26.0</ns3:atemp>
            <ns3:cad>61</ns3:cad>
          </ns3:TrackPointExtension>
        </extensions>
      </trkpt>
      <trkpt lat="43.2113690860569477081298828125" lon="-109.65182167477905750274658203125">
        <ele>3603.800048828125</ele>
        <time>2017-09-03T16:56:48.000Z</time>
        <extensions>
          <ns3:TrackPointExtension>
            <ns3:atemp>26.0</ns3:atemp>
            <ns3:cad>66</ns3:cad>
          </ns3:TrackPointExtension>
        </extensions>
      </trkpt>
      <trkpt lat="43.21141183376312255859375" lon="-109.65185587294399738311767578125">
        <ele>3604.800048828125</ele>
        <time>2017-09-03T16:56:59.000Z</time>
        <extensions>
          <ns3:TrackPointExtension>
            <ns3:atemp>26.0</ns3:atemp>
            <ns3:cad>0</ns3:cad>
          </ns3:TrackPointExtension>
        </extensions>
      </trkpt>
      <trkpt lat="43.21146908216178417205810546875" lon="-109.6519206650555133819580078125">
        <ele>3605.800048828125</ele>
        <time>2017-09-03T16:57:12.000Z</time>
        <extensions>
          <ns3:TrackPointExtension>
            <ns3:atemp>26.0</ns3:atemp>
            <ns3:cad>0</ns3:cad>
          </ns3:TrackPointExtension>
        </extensions>
      </trkpt>
      <trkpt lat="43.211502023041248321533203125" lon="-109.65195746161043643951416015625">
        <ele>3607</ele>
        <time>2017-09-03T16:57:21.000Z</time>
        <extensions>
          <ns3:TrackPointExtension>
            <ns3:atemp>26.0</ns3:atemp>
            <ns3:cad>61</ns3:cad>
          </ns3:TrackPointExtension>
        </extensions>
      </trkpt>
      <trkpt lat="43.21153412573039531707763671875" lon="-109.6519982814788818359375">
        <ele>3608</ele>
        <time>2017-09-03T16:57:30.000Z</time>
        <extensions>
          <ns3:TrackPointExtension>
            <ns3:atemp>26.0</ns3:atemp>
            <ns3:cad>58</ns3:cad>
          </ns3:TrackPointExtension>
        </extensions>
      </trkpt>
      <trkpt lat="43.2115913741290569305419921875" lon="-109.65205821208655834197998046875">
        <ele>3609.199951171875</ele>
        <time>2017-09-03T16:57:44.000Z</time>
        <extensions>
          <ns3:TrackPointExtension>
            <ns3:atemp>26.0</ns3:atemp>
            <ns3:cad>0</ns3:cad>
          </ns3:TrackPointExtension>
        </extensions>
      </trkpt>
      <trkpt lat="43.211652897298336029052734375" lon="-109.6520908176898956298828125">
        <ele>3610.199951171875</ele>
        <time>2017-09-03T16:57:59.000Z</time>
        <extensions>
          <ns3:TrackPointExtension>
            <ns3:atemp>26.0</ns3:atemp>
            <ns3:cad>0</ns3:cad>
          </ns3:TrackPointExtension>
        </extensions>
      </trkpt>
      <trkpt lat="43.2117114029824733734130859375" lon="-109.6521147899329662322998046875">
        <ele>3611.199951171875</ele>
        <time>2017-09-03T16:58:12.000Z</time>
        <extensions>
          <ns3:TrackPointExtension>
            <ns3:atemp>26.0</ns3:atemp>
            <ns3:cad>0</ns3:cad>
          </ns3:TrackPointExtension>
        </extensions>
      </trkpt>
      <trkpt lat="43.2117368839681148529052734375" lon="-109.65210582129657268524169921875">
        <ele>3612.39990234375</ele>
        <time>2017-09-03T16:58:20.000Z</time>
        <extensions>
          <ns3:TrackPointExtension>
            <ns3:atemp>26.0</ns3:atemp>
            <ns3:cad>0</ns3:cad>
          </ns3:TrackPointExtension>
        </extensions>
      </trkpt>
      <trkpt lat="43.21179212071001529693603515625" lon="-109.6521390974521636962890625">
        <ele>3613.39990234375</ele>
        <time>2017-09-03T16:58:42.000Z</time>
        <extensions>
          <ns3:TrackPointExtension>
            <ns3:atemp>26.0</ns3:atemp>
            <ns3:cad>0</ns3:cad>
          </ns3:TrackPointExtension>
        </extensions>
      </trkpt>
      <trkpt lat="43.2118146680295467376708984375" lon="-109.65211655013263225555419921875">
        <ele>3614.39990234375</ele>
        <time>2017-09-03T16:58:53.000Z</time>
        <extensions>
          <ns3:TrackPointExtension>
            <ns3:atemp>26.0</ns3:atemp>
            <ns3:cad>0</ns3:cad>
          </ns3:TrackPointExtension>
        </extensions>
      </trkpt>
      <trkpt lat="43.2118253968656063079833984375" lon="-109.65213415212929248809814453125">
        <ele>3615.199951171875</ele>
        <time>2017-09-03T16:59:46.000Z</time>
        <extensions>
          <ns3:TrackPointExtension>
            <ns3:atemp>26.0</ns3:atemp>
            <ns3:cad>0</ns3:cad>
          </ns3:TrackPointExtension>
        </extensions>
      </trkpt>
      <trkpt lat="43.21179530583322048187255859375" lon="-109.65211973525583744049072265625">
        <ele>3615.39990234375</ele>
        <time>2017-09-03T17:00:27.000Z</time>
        <extensions>
          <ns3:TrackPointExtension>
            <ns3:atemp>26.0</ns3:atemp>
            <ns3:cad>0</ns3:cad>
          </ns3:TrackPointExtension>
        </extensions>
      </trkpt>
      <trkpt lat="43.21177938021719455718994140625" lon="-109.65212325565516948699951171875">
        <ele>3614.39990234375</ele>
        <time>2017-09-03T17:00:42.000Z</time>
        <extensions>
          <ns3:TrackPointExtension>
            <ns3:atemp>26.0</ns3:atemp>
            <ns3:cad>0</ns3:cad>
          </ns3:TrackPointExtension>
        </extensions>
      </trkpt>
      <trkpt lat="43.21182145737111568450927734375" lon="-109.652208499610424041748046875">
        <ele>3614.800048828125</ele>
        <time>2017-09-03T17:00:58.000Z</time>
        <extensions>
          <ns3:TrackPointExtension>
            <ns3:atemp>26.0</ns3:atemp>
            <ns3:cad>61</ns3:cad>
          </ns3:TrackPointExtension>
        </extensions>
      </trkpt>
      <trkpt lat="43.211835958063602447509765625" lon="-109.65226859785616397857666015625">
        <ele>3615.39990234375</ele>
        <time>2017-09-03T17:01:06.000Z</time>
        <extensions>
          <ns3:TrackPointExtension>
            <ns3:atemp>26.0</ns3:atemp>
            <ns3:cad>0</ns3:cad>
          </ns3:TrackPointExtension>
        </extensions>
      </trkpt>
      <trkpt lat="43.21185934357345104217529296875" lon="-109.65222869999706745147705078125">
        <ele>3616.39990234375</ele>
        <time>2017-09-03T17:01:11.000Z</time>
        <extensions>
          <ns3:TrackPointExtension>
            <ns3:atemp>26.0</ns3:atemp>
            <ns3:cad>0</ns3:cad>
          </ns3:TrackPointExtension>
        </extensions>
      </trkpt>
      <trkpt lat="43.21187510155141353607177734375" lon="-109.65228435583412647247314453125">
        <ele>3617.39990234375</ele>
        <time>2017-09-03T17:01:19.000Z</time>
        <extensions>
          <ns3:TrackPointExtension>
            <ns3:atemp>26.0</ns3:atemp>
            <ns3:cad>0</ns3:cad>
          </ns3:TrackPointExtension>
        </extensions>
      </trkpt>
      <trkpt lat="43.21188281290233135223388671875" lon="-109.65232240967452526092529296875">
        <ele>3618.39990234375</ele>
        <time>2017-09-03T17:01:26.000Z</time>
        <extensions>
          <ns3:TrackPointExtension>
            <ns3:atemp>26.0</ns3:atemp>
            <ns3:cad>61</ns3:cad>
          </ns3:TrackPointExtension>
        </extensions>
      </trkpt>
      <trkpt lat="43.211897648870944976806640625" lon="-109.652317799627780914306640625">
        <ele>3619.39990234375</ele>
        <time>2017-09-03T17:01:32.000Z</time>
        <extensions>
          <ns3:TrackPointExtension>
            <ns3:atemp>26.0</ns3:atemp>
            <ns3:cad>0</ns3:cad>
          </ns3:TrackPointExtension>
        </extensions>
      </trkpt>
      <trkpt lat="43.21191952563822269439697265625" lon="-109.65235761366784572601318359375">
        <ele>3620.60009765625</ele>
        <time>2017-09-03T17:01:41.000Z</time>
        <extensions>
          <ns3:TrackPointExtension>
            <ns3:atemp>26.0</ns3:atemp>
            <ns3:cad>0</ns3:cad>
          </ns3:TrackPointExtension>
        </extensions>
      </trkpt>
      <trkpt lat="43.2119015045464038848876953125" lon="-109.652354680001735687255859375">
        <ele>3621.60009765625</ele>
        <time>2017-09-03T17:01:47.000Z</time>
        <extensions>
          <ns3:TrackPointExtension>
            <ns3:atemp>26.0</ns3:atemp>
            <ns3:cad>61</ns3:cad>
          </ns3:TrackPointExtension>
        </extensions>
      </trkpt>
      <trkpt lat="43.21185867302119731903076171875" lon="-109.65240689925849437713623046875">
        <ele>3621.199951171875</ele>
        <time>2017-09-03T17:02:16.000Z</time>
        <extensions>
          <ns3:TrackPointExtension>
            <ns3:atemp>26.0</ns3:atemp>
            <ns3:cad>0</ns3:cad>
          </ns3:TrackPointExtension>
        </extensions>
      </trkpt>
      <trkpt lat="43.21198859252035617828369140625" lon="-109.652391560375690460205078125">
        <ele>3621.199951171875</ele>
        <time>2017-09-03T17:02:21.000Z</time>
        <extensions>
          <ns3:TrackPointExtension>
            <ns3:atemp>26.0</ns3:atemp>
            <ns3:cad>0</ns3:cad>
          </ns3:TrackPointExtension>
        </extensions>
      </trkpt>
      <trkpt lat="43.2120010815560817718505859375" lon="-109.65242416597902774810791015625">
        <ele>3621.199951171875</ele>
        <time>2017-09-03T17:02:23.000Z</time>
        <extensions>
          <ns3:TrackPointExtension>
            <ns3:atemp>27.0</ns3:atemp>
            <ns3:cad>0</ns3:cad>
          </ns3:TrackPointExtension>
        </extensions>
      </trkpt>
      <trkpt lat="43.2120211981236934661865234375" lon="-109.652567915618419647216796875">
        <ele>3621</ele>
        <time>2017-09-03T17:02:28.000Z</time>
        <extensions>
          <ns3:TrackPointExtension>
            <ns3:atemp>27.0</ns3:atemp>
            <ns3:cad>0</ns3:cad>
          </ns3:TrackPointExtension>
        </extensions>
      </trkpt>
      <trkpt lat="43.21190879680216312408447265625" lon="-109.652371108531951904296875">
        <ele>3621</ele>
        <time>2017-09-03T17:02:40.000Z</time>
        <extensions>
          <ns3:TrackPointExtension>
            <ns3:atemp>27.0</ns3:atemp>
            <ns3:cad>0</ns3:cad>
          </ns3:TrackPointExtension>
        </extensions>
      </trkpt>
      <trkpt lat="43.21189002133905887603759765625" lon="-109.6523622237145900726318359375">
        <ele>3621</ele>
        <time>2017-09-03T17:02:41.000Z</time>
        <extensions>
          <ns3:TrackPointExtension>
            <ns3:atemp>27.0</ns3:atemp>
            <ns3:cad>0</ns3:cad>
          </ns3:TrackPointExtension>
        </extensions>
      </trkpt>
      <trkpt lat="43.21172229945659637451171875" lon="-109.6523697674274444580078125">
        <ele>3621</ele>
        <time>2017-09-03T17:02:57.000Z</time>
        <extensions>
          <ns3:TrackPointExtension>
            <ns3:atemp>27.0</ns3:atemp>
            <ns3:cad>0</ns3:cad>
          </ns3:TrackPointExtension>
        </extensions>
      </trkpt>
      <trkpt lat="43.21168717928230762481689453125" lon="-109.652419388294219970703125">
        <ele>3621.199951171875</ele>
        <time>2017-09-03T17:03:11.000Z</time>
        <extensions>
          <ns3:TrackPointExtension>
            <ns3:atemp>27.0</ns3:atemp>
            <ns3:cad>0</ns3:cad>
          </ns3:TrackPointExtension>
        </extensions>
      </trkpt>
      <trkpt lat="43.21177250705659389495849609375" lon="-109.65243841521441936492919921875">
        <ele>3621.60009765625</ele>
        <time>2017-09-03T17:03:25.000Z</time>
        <extensions>
          <ns3:TrackPointExtension>
            <ns3:atemp>27.0</ns3:atemp>
            <ns3:cad>0</ns3:cad>
          </ns3:TrackPointExtension>
        </extensions>
      </trkpt>
      <trkpt lat="43.211876861751079559326171875" lon="-109.65242148377001285552978515625">
        <ele>3621.39990234375</ele>
        <time>2017-09-03T17:03:27.000Z</time>
        <extensions>
          <ns3:TrackPointExtension>
            <ns3:atemp>27.0</ns3:atemp>
            <ns3:cad>61</ns3:cad>
          </ns3:TrackPointExtension>
        </extensions>
      </trkpt>
      <trkpt lat="43.21196663193404674530029296875" lon="-109.65244394727051258087158203125">
        <ele>3621.60009765625</ele>
        <time>2017-09-03T17:03:31.000Z</time>
        <extensions>
          <ns3:TrackPointExtension>
            <ns3:atemp>27.0</ns3:atemp>
            <ns3:cad>0</ns3:cad>
          </ns3:TrackPointExtension>
        </extensions>
      </trkpt>
      <trkpt lat="43.2119737565517425537109375" lon="-109.65244528837502002716064453125">
        <ele>3621.39990234375</ele>
        <time>2017-09-03T17:03:32.000Z</time>
        <extensions>
          <ns3:TrackPointExtension>
            <ns3:atemp>27.0</ns3:atemp>
            <ns3:cad>0</ns3:cad>
          </ns3:TrackPointExtension>
        </extensions>
      </trkpt>
      <trkpt lat="43.21190108545124530792236328125" lon="-109.65236901305615901947021484375">
        <ele>3621.60009765625</ele>
        <time>2017-09-03T17:03:48.000Z</time>
        <extensions>
          <ns3:TrackPointExtension>
            <ns3:atemp>27.0</ns3:atemp>
            <ns3:cad>61</ns3:cad>
          </ns3:TrackPointExtension>
        </extensions>
      </trkpt>
      <trkpt lat="43.21190309710800647735595703125" lon="-109.65236549265682697296142578125">
        <ele>3621.60009765625</ele>
        <time>2017-09-03T17:03:49.000Z</time>
        <extensions>
          <ns3:TrackPointExtension>
            <ns3:atemp>27.0</ns3:atemp>
            <ns3:cad>61</ns3:cad>
          </ns3:TrackPointExtension>
        </extensions>
      </trkpt>
      <trkpt lat="43.211941905319690704345703125" lon="-109.65234604664146900177001953125">
        <ele>3621.60009765625</ele>
        <time>2017-09-03T17:03:56.000Z</time>
        <extensions>
          <ns3:TrackPointExtension>
            <ns3:atemp>27.0</ns3:atemp>
            <ns3:cad>0</ns3:cad>
          </ns3:TrackPointExtension>
        </extensions>
      </trkpt>
      <trkpt lat="43.21182363666594028472900390625" lon="-109.65236381627619266510009765625">
        <ele>3622</ele>
        <time>2017-09-03T17:04:34.000Z</time>
        <extensions>
          <ns3:TrackPointExtension>
            <ns3:atemp>27.0</ns3:atemp>
            <ns3:cad>0</ns3:cad>
          </ns3:TrackPointExtension>
        </extensions>
      </trkpt>
      <trkpt lat="43.21186152286827564239501953125" lon="-109.6524118445813655853271484375">
        <ele>3620.60009765625</ele>
        <time>2017-09-03T17:05:42.000Z</time>
        <extensions>
          <ns3:TrackPointExtension>
            <ns3:atemp>27.0</ns3:atemp>
            <ns3:cad>0</ns3:cad>
          </ns3:TrackPointExtension>
        </extensions>
      </trkpt>
      <trkpt lat="43.21188733913004398345947265625" lon="-109.65242005884647369384765625">
        <ele>3621.60009765625</ele>
        <time>2017-09-03T17:05:56.000Z</time>
        <extensions>
          <ns3:TrackPointExtension>
            <ns3:atemp>27.0</ns3:atemp>
            <ns3:cad>0</ns3:cad>
          </ns3:TrackPointExtension>
        </extensions>
      </trkpt>
      <trkpt lat="43.21185800246894359588623046875" lon="-109.65249071829020977020263671875">
        <ele>3622.800048828125</ele>
        <time>2017-09-03T17:06:34.000Z</time>
        <extensions>
          <ns3:TrackPointExtension>
            <ns3:atemp>27.0</ns3:atemp>
            <ns3:cad>0</ns3:cad>
          </ns3:TrackPointExtension>
        </extensions>
      </trkpt>
      <trkpt lat="43.21187644265592098236083984375" lon="-109.65254302136600017547607421875">
        <ele>3624</ele>
        <time>2017-09-03T17:06:43.000Z</time>
        <extensions>
          <ns3:TrackPointExtension>
            <ns3:atemp>27.0</ns3:atemp>
            <ns3:cad>0</ns3:cad>
          </ns3:TrackPointExtension>
        </extensions>
      </trkpt>
      <trkpt lat="43.21188499219715595245361328125" lon="-109.65256783179938793182373046875">
        <ele>3625.199951171875</ele>
        <time>2017-09-03T17:06:49.000Z</time>
        <extensions>
          <ns3:TrackPointExtension>
            <ns3:atemp>27.0</ns3:atemp>
            <ns3:cad>0</ns3:cad>
          </ns3:TrackPointExtension>
        </extensions>
      </trkpt>
      <trkpt lat="43.2118813879787921905517578125" lon="-109.6525828354060649871826171875">
        <ele>3626.199951171875</ele>
        <time>2017-09-03T17:06:56.000Z</time>
        <extensions>
          <ns3:TrackPointExtension>
            <ns3:atemp>27.0</ns3:atemp>
            <ns3:cad>0</ns3:cad>
          </ns3:TrackPointExtension>
        </extensions>
      </trkpt>
      <trkpt lat="43.21188859641551971435546875" lon="-109.65261728502810001373291015625">
        <ele>3627.39990234375</ele>
        <time>2017-09-03T17:07:06.000Z</time>
        <extensions>
          <ns3:TrackPointExtension>
            <ns3:atemp>27.0</ns3:atemp>
            <ns3:cad>0</ns3:cad>
          </ns3:TrackPointExtension>
        </extensions>
      </trkpt>
      <trkpt lat="43.21190695278346538543701171875" lon="-109.652625583112239837646484375">
        <ele>3628.39990234375</ele>
        <time>2017-09-03T17:07:18.000Z</time>
        <extensions>
          <ns3:TrackPointExtension>
            <ns3:atemp>27.0</ns3:atemp>
            <ns3:cad>0</ns3:cad>
          </ns3:TrackPointExtension>
        </extensions>
      </trkpt>
      <trkpt lat="43.2119115628302097320556640625" lon="-109.65266145765781402587890625">
        <ele>3629.60009765625</ele>
        <time>2017-09-03T17:07:33.000Z</time>
        <extensions>
          <ns3:TrackPointExtension>
            <ns3:atemp>27.0</ns3:atemp>
            <ns3:cad>0</ns3:cad>
          </ns3:TrackPointExtension>
        </extensions>
      </trkpt>
      <trkpt lat="43.2118951342999935150146484375" lon="-109.6526824124157428741455078125">
        <ele>3630.60009765625</ele>
        <time>2017-09-03T17:07:48.000Z</time>
        <extensions>
          <ns3:TrackPointExtension>
            <ns3:atemp>27.0</ns3:atemp>
            <ns3:cad>61</ns3:cad>
          </ns3:TrackPointExtension>
        </extensions>
      </trkpt>
      <trkpt lat="43.2118867523968219757080078125" lon="-109.65271065942943096160888671875">
        <ele>3631.60009765625</ele>
        <time>2017-09-03T17:07:58.000Z</time>
        <extensions>
          <ns3:TrackPointExtension>
            <ns3:atemp>27.0</ns3:atemp>
            <ns3:cad>0</ns3:cad>
          </ns3:TrackPointExtension>
        </extensions>
      </trkpt>
      <trkpt lat="43.21187443099915981292724609375" lon="-109.6527223102748394012451171875">
        <ele>3632.60009765625</ele>
        <time>2017-09-03T17:08:13.000Z</time>
        <extensions>
          <ns3:TrackPointExtension>
            <ns3:atemp>27.0</ns3:atemp>
            <ns3:cad>0</ns3:cad>
          </ns3:TrackPointExtension>
        </extensions>
      </trkpt>
      <trkpt lat="43.2119289971888065338134765625" lon="-109.65278274379670619964599609375">
        <ele>3633.800048828125</ele>
        <time>2017-09-03T17:08:29.000Z</time>
        <extensions>
          <ns3:TrackPointExtension>
            <ns3:atemp>28.0</ns3:atemp>
            <ns3:cad>61</ns3:cad>
          </ns3:TrackPointExtension>
        </extensions>
      </trkpt>
      <trkpt lat="43.2119222916662693023681640625" lon="-109.65283571742475032806396484375">
        <ele>3635</ele>
        <time>2017-09-03T17:08:42.000Z</time>
        <extensions>
          <ns3:TrackPointExtension>
            <ns3:atemp>28.0</ns3:atemp>
            <ns3:cad>0</ns3:cad>
          </ns3:TrackPointExtension>
        </extensions>
      </trkpt>
      <trkpt lat="43.2119209505617618560791015625" lon="-109.652854241430759429931640625">
        <ele>3636</ele>
        <time>2017-09-03T17:08:50.000Z</time>
        <extensions>
          <ns3:TrackPointExtension>
            <ns3:atemp>28.0</ns3:atemp>
            <ns3:cad>0</ns3:cad>
          </ns3:TrackPointExtension>
        </extensions>
      </trkpt>
      <trkpt lat="43.211918435990810394287109375" lon="-109.652909897267818450927734375">
        <ele>3637.199951171875</ele>
        <time>2017-09-03T17:09:00.000Z</time>
        <extensions>
          <ns3:TrackPointExtension>
            <ns3:atemp>28.0</ns3:atemp>
            <ns3:cad>0</ns3:cad>
          </ns3:TrackPointExtension>
        </extensions>
      </trkpt>
      <trkpt lat="43.2119102217257022857666015625" lon="-109.65295524336397647857666015625">
        <ele>3638.199951171875</ele>
        <time>2017-09-03T17:09:17.000Z</time>
        <extensions>
          <ns3:TrackPointExtension>
            <ns3:atemp>28.0</ns3:atemp>
            <ns3:cad>0</ns3:cad>
          </ns3:TrackPointExtension>
        </extensions>
      </trkpt>
      <trkpt lat="43.21187711320817470550537109375" lon="-109.65296848677098751068115234375">
        <ele>3639.199951171875</ele>
        <time>2017-09-03T17:09:25.000Z</time>
        <extensions>
          <ns3:TrackPointExtension>
            <ns3:atemp>28.0</ns3:atemp>
            <ns3:cad>0</ns3:cad>
          </ns3:TrackPointExtension>
        </extensions>
      </trkpt>
      <trkpt lat="43.2118864171206951141357421875" lon="-109.6530042774975299835205078125">
        <ele>3640</ele>
        <time>2017-09-03T17:09:38.000Z</time>
        <extensions>
          <ns3:TrackPointExtension>
            <ns3:atemp>28.0</ns3:atemp>
            <ns3:cad>0</ns3:cad>
          </ns3:TrackPointExtension>
        </extensions>
      </trkpt>
      <trkpt lat="43.21188281290233135223388671875" lon="-109.65301458723843097686767578125">
        <ele>3640.199951171875</ele>
        <time>2017-09-03T17:09:40.000Z</time>
        <extensions>
          <ns3:TrackPointExtension>
            <ns3:atemp>28.0</ns3:atemp>
            <ns3:cad>0</ns3:cad>
          </ns3:TrackPointExtension>
        </extensions>
      </trkpt>
      <trkpt lat="43.2118968106806278228759765625" lon="-109.6530713327229022979736328125">
        <ele>3641.199951171875</ele>
        <time>2017-09-03T17:09:54.000Z</time>
        <extensions>
          <ns3:TrackPointExtension>
            <ns3:atemp>28.0</ns3:atemp>
            <ns3:cad>0</ns3:cad>
          </ns3:TrackPointExtension>
        </extensions>
      </trkpt>
      <trkpt lat="43.211901672184467315673828125" lon="-109.65310527943074703216552734375">
        <ele>3642.39990234375</ele>
        <time>2017-09-03T17:10:01.000Z</time>
        <extensions>
          <ns3:TrackPointExtension>
            <ns3:atemp>28.0</ns3:atemp>
            <ns3:cad>0</ns3:cad>
          </ns3:TrackPointExtension>
        </extensions>
      </trkpt>
      <trkpt lat="43.21191047318279743194580078125" lon="-109.65311936102807521820068359375">
        <ele>3643.39990234375</ele>
        <time>2017-09-03T17:10:20.000Z</time>
        <extensions>
          <ns3:TrackPointExtension>
            <ns3:atemp>28.0</ns3:atemp>
            <ns3:cad>0</ns3:cad>
          </ns3:TrackPointExtension>
        </extensions>
      </trkpt>
      <trkpt lat="43.211913071572780609130859375" lon="-109.65315087698400020599365234375">
        <ele>3644.39990234375</ele>
        <time>2017-09-03T17:10:37.000Z</time>
        <extensions>
          <ns3:TrackPointExtension>
            <ns3:atemp>29.0</ns3:atemp>
            <ns3:cad>61</ns3:cad>
          </ns3:TrackPointExtension>
        </extensions>
      </trkpt>
      <trkpt lat="43.21191080845892429351806640625" lon="-109.65319111011922359466552734375">
        <ele>3645.60009765625</ele>
        <time>2017-09-03T17:10:45.000Z</time>
        <extensions>
          <ns3:TrackPointExtension>
            <ns3:atemp>29.0</ns3:atemp>
            <ns3:cad>0</ns3:cad>
          </ns3:TrackPointExtension>
        </extensions>
      </trkpt>
      <trkpt lat="43.211896307766437530517578125" lon="-109.65320527553558349609375">
        <ele>3646.60009765625</ele>
        <time>2017-09-03T17:11:00.000Z</time>
        <extensions>
          <ns3:TrackPointExtension>
            <ns3:atemp>29.0</ns3:atemp>
            <ns3:cad>0</ns3:cad>
          </ns3:TrackPointExtension>
        </extensions>
      </trkpt>
      <trkpt lat="43.21189974434673786163330078125" lon="-109.65324793942272663116455078125">
        <ele>3647.60009765625</ele>
        <time>2017-09-03T17:11:10.000Z</time>
        <extensions>
          <ns3:TrackPointExtension>
            <ns3:atemp>29.0</ns3:atemp>
            <ns3:cad>61</ns3:cad>
          </ns3:TrackPointExtension>
        </extensions>
      </trkpt>
      <trkpt lat="43.21190066635608673095703125" lon="-109.65325246565043926239013671875">
        <ele>3648.199951171875</ele>
        <time>2017-09-03T17:11:19.000Z</time>
        <extensions>
          <ns3:TrackPointExtension>
            <ns3:atemp>29.0</ns3:atemp>
            <ns3:cad>0</ns3:cad>
          </ns3:TrackPointExtension>
        </extensions>
      </trkpt>
      <trkpt lat="43.2119040191173553466796875" lon="-109.65330292470753192901611328125">
        <ele>3648.800048828125</ele>
        <time>2017-09-03T17:11:27.000Z</time>
        <extensions>
          <ns3:TrackPointExtension>
            <ns3:atemp>29.0</ns3:atemp>
            <ns3:cad>0</ns3:cad>
          </ns3:TrackPointExtension>
        </extensions>
      </trkpt>
      <trkpt lat="43.21190334856510162353515625" lon="-109.65333762578666210174560546875">
        <ele>3649.800048828125</ele>
        <time>2017-09-03T17:11:33.000Z</time>
        <extensions>
          <ns3:TrackPointExtension>
            <ns3:atemp>30.0</ns3:atemp>
            <ns3:cad>0</ns3:cad>
          </ns3:TrackPointExtension>
        </extensions>
      </trkpt>
      <trkpt lat="43.2119088806211948394775390625" lon="-109.65340618975460529327392578125">
        <ele>3650.800048828125</ele>
        <time>2017-09-03T17:11:44.000Z</time>
        <extensions>
          <ns3:TrackPointExtension>
            <ns3:atemp>30.0</ns3:atemp>
            <ns3:cad>62</ns3:cad>
          </ns3:TrackPointExtension>
        </extensions>
      </trkpt>
      <trkpt lat="43.21189655922353267669677734375" lon="-109.65342991054058074951171875">
        <ele>3652</ele>
        <time>2017-09-03T17:11:58.000Z</time>
        <extensions>
          <ns3:TrackPointExtension>
            <ns3:atemp>30.0</ns3:atemp>
            <ns3:cad>0</ns3:cad>
          </ns3:TrackPointExtension>
        </extensions>
      </trkpt>
      <trkpt lat="43.211904354393482208251953125" lon="-109.65350241400301456451416015625">
        <ele>3653</ele>
        <time>2017-09-03T17:12:17.000Z</time>
        <extensions>
          <ns3:TrackPointExtension>
            <ns3:atemp>30.0</ns3:atemp>
            <ns3:cad>0</ns3:cad>
          </ns3:TrackPointExtension>
        </extensions>
      </trkpt>
      <trkpt lat="43.21191851980984210968017578125" lon="-109.65354256331920623779296875">
        <ele>3654.199951171875</ele>
        <time>2017-09-03T17:12:28.000Z</time>
        <extensions>
          <ns3:TrackPointExtension>
            <ns3:atemp>30.0</ns3:atemp>
            <ns3:cad>0</ns3:cad>
          </ns3:TrackPointExtension>
        </extensions>
      </trkpt>
      <trkpt lat="43.21194651536643505096435546875" lon="-109.65355471707880496978759765625">
        <ele>3655.39990234375</ele>
        <time>2017-09-03T17:12:43.000Z</time>
        <extensions>
          <ns3:TrackPointExtension>
            <ns3:atemp>30.0</ns3:atemp>
            <ns3:cad>0</ns3:cad>
          </ns3:TrackPointExtension>
        </extensions>
      </trkpt>
      <trkpt lat="43.2119581662118434906005859375" lon="-109.6536076068878173828125">
        <ele>3656.39990234375</ele>
        <time>2017-09-03T17:12:59.000Z</time>
        <extensions>
          <ns3:TrackPointExtension>
            <ns3:atemp>30.0</ns3:atemp>
            <ns3:cad>0</ns3:cad>
          </ns3:TrackPointExtension>
        </extensions>
      </trkpt>
      <trkpt lat="43.21194802410900592803955078125" lon="-109.65363367460668087005615234375">
        <ele>3657.39990234375</ele>
        <time>2017-09-03T17:13:14.000Z</time>
        <extensions>
          <ns3:TrackPointExtension>
            <ns3:atemp>30.0</ns3:atemp>
            <ns3:cad>0</ns3:cad>
          </ns3:TrackPointExtension>
        </extensions>
      </trkpt>
      <trkpt lat="43.2119410671293735504150390625" lon="-109.653674662113189697265625">
        <ele>3658.39990234375</ele>
        <time>2017-09-03T17:13:25.000Z</time>
        <extensions>
          <ns3:TrackPointExtension>
            <ns3:atemp>30.0</ns3:atemp>
            <ns3:cad>0</ns3:cad>
          </ns3:TrackPointExtension>
        </extensions>
      </trkpt>
      <trkpt lat="43.2119549810886383056640625" lon="-109.6537294797599315643310546875">
        <ele>3659.60009765625</ele>
        <time>2017-09-03T17:13:35.000Z</time>
        <extensions>
          <ns3:TrackPointExtension>
            <ns3:atemp>29.0</ns3:atemp>
            <ns3:cad>0</ns3:cad>
          </ns3:TrackPointExtension>
        </extensions>
      </trkpt>
      <trkpt lat="43.21197400800883769989013671875" lon="-109.65375286526978015899658203125">
        <ele>3660.800048828125</ele>
        <time>2017-09-03T17:13:40.000Z</time>
        <extensions>
          <ns3:TrackPointExtension>
            <ns3:atemp>29.0</ns3:atemp>
            <ns3:cad>0</ns3:cad>
          </ns3:TrackPointExtension>
        </extensions>
      </trkpt>
      <trkpt lat="43.2119576632976531982421875" lon="-109.6537670306861400604248046875">
        <ele>3661.800048828125</ele>
        <time>2017-09-03T17:13:49.000Z</time>
        <extensions>
          <ns3:TrackPointExtension>
            <ns3:atemp>29.0</ns3:atemp>
            <ns3:cad>0</ns3:cad>
          </ns3:TrackPointExtension>
        </extensions>
      </trkpt>
      <trkpt lat="43.21197417564690113067626953125" lon="-109.65381153859198093414306640625">
        <ele>3662.800048828125</ele>
        <time>2017-09-03T17:13:57.000Z</time>
        <extensions>
          <ns3:TrackPointExtension>
            <ns3:atemp>29.0</ns3:atemp>
            <ns3:cad>0</ns3:cad>
          </ns3:TrackPointExtension>
        </extensions>
      </trkpt>
      <trkpt lat="43.2119460962712764739990234375" lon="-109.6538880653679370880126953125">
        <ele>3663.199951171875</ele>
        <time>2017-09-03T17:14:27.000Z</time>
        <extensions>
          <ns3:TrackPointExtension>
            <ns3:atemp>29.0</ns3:atemp>
            <ns3:cad>52</ns3:cad>
          </ns3:TrackPointExtension>
        </extensions>
      </trkpt>
      <trkpt lat="43.211986161768436431884765625" lon="-109.65391379781067371368408203125">
        <ele>3663.800048828125</ele>
        <time>2017-09-03T17:14:32.000Z</time>
        <extensions>
          <ns3:TrackPointExtension>
            <ns3:atemp>29.0</ns3:atemp>
            <ns3:cad>52</ns3:cad>
          </ns3:TrackPointExtension>
        </extensions>
      </trkpt>
      <trkpt lat="43.211973421275615692138671875" lon="-109.653923101723194122314453125">
        <ele>3664.800048828125</ele>
        <time>2017-09-03T17:14:39.000Z</time>
        <extensions>
          <ns3:TrackPointExtension>
            <ns3:atemp>29.0</ns3:atemp>
            <ns3:cad>0</ns3:cad>
          </ns3:TrackPointExtension>
        </extensions>
      </trkpt>
      <trkpt lat="43.2119859941303730010986328125" lon="-109.65396358631551265716552734375">
        <ele>3666</ele>
        <time>2017-09-03T17:14:56.000Z</time>
        <extensions>
          <ns3:TrackPointExtension>
            <ns3:atemp>29.0</ns3:atemp>
            <ns3:cad>0</ns3:cad>
          </ns3:TrackPointExtension>
        </extensions>
      </trkpt>
      <trkpt lat="43.2121009938418865203857421875" lon="-109.6540017239749431610107421875">
        <ele>3666.800048828125</ele>
        <time>2017-09-03T17:15:05.000Z</time>
        <extensions>
          <ns3:TrackPointExtension>
            <ns3:atemp>29.0</ns3:atemp>
            <ns3:cad>62</ns3:cad>
          </ns3:TrackPointExtension>
        </extensions>
      </trkpt>
      <trkpt lat="43.21210476569831371307373046875" lon="-109.6540070883929729461669921875">
        <ele>3667</ele>
        <time>2017-09-03T17:15:06.000Z</time>
        <extensions>
          <ns3:TrackPointExtension>
            <ns3:atemp>29.0</ns3:atemp>
            <ns3:cad>62</ns3:cad>
          </ns3:TrackPointExtension>
        </extensions>
      </trkpt>
      <trkpt lat="43.2121445797383785247802734375" lon="-109.65407003648579120635986328125">
        <ele>3668.199951171875</ele>
        <time>2017-09-03T17:15:23.000Z</time>
        <extensions>
          <ns3:TrackPointExtension>
            <ns3:atemp>29.0</ns3:atemp>
            <ns3:cad>0</ns3:cad>
          </ns3:TrackPointExtension>
        </extensions>
      </trkpt>
      <trkpt lat="43.21219495497643947601318359375" lon="-109.6540801785886287689208984375">
        <ele>3669.199951171875</ele>
        <time>2017-09-03T17:15:39.000Z</time>
        <extensions>
          <ns3:TrackPointExtension>
            <ns3:atemp>29.0</ns3:atemp>
            <ns3:cad>69</ns3:cad>
          </ns3:TrackPointExtension>
        </extensions>
      </trkpt>
      <trkpt lat="43.21223267354071140289306640625" lon="-109.65410859324038028717041015625">
        <ele>3670.39990234375</ele>
        <time>2017-09-03T17:15:56.000Z</time>
        <extensions>
          <ns3:TrackPointExtension>
            <ns3:atemp>28.0</ns3:atemp>
            <ns3:cad>0</ns3:cad>
          </ns3:TrackPointExtension>
        </extensions>
      </trkpt>
      <trkpt lat="43.21227617561817169189453125" lon="-109.65412753634154796600341796875">
        <ele>3670.60009765625</ele>
        <time>2017-09-03T17:16:17.000Z</time>
        <extensions>
          <ns3:TrackPointExtension>
            <ns3:atemp>28.0</ns3:atemp>
            <ns3:cad>60</ns3:cad>
          </ns3:TrackPointExtension>
        </extensions>
      </trkpt>
      <trkpt lat="43.21230459026992321014404296875" lon="-109.65414597652852535247802734375">
        <ele>3671.39990234375</ele>
        <time>2017-09-03T17:16:22.000Z</time>
        <extensions>
          <ns3:TrackPointExtension>
            <ns3:atemp>28.0</ns3:atemp>
            <ns3:cad>60</ns3:cad>
          </ns3:TrackPointExtension>
        </extensions>
      </trkpt>
      <trkpt lat="43.21233560331165790557861328125" lon="-109.65419123880565166473388671875">
        <ele>3672.39990234375</ele>
        <time>2017-09-03T17:16:31.000Z</time>
        <extensions>
          <ns3:TrackPointExtension>
            <ns3:atemp>28.0</ns3:atemp>
            <ns3:cad>78</ns3:cad>
          </ns3:TrackPointExtension>
        </extensions>
      </trkpt>
      <trkpt lat="43.212401233613491058349609375" lon="-109.65423566289246082305908203125">
        <ele>3673.60009765625</ele>
        <time>2017-09-03T17:16:48.000Z</time>
        <extensions>
          <ns3:TrackPointExtension>
            <ns3:atemp>28.0</ns3:atemp>
            <ns3:cad>0</ns3:cad>
          </ns3:TrackPointExtension>
        </extensions>
      </trkpt>
      <trkpt lat="43.212455548346042633056640625" lon="-109.65426449663937091827392578125">
        <ele>3674.60009765625</ele>
        <time>2017-09-03T17:17:00.000Z</time>
        <extensions>
          <ns3:TrackPointExtension>
            <ns3:atemp>28.0</ns3:atemp>
            <ns3:cad>0</ns3:cad>
          </ns3:TrackPointExtension>
        </extensions>
      </trkpt>
      <trkpt lat="43.212510533630847930908203125" lon="-109.65432836674153804779052734375">
        <ele>3675.60009765625</ele>
        <time>2017-09-03T17:17:16.000Z</time>
        <extensions>
          <ns3:TrackPointExtension>
            <ns3:atemp>28.0</ns3:atemp>
            <ns3:cad>61</ns3:cad>
          </ns3:TrackPointExtension>
        </extensions>
      </trkpt>
      <trkpt lat="43.21255537681281566619873046875" lon="-109.6543597988784313201904296875">
        <ele>3676.60009765625</ele>
        <time>2017-09-03T17:17:28.000Z</time>
        <extensions>
          <ns3:TrackPointExtension>
            <ns3:atemp>28.0</ns3:atemp>
            <ns3:cad>0</ns3:cad>
          </ns3:TrackPointExtension>
        </extensions>
      </trkpt>
      <trkpt lat="43.21257247589528560638427734375" lon="-109.6543752215802669525146484375">
        <ele>3677.60009765625</ele>
        <time>2017-09-03T17:17:39.000Z</time>
        <extensions>
          <ns3:TrackPointExtension>
            <ns3:atemp>28.0</ns3:atemp>
            <ns3:cad>0</ns3:cad>
          </ns3:TrackPointExtension>
        </extensions>
      </trkpt>
      <trkpt lat="43.21263425052165985107421875" lon="-109.6544216573238372802734375">
        <ele>3678.800048828125</ele>
        <time>2017-09-03T17:17:54.000Z</time>
        <extensions>
          <ns3:TrackPointExtension>
            <ns3:atemp>28.0</ns3:atemp>
            <ns3:cad>0</ns3:cad>
          </ns3:TrackPointExtension>
        </extensions>
      </trkpt>
      <trkpt lat="43.21267976425588130950927734375" lon="-109.65443783439695835113525390625">
        <ele>3679.800048828125</ele>
        <time>2017-09-03T17:18:11.000Z</time>
        <extensions>
          <ns3:TrackPointExtension>
            <ns3:atemp>27.0</ns3:atemp>
            <ns3:cad>63</ns3:cad>
          </ns3:TrackPointExtension>
        </extensions>
      </trkpt>
      <trkpt lat="43.2126847095787525177001953125" lon="-109.654481671750545501708984375">
        <ele>3681</ele>
        <time>2017-09-03T17:18:23.000Z</time>
        <extensions>
          <ns3:TrackPointExtension>
            <ns3:atemp>27.0</ns3:atemp>
            <ns3:cad>0</ns3:cad>
          </ns3:TrackPointExtension>
        </extensions>
      </trkpt>
      <trkpt lat="43.21275763213634490966796875" lon="-109.654531292617321014404296875">
        <ele>3682</ele>
        <time>2017-09-03T17:18:38.000Z</time>
        <extensions>
          <ns3:TrackPointExtension>
            <ns3:atemp>27.0</ns3:atemp>
            <ns3:cad>19</ns3:cad>
          </ns3:TrackPointExtension>
        </extensions>
      </trkpt>
      <trkpt lat="43.2127980329096317291259765625" lon="-109.6545664966106414794921875">
        <ele>3683</ele>
        <time>2017-09-03T17:18:50.000Z</time>
        <extensions>
          <ns3:TrackPointExtension>
            <ns3:atemp>27.0</ns3:atemp>
            <ns3:cad>61</ns3:cad>
          </ns3:TrackPointExtension>
        </extensions>
      </trkpt>
      <trkpt lat="43.2128382660448551177978515625" lon="-109.6545783989131450653076171875">
        <ele>3684</ele>
        <time>2017-09-03T17:18:57.000Z</time>
        <extensions>
          <ns3:TrackPointExtension>
            <ns3:atemp>27.0</ns3:atemp>
            <ns3:cad>0</ns3:cad>
          </ns3:TrackPointExtension>
        </extensions>
      </trkpt>
      <trkpt lat="43.21288076229393482208251953125" lon="-109.65461301617324352264404296875">
        <ele>3685.199951171875</ele>
        <time>2017-09-03T17:19:10.000Z</time>
        <extensions>
          <ns3:TrackPointExtension>
            <ns3:atemp>27.0</ns3:atemp>
            <ns3:cad>0</ns3:cad>
          </ns3:TrackPointExtension>
        </extensions>
      </trkpt>
      <trkpt lat="43.21289098821580410003662109375" lon="-109.654599018394947052001953125">
        <ele>3685.800048828125</ele>
        <time>2017-09-03T17:19:14.000Z</time>
        <extensions>
          <ns3:TrackPointExtension>
            <ns3:atemp>27.0</ns3:atemp>
            <ns3:cad>0</ns3:cad>
          </ns3:TrackPointExtension>
        </extensions>
      </trkpt>
      <trkpt lat="43.212953768670558929443359375" lon="-109.65465425513684749603271484375">
        <ele>3686.39990234375</ele>
        <time>2017-09-03T17:19:26.000Z</time>
        <extensions>
          <ns3:TrackPointExtension>
            <ns3:atemp>27.0</ns3:atemp>
            <ns3:cad>0</ns3:cad>
          </ns3:TrackPointExtension>
        </extensions>
      </trkpt>
      <trkpt lat="43.2129763998091220855712890625" lon="-109.65471376664936542510986328125">
        <ele>3687.60009765625</ele>
        <time>2017-09-03T17:19:34.000Z</time>
        <extensions>
          <ns3:TrackPointExtension>
            <ns3:atemp>27.0</ns3:atemp>
            <ns3:cad>0</ns3:cad>
          </ns3:TrackPointExtension>
        </extensions>
      </trkpt>
      <trkpt lat="43.21300112642347812652587890625" lon="-109.65471695177257061004638671875">
        <ele>3688.800048828125</ele>
        <time>2017-09-03T17:19:50.000Z</time>
        <extensions>
          <ns3:TrackPointExtension>
            <ns3:atemp>27.0</ns3:atemp>
            <ns3:cad>61</ns3:cad>
          </ns3:TrackPointExtension>
        </extensions>
      </trkpt>
      <trkpt lat="43.21306315250694751739501953125" lon="-109.6547748707234859466552734375">
        <ele>3689.800048828125</ele>
        <time>2017-09-03T17:20:06.000Z</time>
        <extensions>
          <ns3:TrackPointExtension>
            <ns3:atemp>27.0</ns3:atemp>
            <ns3:cad>0</ns3:cad>
          </ns3:TrackPointExtension>
        </extensions>
      </trkpt>
      <trkpt lat="43.21307186968624591827392578125" lon="-109.6547775529325008392333984375">
        <ele>3690.39990234375</ele>
        <time>2017-09-03T17:20:08.000Z</time>
        <extensions>
          <ns3:TrackPointExtension>
            <ns3:atemp>27.0</ns3:atemp>
            <ns3:cad>0</ns3:cad>
          </ns3:TrackPointExtension>
        </extensions>
      </trkpt>
      <trkpt lat="43.213076479732990264892578125" lon="-109.654783420264720916748046875">
        <ele>3691</ele>
        <time>2017-09-03T17:20:10.000Z</time>
        <extensions>
          <ns3:TrackPointExtension>
            <ns3:atemp>27.0</ns3:atemp>
            <ns3:cad>0</ns3:cad>
          </ns3:TrackPointExtension>
        </extensions>
      </trkpt>
      <trkpt lat="43.21312844753265380859375" lon="-109.6548224799335002899169921875">
        <ele>3692.199951171875</ele>
        <time>2017-09-03T17:20:34.000Z</time>
        <extensions>
          <ns3:TrackPointExtension>
            <ns3:atemp>27.0</ns3:atemp>
            <ns3:cad>0</ns3:cad>
          </ns3:TrackPointExtension>
        </extensions>
      </trkpt>
      <trkpt lat="43.2131727039813995361328125" lon="-109.65486715547740459442138671875">
        <ele>3693.199951171875</ele>
        <time>2017-09-03T17:20:48.000Z</time>
        <extensions>
          <ns3:TrackPointExtension>
            <ns3:atemp>27.0</ns3:atemp>
            <ns3:cad>0</ns3:cad>
          </ns3:TrackPointExtension>
        </extensions>
      </trkpt>
      <trkpt lat="43.213211260735988616943359375" lon="-109.65489498339593410491943359375">
        <ele>3694.199951171875</ele>
        <time>2017-09-03T17:21:08.000Z</time>
        <extensions>
          <ns3:TrackPointExtension>
            <ns3:atemp>27.0</ns3:atemp>
            <ns3:cad>0</ns3:cad>
          </ns3:TrackPointExtension>
        </extensions>
      </trkpt>
      <trkpt lat="43.21320866234600543975830078125" lon="-109.65492725372314453125">
        <ele>3695.39990234375</ele>
        <time>2017-09-03T17:21:56.000Z</time>
        <extensions>
          <ns3:TrackPointExtension>
            <ns3:atemp>26.0</ns3:atemp>
            <ns3:cad>61</ns3:cad>
          </ns3:TrackPointExtension>
        </extensions>
      </trkpt>
      <trkpt lat="43.2132107578217983245849609375" lon="-109.654989950358867645263671875">
        <ele>3696.39990234375</ele>
        <time>2017-09-03T17:22:03.000Z</time>
        <extensions>
          <ns3:TrackPointExtension>
            <ns3:atemp>27.0</ns3:atemp>
            <ns3:cad>0</ns3:cad>
          </ns3:TrackPointExtension>
        </extensions>
      </trkpt>
      <trkpt lat="43.21321268565952777862548828125" lon="-109.6550010144710540771484375">
        <ele>3697.39990234375</ele>
        <time>2017-09-03T17:22:10.000Z</time>
        <extensions>
          <ns3:TrackPointExtension>
            <ns3:atemp>27.0</ns3:atemp>
            <ns3:cad>0</ns3:cad>
          </ns3:TrackPointExtension>
        </extensions>
      </trkpt>
      <trkpt lat="43.2132553495466709136962890625" lon="-109.65503797866404056549072265625">
        <ele>3698.60009765625</ele>
        <time>2017-09-03T17:22:32.000Z</time>
        <extensions>
          <ns3:TrackPointExtension>
            <ns3:atemp>27.0</ns3:atemp>
            <ns3:cad>0</ns3:cad>
          </ns3:TrackPointExtension>
        </extensions>
      </trkpt>
      <trkpt lat="43.2132089138031005859375" lon="-109.65510687790811061859130859375">
        <ele>3699.60009765625</ele>
        <time>2017-09-03T17:23:01.000Z</time>
        <extensions>
          <ns3:TrackPointExtension>
            <ns3:atemp>27.0</ns3:atemp>
            <ns3:cad>0</ns3:cad>
          </ns3:TrackPointExtension>
        </extensions>
      </trkpt>
      <trkpt lat="43.21318837814033031463623046875" lon="-109.655162952840328216552734375">
        <ele>3700.60009765625</ele>
        <time>2017-09-03T17:23:14.000Z</time>
        <extensions>
          <ns3:TrackPointExtension>
            <ns3:atemp>27.0</ns3:atemp>
            <ns3:cad>61</ns3:cad>
          </ns3:TrackPointExtension>
        </extensions>
      </trkpt>
      <trkpt lat="43.21323615498840808868408203125" lon="-109.65526144020259380340576171875">
        <ele>3701.60009765625</ele>
        <time>2017-09-03T17:23:28.000Z</time>
        <extensions>
          <ns3:TrackPointExtension>
            <ns3:atemp>27.0</ns3:atemp>
            <ns3:cad>0</ns3:cad>
          </ns3:TrackPointExtension>
        </extensions>
      </trkpt>
      <trkpt lat="43.21321955882012844085693359375" lon="-109.65526630170643329620361328125">
        <ele>3700.60009765625</ele>
        <time>2017-09-03T17:23:33.000Z</time>
        <extensions>
          <ns3:TrackPointExtension>
            <ns3:atemp>27.0</ns3:atemp>
            <ns3:cad>0</ns3:cad>
          </ns3:TrackPointExtension>
        </extensions>
      </trkpt>
      <trkpt lat="43.2132214866578578948974609375" lon="-109.65528105385601520538330078125">
        <ele>3701.800048828125</ele>
        <time>2017-09-03T17:23:58.000Z</time>
        <extensions>
          <ns3:TrackPointExtension>
            <ns3:atemp>27.0</ns3:atemp>
            <ns3:cad>0</ns3:cad>
          </ns3:TrackPointExtension>
        </extensions>
      </trkpt>
      <trkpt lat="43.2132303714752197265625" lon="-109.655265547335147857666015625">
        <ele>3703</ele>
        <time>2017-09-03T17:24:33.000Z</time>
        <extensions>
          <ns3:TrackPointExtension>
            <ns3:atemp>27.0</ns3:atemp>
            <ns3:cad>0</ns3:cad>
          </ns3:TrackPointExtension>
        </extensions>
      </trkpt>
      <trkpt lat="43.21323816664516925811767578125" lon="-109.65524886734783649444580078125">
        <ele>3702</ele>
        <time>2017-09-03T17:24:46.000Z</time>
        <extensions>
          <ns3:TrackPointExtension>
            <ns3:atemp>27.0</ns3:atemp>
            <ns3:cad>0</ns3:cad>
          </ns3:TrackPointExtension>
        </extensions>
      </trkpt>
      <trkpt lat="43.2132590375840663909912109375" lon="-109.65520075522363185882568359375">
        <ele>3703</ele>
        <time>2017-09-03T17:25:17.000Z</time>
        <extensions>
          <ns3:TrackPointExtension>
            <ns3:atemp>27.0</ns3:atemp>
            <ns3:cad>0</ns3:cad>
          </ns3:TrackPointExtension>
        </extensions>
      </trkpt>
      <trkpt lat="43.21324981749057769775390625" lon="-109.6552248112857341766357421875">
        <ele>3702</ele>
        <time>2017-09-03T17:25:22.000Z</time>
        <extensions>
          <ns3:TrackPointExtension>
            <ns3:atemp>27.0</ns3:atemp>
            <ns3:cad>0</ns3:cad>
          </ns3:TrackPointExtension>
        </extensions>
      </trkpt>
      <trkpt lat="43.21324470452964305877685546875" lon="-109.65523411519825458526611328125">
        <ele>3702.60009765625</ele>
        <time>2017-09-03T17:26:28.000Z</time>
        <extensions>
          <ns3:TrackPointExtension>
            <ns3:atemp>27.0</ns3:atemp>
            <ns3:cad>0</ns3:cad>
          </ns3:TrackPointExtension>
        </extensions>
      </trkpt>
      <trkpt lat="43.2132540084421634674072265625" lon="-109.65522338636219501495361328125">
        <ele>3702.800048828125</ele>
        <time>2017-09-03T17:27:31.000Z</time>
        <extensions>
          <ns3:TrackPointExtension>
            <ns3:atemp>26.0</ns3:atemp>
            <ns3:cad>61</ns3:cad>
          </ns3:TrackPointExtension>
        </extensions>
      </trkpt>
      <trkpt lat="43.213245458900928497314453125" lon="-109.655225314199924468994140625">
        <ele>3703</ele>
        <time>2017-09-03T17:27:35.000Z</time>
        <extensions>
          <ns3:TrackPointExtension>
            <ns3:atemp>26.0</ns3:atemp>
            <ns3:cad>0</ns3:cad>
          </ns3:TrackPointExtension>
        </extensions>
      </trkpt>
      <trkpt lat="43.21323028765618801116943359375" lon="-109.65524802915751934051513671875">
        <ele>3702.199951171875</ele>
        <time>2017-09-03T17:27:42.000Z</time>
        <extensions>
          <ns3:TrackPointExtension>
            <ns3:atemp>26.0</ns3:atemp>
            <ns3:cad>0</ns3:cad>
          </ns3:TrackPointExtension>
        </extensions>
      </trkpt>
      <trkpt lat="43.21323347277939319610595703125" lon="-109.6552620269358158111572265625">
        <ele>3701.60009765625</ele>
        <time>2017-09-03T17:27:45.000Z</time>
        <extensions>
          <ns3:TrackPointExtension>
            <ns3:atemp>26.0</ns3:atemp>
            <ns3:cad>61</ns3:cad>
          </ns3:TrackPointExtension>
        </extensions>
      </trkpt>
      <trkpt lat="43.21323246695101261138916015625" lon="-109.6552922017872333526611328125">
        <ele>3700.60009765625</ele>
        <time>2017-09-03T17:27:51.000Z</time>
        <extensions>
          <ns3:TrackPointExtension>
            <ns3:atemp>26.0</ns3:atemp>
            <ns3:cad>0</ns3:cad>
          </ns3:TrackPointExtension>
        </extensions>
      </trkpt>
      <trkpt lat="43.2132372446358203887939453125" lon="-109.655244760215282440185546875">
        <ele>3701.60009765625</ele>
        <time>2017-09-03T17:28:25.000Z</time>
        <extensions>
          <ns3:TrackPointExtension>
            <ns3:atemp>26.0</ns3:atemp>
            <ns3:cad>61</ns3:cad>
          </ns3:TrackPointExtension>
        </extensions>
      </trkpt>
      <trkpt lat="43.2132359035313129425048828125" lon="-109.6552476100623607635498046875">
        <ele>3700.39990234375</ele>
        <time>2017-09-03T17:28:28.000Z</time>
        <extensions>
          <ns3:TrackPointExtension>
            <ns3:atemp>26.0</ns3:atemp>
            <ns3:cad>61</ns3:cad>
          </ns3:TrackPointExtension>
        </extensions>
      </trkpt>
      <trkpt lat="43.2132325507700443267822265625" lon="-109.6552526392042636871337890625">
        <ele>3701.60009765625</ele>
        <time>2017-09-03T17:28:40.000Z</time>
        <extensions>
          <ns3:TrackPointExtension>
            <ns3:atemp>26.0</ns3:atemp>
            <ns3:cad>61</ns3:cad>
          </ns3:TrackPointExtension>
        </extensions>
      </trkpt>
      <trkpt lat="43.21323104202747344970703125" lon="-109.65525272302329540252685546875">
        <ele>3702.800048828125</ele>
        <time>2017-09-03T17:28:44.000Z</time>
        <extensions>
          <ns3:TrackPointExtension>
            <ns3:atemp>26.0</ns3:atemp>
            <ns3:cad>0</ns3:cad>
          </ns3:TrackPointExtension>
        </extensions>
      </trkpt>
      <trkpt lat="43.2132188044488430023193359375" lon="-109.65535280294716358184814453125">
        <ele>3702.199951171875</ele>
        <time>2017-09-03T17:29:40.000Z</time>
        <extensions>
          <ns3:TrackPointExtension>
            <ns3:atemp>27.0</ns3:atemp>
            <ns3:cad>61</ns3:cad>
          </ns3:TrackPointExtension>
        </extensions>
      </trkpt>
      <trkpt lat="43.21322442032396793365478515625" lon="-109.6553589217364788055419921875">
        <ele>3702</ele>
        <time>2017-09-03T17:29:41.000Z</time>
        <extensions>
          <ns3:TrackPointExtension>
            <ns3:atemp>27.0</ns3:atemp>
            <ns3:cad>61</ns3:cad>
          </ns3:TrackPointExtension>
        </extensions>
      </trkpt>
      <trkpt lat="43.2133096642792224884033203125" lon="-109.6554048545658588409423828125">
        <ele>3704.39990234375</ele>
        <time>2017-09-03T17:29:59.000Z</time>
        <extensions>
          <ns3:TrackPointExtension>
            <ns3:atemp>26.0</ns3:atemp>
            <ns3:cad>0</ns3:cad>
          </ns3:TrackPointExtension>
        </extensions>
      </trkpt>
      <trkpt lat="43.21335735730826854705810546875" lon="-109.6554685570299625396728515625">
        <ele>3705.39990234375</ele>
        <time>2017-09-03T17:30:11.000Z</time>
        <extensions>
          <ns3:TrackPointExtension>
            <ns3:atemp>26.0</ns3:atemp>
            <ns3:cad>0</ns3:cad>
          </ns3:TrackPointExtension>
        </extensions>
      </trkpt>
      <trkpt lat="43.21340597234666347503662109375" lon="-109.655673913657665252685546875">
        <ele>3705.60009765625</ele>
        <time>2017-09-03T17:30:31.000Z</time>
        <extensions>
          <ns3:TrackPointExtension>
            <ns3:atemp>26.0</ns3:atemp>
            <ns3:cad>46</ns3:cad>
          </ns3:TrackPointExtension>
        </extensions>
      </trkpt>
      <trkpt lat="43.213419802486896514892578125" lon="-109.65573283843696117401123046875">
        <ele>3706</ele>
        <time>2017-09-03T17:30:36.000Z</time>
        <extensions>
          <ns3:TrackPointExtension>
            <ns3:atemp>26.0</ns3:atemp>
            <ns3:cad>0</ns3:cad>
          </ns3:TrackPointExtension>
        </extensions>
      </trkpt>
      <trkpt lat="43.21342843584716320037841796875" lon="-109.6557615883648395538330078125">
        <ele>3706</ele>
        <time>2017-09-03T17:30:39.000Z</time>
        <extensions>
          <ns3:TrackPointExtension>
            <ns3:atemp>26.0</ns3:atemp>
            <ns3:cad>61</ns3:cad>
          </ns3:TrackPointExtension>
        </extensions>
      </trkpt>
      <trkpt lat="43.213472105562686920166015625" lon="-109.65589812956750392913818359375">
        <ele>3706</ele>
        <time>2017-09-03T17:30:54.000Z</time>
        <extensions>
          <ns3:TrackPointExtension>
            <ns3:atemp>26.0</ns3:atemp>
            <ns3:cad>0</ns3:cad>
          </ns3:TrackPointExtension>
        </extensions>
      </trkpt>
      <trkpt lat="43.21347738616168498992919921875" lon="-109.65592143125832080841064453125">
        <ele>3705.800048828125</ele>
        <time>2017-09-03T17:30:56.000Z</time>
        <extensions>
          <ns3:TrackPointExtension>
            <ns3:atemp>26.0</ns3:atemp>
            <ns3:cad>0</ns3:cad>
          </ns3:TrackPointExtension>
        </extensions>
      </trkpt>
      <trkpt lat="43.21348249912261962890625" lon="-109.65593081898987293243408203125">
        <ele>3705.800048828125</ele>
        <time>2017-09-03T17:30:58.000Z</time>
        <extensions>
          <ns3:TrackPointExtension>
            <ns3:atemp>26.0</ns3:atemp>
            <ns3:cad>0</ns3:cad>
          </ns3:TrackPointExtension>
        </extensions>
      </trkpt>
      <trkpt lat="43.2135634683072566986083984375" lon="-109.65602360665798187255859375">
        <ele>3706.60009765625</ele>
        <time>2017-09-03T17:31:16.000Z</time>
        <extensions>
          <ns3:TrackPointExtension>
            <ns3:atemp>26.0</ns3:atemp>
            <ns3:cad>61</ns3:cad>
          </ns3:TrackPointExtension>
        </extensions>
      </trkpt>
      <trkpt lat="43.21359842084348201751708984375" lon="-109.6561391092836856842041015625">
        <ele>3707</ele>
        <time>2017-09-03T17:31:28.000Z</time>
        <extensions>
          <ns3:TrackPointExtension>
            <ns3:atemp>26.0</ns3:atemp>
            <ns3:cad>61</ns3:cad>
          </ns3:TrackPointExtension>
        </extensions>
      </trkpt>
      <trkpt lat="43.21364485658705234527587890625" lon="-109.65623080730438232421875">
        <ele>3707.60009765625</ele>
        <time>2017-09-03T17:31:43.000Z</time>
        <extensions>
          <ns3:TrackPointExtension>
            <ns3:atemp>26.0</ns3:atemp>
            <ns3:cad>0</ns3:cad>
          </ns3:TrackPointExtension>
        </extensions>
      </trkpt>
      <trkpt lat="43.21365927346050739288330078125" lon="-109.6562598086893558502197265625">
        <ele>3708.800048828125</ele>
        <time>2017-09-03T17:31:50.000Z</time>
        <extensions>
          <ns3:TrackPointExtension>
            <ns3:atemp>26.0</ns3:atemp>
            <ns3:cad>0</ns3:cad>
          </ns3:TrackPointExtension>
        </extensions>
      </trkpt>
      <trkpt lat="43.2137317769229412078857421875" lon="-109.6562812663614749908447265625">
        <ele>3709.800048828125</ele>
        <time>2017-09-03T17:31:59.000Z</time>
        <extensions>
          <ns3:TrackPointExtension>
            <ns3:atemp>26.0</ns3:atemp>
            <ns3:cad>0</ns3:cad>
          </ns3:TrackPointExtension>
        </extensions>
      </trkpt>
      <trkpt lat="43.2137559168040752410888671875" lon="-109.65643540956079959869384765625">
        <ele>3710</ele>
        <time>2017-09-03T17:32:17.000Z</time>
        <extensions>
          <ns3:TrackPointExtension>
            <ns3:atemp>26.0</ns3:atemp>
            <ns3:cad>0</ns3:cad>
          </ns3:TrackPointExtension>
        </extensions>
      </trkpt>
      <trkpt lat="43.2138219662010669708251953125" lon="-109.656533896923065185546875">
        <ele>3711</ele>
        <time>2017-09-03T17:32:31.000Z</time>
        <extensions>
          <ns3:TrackPointExtension>
            <ns3:atemp>25.0</ns3:atemp>
            <ns3:cad>0</ns3:cad>
          </ns3:TrackPointExtension>
        </extensions>
      </trkpt>
      <trkpt lat="43.21382255293428897857666015625" lon="-109.65656398795545101165771484375">
        <ele>3711.199951171875</ele>
        <time>2017-09-03T17:32:33.000Z</time>
        <extensions>
          <ns3:TrackPointExtension>
            <ns3:atemp>25.0</ns3:atemp>
            <ns3:cad>0</ns3:cad>
          </ns3:TrackPointExtension>
        </extensions>
      </trkpt>
      <trkpt lat="43.2138513028621673583984375" lon="-109.65663607232272624969482421875">
        <ele>3712</ele>
        <time>2017-09-03T17:32:42.000Z</time>
        <extensions>
          <ns3:TrackPointExtension>
            <ns3:atemp>25.0</ns3:atemp>
            <ns3:cad>0</ns3:cad>
          </ns3:TrackPointExtension>
        </extensions>
      </trkpt>
      <trkpt lat="43.213911317288875579833984375" lon="-109.65669281780719757080078125">
        <ele>3713</ele>
        <time>2017-09-03T17:32:55.000Z</time>
        <extensions>
          <ns3:TrackPointExtension>
            <ns3:atemp>25.0</ns3:atemp>
            <ns3:cad>0</ns3:cad>
          </ns3:TrackPointExtension>
        </extensions>
      </trkpt>
      <trkpt lat="43.213936127722263336181640625" lon="-109.65672240592539310455322265625">
        <ele>3714.199951171875</ele>
        <time>2017-09-03T17:33:00.000Z</time>
        <extensions>
          <ns3:TrackPointExtension>
            <ns3:atemp>25.0</ns3:atemp>
            <ns3:cad>61</ns3:cad>
          </ns3:TrackPointExtension>
        </extensions>
      </trkpt>
      <trkpt lat="43.21398465894162654876708984375" lon="-109.6568262577056884765625">
        <ele>3715.199951171875</ele>
        <time>2017-09-03T17:33:13.000Z</time>
        <extensions>
          <ns3:TrackPointExtension>
            <ns3:atemp>25.0</ns3:atemp>
            <ns3:cad>0</ns3:cad>
          </ns3:TrackPointExtension>
        </extensions>
      </trkpt>
      <trkpt lat="43.21402891539037227630615234375" lon="-109.65691418386995792388916015625">
        <ele>3716.199951171875</ele>
        <time>2017-09-03T17:33:38.000Z</time>
        <extensions>
          <ns3:TrackPointExtension>
            <ns3:atemp>25.0</ns3:atemp>
            <ns3:cad>0</ns3:cad>
          </ns3:TrackPointExtension>
        </extensions>
      </trkpt>
      <trkpt lat="43.214109800755977630615234375" lon="-109.656970761716365814208984375">
        <ele>3717.199951171875</ele>
        <time>2017-09-03T17:33:53.000Z</time>
        <extensions>
          <ns3:TrackPointExtension>
            <ns3:atemp>25.0</ns3:atemp>
            <ns3:cad>0</ns3:cad>
          </ns3:TrackPointExtension>
        </extensions>
      </trkpt>
      <trkpt lat="43.21416202001273632049560546875" lon="-109.657031781971454620361328125">
        <ele>3718.199951171875</ele>
        <time>2017-09-03T17:34:01.000Z</time>
        <extensions>
          <ns3:TrackPointExtension>
            <ns3:atemp>25.0</ns3:atemp>
            <ns3:cad>68</ns3:cad>
          </ns3:TrackPointExtension>
        </extensions>
      </trkpt>
      <trkpt lat="43.2141736708581447601318359375" lon="-109.65704041533172130584716796875">
        <ele>3718.199951171875</ele>
        <time>2017-09-03T17:34:03.000Z</time>
        <extensions>
          <ns3:TrackPointExtension>
            <ns3:atemp>25.0</ns3:atemp>
            <ns3:cad>68</ns3:cad>
          </ns3:TrackPointExtension>
        </extensions>
      </trkpt>
      <trkpt lat="43.21419940330088138580322265625" lon="-109.657062627375125885009765625">
        <ele>3718.39990234375</ele>
        <time>2017-09-03T17:34:07.000Z</time>
        <extensions>
          <ns3:TrackPointExtension>
            <ns3:atemp>25.0</ns3:atemp>
            <ns3:cad>68</ns3:cad>
          </ns3:TrackPointExtension>
        </extensions>
      </trkpt>
      <trkpt lat="43.21421943604946136474609375" lon="-109.65708039700984954833984375">
        <ele>3718.60009765625</ele>
        <time>2017-09-03T17:34:10.000Z</time>
        <extensions>
          <ns3:TrackPointExtension>
            <ns3:atemp>25.0</ns3:atemp>
            <ns3:cad>61</ns3:cad>
          </ns3:TrackPointExtension>
        </extensions>
      </trkpt>
      <trkpt lat="43.21423728950321674346923828125" lon="-109.6571073867380619049072265625">
        <ele>3719</ele>
        <time>2017-09-03T17:34:13.000Z</time>
        <extensions>
          <ns3:TrackPointExtension>
            <ns3:atemp>25.0</ns3:atemp>
            <ns3:cad>61</ns3:cad>
          </ns3:TrackPointExtension>
        </extensions>
      </trkpt>
      <trkpt lat="43.21424516849219799041748046875" lon="-109.6571197919547557830810546875">
        <ele>3719</ele>
        <time>2017-09-03T17:34:15.000Z</time>
        <extensions>
          <ns3:TrackPointExtension>
            <ns3:atemp>25.0</ns3:atemp>
            <ns3:cad>61</ns3:cad>
          </ns3:TrackPointExtension>
        </extensions>
      </trkpt>
      <trkpt lat="43.21426562033593654632568359375" lon="-109.65715843252837657928466796875">
        <ele>3719.39990234375</ele>
        <time>2017-09-03T17:34:20.000Z</time>
        <extensions>
          <ns3:TrackPointExtension>
            <ns3:atemp>25.0</ns3:atemp>
            <ns3:cad>0</ns3:cad>
          </ns3:TrackPointExtension>
        </extensions>
      </trkpt>
      <trkpt lat="43.21427986957132816314697265625" lon="-109.6571583487093448638916015625">
        <ele>3720</ele>
        <time>2017-09-03T17:34:26.000Z</time>
        <extensions>
          <ns3:TrackPointExtension>
            <ns3:atemp>25.0</ns3:atemp>
            <ns3:cad>61</ns3:cad>
          </ns3:TrackPointExtension>
        </extensions>
      </trkpt>
      <trkpt lat="43.214306272566318511962890625" lon="-109.6572331152856349945068359375">
        <ele>3720.39990234375</ele>
        <time>2017-09-03T17:34:35.000Z</time>
        <extensions>
          <ns3:TrackPointExtension>
            <ns3:atemp>25.0</ns3:atemp>
            <ns3:cad>0</ns3:cad>
          </ns3:TrackPointExtension>
        </extensions>
      </trkpt>
      <trkpt lat="43.21434273384511470794677734375" lon="-109.6572934649884700775146484375">
        <ele>3721.60009765625</ele>
        <time>2017-09-03T17:34:48.000Z</time>
        <extensions>
          <ns3:TrackPointExtension>
            <ns3:atemp>25.0</ns3:atemp>
            <ns3:cad>61</ns3:cad>
          </ns3:TrackPointExtension>
        </extensions>
      </trkpt>
      <trkpt lat="43.21431959979236125946044921875" lon="-109.6573578380048274993896484375">
        <ele>3722.60009765625</ele>
        <time>2017-09-03T17:34:53.000Z</time>
        <extensions>
          <ns3:TrackPointExtension>
            <ns3:atemp>25.0</ns3:atemp>
            <ns3:cad>0</ns3:cad>
          </ns3:TrackPointExtension>
        </extensions>
      </trkpt>
      <trkpt lat="43.2143359445035457611083984375" lon="-109.65744785964488983154296875">
        <ele>3723.60009765625</ele>
        <time>2017-09-03T17:35:05.000Z</time>
        <extensions>
          <ns3:TrackPointExtension>
            <ns3:atemp>25.0</ns3:atemp>
            <ns3:cad>0</ns3:cad>
          </ns3:TrackPointExtension>
        </extensions>
      </trkpt>
      <trkpt lat="43.214388750493526458740234375" lon="-109.65754299424588680267333984375">
        <ele>3724.800048828125</ele>
        <time>2017-09-03T17:35:23.000Z</time>
        <extensions>
          <ns3:TrackPointExtension>
            <ns3:atemp>25.0</ns3:atemp>
            <ns3:cad>0</ns3:cad>
          </ns3:TrackPointExtension>
        </extensions>
      </trkpt>
      <trkpt lat="43.21445010602474212646484375" lon="-109.65769839473068714141845703125">
        <ele>3726</ele>
        <time>2017-09-03T17:35:48.000Z</time>
        <extensions>
          <ns3:TrackPointExtension>
            <ns3:atemp>26.0</ns3:atemp>
            <ns3:cad>61</ns3:cad>
          </ns3:TrackPointExtension>
        </extensions>
      </trkpt>
      <trkpt lat="43.21444834582507610321044921875" lon="-109.65775287710130214691162109375">
        <ele>3726.60009765625</ele>
        <time>2017-09-03T17:35:54.000Z</time>
        <extensions>
          <ns3:TrackPointExtension>
            <ns3:atemp>26.0</ns3:atemp>
            <ns3:cad>61</ns3:cad>
          </ns3:TrackPointExtension>
        </extensions>
      </trkpt>
      <trkpt lat="43.21444650180637836456298828125" lon="-109.6577957086265087127685546875">
        <ele>3727</ele>
        <time>2017-09-03T17:35:59.000Z</time>
        <extensions>
          <ns3:TrackPointExtension>
            <ns3:atemp>26.0</ns3:atemp>
            <ns3:cad>0</ns3:cad>
          </ns3:TrackPointExtension>
        </extensions>
      </trkpt>
      <trkpt lat="43.21449746377766132354736328125" lon="-109.657924287021160125732421875">
        <ele>3728</ele>
        <time>2017-09-03T17:36:15.000Z</time>
        <extensions>
          <ns3:TrackPointExtension>
            <ns3:atemp>26.0</ns3:atemp>
            <ns3:cad>61</ns3:cad>
          </ns3:TrackPointExtension>
        </extensions>
      </trkpt>
      <trkpt lat="43.21456988342106342315673828125" lon="-109.6581641770899295806884765625">
        <ele>3728.199951171875</ele>
        <time>2017-09-03T17:36:40.000Z</time>
        <extensions>
          <ns3:TrackPointExtension>
            <ns3:atemp>26.0</ns3:atemp>
            <ns3:cad>46</ns3:cad>
          </ns3:TrackPointExtension>
        </extensions>
      </trkpt>
      <trkpt lat="43.214613385498523712158203125" lon="-109.6583049930632114410400390625">
        <ele>3728</ele>
        <time>2017-09-03T17:36:52.000Z</time>
        <extensions>
          <ns3:TrackPointExtension>
            <ns3:atemp>26.0</ns3:atemp>
            <ns3:cad>0</ns3:cad>
          </ns3:TrackPointExtension>
        </extensions>
      </trkpt>
      <trkpt lat="43.21462579071521759033203125" lon="-109.65831580571830272674560546875">
        <ele>3728</ele>
        <time>2017-09-03T17:36:54.000Z</time>
        <extensions>
          <ns3:TrackPointExtension>
            <ns3:atemp>26.0</ns3:atemp>
            <ns3:cad>0</ns3:cad>
          </ns3:TrackPointExtension>
        </extensions>
      </trkpt>
      <trkpt lat="43.21463056840002536773681640625" lon="-109.65832586400210857391357421875">
        <ele>3728</ele>
        <time>2017-09-03T17:36:56.000Z</time>
        <extensions>
          <ns3:TrackPointExtension>
            <ns3:atemp>26.0</ns3:atemp>
            <ns3:cad>0</ns3:cad>
          </ns3:TrackPointExtension>
        </extensions>
      </trkpt>
      <trkpt lat="43.21470047347247600555419921875" lon="-109.6584773249924182891845703125">
        <ele>3729.39990234375</ele>
        <time>2017-09-03T17:37:13.000Z</time>
        <extensions>
          <ns3:TrackPointExtension>
            <ns3:atemp>26.0</ns3:atemp>
            <ns3:cad>0</ns3:cad>
          </ns3:TrackPointExtension>
        </extensions>
      </trkpt>
      <trkpt lat="43.21474925614893436431884765625" lon="-109.6586134470999240875244140625">
        <ele>3730</ele>
        <time>2017-09-03T17:37:26.000Z</time>
        <extensions>
          <ns3:TrackPointExtension>
            <ns3:atemp>26.0</ns3:atemp>
            <ns3:cad>0</ns3:cad>
          </ns3:TrackPointExtension>
        </extensions>
      </trkpt>
      <trkpt lat="43.21476115845143795013427734375" lon="-109.6586285345256328582763671875">
        <ele>3730</ele>
        <time>2017-09-03T17:37:28.000Z</time>
        <extensions>
          <ns3:TrackPointExtension>
            <ns3:atemp>26.0</ns3:atemp>
            <ns3:cad>0</ns3:cad>
          </ns3:TrackPointExtension>
        </extensions>
      </trkpt>
      <trkpt lat="43.2148499228060245513916015625" lon="-109.6587368287146091461181640625">
        <ele>3730.39990234375</ele>
        <time>2017-09-03T17:37:53.000Z</time>
        <extensions>
          <ns3:TrackPointExtension>
            <ns3:atemp>26.0</ns3:atemp>
            <ns3:cad>0</ns3:cad>
          </ns3:TrackPointExtension>
        </extensions>
      </trkpt>
      <trkpt lat="43.21491278707981109619140625" lon="-109.65881754644215106964111328125">
        <ele>3731.39990234375</ele>
        <time>2017-09-03T17:38:10.000Z</time>
        <extensions>
          <ns3:TrackPointExtension>
            <ns3:atemp>26.0</ns3:atemp>
            <ns3:cad>63</ns3:cad>
          </ns3:TrackPointExtension>
        </extensions>
      </trkpt>
      <trkpt lat="43.21492762304842472076416015625" lon="-109.6589024551212787628173828125">
        <ele>3732.60009765625</ele>
        <time>2017-09-03T17:38:24.000Z</time>
        <extensions>
          <ns3:TrackPointExtension>
            <ns3:atemp>26.0</ns3:atemp>
            <ns3:cad>63</ns3:cad>
          </ns3:TrackPointExtension>
        </extensions>
      </trkpt>
      <trkpt lat="43.2149241864681243896484375" lon="-109.65899406932294368743896484375">
        <ele>3733</ele>
        <time>2017-09-03T17:38:37.000Z</time>
        <extensions>
          <ns3:TrackPointExtension>
            <ns3:atemp>26.0</ns3:atemp>
            <ns3:cad>0</ns3:cad>
          </ns3:TrackPointExtension>
        </extensions>
      </trkpt>
      <trkpt lat="43.2149411179125308990478515625" lon="-109.65915617533028125762939453125">
        <ele>3733.60009765625</ele>
        <time>2017-09-03T17:38:52.000Z</time>
        <extensions>
          <ns3:TrackPointExtension>
            <ns3:atemp>26.0</ns3:atemp>
            <ns3:cad>0</ns3:cad>
          </ns3:TrackPointExtension>
        </extensions>
      </trkpt>
      <trkpt lat="43.215071372687816619873046875" lon="-109.659309647977352142333984375">
        <ele>3734.39990234375</ele>
        <time>2017-09-03T17:39:22.000Z</time>
        <extensions>
          <ns3:TrackPointExtension>
            <ns3:atemp>27.0</ns3:atemp>
            <ns3:cad>0</ns3:cad>
          </ns3:TrackPointExtension>
        </extensions>
      </trkpt>
      <trkpt lat="43.21508386172354221343994140625" lon="-109.659319706261157989501953125">
        <ele>3734.60009765625</ele>
        <time>2017-09-03T17:39:25.000Z</time>
        <extensions>
          <ns3:TrackPointExtension>
            <ns3:atemp>27.0</ns3:atemp>
            <ns3:cad>61</ns3:cad>
          </ns3:TrackPointExtension>
        </extensions>
      </trkpt>
      <trkpt lat="43.215232305228710174560546875" lon="-109.6594476141035556793212890625">
        <ele>3735</ele>
        <time>2017-09-03T17:40:02.000Z</time>
        <extensions>
          <ns3:TrackPointExtension>
            <ns3:atemp>27.0</ns3:atemp>
            <ns3:cad>61</ns3:cad>
          </ns3:TrackPointExtension>
        </extensions>
      </trkpt>
      <trkpt lat="43.2153907231986522674560546875" lon="-109.6595714986324310302734375">
        <ele>3734.800048828125</ele>
        <time>2017-09-03T17:40:30.000Z</time>
        <extensions>
          <ns3:TrackPointExtension>
            <ns3:atemp>27.0</ns3:atemp>
            <ns3:cad>0</ns3:cad>
          </ns3:TrackPointExtension>
        </extensions>
      </trkpt>
      <trkpt lat="43.21548602543771266937255859375" lon="-109.65967870317399501800537109375">
        <ele>3734</ele>
        <time>2017-09-03T17:41:06.000Z</time>
        <extensions>
          <ns3:TrackPointExtension>
            <ns3:atemp>27.0</ns3:atemp>
            <ns3:cad>63</ns3:cad>
          </ns3:TrackPointExtension>
        </extensions>
      </trkpt>
      <trkpt lat="43.21549457497894763946533203125" lon="-109.659682475030422210693359375">
        <ele>3733.60009765625</ele>
        <time>2017-09-03T17:41:08.000Z</time>
        <extensions>
          <ns3:TrackPointExtension>
            <ns3:atemp>27.0</ns3:atemp>
            <ns3:cad>63</ns3:cad>
          </ns3:TrackPointExtension>
        </extensions>
      </trkpt>
      <trkpt lat="43.21556716226041316986083984375" lon="-109.65964936651289463043212890625">
        <ele>3734.60009765625</ele>
        <time>2017-09-03T17:41:45.000Z</time>
        <extensions>
          <ns3:TrackPointExtension>
            <ns3:atemp>27.0</ns3:atemp>
            <ns3:cad>0</ns3:cad>
          </ns3:TrackPointExtension>
        </extensions>
      </trkpt>
      <trkpt lat="43.2156301103532314300537109375" lon="-109.65960930101573467254638671875">
        <ele>3733.39990234375</ele>
        <time>2017-09-03T17:41:55.000Z</time>
        <extensions>
          <ns3:TrackPointExtension>
            <ns3:atemp>27.0</ns3:atemp>
            <ns3:cad>61</ns3:cad>
          </ns3:TrackPointExtension>
        </extensions>
      </trkpt>
      <trkpt lat="43.21564561687409877777099609375" lon="-109.65960762463510036468505859375">
        <ele>3733</ele>
        <time>2017-09-03T17:41:57.000Z</time>
        <extensions>
          <ns3:TrackPointExtension>
            <ns3:atemp>27.0</ns3:atemp>
            <ns3:cad>61</ns3:cad>
          </ns3:TrackPointExtension>
        </extensions>
      </trkpt>
      <trkpt lat="43.2156488858163356781005859375" lon="-109.65962447226047515869140625">
        <ele>3732.39990234375</ele>
        <time>2017-09-03T17:42:09.000Z</time>
        <extensions>
          <ns3:TrackPointExtension>
            <ns3:atemp>27.0</ns3:atemp>
            <ns3:cad>0</ns3:cad>
          </ns3:TrackPointExtension>
        </extensions>
      </trkpt>
      <trkpt lat="43.21565584279596805572509765625" lon="-109.65961131267249584197998046875">
        <ele>3733.39990234375</ele>
        <time>2017-09-03T17:42:39.000Z</time>
        <extensions>
          <ns3:TrackPointExtension>
            <ns3:atemp>27.0</ns3:atemp>
            <ns3:cad>61</ns3:cad>
          </ns3:TrackPointExtension>
        </extensions>
      </trkpt>
      <trkpt lat="43.2156430184841156005859375" lon="-109.65956353582441806793212890625">
        <ele>3732.39990234375</ele>
        <time>2017-09-03T17:42:49.000Z</time>
        <extensions>
          <ns3:TrackPointExtension>
            <ns3:atemp>27.0</ns3:atemp>
            <ns3:cad>0</ns3:cad>
          </ns3:TrackPointExtension>
        </extensions>
      </trkpt>
      <trkpt lat="43.21565039455890655517578125" lon="-109.65955263935029506683349609375">
        <ele>3732</ele>
        <time>2017-09-03T17:42:52.000Z</time>
        <extensions>
          <ns3:TrackPointExtension>
            <ns3:atemp>27.0</ns3:atemp>
            <ns3:cad>61</ns3:cad>
          </ns3:TrackPointExtension>
        </extensions>
      </trkpt>
      <trkpt lat="43.21568031795322895050048828125" lon="-109.65959907509386539459228515625">
        <ele>3731.60009765625</ele>
        <time>2017-09-03T17:55:05.000Z</time>
        <extensions>
          <ns3:TrackPointExtension>
            <ns3:atemp>29.0</ns3:atemp>
            <ns3:cad>0</ns3:cad>
          </ns3:TrackPointExtension>
        </extensions>
      </trkpt>
      <trkpt lat="43.21567989885807037353515625" lon="-109.659592621028423309326171875">
        <ele>3731.199951171875</ele>
        <time>2017-09-03T17:55:06.000Z</time>
        <extensions>
          <ns3:TrackPointExtension>
            <ns3:atemp>29.0</ns3:atemp>
            <ns3:cad>0</ns3:cad>
          </ns3:TrackPointExtension>
        </extensions>
      </trkpt>
      <trkpt lat="43.215818367898464202880859375" lon="-109.65945105068385601043701171875">
        <ele>3730</ele>
        <time>2017-09-03T17:55:36.000Z</time>
        <extensions>
          <ns3:TrackPointExtension>
            <ns3:atemp>29.0</ns3:atemp>
            <ns3:cad>47</ns3:cad>
          </ns3:TrackPointExtension>
        </extensions>
      </trkpt>
      <trkpt lat="43.21586363017559051513671875" lon="-109.65938734821975231170654296875">
        <ele>3729.39990234375</ele>
        <time>2017-09-03T17:55:43.000Z</time>
        <extensions>
          <ns3:TrackPointExtension>
            <ns3:atemp>29.0</ns3:atemp>
            <ns3:cad>52</ns3:cad>
          </ns3:TrackPointExtension>
        </extensions>
      </trkpt>
      <trkpt lat="43.21600352413952350616455078125" lon="-109.6593322791159152984619140625">
        <ele>3729</ele>
        <time>2017-09-03T17:55:55.000Z</time>
        <extensions>
          <ns3:TrackPointExtension>
            <ns3:atemp>29.0</ns3:atemp>
            <ns3:cad>45</ns3:cad>
          </ns3:TrackPointExtension>
        </extensions>
      </trkpt>
      <trkpt lat="43.216054402291774749755859375" lon="-109.65929011814296245574951171875">
        <ele>3728.199951171875</ele>
        <time>2017-09-03T17:56:00.000Z</time>
        <extensions>
          <ns3:TrackPointExtension>
            <ns3:atemp>29.0</ns3:atemp>
            <ns3:cad>0</ns3:cad>
          </ns3:TrackPointExtension>
        </extensions>
      </trkpt>
      <trkpt lat="43.21607812307775020599365234375" lon="-109.6592430956661701202392578125">
        <ele>3728</ele>
        <time>2017-09-03T17:56:04.000Z</time>
        <extensions>
          <ns3:TrackPointExtension>
            <ns3:atemp>29.0</ns3:atemp>
            <ns3:cad>0</ns3:cad>
          </ns3:TrackPointExtension>
        </extensions>
      </trkpt>
      <trkpt lat="43.21610662154853343963623046875" lon="-109.65925072319805622100830078125">
        <ele>3727.800048828125</ele>
        <time>2017-09-03T17:56:08.000Z</time>
        <extensions>
          <ns3:TrackPointExtension>
            <ns3:atemp>29.0</ns3:atemp>
            <ns3:cad>0</ns3:cad>
          </ns3:TrackPointExtension>
        </extensions>
      </trkpt>
      <trkpt lat="43.2161258161067962646484375" lon="-109.6592316962778568267822265625">
        <ele>3727.39990234375</ele>
        <time>2017-09-03T17:56:11.000Z</time>
        <extensions>
          <ns3:TrackPointExtension>
            <ns3:atemp>29.0</ns3:atemp>
            <ns3:cad>0</ns3:cad>
          </ns3:TrackPointExtension>
        </extensions>
      </trkpt>
      <trkpt lat="43.2161564938724040985107421875" lon="-109.659190960228443145751953125">
        <ele>3727</ele>
        <time>2017-09-03T17:56:15.000Z</time>
        <extensions>
          <ns3:TrackPointExtension>
            <ns3:atemp>29.0</ns3:atemp>
            <ns3:cad>0</ns3:cad>
          </ns3:TrackPointExtension>
        </extensions>
      </trkpt>
      <trkpt lat="43.21617736481130123138427734375" lon="-109.6591274254024028778076171875">
        <ele>3727.199951171875</ele>
        <time>2017-09-03T17:56:21.000Z</time>
        <extensions>
          <ns3:TrackPointExtension>
            <ns3:atemp>29.0</ns3:atemp>
            <ns3:cad>0</ns3:cad>
          </ns3:TrackPointExtension>
        </extensions>
      </trkpt>
      <trkpt lat="43.21619764901697635650634765625" lon="-109.659114517271518707275390625">
        <ele>3727</ele>
        <time>2017-09-03T17:56:24.000Z</time>
        <extensions>
          <ns3:TrackPointExtension>
            <ns3:atemp>29.0</ns3:atemp>
            <ns3:cad>0</ns3:cad>
          </ns3:TrackPointExtension>
        </extensions>
      </trkpt>
      <trkpt lat="43.216211311519145965576171875" lon="-109.659114181995391845703125">
        <ele>3726.800048828125</ele>
        <time>2017-09-03T17:56:26.000Z</time>
        <extensions>
          <ns3:TrackPointExtension>
            <ns3:atemp>29.0</ns3:atemp>
            <ns3:cad>0</ns3:cad>
          </ns3:TrackPointExtension>
        </extensions>
      </trkpt>
      <trkpt lat="43.216240145266056060791015625" lon="-109.6591237373650074005126953125">
        <ele>3726.60009765625</ele>
        <time>2017-09-03T17:56:28.000Z</time>
        <extensions>
          <ns3:TrackPointExtension>
            <ns3:atemp>29.0</ns3:atemp>
            <ns3:cad>0</ns3:cad>
          </ns3:TrackPointExtension>
        </extensions>
      </trkpt>
      <trkpt lat="43.2162721641361713409423828125" lon="-109.65913438238203525543212890625">
        <ele>3726.39990234375</ele>
        <time>2017-09-03T17:56:32.000Z</time>
        <extensions>
          <ns3:TrackPointExtension>
            <ns3:atemp>29.0</ns3:atemp>
            <ns3:cad>0</ns3:cad>
          </ns3:TrackPointExtension>
        </extensions>
      </trkpt>
      <trkpt lat="43.2162855751812458038330078125" lon="-109.659100435674190521240234375">
        <ele>3726</ele>
        <time>2017-09-03T17:56:36.000Z</time>
        <extensions>
          <ns3:TrackPointExtension>
            <ns3:atemp>29.0</ns3:atemp>
            <ns3:cad>61</ns3:cad>
          </ns3:TrackPointExtension>
        </extensions>
      </trkpt>
      <trkpt lat="43.21633645333349704742431640625" lon="-109.659117870032787322998046875">
        <ele>3726</ele>
        <time>2017-09-03T17:56:41.000Z</time>
        <extensions>
          <ns3:TrackPointExtension>
            <ns3:atemp>29.0</ns3:atemp>
            <ns3:cad>61</ns3:cad>
          </ns3:TrackPointExtension>
        </extensions>
      </trkpt>
      <trkpt lat="43.21636461652815341949462890625" lon="-109.65914377011358737945556640625">
        <ele>3725.60009765625</ele>
        <time>2017-09-03T17:56:45.000Z</time>
        <extensions>
          <ns3:TrackPointExtension>
            <ns3:atemp>29.0</ns3:atemp>
            <ns3:cad>0</ns3:cad>
          </ns3:TrackPointExtension>
        </extensions>
      </trkpt>
      <trkpt lat="43.2163868285715579986572265625" lon="-109.65915315784513950347900390625">
        <ele>3724.800048828125</ele>
        <time>2017-09-03T17:56:51.000Z</time>
        <extensions>
          <ns3:TrackPointExtension>
            <ns3:atemp>28.0</ns3:atemp>
            <ns3:cad>0</ns3:cad>
          </ns3:TrackPointExtension>
        </extensions>
      </trkpt>
      <trkpt lat="43.21640484966337680816650390625" lon="-109.6590831689536571502685546875">
        <ele>3723.800048828125</ele>
        <time>2017-09-03T17:57:03.000Z</time>
        <extensions>
          <ns3:TrackPointExtension>
            <ns3:atemp>28.0</ns3:atemp>
            <ns3:cad>0</ns3:cad>
          </ns3:TrackPointExtension>
        </extensions>
      </trkpt>
      <trkpt lat="43.2165061868727207183837890625" lon="-109.658992476761341094970703125">
        <ele>3722.800048828125</ele>
        <time>2017-09-03T17:58:00.000Z</time>
        <extensions>
          <ns3:TrackPointExtension>
            <ns3:atemp>29.0</ns3:atemp>
            <ns3:cad>61</ns3:cad>
          </ns3:TrackPointExtension>
        </extensions>
      </trkpt>
      <trkpt lat="43.2165122218430042266845703125" lon="-109.6589892916381359100341796875">
        <ele>3722.60009765625</ele>
        <time>2017-09-03T17:58:01.000Z</time>
        <extensions>
          <ns3:TrackPointExtension>
            <ns3:atemp>29.0</ns3:atemp>
            <ns3:cad>40</ns3:cad>
          </ns3:TrackPointExtension>
        </extensions>
      </trkpt>
      <trkpt lat="43.2166262157261371612548828125" lon="-109.659055508673191070556640625">
        <ele>3721.800048828125</ele>
        <time>2017-09-03T17:58:12.000Z</time>
        <extensions>
          <ns3:TrackPointExtension>
            <ns3:atemp>29.0</ns3:atemp>
            <ns3:cad>40</ns3:cad>
          </ns3:TrackPointExtension>
        </extensions>
      </trkpt>
      <trkpt lat="43.2166919298470020294189453125" lon="-109.65905307792127132415771484375">
        <ele>3720.60009765625</ele>
        <time>2017-09-03T17:58:20.000Z</time>
        <extensions>
          <ns3:TrackPointExtension>
            <ns3:atemp>29.0</ns3:atemp>
            <ns3:cad>40</ns3:cad>
          </ns3:TrackPointExtension>
        </extensions>
      </trkpt>
      <trkpt lat="43.21674716658890247344970703125" lon="-109.65906950645148754119873046875">
        <ele>3720</ele>
        <time>2017-09-03T17:58:26.000Z</time>
        <extensions>
          <ns3:TrackPointExtension>
            <ns3:atemp>29.0</ns3:atemp>
            <ns3:cad>0</ns3:cad>
          </ns3:TrackPointExtension>
        </extensions>
      </trkpt>
      <trkpt lat="43.2167898304760456085205078125" lon="-109.6590717695653438568115234375">
        <ele>3719.60009765625</ele>
        <time>2017-09-03T17:58:30.000Z</time>
        <extensions>
          <ns3:TrackPointExtension>
            <ns3:atemp>29.0</ns3:atemp>
            <ns3:cad>62</ns3:cad>
          </ns3:TrackPointExtension>
        </extensions>
      </trkpt>
      <trkpt lat="43.2167935185134410858154296875" lon="-109.65906732715666294097900390625">
        <ele>3719.60009765625</ele>
        <time>2017-09-03T17:58:31.000Z</time>
        <extensions>
          <ns3:TrackPointExtension>
            <ns3:atemp>29.0</ns3:atemp>
            <ns3:cad>61</ns3:cad>
          </ns3:TrackPointExtension>
        </extensions>
      </trkpt>
      <trkpt lat="43.216825537383556365966796875" lon="-109.65894863940775394439697265625">
        <ele>3718.60009765625</ele>
        <time>2017-09-03T17:59:07.000Z</time>
        <extensions>
          <ns3:TrackPointExtension>
            <ns3:atemp>28.0</ns3:atemp>
            <ns3:cad>0</ns3:cad>
          </ns3:TrackPointExtension>
        </extensions>
      </trkpt>
      <trkpt lat="43.216883204877376556396484375" lon="-109.6588987670838832855224609375">
        <ele>3717.39990234375</ele>
        <time>2017-09-03T17:59:23.000Z</time>
        <extensions>
          <ns3:TrackPointExtension>
            <ns3:atemp>28.0</ns3:atemp>
            <ns3:cad>0</ns3:cad>
          </ns3:TrackPointExtension>
        </extensions>
      </trkpt>
      <trkpt lat="43.2168947719037532806396484375" lon="-109.65890857391059398651123046875">
        <ele>3716.199951171875</ele>
        <time>2017-09-03T17:59:26.000Z</time>
        <extensions>
          <ns3:TrackPointExtension>
            <ns3:atemp>28.0</ns3:atemp>
            <ns3:cad>0</ns3:cad>
          </ns3:TrackPointExtension>
        </extensions>
      </trkpt>
      <trkpt lat="43.2169718854129314422607421875" lon="-109.6588457934558391571044921875">
        <ele>3715.199951171875</ele>
        <time>2017-09-03T17:59:42.000Z</time>
        <extensions>
          <ns3:TrackPointExtension>
            <ns3:atemp>28.0</ns3:atemp>
            <ns3:cad>0</ns3:cad>
          </ns3:TrackPointExtension>
        </extensions>
      </trkpt>
      <trkpt lat="43.21700918488204479217529296875" lon="-109.65883565135300159454345703125">
        <ele>3714.199951171875</ele>
        <time>2017-09-03T17:59:48.000Z</time>
        <extensions>
          <ns3:TrackPointExtension>
            <ns3:atemp>28.0</ns3:atemp>
            <ns3:cad>61</ns3:cad>
          </ns3:TrackPointExtension>
        </extensions>
      </trkpt>
      <trkpt lat="43.21702636778354644775390625" lon="-109.6588360704481601715087890625">
        <ele>3714</ele>
        <time>2017-09-03T17:59:49.000Z</time>
        <extensions>
          <ns3:TrackPointExtension>
            <ns3:atemp>28.0</ns3:atemp>
            <ns3:cad>61</ns3:cad>
          </ns3:TrackPointExtension>
        </extensions>
      </trkpt>
      <trkpt lat="43.217042125761508941650390625" lon="-109.65883716009557247161865234375">
        <ele>3714.199951171875</ele>
        <time>2017-09-03T17:59:51.000Z</time>
        <extensions>
          <ns3:TrackPointExtension>
            <ns3:atemp>28.0</ns3:atemp>
            <ns3:cad>61</ns3:cad>
          </ns3:TrackPointExtension>
        </extensions>
      </trkpt>
      <trkpt lat="43.21706852875649929046630859375" lon="-109.658838920295238494873046875">
        <ele>3713.60009765625</ele>
        <time>2017-09-03T17:59:55.000Z</time>
        <extensions>
          <ns3:TrackPointExtension>
            <ns3:atemp>28.0</ns3:atemp>
            <ns3:cad>61</ns3:cad>
          </ns3:TrackPointExtension>
        </extensions>
      </trkpt>
      <trkpt lat="43.21708613075315952301025390625" lon="-109.65883447788655757904052734375">
        <ele>3713</ele>
        <time>2017-09-03T17:59:57.000Z</time>
        <extensions>
          <ns3:TrackPointExtension>
            <ns3:atemp>28.0</ns3:atemp>
            <ns3:cad>0</ns3:cad>
          </ns3:TrackPointExtension>
        </extensions>
      </trkpt>
      <trkpt lat="43.2170952670276165008544921875" lon="-109.658836238086223602294921875">
        <ele>3713</ele>
        <time>2017-09-03T17:59:58.000Z</time>
        <extensions>
          <ns3:TrackPointExtension>
            <ns3:atemp>28.0</ns3:atemp>
            <ns3:cad>0</ns3:cad>
          </ns3:TrackPointExtension>
        </extensions>
      </trkpt>
      <trkpt lat="43.2171646691858768463134765625" lon="-109.65889432467520236968994140625">
        <ele>3712</ele>
        <time>2017-09-03T18:00:08.000Z</time>
        <extensions>
          <ns3:TrackPointExtension>
            <ns3:atemp>28.0</ns3:atemp>
            <ns3:cad>61</ns3:cad>
          </ns3:TrackPointExtension>
        </extensions>
      </trkpt>
      <trkpt lat="43.21717112325131893157958984375" lon="-109.65890572406351566314697265625">
        <ele>3711.800048828125</ele>
        <time>2017-09-03T18:00:09.000Z</time>
        <extensions>
          <ns3:TrackPointExtension>
            <ns3:atemp>28.0</ns3:atemp>
            <ns3:cad>61</ns3:cad>
          </ns3:TrackPointExtension>
        </extensions>
      </trkpt>
      <trkpt lat="43.21718134917318820953369140625" lon="-109.65892282314598560333251953125">
        <ele>3711.60009765625</ele>
        <time>2017-09-03T18:00:11.000Z</time>
        <extensions>
          <ns3:TrackPointExtension>
            <ns3:atemp>28.0</ns3:atemp>
            <ns3:cad>0</ns3:cad>
          </ns3:TrackPointExtension>
        </extensions>
      </trkpt>
      <trkpt lat="43.2171945087611675262451171875" lon="-109.65893489308655261993408203125">
        <ele>3711.199951171875</ele>
        <time>2017-09-03T18:00:13.000Z</time>
        <extensions>
          <ns3:TrackPointExtension>
            <ns3:atemp>28.0</ns3:atemp>
            <ns3:cad>0</ns3:cad>
          </ns3:TrackPointExtension>
        </extensions>
      </trkpt>
      <trkpt lat="43.217214457690715789794921875" lon="-109.6589339710772037506103515625">
        <ele>3710.800048828125</ele>
        <time>2017-09-03T18:00:19.000Z</time>
        <extensions>
          <ns3:TrackPointExtension>
            <ns3:atemp>28.0</ns3:atemp>
            <ns3:cad>0</ns3:cad>
          </ns3:TrackPointExtension>
        </extensions>
      </trkpt>
      <trkpt lat="43.217315040528774261474609375" lon="-109.65889784507453441619873046875">
        <ele>3710.39990234375</ele>
        <time>2017-09-03T18:00:33.000Z</time>
        <extensions>
          <ns3:TrackPointExtension>
            <ns3:atemp>28.0</ns3:atemp>
            <ns3:cad>53</ns3:cad>
          </ns3:TrackPointExtension>
        </extensions>
      </trkpt>
      <trkpt lat="43.21731998585164546966552734375" lon="-109.6588830091059207916259765625">
        <ele>3710.39990234375</ele>
        <time>2017-09-03T18:00:35.000Z</time>
        <extensions>
          <ns3:TrackPointExtension>
            <ns3:atemp>28.0</ns3:atemp>
            <ns3:cad>53</ns3:cad>
          </ns3:TrackPointExtension>
        </extensions>
      </trkpt>
      <trkpt lat="43.21735586039721965789794921875" lon="-109.6588652394711971282958984375">
        <ele>3710.39990234375</ele>
        <time>2017-09-03T18:00:40.000Z</time>
        <extensions>
          <ns3:TrackPointExtension>
            <ns3:atemp>28.0</ns3:atemp>
            <ns3:cad>0</ns3:cad>
          </ns3:TrackPointExtension>
        </extensions>
      </trkpt>
      <trkpt lat="43.21737765334546566009521484375" lon="-109.658864401280879974365234375">
        <ele>3710.39990234375</ele>
        <time>2017-09-03T18:00:43.000Z</time>
        <extensions>
          <ns3:TrackPointExtension>
            <ns3:atemp>28.0</ns3:atemp>
            <ns3:cad>0</ns3:cad>
          </ns3:TrackPointExtension>
        </extensions>
      </trkpt>
      <trkpt lat="43.21739458478987216949462890625" lon="-109.65887001715600490570068359375">
        <ele>3710.199951171875</ele>
        <time>2017-09-03T18:00:45.000Z</time>
        <extensions>
          <ns3:TrackPointExtension>
            <ns3:atemp>27.0</ns3:atemp>
            <ns3:cad>49</ns3:cad>
          </ns3:TrackPointExtension>
        </extensions>
      </trkpt>
      <trkpt lat="43.217411600053310394287109375" lon="-109.6588752977550029754638671875">
        <ele>3709.800048828125</ele>
        <time>2017-09-03T18:00:46.000Z</time>
        <extensions>
          <ns3:TrackPointExtension>
            <ns3:atemp>27.0</ns3:atemp>
            <ns3:cad>49</ns3:cad>
          </ns3:TrackPointExtension>
        </extensions>
      </trkpt>
      <trkpt lat="43.21743364445865154266357421875" lon="-109.65888158418238162994384765625">
        <ele>3709</ele>
        <time>2017-09-03T18:00:48.000Z</time>
        <extensions>
          <ns3:TrackPointExtension>
            <ns3:atemp>27.0</ns3:atemp>
            <ns3:cad>49</ns3:cad>
          </ns3:TrackPointExtension>
        </extensions>
      </trkpt>
      <trkpt lat="43.2174667529761791229248046875" lon="-109.65887906961143016815185546875">
        <ele>3708.800048828125</ele>
        <time>2017-09-03T18:00:52.000Z</time>
        <extensions>
          <ns3:TrackPointExtension>
            <ns3:atemp>27.0</ns3:atemp>
            <ns3:cad>49</ns3:cad>
          </ns3:TrackPointExtension>
        </extensions>
      </trkpt>
      <trkpt lat="43.2174908928573131561279296875" lon="-109.6588488109409809112548828125">
        <ele>3709</ele>
        <time>2017-09-03T18:00:56.000Z</time>
        <extensions>
          <ns3:TrackPointExtension>
            <ns3:atemp>27.0</ns3:atemp>
            <ns3:cad>49</ns3:cad>
          </ns3:TrackPointExtension>
        </extensions>
      </trkpt>
      <trkpt lat="43.21752651594579219818115234375" lon="-109.658846966922283172607421875">
        <ele>3708.60009765625</ele>
        <time>2017-09-03T18:00:59.000Z</time>
        <extensions>
          <ns3:TrackPointExtension>
            <ns3:atemp>27.0</ns3:atemp>
            <ns3:cad>51</ns3:cad>
          </ns3:TrackPointExtension>
        </extensions>
      </trkpt>
      <trkpt lat="43.217534981667995452880859375" lon="-109.65883992612361907958984375">
        <ele>3708.39990234375</ele>
        <time>2017-09-03T18:01:00.000Z</time>
        <extensions>
          <ns3:TrackPointExtension>
            <ns3:atemp>27.0</ns3:atemp>
            <ns3:cad>51</ns3:cad>
          </ns3:TrackPointExtension>
        </extensions>
      </trkpt>
      <trkpt lat="43.21758887730538845062255859375" lon="-109.658820815384387969970703125">
        <ele>3707.800048828125</ele>
        <time>2017-09-03T18:01:06.000Z</time>
        <extensions>
          <ns3:TrackPointExtension>
            <ns3:atemp>27.0</ns3:atemp>
            <ns3:cad>52</ns3:cad>
          </ns3:TrackPointExtension>
        </extensions>
      </trkpt>
      <trkpt lat="43.2176333852112293243408203125" lon="-109.65882115066051483154296875">
        <ele>3707.60009765625</ele>
        <time>2017-09-03T18:01:09.000Z</time>
        <extensions>
          <ns3:TrackPointExtension>
            <ns3:atemp>27.0</ns3:atemp>
            <ns3:cad>56</ns3:cad>
          </ns3:TrackPointExtension>
        </extensions>
      </trkpt>
      <trkpt lat="43.217681162059307098388671875" lon="-109.65880832634866237640380859375">
        <ele>3707.199951171875</ele>
        <time>2017-09-03T18:01:13.000Z</time>
        <extensions>
          <ns3:TrackPointExtension>
            <ns3:atemp>27.0</ns3:atemp>
            <ns3:cad>52</ns3:cad>
          </ns3:TrackPointExtension>
        </extensions>
      </trkpt>
      <trkpt lat="43.2176970876753330230712890625" lon="-109.6587874554097652435302734375">
        <ele>3707</ele>
        <time>2017-09-03T18:01:16.000Z</time>
        <extensions>
          <ns3:TrackPointExtension>
            <ns3:atemp>27.0</ns3:atemp>
            <ns3:cad>52</ns3:cad>
          </ns3:TrackPointExtension>
        </extensions>
      </trkpt>
      <trkpt lat="43.2178047113120555877685546875" lon="-109.65870187617838382720947265625">
        <ele>3706.800048828125</ele>
        <time>2017-09-03T18:01:27.000Z</time>
        <extensions>
          <ns3:TrackPointExtension>
            <ns3:atemp>27.0</ns3:atemp>
            <ns3:cad>0</ns3:cad>
          </ns3:TrackPointExtension>
        </extensions>
      </trkpt>
      <trkpt lat="43.21781988255679607391357421875" lon="-109.65869869105517864227294921875">
        <ele>3706.60009765625</ele>
        <time>2017-09-03T18:01:29.000Z</time>
        <extensions>
          <ns3:TrackPointExtension>
            <ns3:atemp>27.0</ns3:atemp>
            <ns3:cad>61</ns3:cad>
          </ns3:TrackPointExtension>
        </extensions>
      </trkpt>
      <trkpt lat="43.2178757898509502410888671875" lon="-109.65866700746119022369384765625">
        <ele>3707</ele>
        <time>2017-09-03T18:01:36.000Z</time>
        <extensions>
          <ns3:TrackPointExtension>
            <ns3:atemp>27.0</ns3:atemp>
            <ns3:cad>0</ns3:cad>
          </ns3:TrackPointExtension>
        </extensions>
      </trkpt>
      <trkpt lat="43.21791996248066425323486328125" lon="-109.65864814817905426025390625">
        <ele>3707.199951171875</ele>
        <time>2017-09-03T18:01:42.000Z</time>
        <extensions>
          <ns3:TrackPointExtension>
            <ns3:atemp>27.0</ns3:atemp>
            <ns3:cad>0</ns3:cad>
          </ns3:TrackPointExtension>
        </extensions>
      </trkpt>
      <trkpt lat="43.21794636547565460205078125" lon="-109.658647477626800537109375">
        <ele>3707.199951171875</ele>
        <time>2017-09-03T18:01:45.000Z</time>
        <extensions>
          <ns3:TrackPointExtension>
            <ns3:atemp>27.0</ns3:atemp>
            <ns3:cad>61</ns3:cad>
          </ns3:TrackPointExtension>
        </extensions>
      </trkpt>
      <trkpt lat="43.21797586977481842041015625" lon="-109.6586265228688716888427734375">
        <ele>3706.800048828125</ele>
        <time>2017-09-03T18:01:50.000Z</time>
        <extensions>
          <ns3:TrackPointExtension>
            <ns3:atemp>27.0</ns3:atemp>
            <ns3:cad>0</ns3:cad>
          </ns3:TrackPointExtension>
        </extensions>
      </trkpt>
      <trkpt lat="43.21797025389969348907470703125" lon="-109.65861998498439788818359375">
        <ele>3706.60009765625</ele>
        <time>2017-09-03T18:01:53.000Z</time>
        <extensions>
          <ns3:TrackPointExtension>
            <ns3:atemp>27.0</ns3:atemp>
            <ns3:cad>0</ns3:cad>
          </ns3:TrackPointExtension>
        </extensions>
      </trkpt>
      <trkpt lat="43.21799037046730518341064453125" lon="-109.658618979156017303466796875">
        <ele>3706</ele>
        <time>2017-09-03T18:01:57.000Z</time>
        <extensions>
          <ns3:TrackPointExtension>
            <ns3:atemp>27.0</ns3:atemp>
            <ns3:cad>0</ns3:cad>
          </ns3:TrackPointExtension>
        </extensions>
      </trkpt>
      <trkpt lat="43.21805097162723541259765625" lon="-109.65860079042613506317138671875">
        <ele>3706.800048828125</ele>
        <time>2017-09-03T18:02:04.000Z</time>
        <extensions>
          <ns3:TrackPointExtension>
            <ns3:atemp>27.0</ns3:atemp>
            <ns3:cad>61</ns3:cad>
          </ns3:TrackPointExtension>
        </extensions>
      </trkpt>
      <trkpt lat="43.21805491112172603607177734375" lon="-109.6586023829877376556396484375">
        <ele>3706.800048828125</ele>
        <time>2017-09-03T18:02:06.000Z</time>
        <extensions>
          <ns3:TrackPointExtension>
            <ns3:atemp>27.0</ns3:atemp>
            <ns3:cad>0</ns3:cad>
          </ns3:TrackPointExtension>
        </extensions>
      </trkpt>
      <trkpt lat="43.2181530632078647613525390625" lon="-109.65856776572763919830322265625">
        <ele>3706.800048828125</ele>
        <time>2017-09-03T18:02:25.000Z</time>
        <extensions>
          <ns3:TrackPointExtension>
            <ns3:atemp>27.0</ns3:atemp>
            <ns3:cad>0</ns3:cad>
          </ns3:TrackPointExtension>
        </extensions>
      </trkpt>
      <trkpt lat="43.218156583607196807861328125" lon="-109.658563993871212005615234375">
        <ele>3706.199951171875</ele>
        <time>2017-09-03T18:02:35.000Z</time>
        <extensions>
          <ns3:TrackPointExtension>
            <ns3:atemp>27.0</ns3:atemp>
            <ns3:cad>0</ns3:cad>
          </ns3:TrackPointExtension>
        </extensions>
      </trkpt>
      <trkpt lat="43.21814744733273983001708984375" lon="-109.65860699303448200225830078125">
        <ele>3705.39990234375</ele>
        <time>2017-09-03T18:02:49.000Z</time>
        <extensions>
          <ns3:TrackPointExtension>
            <ns3:atemp>27.0</ns3:atemp>
            <ns3:cad>0</ns3:cad>
          </ns3:TrackPointExtension>
        </extensions>
      </trkpt>
      <trkpt lat="43.21818332187831401824951171875" lon="-109.65869299136102199554443359375">
        <ele>3704.39990234375</ele>
        <time>2017-09-03T18:03:02.000Z</time>
        <extensions>
          <ns3:TrackPointExtension>
            <ns3:atemp>27.0</ns3:atemp>
            <ns3:cad>0</ns3:cad>
          </ns3:TrackPointExtension>
        </extensions>
      </trkpt>
      <trkpt lat="43.2182130776345729827880859375" lon="-109.6587024629116058349609375">
        <ele>3703</ele>
        <time>2017-09-03T18:03:11.000Z</time>
        <extensions>
          <ns3:TrackPointExtension>
            <ns3:atemp>27.0</ns3:atemp>
            <ns3:cad>0</ns3:cad>
          </ns3:TrackPointExtension>
        </extensions>
      </trkpt>
      <trkpt lat="43.21825255639851093292236328125" lon="-109.658758454024791717529296875">
        <ele>3702</ele>
        <time>2017-09-03T18:03:20.000Z</time>
        <extensions>
          <ns3:TrackPointExtension>
            <ns3:atemp>27.0</ns3:atemp>
            <ns3:cad>0</ns3:cad>
          </ns3:TrackPointExtension>
        </extensions>
      </trkpt>
      <trkpt lat="43.21826730854809284210205078125" lon="-109.65879566967487335205078125">
        <ele>3701</ele>
        <time>2017-09-03T18:03:26.000Z</time>
        <extensions>
          <ns3:TrackPointExtension>
            <ns3:atemp>27.0</ns3:atemp>
            <ns3:cad>0</ns3:cad>
          </ns3:TrackPointExtension>
        </extensions>
      </trkpt>
      <trkpt lat="43.2183186896145343780517578125" lon="-109.6588384173810482025146484375">
        <ele>3701</ele>
        <time>2017-09-03T18:03:33.000Z</time>
        <extensions>
          <ns3:TrackPointExtension>
            <ns3:atemp>27.0</ns3:atemp>
            <ns3:cad>0</ns3:cad>
          </ns3:TrackPointExtension>
        </extensions>
      </trkpt>
      <trkpt lat="43.21833251975476741790771484375" lon="-109.65885358862578868865966796875">
        <ele>3701.199951171875</ele>
        <time>2017-09-03T18:03:35.000Z</time>
        <extensions>
          <ns3:TrackPointExtension>
            <ns3:atemp>27.0</ns3:atemp>
            <ns3:cad>0</ns3:cad>
          </ns3:TrackPointExtension>
        </extensions>
      </trkpt>
      <trkpt lat="43.21835263632237911224365234375" lon="-109.65886482037603855133056640625">
        <ele>3701</ele>
        <time>2017-09-03T18:03:37.000Z</time>
        <extensions>
          <ns3:TrackPointExtension>
            <ns3:atemp>27.0</ns3:atemp>
            <ns3:cad>0</ns3:cad>
          </ns3:TrackPointExtension>
        </extensions>
      </trkpt>
      <trkpt lat="43.21842555887997150421142578125" lon="-109.65886599384248256683349609375">
        <ele>3699.800048828125</ele>
        <time>2017-09-03T18:03:44.000Z</time>
        <extensions>
          <ns3:TrackPointExtension>
            <ns3:atemp>27.0</ns3:atemp>
            <ns3:cad>58</ns3:cad>
          </ns3:TrackPointExtension>
        </extensions>
      </trkpt>
      <trkpt lat="43.2184367068111896514892578125" lon="-109.658865071833133697509765625">
        <ele>3699.60009765625</ele>
        <time>2017-09-03T18:03:45.000Z</time>
        <extensions>
          <ns3:TrackPointExtension>
            <ns3:atemp>27.0</ns3:atemp>
            <ns3:cad>58</ns3:cad>
          </ns3:TrackPointExtension>
        </extensions>
      </trkpt>
      <trkpt lat="43.21846646256744861602783203125" lon="-109.6589116752147674560546875">
        <ele>3699</ele>
        <time>2017-09-03T18:03:51.000Z</time>
        <extensions>
          <ns3:TrackPointExtension>
            <ns3:atemp>27.0</ns3:atemp>
            <ns3:cad>58</ns3:cad>
          </ns3:TrackPointExtension>
        </extensions>
      </trkpt>
      <trkpt lat="43.21846478618681430816650390625" lon="-109.6589071489870548248291015625">
        <ele>3698.800048828125</ele>
        <time>2017-09-03T18:03:58.000Z</time>
        <extensions>
          <ns3:TrackPointExtension>
            <ns3:atemp>27.0</ns3:atemp>
            <ns3:cad>0</ns3:cad>
          </ns3:TrackPointExtension>
        </extensions>
      </trkpt>
      <trkpt lat="43.21850669570267200469970703125" lon="-109.65888393111526966094970703125">
        <ele>3698.60009765625</ele>
        <time>2017-09-03T18:04:28.000Z</time>
        <extensions>
          <ns3:TrackPointExtension>
            <ns3:atemp>27.0</ns3:atemp>
            <ns3:cad>61</ns3:cad>
          </ns3:TrackPointExtension>
        </extensions>
      </trkpt>
      <trkpt lat="43.21856235153973102569580078125" lon="-109.65881201438605785369873046875">
        <ele>3698.39990234375</ele>
        <time>2017-09-03T18:04:39.000Z</time>
        <extensions>
          <ns3:TrackPointExtension>
            <ns3:atemp>27.0</ns3:atemp>
            <ns3:cad>61</ns3:cad>
          </ns3:TrackPointExtension>
        </extensions>
      </trkpt>
      <trkpt lat="43.21866947226226329803466796875" lon="-109.65873037464916706085205078125">
        <ele>3698.60009765625</ele>
        <time>2017-09-03T18:04:50.000Z</time>
        <extensions>
          <ns3:TrackPointExtension>
            <ns3:atemp>27.0</ns3:atemp>
            <ns3:cad>0</ns3:cad>
          </ns3:TrackPointExtension>
        </extensions>
      </trkpt>
      <trkpt lat="43.2187133096158504486083984375" lon="-109.65870237909257411956787109375">
        <ele>3698.800048828125</ele>
        <time>2017-09-03T18:04:57.000Z</time>
        <extensions>
          <ns3:TrackPointExtension>
            <ns3:atemp>27.0</ns3:atemp>
            <ns3:cad>0</ns3:cad>
          </ns3:TrackPointExtension>
        </extensions>
      </trkpt>
      <trkpt lat="43.21876184083521366119384765625" lon="-109.6586717851459980010986328125">
        <ele>3698.60009765625</ele>
        <time>2017-09-03T18:05:04.000Z</time>
        <extensions>
          <ns3:TrackPointExtension>
            <ns3:atemp>27.0</ns3:atemp>
            <ns3:cad>0</ns3:cad>
          </ns3:TrackPointExtension>
        </extensions>
      </trkpt>
      <trkpt lat="43.21883174590766429901123046875" lon="-109.658602215349674224853515625">
        <ele>3698.60009765625</ele>
        <time>2017-09-03T18:05:15.000Z</time>
        <extensions>
          <ns3:TrackPointExtension>
            <ns3:atemp>27.0</ns3:atemp>
            <ns3:cad>0</ns3:cad>
          </ns3:TrackPointExtension>
        </extensions>
      </trkpt>
      <trkpt lat="43.21884901262819766998291015625" lon="-109.65858503244817256927490234375">
        <ele>3698.39990234375</ele>
        <time>2017-09-03T18:05:19.000Z</time>
        <extensions>
          <ns3:TrackPointExtension>
            <ns3:atemp>27.0</ns3:atemp>
            <ns3:cad>0</ns3:cad>
          </ns3:TrackPointExtension>
        </extensions>
      </trkpt>
      <trkpt lat="43.218908272683620452880859375" lon="-109.65858779847621917724609375">
        <ele>3697.800048828125</ele>
        <time>2017-09-03T18:05:25.000Z</time>
        <extensions>
          <ns3:TrackPointExtension>
            <ns3:atemp>27.0</ns3:atemp>
            <ns3:cad>0</ns3:cad>
          </ns3:TrackPointExtension>
        </extensions>
      </trkpt>
      <trkpt lat="43.218927048146724700927734375" lon="-109.65859115123748779296875">
        <ele>3697.800048828125</ele>
        <time>2017-09-03T18:05:27.000Z</time>
        <extensions>
          <ns3:TrackPointExtension>
            <ns3:atemp>27.0</ns3:atemp>
            <ns3:cad>61</ns3:cad>
          </ns3:TrackPointExtension>
        </extensions>
      </trkpt>
      <trkpt lat="43.21894624270498752593994140625" lon="-109.6585993655025959014892578125">
        <ele>3697.60009765625</ele>
        <time>2017-09-03T18:05:29.000Z</time>
        <extensions>
          <ns3:TrackPointExtension>
            <ns3:atemp>27.0</ns3:atemp>
            <ns3:cad>61</ns3:cad>
          </ns3:TrackPointExtension>
        </extensions>
      </trkpt>
      <trkpt lat="43.21898764930665493011474609375" lon="-109.658600203692913055419921875">
        <ele>3697.800048828125</ele>
        <time>2017-09-03T18:05:34.000Z</time>
        <extensions>
          <ns3:TrackPointExtension>
            <ns3:atemp>27.0</ns3:atemp>
            <ns3:cad>0</ns3:cad>
          </ns3:TrackPointExtension>
        </extensions>
      </trkpt>
      <trkpt lat="43.219028301537036895751953125" lon="-109.6585872955620288848876953125">
        <ele>3698</ele>
        <time>2017-09-03T18:05:38.000Z</time>
        <extensions>
          <ns3:TrackPointExtension>
            <ns3:atemp>27.0</ns3:atemp>
            <ns3:cad>0</ns3:cad>
          </ns3:TrackPointExtension>
        </extensions>
      </trkpt>
      <trkpt lat="43.219061829149723052978515625" lon="-109.658572711050510406494140625">
        <ele>3697.60009765625</ele>
        <time>2017-09-03T18:05:42.000Z</time>
        <extensions>
          <ns3:TrackPointExtension>
            <ns3:atemp>27.0</ns3:atemp>
            <ns3:cad>0</ns3:cad>
          </ns3:TrackPointExtension>
        </extensions>
      </trkpt>
      <trkpt lat="43.2190656848251819610595703125" lon="-109.65856231749057769775390625">
        <ele>3697.800048828125</ele>
        <time>2017-09-03T18:05:44.000Z</time>
        <extensions>
          <ns3:TrackPointExtension>
            <ns3:atemp>27.0</ns3:atemp>
            <ns3:cad>0</ns3:cad>
          </ns3:TrackPointExtension>
        </extensions>
      </trkpt>
      <trkpt lat="43.219074569642543792724609375" lon="-109.65854010544717311859130859375">
        <ele>3698</ele>
        <time>2017-09-03T18:05:47.000Z</time>
        <extensions>
          <ns3:TrackPointExtension>
            <ns3:atemp>27.0</ns3:atemp>
            <ns3:cad>0</ns3:cad>
          </ns3:TrackPointExtension>
        </extensions>
      </trkpt>
      <trkpt lat="43.2191176526248455047607421875" lon="-109.65852686204016208648681640625">
        <ele>3697.60009765625</ele>
        <time>2017-09-03T18:05:57.000Z</time>
        <extensions>
          <ns3:TrackPointExtension>
            <ns3:atemp>27.0</ns3:atemp>
            <ns3:cad>61</ns3:cad>
          </ns3:TrackPointExtension>
        </extensions>
      </trkpt>
      <trkpt lat="43.21918026544153690338134765625" lon="-109.65853105299174785614013671875">
        <ele>3697.60009765625</ele>
        <time>2017-09-03T18:06:05.000Z</time>
        <extensions>
          <ns3:TrackPointExtension>
            <ns3:atemp>26.0</ns3:atemp>
            <ns3:cad>0</ns3:cad>
          </ns3:TrackPointExtension>
        </extensions>
      </trkpt>
      <trkpt lat="43.2191957719624042510986328125" lon="-109.65855234302580356597900390625">
        <ele>3697.60009765625</ele>
        <time>2017-09-03T18:07:03.000Z</time>
        <extensions>
          <ns3:TrackPointExtension>
            <ns3:atemp>26.0</ns3:atemp>
            <ns3:cad>61</ns3:cad>
          </ns3:TrackPointExtension>
        </extensions>
      </trkpt>
      <trkpt lat="43.21924815885722637176513671875" lon="-109.6585302986204624176025390625">
        <ele>3697.60009765625</ele>
        <time>2017-09-03T18:07:10.000Z</time>
        <extensions>
          <ns3:TrackPointExtension>
            <ns3:atemp>26.0</ns3:atemp>
            <ns3:cad>61</ns3:cad>
          </ns3:TrackPointExtension>
        </extensions>
      </trkpt>
      <trkpt lat="43.21925930678844451904296875" lon="-109.65851630084216594696044921875">
        <ele>3697.800048828125</ele>
        <time>2017-09-03T18:07:13.000Z</time>
        <extensions>
          <ns3:TrackPointExtension>
            <ns3:atemp>26.0</ns3:atemp>
            <ns3:cad>61</ns3:cad>
          </ns3:TrackPointExtension>
        </extensions>
      </trkpt>
      <trkpt lat="43.2194197364151477813720703125" lon="-109.6584474854171276092529296875">
        <ele>3698.39990234375</ele>
        <time>2017-09-03T18:07:37.000Z</time>
        <extensions>
          <ns3:TrackPointExtension>
            <ns3:atemp>26.0</ns3:atemp>
            <ns3:cad>0</ns3:cad>
          </ns3:TrackPointExtension>
        </extensions>
      </trkpt>
      <trkpt lat="43.2194311358034610748291015625" lon="-109.65845041908323764801025390625">
        <ele>3698.39990234375</ele>
        <time>2017-09-03T18:07:39.000Z</time>
        <extensions>
          <ns3:TrackPointExtension>
            <ns3:atemp>26.0</ns3:atemp>
            <ns3:cad>0</ns3:cad>
          </ns3:TrackPointExtension>
        </extensions>
      </trkpt>
      <trkpt lat="43.21957890875637531280517578125" lon="-109.6585215814411640167236328125">
        <ele>3698.199951171875</ele>
        <time>2017-09-03T18:08:12.000Z</time>
        <extensions>
          <ns3:TrackPointExtension>
            <ns3:atemp>26.0</ns3:atemp>
            <ns3:cad>0</ns3:cad>
          </ns3:TrackPointExtension>
        </extensions>
      </trkpt>
      <trkpt lat="43.21967597119510173797607421875" lon="-109.658559970557689666748046875">
        <ele>3698.800048828125</ele>
        <time>2017-09-03T18:08:30.000Z</time>
        <extensions>
          <ns3:TrackPointExtension>
            <ns3:atemp>26.0</ns3:atemp>
            <ns3:cad>0</ns3:cad>
          </ns3:TrackPointExtension>
        </extensions>
      </trkpt>
      <trkpt lat="43.2196913100779056549072265625" lon="-109.65857061557471752166748046875">
        <ele>3698.800048828125</ele>
        <time>2017-09-03T18:08:33.000Z</time>
        <extensions>
          <ns3:TrackPointExtension>
            <ns3:atemp>26.0</ns3:atemp>
            <ns3:cad>61</ns3:cad>
          </ns3:TrackPointExtension>
        </extensions>
      </trkpt>
      <trkpt lat="43.219773285090923309326171875" lon="-109.6585064940154552459716796875">
        <ele>3699.800048828125</ele>
        <time>2017-09-03T18:08:44.000Z</time>
        <extensions>
          <ns3:TrackPointExtension>
            <ns3:atemp>26.0</ns3:atemp>
            <ns3:cad>0</ns3:cad>
          </ns3:TrackPointExtension>
        </extensions>
      </trkpt>
      <trkpt lat="43.21993094868957996368408203125" lon="-109.65845997445285320281982421875">
        <ele>3699</ele>
        <time>2017-09-03T18:09:19.000Z</time>
        <extensions>
          <ns3:TrackPointExtension>
            <ns3:atemp>26.0</ns3:atemp>
            <ns3:cad>0</ns3:cad>
          </ns3:TrackPointExtension>
        </extensions>
      </trkpt>
      <trkpt lat="43.2201047055423259735107421875" lon="-109.6583861298859119415283203125">
        <ele>3700.39990234375</ele>
        <time>2017-09-03T18:09:45.000Z</time>
        <extensions>
          <ns3:TrackPointExtension>
            <ns3:atemp>26.0</ns3:atemp>
            <ns3:cad>0</ns3:cad>
          </ns3:TrackPointExtension>
        </extensions>
      </trkpt>
      <trkpt lat="43.22026723064482212066650390625" lon="-109.65850188396871089935302734375">
        <ele>3699.199951171875</ele>
        <time>2017-09-03T18:10:14.000Z</time>
        <extensions>
          <ns3:TrackPointExtension>
            <ns3:atemp>26.0</ns3:atemp>
            <ns3:cad>61</ns3:cad>
          </ns3:TrackPointExtension>
        </extensions>
      </trkpt>
      <trkpt lat="43.22029774077236652374267578125" lon="-109.65852384455502033233642578125">
        <ele>3698.60009765625</ele>
        <time>2017-09-03T18:10:20.000Z</time>
        <extensions>
          <ns3:TrackPointExtension>
            <ns3:atemp>26.0</ns3:atemp>
            <ns3:cad>61</ns3:cad>
          </ns3:TrackPointExtension>
        </extensions>
      </trkpt>
      <trkpt lat="43.22027360089123249053955078125" lon="-109.65852786786854267120361328125">
        <ele>3697.39990234375</ele>
        <time>2017-09-03T18:10:52.000Z</time>
        <extensions>
          <ns3:TrackPointExtension>
            <ns3:atemp>26.0</ns3:atemp>
            <ns3:cad>0</ns3:cad>
          </ns3:TrackPointExtension>
        </extensions>
      </trkpt>
      <trkpt lat="43.22032707743346691131591796875" lon="-109.65850808657705783843994140625">
        <ele>3697.800048828125</ele>
        <time>2017-09-03T18:12:06.000Z</time>
        <extensions>
          <ns3:TrackPointExtension>
            <ns3:atemp>26.0</ns3:atemp>
            <ns3:cad>61</ns3:cad>
          </ns3:TrackPointExtension>
        </extensions>
      </trkpt>
      <trkpt lat="43.22031207382678985595703125" lon="-109.65848981402814388275146484375">
        <ele>3697.800048828125</ele>
        <time>2017-09-03T18:13:24.000Z</time>
        <extensions>
          <ns3:TrackPointExtension>
            <ns3:atemp>27.0</ns3:atemp>
            <ns3:cad>0</ns3:cad>
          </ns3:TrackPointExtension>
        </extensions>
      </trkpt>
      <trkpt lat="43.22029489092528820037841796875" lon="-109.65852987952530384063720703125">
        <ele>3697.800048828125</ele>
        <time>2017-09-03T18:14:38.000Z</time>
        <extensions>
          <ns3:TrackPointExtension>
            <ns3:atemp>28.0</ns3:atemp>
            <ns3:cad>0</ns3:cad>
          </ns3:TrackPointExtension>
        </extensions>
      </trkpt>
      <trkpt lat="43.2203008420765399932861328125" lon="-109.6585651673376560211181640625">
        <ele>3697.800048828125</ele>
        <time>2017-09-03T18:15:23.000Z</time>
        <extensions>
          <ns3:TrackPointExtension>
            <ns3:atemp>29.0</ns3:atemp>
            <ns3:cad>0</ns3:cad>
          </ns3:TrackPointExtension>
        </extensions>
      </trkpt>
      <trkpt lat="43.220303356647491455078125" lon="-109.65860850177705287933349609375">
        <ele>3697.800048828125</ele>
        <time>2017-09-03T18:15:37.000Z</time>
        <extensions>
          <ns3:TrackPointExtension>
            <ns3:atemp>29.0</ns3:atemp>
            <ns3:cad>61</ns3:cad>
          </ns3:TrackPointExtension>
        </extensions>
      </trkpt>
      <trkpt lat="43.22067551314830780029296875" lon="-109.65833692811429500579833984375">
        <ele>3700.199951171875</ele>
        <time>2017-09-03T18:32:11.000Z</time>
        <extensions>
          <ns3:TrackPointExtension>
            <ns3:atemp>23.0</ns3:atemp>
            <ns3:cad>61</ns3:cad>
          </ns3:TrackPointExtension>
        </extensions>
      </trkpt>
      <trkpt lat="43.22080283425748348236083984375" lon="-109.65815872885286808013916015625">
        <ele>3700.800048828125</ele>
        <time>2017-09-03T18:32:58.000Z</time>
        <extensions>
          <ns3:TrackPointExtension>
            <ns3:atemp>23.0</ns3:atemp>
            <ns3:cad>61</ns3:cad>
          </ns3:TrackPointExtension>
        </extensions>
      </trkpt>
      <trkpt lat="43.2208295725286006927490234375" lon="-109.658132828772068023681640625">
        <ele>3701.199951171875</ele>
        <time>2017-09-03T18:33:08.000Z</time>
        <extensions>
          <ns3:TrackPointExtension>
            <ns3:atemp>23.0</ns3:atemp>
            <ns3:cad>0</ns3:cad>
          </ns3:TrackPointExtension>
        </extensions>
      </trkpt>
      <trkpt lat="43.2209948636591434478759765625" lon="-109.6580894105136394500732421875">
        <ele>3701.800048828125</ele>
        <time>2017-09-03T18:33:41.000Z</time>
        <extensions>
          <ns3:TrackPointExtension>
            <ns3:atemp>23.0</ns3:atemp>
            <ns3:cad>61</ns3:cad>
          </ns3:TrackPointExtension>
        </extensions>
      </trkpt>
      <trkpt lat="43.2210072688758373260498046875" lon="-109.65808756649494171142578125">
        <ele>3702.199951171875</ele>
        <time>2017-09-03T18:33:43.000Z</time>
        <extensions>
          <ns3:TrackPointExtension>
            <ns3:atemp>23.0</ns3:atemp>
            <ns3:cad>0</ns3:cad>
          </ns3:TrackPointExtension>
        </extensions>
      </trkpt>
      <trkpt lat="43.22103618644177913665771484375" lon="-109.65807122178375720977783203125">
        <ele>3701.199951171875</ele>
        <time>2017-09-03T18:33:50.000Z</time>
        <extensions>
          <ns3:TrackPointExtension>
            <ns3:atemp>23.0</ns3:atemp>
            <ns3:cad>0</ns3:cad>
          </ns3:TrackPointExtension>
        </extensions>
      </trkpt>
      <trkpt lat="43.221205584704875946044921875" lon="-109.65807222761213779449462890625">
        <ele>3701.199951171875</ele>
        <time>2017-09-03T18:34:28.000Z</time>
        <extensions>
          <ns3:TrackPointExtension>
            <ns3:atemp>23.0</ns3:atemp>
            <ns3:cad>0</ns3:cad>
          </ns3:TrackPointExtension>
        </extensions>
      </trkpt>
      <trkpt lat="43.2212127931416034698486328125" lon="-109.65805470943450927734375">
        <ele>3700</ele>
        <time>2017-09-03T18:34:39.000Z</time>
        <extensions>
          <ns3:TrackPointExtension>
            <ns3:atemp>22.0</ns3:atemp>
            <ns3:cad>0</ns3:cad>
          </ns3:TrackPointExtension>
        </extensions>
      </trkpt>
      <trkpt lat="43.22119628079235553741455078125" lon="-109.65810525231063365936279296875">
        <ele>3700.39990234375</ele>
        <time>2017-09-03T18:35:35.000Z</time>
        <extensions>
          <ns3:TrackPointExtension>
            <ns3:atemp>22.0</ns3:atemp>
            <ns3:cad>0</ns3:cad>
          </ns3:TrackPointExtension>
        </extensions>
      </trkpt>
      <trkpt lat="43.221260569989681243896484375" lon="-109.6580870635807514190673828125">
        <ele>3700.60009765625</ele>
        <time>2017-09-03T18:36:14.000Z</time>
        <extensions>
          <ns3:TrackPointExtension>
            <ns3:atemp>22.0</ns3:atemp>
            <ns3:cad>61</ns3:cad>
          </ns3:TrackPointExtension>
        </extensions>
      </trkpt>
      <trkpt lat="43.2212832011282444000244140625" lon="-109.65809083543717861175537109375">
        <ele>3700.800048828125</ele>
        <time>2017-09-03T18:36:16.000Z</time>
        <extensions>
          <ns3:TrackPointExtension>
            <ns3:atemp>22.0</ns3:atemp>
            <ns3:cad>0</ns3:cad>
          </ns3:TrackPointExtension>
        </extensions>
      </trkpt>
      <trkpt lat="43.22129384614527225494384765625" lon="-109.65810894034802913665771484375">
        <ele>3700.60009765625</ele>
        <time>2017-09-03T18:36:18.000Z</time>
        <extensions>
          <ns3:TrackPointExtension>
            <ns3:atemp>22.0</ns3:atemp>
            <ns3:cad>0</ns3:cad>
          </ns3:TrackPointExtension>
        </extensions>
      </trkpt>
      <trkpt lat="43.22133307345211505889892578125" lon="-109.65810726396739482879638671875">
        <ele>3699</ele>
        <time>2017-09-03T18:36:26.000Z</time>
        <extensions>
          <ns3:TrackPointExtension>
            <ns3:atemp>22.0</ns3:atemp>
            <ns3:cad>0</ns3:cad>
          </ns3:TrackPointExtension>
        </extensions>
      </trkpt>
      <trkpt lat="43.2213400304317474365234375" lon="-109.65809921734035015106201171875">
        <ele>3697.39990234375</ele>
        <time>2017-09-03T18:36:30.000Z</time>
        <extensions>
          <ns3:TrackPointExtension>
            <ns3:atemp>22.0</ns3:atemp>
            <ns3:cad>62</ns3:cad>
          </ns3:TrackPointExtension>
        </extensions>
      </trkpt>
      <trkpt lat="43.2213425450026988983154296875" lon="-109.65810609050095081329345703125">
        <ele>3695.60009765625</ele>
        <time>2017-09-03T18:36:32.000Z</time>
        <extensions>
          <ns3:TrackPointExtension>
            <ns3:atemp>22.0</ns3:atemp>
            <ns3:cad>62</ns3:cad>
          </ns3:TrackPointExtension>
        </extensions>
      </trkpt>
      <trkpt lat="43.2213583029806613922119140625" lon="-109.6581008099019527435302734375">
        <ele>3695</ele>
        <time>2017-09-03T18:36:34.000Z</time>
        <extensions>
          <ns3:TrackPointExtension>
            <ns3:atemp>22.0</ns3:atemp>
            <ns3:cad>62</ns3:cad>
          </ns3:TrackPointExtension>
        </extensions>
      </trkpt>
      <trkpt lat="43.22136727161705493927001953125" lon="-109.658084213733673095703125">
        <ele>3694.60009765625</ele>
        <time>2017-09-03T18:36:47.000Z</time>
        <extensions>
          <ns3:TrackPointExtension>
            <ns3:atemp>22.0</ns3:atemp>
            <ns3:cad>61</ns3:cad>
          </ns3:TrackPointExtension>
        </extensions>
      </trkpt>
      <trkpt lat="43.221356458961963653564453125" lon="-109.6580924279987812042236328125">
        <ele>3695.60009765625</ele>
        <time>2017-09-03T18:36:58.000Z</time>
        <extensions>
          <ns3:TrackPointExtension>
            <ns3:atemp>22.0</ns3:atemp>
            <ns3:cad>52</ns3:cad>
          </ns3:TrackPointExtension>
        </extensions>
      </trkpt>
      <trkpt lat="43.22133307345211505889892578125" lon="-109.6580736525356769561767578125">
        <ele>3694.60009765625</ele>
        <time>2017-09-03T18:37:48.000Z</time>
        <extensions>
          <ns3:TrackPointExtension>
            <ns3:atemp>23.0</ns3:atemp>
            <ns3:cad>0</ns3:cad>
          </ns3:TrackPointExtension>
        </extensions>
      </trkpt>
      <trkpt lat="43.22135034017264842987060546875" lon="-109.658069126307964324951171875">
        <ele>3694.60009765625</ele>
        <time>2017-09-03T18:39:00.000Z</time>
        <extensions>
          <ns3:TrackPointExtension>
            <ns3:atemp>23.0</ns3:atemp>
            <ns3:cad>0</ns3:cad>
          </ns3:TrackPointExtension>
        </extensions>
      </trkpt>
      <trkpt lat="43.2213971950113773345947265625" lon="-109.65803752653300762176513671875">
        <ele>3694</ele>
        <time>2017-09-03T18:39:23.000Z</time>
        <extensions>
          <ns3:TrackPointExtension>
            <ns3:atemp>23.0</ns3:atemp>
            <ns3:cad>54</ns3:cad>
          </ns3:TrackPointExtension>
        </extensions>
      </trkpt>
      <trkpt lat="43.22141152806580066680908203125" lon="-109.6580002270638942718505859375">
        <ele>3694.199951171875</ele>
        <time>2017-09-03T18:39:26.000Z</time>
        <extensions>
          <ns3:TrackPointExtension>
            <ns3:atemp>23.0</ns3:atemp>
            <ns3:cad>54</ns3:cad>
          </ns3:TrackPointExtension>
        </extensions>
      </trkpt>
      <trkpt lat="43.221491239964962005615234375" lon="-109.65793224982917308807373046875">
        <ele>3693.60009765625</ele>
        <time>2017-09-03T18:39:34.000Z</time>
        <extensions>
          <ns3:TrackPointExtension>
            <ns3:atemp>23.0</ns3:atemp>
            <ns3:cad>54</ns3:cad>
          </ns3:TrackPointExtension>
        </extensions>
      </trkpt>
      <trkpt lat="43.22163934819400310516357421875" lon="-109.6578071080148220062255859375">
        <ele>3692.39990234375</ele>
        <time>2017-09-03T18:39:48.000Z</time>
        <extensions>
          <ns3:TrackPointExtension>
            <ns3:atemp>23.0</ns3:atemp>
            <ns3:cad>69</ns3:cad>
          </ns3:TrackPointExtension>
        </extensions>
      </trkpt>
      <trkpt lat="43.22180547751486301422119140625" lon="-109.657716415822505950927734375">
        <ele>3691.199951171875</ele>
        <time>2017-09-03T18:40:05.000Z</time>
        <extensions>
          <ns3:TrackPointExtension>
            <ns3:atemp>23.0</ns3:atemp>
            <ns3:cad>52</ns3:cad>
          </ns3:TrackPointExtension>
        </extensions>
      </trkpt>
      <trkpt lat="43.22184629738330841064453125" lon="-109.65768917463719844818115234375">
        <ele>3690.199951171875</ele>
        <time>2017-09-03T18:40:11.000Z</time>
        <extensions>
          <ns3:TrackPointExtension>
            <ns3:atemp>23.0</ns3:atemp>
            <ns3:cad>61</ns3:cad>
          </ns3:TrackPointExtension>
        </extensions>
      </trkpt>
      <trkpt lat="43.22185241617262363433837890625" lon="-109.65768531896173954010009765625">
        <ele>3690.199951171875</ele>
        <time>2017-09-03T18:40:12.000Z</time>
        <extensions>
          <ns3:TrackPointExtension>
            <ns3:atemp>23.0</ns3:atemp>
            <ns3:cad>61</ns3:cad>
          </ns3:TrackPointExtension>
        </extensions>
      </trkpt>
      <trkpt lat="43.22187253274023532867431640625" lon="-109.657665453851222991943359375">
        <ele>3690.199951171875</ele>
        <time>2017-09-03T18:40:15.000Z</time>
        <extensions>
          <ns3:TrackPointExtension>
            <ns3:atemp>23.0</ns3:atemp>
            <ns3:cad>63</ns3:cad>
          </ns3:TrackPointExtension>
        </extensions>
      </trkpt>
      <trkpt lat="43.2218833453953266143798828125" lon="-109.65765145607292652130126953125">
        <ele>3690.39990234375</ele>
        <time>2017-09-03T18:40:17.000Z</time>
        <extensions>
          <ns3:TrackPointExtension>
            <ns3:atemp>23.0</ns3:atemp>
            <ns3:cad>63</ns3:cad>
          </ns3:TrackPointExtension>
        </extensions>
      </trkpt>
      <trkpt lat="43.22189994156360626220703125" lon="-109.6576491929590702056884765625">
        <ele>3691.39990234375</ele>
        <time>2017-09-03T18:40:20.000Z</time>
        <extensions>
          <ns3:TrackPointExtension>
            <ns3:atemp>23.0</ns3:atemp>
            <ns3:cad>0</ns3:cad>
          </ns3:TrackPointExtension>
        </extensions>
      </trkpt>
      <trkpt lat="43.22194880805909633636474609375" lon="-109.65766352601349353790283203125">
        <ele>3691.800048828125</ele>
        <time>2017-09-03T18:40:27.000Z</time>
        <extensions>
          <ns3:TrackPointExtension>
            <ns3:atemp>23.0</ns3:atemp>
            <ns3:cad>0</ns3:cad>
          </ns3:TrackPointExtension>
        </extensions>
      </trkpt>
      <trkpt lat="43.22197261266410350799560546875" lon="-109.65768246911466121673583984375">
        <ele>3690.199951171875</ele>
        <time>2017-09-03T18:40:30.000Z</time>
        <extensions>
          <ns3:TrackPointExtension>
            <ns3:atemp>23.0</ns3:atemp>
            <ns3:cad>0</ns3:cad>
          </ns3:TrackPointExtension>
        </extensions>
      </trkpt>
      <trkpt lat="43.2219923101365566253662109375" lon="-109.65770308859646320343017578125">
        <ele>3689</ele>
        <time>2017-09-03T18:40:32.000Z</time>
        <extensions>
          <ns3:TrackPointExtension>
            <ns3:atemp>23.0</ns3:atemp>
            <ns3:cad>0</ns3:cad>
          </ns3:TrackPointExtension>
        </extensions>
      </trkpt>
      <trkpt lat="43.222009241580963134765625" lon="-109.657721780240535736083984375">
        <ele>3688.199951171875</ele>
        <time>2017-09-03T18:40:34.000Z</time>
        <extensions>
          <ns3:TrackPointExtension>
            <ns3:atemp>23.0</ns3:atemp>
            <ns3:cad>0</ns3:cad>
          </ns3:TrackPointExtension>
        </extensions>
      </trkpt>
      <trkpt lat="43.22202290408313274383544921875" lon="-109.65774466283619403839111328125">
        <ele>3687.800048828125</ele>
        <time>2017-09-03T18:40:36.000Z</time>
        <extensions>
          <ns3:TrackPointExtension>
            <ns3:atemp>23.0</ns3:atemp>
            <ns3:cad>0</ns3:cad>
          </ns3:TrackPointExtension>
        </extensions>
      </trkpt>
      <trkpt lat="43.22204302065074443817138671875" lon="-109.65778271667659282684326171875">
        <ele>3687.199951171875</ele>
        <time>2017-09-03T18:40:38.000Z</time>
        <extensions>
          <ns3:TrackPointExtension>
            <ns3:atemp>23.0</ns3:atemp>
            <ns3:cad>0</ns3:cad>
          </ns3:TrackPointExtension>
        </extensions>
      </trkpt>
      <trkpt lat="43.22209029458463191986083984375" lon="-109.6578403003513813018798828125">
        <ele>3686.60009765625</ele>
        <time>2017-09-03T18:40:43.000Z</time>
        <extensions>
          <ns3:TrackPointExtension>
            <ns3:atemp>23.0</ns3:atemp>
            <ns3:cad>0</ns3:cad>
          </ns3:TrackPointExtension>
        </extensions>
      </trkpt>
      <trkpt lat="43.2221237383782863616943359375" lon="-109.65788103640079498291015625">
        <ele>3685.60009765625</ele>
        <time>2017-09-03T18:40:50.000Z</time>
        <extensions>
          <ns3:TrackPointExtension>
            <ns3:atemp>23.0</ns3:atemp>
            <ns3:cad>47</ns3:cad>
          </ns3:TrackPointExtension>
        </extensions>
      </trkpt>
      <trkpt lat="43.22213170118629932403564453125" lon="-109.6578882448375225067138671875">
        <ele>3685.60009765625</ele>
        <time>2017-09-03T18:40:51.000Z</time>
        <extensions>
          <ns3:TrackPointExtension>
            <ns3:atemp>23.0</ns3:atemp>
            <ns3:cad>47</ns3:cad>
          </ns3:TrackPointExtension>
        </extensions>
      </trkpt>
      <trkpt lat="43.22220034897327423095703125" lon="-109.65794499032199382781982421875">
        <ele>3684.39990234375</ele>
        <time>2017-09-03T18:40:58.000Z</time>
        <extensions>
          <ns3:TrackPointExtension>
            <ns3:atemp>23.0</ns3:atemp>
            <ns3:cad>47</ns3:cad>
          </ns3:TrackPointExtension>
        </extensions>
      </trkpt>
      <trkpt lat="43.22224318049848079681396484375" lon="-109.6579723991453647613525390625">
        <ele>3683.199951171875</ele>
        <time>2017-09-03T18:41:02.000Z</time>
        <extensions>
          <ns3:TrackPointExtension>
            <ns3:atemp>23.0</ns3:atemp>
            <ns3:cad>47</ns3:cad>
          </ns3:TrackPointExtension>
        </extensions>
      </trkpt>
      <trkpt lat="43.222256340086460113525390625" lon="-109.65798966586589813232421875">
        <ele>3682.39990234375</ele>
        <time>2017-09-03T18:41:04.000Z</time>
        <extensions>
          <ns3:TrackPointExtension>
            <ns3:atemp>23.0</ns3:atemp>
            <ns3:cad>47</ns3:cad>
          </ns3:TrackPointExtension>
        </extensions>
      </trkpt>
      <trkpt lat="43.22226547636091709136962890625" lon="-109.65801087208092212677001953125">
        <ele>3682</ele>
        <time>2017-09-03T18:41:06.000Z</time>
        <extensions>
          <ns3:TrackPointExtension>
            <ns3:atemp>23.0</ns3:atemp>
            <ns3:cad>47</ns3:cad>
          </ns3:TrackPointExtension>
        </extensions>
      </trkpt>
      <trkpt lat="43.22232482023537158966064453125" lon="-109.658060409128665924072265625">
        <ele>3680.800048828125</ele>
        <time>2017-09-03T18:41:12.000Z</time>
        <extensions>
          <ns3:TrackPointExtension>
            <ns3:atemp>23.0</ns3:atemp>
            <ns3:cad>47</ns3:cad>
          </ns3:TrackPointExtension>
        </extensions>
      </trkpt>
      <trkpt lat="43.22233873419463634490966796875" lon="-109.6580599062144756317138671875">
        <ele>3680</ele>
        <time>2017-09-03T18:41:14.000Z</time>
        <extensions>
          <ns3:TrackPointExtension>
            <ns3:atemp>23.0</ns3:atemp>
            <ns3:cad>47</ns3:cad>
          </ns3:TrackPointExtension>
        </extensions>
      </trkpt>
      <trkpt lat="43.22234208695590496063232421875" lon="-109.65805999003350734710693359375">
        <ele>3679.60009765625</ele>
        <time>2017-09-03T18:41:15.000Z</time>
        <extensions>
          <ns3:TrackPointExtension>
            <ns3:atemp>23.0</ns3:atemp>
            <ns3:cad>0</ns3:cad>
          </ns3:TrackPointExtension>
        </extensions>
      </trkpt>
      <trkpt lat="43.22237309999763965606689453125" lon="-109.65808161534368991851806640625">
        <ele>3678.39990234375</ele>
        <time>2017-09-03T18:41:22.000Z</time>
        <extensions>
          <ns3:TrackPointExtension>
            <ns3:atemp>23.0</ns3:atemp>
            <ns3:cad>61</ns3:cad>
          </ns3:TrackPointExtension>
        </extensions>
      </trkpt>
      <trkpt lat="43.22240813635289669036865234375" lon="-109.65812520124018192291259765625">
        <ele>3678.199951171875</ele>
        <time>2017-09-03T18:41:37.000Z</time>
        <extensions>
          <ns3:TrackPointExtension>
            <ns3:atemp>23.0</ns3:atemp>
            <ns3:cad>61</ns3:cad>
          </ns3:TrackPointExtension>
        </extensions>
      </trkpt>
      <trkpt lat="43.222441412508487701416015625" lon="-109.65813006274402141571044921875">
        <ele>3677.60009765625</ele>
        <time>2017-09-03T18:41:41.000Z</time>
        <extensions>
          <ns3:TrackPointExtension>
            <ns3:atemp>23.0</ns3:atemp>
            <ns3:cad>0</ns3:cad>
          </ns3:TrackPointExtension>
        </extensions>
      </trkpt>
      <trkpt lat="43.2224506326019763946533203125" lon="-109.65813643299043178558349609375">
        <ele>3677.39990234375</ele>
        <time>2017-09-03T18:41:42.000Z</time>
        <extensions>
          <ns3:TrackPointExtension>
            <ns3:atemp>23.0</ns3:atemp>
            <ns3:cad>0</ns3:cad>
          </ns3:TrackPointExtension>
        </extensions>
      </trkpt>
      <trkpt lat="43.222491703927516937255859375" lon="-109.65817599557340145111083984375">
        <ele>3676.39990234375</ele>
        <time>2017-09-03T18:41:47.000Z</time>
        <extensions>
          <ns3:TrackPointExtension>
            <ns3:atemp>23.0</ns3:atemp>
            <ns3:cad>61</ns3:cad>
          </ns3:TrackPointExtension>
        </extensions>
      </trkpt>
      <trkpt lat="43.2224925421178340911865234375" lon="-109.65819728560745716094970703125">
        <ele>3676.39990234375</ele>
        <time>2017-09-03T18:41:48.000Z</time>
        <extensions>
          <ns3:TrackPointExtension>
            <ns3:atemp>23.0</ns3:atemp>
            <ns3:cad>61</ns3:cad>
          </ns3:TrackPointExtension>
        </extensions>
      </trkpt>
      <trkpt lat="43.22252782993018627166748046875" lon="-109.65824103914201259613037109375">
        <ele>3675.39990234375</ele>
        <time>2017-09-03T18:41:56.000Z</time>
        <extensions>
          <ns3:TrackPointExtension>
            <ns3:atemp>23.0</ns3:atemp>
            <ns3:cad>0</ns3:cad>
          </ns3:TrackPointExtension>
        </extensions>
      </trkpt>
      <trkpt lat="43.2225622795522212982177734375" lon="-109.6582520194351673126220703125">
        <ele>3674.39990234375</ele>
        <time>2017-09-03T18:42:02.000Z</time>
        <extensions>
          <ns3:TrackPointExtension>
            <ns3:atemp>23.0</ns3:atemp>
            <ns3:cad>0</ns3:cad>
          </ns3:TrackPointExtension>
        </extensions>
      </trkpt>
      <trkpt lat="43.2227061130106449127197265625" lon="-109.65834505856037139892578125">
        <ele>3673.199951171875</ele>
        <time>2017-09-03T18:42:18.000Z</time>
        <extensions>
          <ns3:TrackPointExtension>
            <ns3:atemp>23.0</ns3:atemp>
            <ns3:cad>60</ns3:cad>
          </ns3:TrackPointExtension>
        </extensions>
      </trkpt>
      <trkpt lat="43.22275648824870586395263671875" lon="-109.6583757363259792327880859375">
        <ele>3672.800048828125</ele>
        <time>2017-09-03T18:42:25.000Z</time>
        <extensions>
          <ns3:TrackPointExtension>
            <ns3:atemp>22.0</ns3:atemp>
            <ns3:cad>49</ns3:cad>
          </ns3:TrackPointExtension>
        </extensions>
      </trkpt>
      <trkpt lat="43.2227403111755847930908203125" lon="-109.65843088924884796142578125">
        <ele>3672.800048828125</ele>
        <time>2017-09-03T18:42:27.000Z</time>
        <extensions>
          <ns3:TrackPointExtension>
            <ns3:atemp>22.0</ns3:atemp>
            <ns3:cad>0</ns3:cad>
          </ns3:TrackPointExtension>
        </extensions>
      </trkpt>
      <trkpt lat="43.22273335419595241546630859375" lon="-109.65845511294901371002197265625">
        <ele>3672.199951171875</ele>
        <time>2017-09-03T18:42:29.000Z</time>
        <extensions>
          <ns3:TrackPointExtension>
            <ns3:atemp>22.0</ns3:atemp>
            <ns3:cad>0</ns3:cad>
          </ns3:TrackPointExtension>
        </extensions>
      </trkpt>
      <trkpt lat="43.222734443843364715576171875" lon="-109.65845796279609203338623046875">
        <ele>3670.800048828125</ele>
        <time>2017-09-03T18:42:32.000Z</time>
        <extensions>
          <ns3:TrackPointExtension>
            <ns3:atemp>22.0</ns3:atemp>
            <ns3:cad>0</ns3:cad>
          </ns3:TrackPointExtension>
        </extensions>
      </trkpt>
      <trkpt lat="43.22275028564035892486572265625" lon="-109.65847288258373737335205078125">
        <ele>3670.60009765625</ele>
        <time>2017-09-03T18:42:47.000Z</time>
        <extensions>
          <ns3:TrackPointExtension>
            <ns3:atemp>22.0</ns3:atemp>
            <ns3:cad>0</ns3:cad>
          </ns3:TrackPointExtension>
        </extensions>
      </trkpt>
      <trkpt lat="43.22277559898793697357177734375" lon="-109.65849651955068111419677734375">
        <ele>3670.39990234375</ele>
        <time>2017-09-03T18:42:50.000Z</time>
        <extensions>
          <ns3:TrackPointExtension>
            <ns3:atemp>22.0</ns3:atemp>
            <ns3:cad>0</ns3:cad>
          </ns3:TrackPointExtension>
        </extensions>
      </trkpt>
      <trkpt lat="43.2227919436991214752197265625" lon="-109.65850104577839374542236328125">
        <ele>3670.199951171875</ele>
        <time>2017-09-03T18:42:52.000Z</time>
        <extensions>
          <ns3:TrackPointExtension>
            <ns3:atemp>22.0</ns3:atemp>
            <ns3:cad>0</ns3:cad>
          </ns3:TrackPointExtension>
        </extensions>
      </trkpt>
      <trkpt lat="43.222819603979587554931640625" lon="-109.65848193503916263580322265625">
        <ele>3670</ele>
        <time>2017-09-03T18:42:55.000Z</time>
        <extensions>
          <ns3:TrackPointExtension>
            <ns3:atemp>22.0</ns3:atemp>
            <ns3:cad>0</ns3:cad>
          </ns3:TrackPointExtension>
        </extensions>
      </trkpt>
      <trkpt lat="43.2228274829685688018798828125" lon="-109.6584756486117839813232421875">
        <ele>3669.800048828125</ele>
        <time>2017-09-03T18:42:56.000Z</time>
        <extensions>
          <ns3:TrackPointExtension>
            <ns3:atemp>22.0</ns3:atemp>
            <ns3:cad>0</ns3:cad>
          </ns3:TrackPointExtension>
        </extensions>
      </trkpt>
      <trkpt lat="43.2228442467749118804931640625" lon="-109.6584595553576946258544921875">
        <ele>3669.60009765625</ele>
        <time>2017-09-03T18:42:58.000Z</time>
        <extensions>
          <ns3:TrackPointExtension>
            <ns3:atemp>22.0</ns3:atemp>
            <ns3:cad>0</ns3:cad>
          </ns3:TrackPointExtension>
        </extensions>
      </trkpt>
      <trkpt lat="43.2228982262313365936279296875" lon="-109.6584686078131198883056640625">
        <ele>3668.60009765625</ele>
        <time>2017-09-03T18:43:03.000Z</time>
        <extensions>
          <ns3:TrackPointExtension>
            <ns3:atemp>22.0</ns3:atemp>
            <ns3:cad>51</ns3:cad>
          </ns3:TrackPointExtension>
        </extensions>
      </trkpt>
      <trkpt lat="43.2229099608957767486572265625" lon="-109.6584712900221347808837890625">
        <ele>3668.60009765625</ele>
        <time>2017-09-03T18:43:04.000Z</time>
        <extensions>
          <ns3:TrackPointExtension>
            <ns3:atemp>22.0</ns3:atemp>
            <ns3:cad>51</ns3:cad>
          </ns3:TrackPointExtension>
        </extensions>
      </trkpt>
      <trkpt lat="43.22295782156288623809814453125" lon="-109.65852166526019573211669921875">
        <ele>3668.39990234375</ele>
        <time>2017-09-03T18:43:10.000Z</time>
        <extensions>
          <ns3:TrackPointExtension>
            <ns3:atemp>22.0</ns3:atemp>
            <ns3:cad>51</ns3:cad>
          </ns3:TrackPointExtension>
        </extensions>
      </trkpt>
      <trkpt lat="43.22299419902265071868896484375" lon="-109.65850624255836009979248046875">
        <ele>3668.199951171875</ele>
        <time>2017-09-03T18:43:14.000Z</time>
        <extensions>
          <ns3:TrackPointExtension>
            <ns3:atemp>22.0</ns3:atemp>
            <ns3:cad>0</ns3:cad>
          </ns3:TrackPointExtension>
        </extensions>
      </trkpt>
      <trkpt lat="43.2230303250253200531005859375" lon="-109.6585199050605297088623046875">
        <ele>3667.60009765625</ele>
        <time>2017-09-03T18:43:18.000Z</time>
        <extensions>
          <ns3:TrackPointExtension>
            <ns3:atemp>22.0</ns3:atemp>
            <ns3:cad>0</ns3:cad>
          </ns3:TrackPointExtension>
        </extensions>
      </trkpt>
      <trkpt lat="43.22303853929042816162109375" lon="-109.658525772392749786376953125">
        <ele>3667.39990234375</ele>
        <time>2017-09-03T18:43:19.000Z</time>
        <extensions>
          <ns3:TrackPointExtension>
            <ns3:atemp>22.0</ns3:atemp>
            <ns3:cad>0</ns3:cad>
          </ns3:TrackPointExtension>
        </extensions>
      </trkpt>
      <trkpt lat="43.2230682112276554107666015625" lon="-109.658525772392749786376953125">
        <ele>3667.199951171875</ele>
        <time>2017-09-03T18:43:23.000Z</time>
        <extensions>
          <ns3:TrackPointExtension>
            <ns3:atemp>22.0</ns3:atemp>
            <ns3:cad>0</ns3:cad>
          </ns3:TrackPointExtension>
        </extensions>
      </trkpt>
      <trkpt lat="43.22307072579860687255859375" lon="-109.6585269458591938018798828125">
        <ele>3667.39990234375</ele>
        <time>2017-09-03T18:43:25.000Z</time>
        <extensions>
          <ns3:TrackPointExtension>
            <ns3:atemp>22.0</ns3:atemp>
            <ns3:cad>0</ns3:cad>
          </ns3:TrackPointExtension>
        </extensions>
      </trkpt>
      <trkpt lat="43.22306510992348194122314453125" lon="-109.6585383452475070953369140625">
        <ele>3667.60009765625</ele>
        <time>2017-09-03T18:43:31.000Z</time>
        <extensions>
          <ns3:TrackPointExtension>
            <ns3:atemp>22.0</ns3:atemp>
            <ns3:cad>61</ns3:cad>
          </ns3:TrackPointExtension>
        </extensions>
      </trkpt>
      <trkpt lat="43.22319603525102138519287109375" lon="-109.6585960127413272857666015625">
        <ele>3666.39990234375</ele>
        <time>2017-09-03T18:44:10.000Z</time>
        <extensions>
          <ns3:TrackPointExtension>
            <ns3:atemp>22.0</ns3:atemp>
            <ns3:cad>0</ns3:cad>
          </ns3:TrackPointExtension>
        </extensions>
      </trkpt>
      <trkpt lat="43.2232294790446758270263671875" lon="-109.6586509980261325836181640625">
        <ele>3665.39990234375</ele>
        <time>2017-09-03T18:44:20.000Z</time>
        <extensions>
          <ns3:TrackPointExtension>
            <ns3:atemp>23.0</ns3:atemp>
            <ns3:cad>0</ns3:cad>
          </ns3:TrackPointExtension>
        </extensions>
      </trkpt>
      <trkpt lat="43.22331556119024753570556640625" lon="-109.6586997807025909423828125">
        <ele>3664.39990234375</ele>
        <time>2017-09-03T18:44:45.000Z</time>
        <extensions>
          <ns3:TrackPointExtension>
            <ns3:atemp>23.0</ns3:atemp>
            <ns3:cad>0</ns3:cad>
          </ns3:TrackPointExtension>
        </extensions>
      </trkpt>
      <trkpt lat="43.22335763834416866302490234375" lon="-109.65872115455567836761474609375">
        <ele>3663.199951171875</ele>
        <time>2017-09-03T18:44:52.000Z</time>
        <extensions>
          <ns3:TrackPointExtension>
            <ns3:atemp>23.0</ns3:atemp>
            <ns3:cad>61</ns3:cad>
          </ns3:TrackPointExtension>
        </extensions>
      </trkpt>
      <trkpt lat="43.22340927086770534515380859375" lon="-109.6587264351546764373779296875">
        <ele>3662</ele>
        <time>2017-09-03T18:45:00.000Z</time>
        <extensions>
          <ns3:TrackPointExtension>
            <ns3:atemp>23.0</ns3:atemp>
            <ns3:cad>0</ns3:cad>
          </ns3:TrackPointExtension>
        </extensions>
      </trkpt>
      <trkpt lat="43.223432488739490509033203125" lon="-109.65881000272929668426513671875">
        <ele>3661</ele>
        <time>2017-09-03T18:45:07.000Z</time>
        <extensions>
          <ns3:TrackPointExtension>
            <ns3:atemp>23.0</ns3:atemp>
            <ns3:cad>0</ns3:cad>
          </ns3:TrackPointExtension>
        </extensions>
      </trkpt>
      <trkpt lat="43.22343961335718631744384765625" lon="-109.6588017046451568603515625">
        <ele>3661</ele>
        <time>2017-09-03T18:45:08.000Z</time>
        <extensions>
          <ns3:TrackPointExtension>
            <ns3:atemp>23.0</ns3:atemp>
            <ns3:cad>0</ns3:cad>
          </ns3:TrackPointExtension>
        </extensions>
      </trkpt>
      <trkpt lat="43.22346375323832035064697265625" lon="-109.65877957642078399658203125">
        <ele>3660.800048828125</ele>
        <time>2017-09-03T18:45:11.000Z</time>
        <extensions>
          <ns3:TrackPointExtension>
            <ns3:atemp>23.0</ns3:atemp>
            <ns3:cad>0</ns3:cad>
          </ns3:TrackPointExtension>
        </extensions>
      </trkpt>
      <trkpt lat="43.22350717149674892425537109375" lon="-109.65872836299240589141845703125">
        <ele>3659.800048828125</ele>
        <time>2017-09-03T18:45:17.000Z</time>
        <extensions>
          <ns3:TrackPointExtension>
            <ns3:atemp>23.0</ns3:atemp>
            <ns3:cad>61</ns3:cad>
          </ns3:TrackPointExtension>
        </extensions>
      </trkpt>
      <trkpt lat="43.22353986091911792755126953125" lon="-109.65871126390993595123291015625">
        <ele>3659.60009765625</ele>
        <time>2017-09-03T18:45:20.000Z</time>
        <extensions>
          <ns3:TrackPointExtension>
            <ns3:atemp>23.0</ns3:atemp>
            <ns3:cad>61</ns3:cad>
          </ns3:TrackPointExtension>
        </extensions>
      </trkpt>
      <trkpt lat="43.22359099052846431732177734375" lon="-109.65869617648422718048095703125">
        <ele>3659.800048828125</ele>
        <time>2017-09-03T18:45:26.000Z</time>
        <extensions>
          <ns3:TrackPointExtension>
            <ns3:atemp>23.0</ns3:atemp>
            <ns3:cad>0</ns3:cad>
          </ns3:TrackPointExtension>
        </extensions>
      </trkpt>
      <trkpt lat="43.223608173429965972900390625" lon="-109.65867874212563037872314453125">
        <ele>3659.39990234375</ele>
        <time>2017-09-03T18:45:29.000Z</time>
        <extensions>
          <ns3:TrackPointExtension>
            <ns3:atemp>23.0</ns3:atemp>
            <ns3:cad>61</ns3:cad>
          </ns3:TrackPointExtension>
        </extensions>
      </trkpt>
      <trkpt lat="43.22361865080893039703369140625" lon="-109.6586694382131099700927734375">
        <ele>3659.199951171875</ele>
        <time>2017-09-03T18:45:31.000Z</time>
        <extensions>
          <ns3:TrackPointExtension>
            <ns3:atemp>23.0</ns3:atemp>
            <ns3:cad>61</ns3:cad>
          </ns3:TrackPointExtension>
        </extensions>
      </trkpt>
      <trkpt lat="43.2236546091735363006591796875" lon="-109.6586546860635280609130859375">
        <ele>3659.199951171875</ele>
        <time>2017-09-03T18:45:35.000Z</time>
        <extensions>
          <ns3:TrackPointExtension>
            <ns3:atemp>23.0</ns3:atemp>
            <ns3:cad>61</ns3:cad>
          </ns3:TrackPointExtension>
        </extensions>
      </trkpt>
      <trkpt lat="43.22367615066468715667724609375" lon="-109.658650495111942291259765625">
        <ele>3659.199951171875</ele>
        <time>2017-09-03T18:45:37.000Z</time>
        <extensions>
          <ns3:TrackPointExtension>
            <ns3:atemp>23.0</ns3:atemp>
            <ns3:cad>61</ns3:cad>
          </ns3:TrackPointExtension>
        </extensions>
      </trkpt>
      <trkpt lat="43.22370707988739013671875" lon="-109.65864303521811962127685546875">
        <ele>3658.60009765625</ele>
        <time>2017-09-03T18:45:41.000Z</time>
        <extensions>
          <ns3:TrackPointExtension>
            <ns3:atemp>23.0</ns3:atemp>
            <ns3:cad>0</ns3:cad>
          </ns3:TrackPointExtension>
        </extensions>
      </trkpt>
      <trkpt lat="43.2237836904823780059814453125" lon="-109.6585923247039318084716796875">
        <ele>3657.800048828125</ele>
        <time>2017-09-03T18:45:51.000Z</time>
        <extensions>
          <ns3:TrackPointExtension>
            <ns3:atemp>23.0</ns3:atemp>
            <ns3:cad>0</ns3:cad>
          </ns3:TrackPointExtension>
        </extensions>
      </trkpt>
      <trkpt lat="43.2237987779080867767333984375" lon="-109.65857866220176219940185546875">
        <ele>3658</ele>
        <time>2017-09-03T18:45:53.000Z</time>
        <extensions>
          <ns3:TrackPointExtension>
            <ns3:atemp>23.0</ns3:atemp>
            <ns3:cad>61</ns3:cad>
          </ns3:TrackPointExtension>
        </extensions>
      </trkpt>
      <trkpt lat="43.223824761807918548583984375" lon="-109.65856508351862430572509765625">
        <ele>3658</ele>
        <time>2017-09-03T18:45:58.000Z</time>
        <extensions>
          <ns3:TrackPointExtension>
            <ns3:atemp>23.0</ns3:atemp>
            <ns3:cad>61</ns3:cad>
          </ns3:TrackPointExtension>
        </extensions>
      </trkpt>
      <trkpt lat="43.2238494046032428741455078125" lon="-109.6585735492408275604248046875">
        <ele>3657.60009765625</ele>
        <time>2017-09-03T18:46:05.000Z</time>
        <extensions>
          <ns3:TrackPointExtension>
            <ns3:atemp>23.0</ns3:atemp>
            <ns3:cad>0</ns3:cad>
          </ns3:TrackPointExtension>
        </extensions>
      </trkpt>
      <trkpt lat="43.223859965801239013671875" lon="-109.65856692753732204437255859375">
        <ele>3657.60009765625</ele>
        <time>2017-09-03T18:46:06.000Z</time>
        <extensions>
          <ns3:TrackPointExtension>
            <ns3:atemp>23.0</ns3:atemp>
            <ns3:cad>0</ns3:cad>
          </ns3:TrackPointExtension>
        </extensions>
      </trkpt>
      <trkpt lat="43.22388351894915103912353515625" lon="-109.65855301357805728912353515625">
        <ele>3657.39990234375</ele>
        <time>2017-09-03T18:46:08.000Z</time>
        <extensions>
          <ns3:TrackPointExtension>
            <ns3:atemp>23.0</ns3:atemp>
            <ns3:cad>61</ns3:cad>
          </ns3:TrackPointExtension>
        </extensions>
      </trkpt>
      <trkpt lat="43.22392542846500873565673828125" lon="-109.65853256173431873321533203125">
        <ele>3657.39990234375</ele>
        <time>2017-09-03T18:46:14.000Z</time>
        <extensions>
          <ns3:TrackPointExtension>
            <ns3:atemp>23.0</ns3:atemp>
            <ns3:cad>0</ns3:cad>
          </ns3:TrackPointExtension>
        </extensions>
      </trkpt>
      <trkpt lat="43.22394990362226963043212890625" lon="-109.65853122062981128692626953125">
        <ele>3657.199951171875</ele>
        <time>2017-09-03T18:46:16.000Z</time>
        <extensions>
          <ns3:TrackPointExtension>
            <ns3:atemp>23.0</ns3:atemp>
            <ns3:cad>0</ns3:cad>
          </ns3:TrackPointExtension>
        </extensions>
      </trkpt>
      <trkpt lat="43.22396264411509037017822265625" lon="-109.65851604938507080078125">
        <ele>3657</ele>
        <time>2017-09-03T18:46:18.000Z</time>
        <extensions>
          <ns3:TrackPointExtension>
            <ns3:atemp>23.0</ns3:atemp>
            <ns3:cad>0</ns3:cad>
          </ns3:TrackPointExtension>
        </extensions>
      </trkpt>
      <trkpt lat="43.2240187190473079681396484375" lon="-109.65848377905786037445068359375">
        <ele>3657.199951171875</ele>
        <time>2017-09-03T18:46:26.000Z</time>
        <extensions>
          <ns3:TrackPointExtension>
            <ns3:atemp>23.0</ns3:atemp>
            <ns3:cad>61</ns3:cad>
          </ns3:TrackPointExtension>
        </extensions>
      </trkpt>
      <trkpt lat="43.22407596744596958160400390625" lon="-109.65847020037472248077392578125">
        <ele>3657.199951171875</ele>
        <time>2017-09-03T18:46:33.000Z</time>
        <extensions>
          <ns3:TrackPointExtension>
            <ns3:atemp>23.0</ns3:atemp>
            <ns3:cad>0</ns3:cad>
          </ns3:TrackPointExtension>
        </extensions>
      </trkpt>
      <trkpt lat="43.2240924797952175140380859375" lon="-109.6584783308207988739013671875">
        <ele>3657</ele>
        <time>2017-09-03T18:46:36.000Z</time>
        <extensions>
          <ns3:TrackPointExtension>
            <ns3:atemp>23.0</ns3:atemp>
            <ns3:cad>0</ns3:cad>
          </ns3:TrackPointExtension>
        </extensions>
      </trkpt>
      <trkpt lat="43.224103711545467376708984375" lon="-109.65847573243081569671630859375">
        <ele>3657</ele>
        <time>2017-09-03T18:46:38.000Z</time>
        <extensions>
          <ns3:TrackPointExtension>
            <ns3:atemp>23.0</ns3:atemp>
            <ns3:cad>0</ns3:cad>
          </ns3:TrackPointExtension>
        </extensions>
      </trkpt>
      <trkpt lat="43.2241417653858661651611328125" lon="-109.658454358577728271484375">
        <ele>3657.39990234375</ele>
        <time>2017-09-03T18:46:42.000Z</time>
        <extensions>
          <ns3:TrackPointExtension>
            <ns3:atemp>23.0</ns3:atemp>
            <ns3:cad>0</ns3:cad>
          </ns3:TrackPointExtension>
        </extensions>
      </trkpt>
      <trkpt lat="43.22416028939187526702880859375" lon="-109.65844723396003246307373046875">
        <ele>3657.60009765625</ele>
        <time>2017-09-03T18:46:44.000Z</time>
        <extensions>
          <ns3:TrackPointExtension>
            <ns3:atemp>23.0</ns3:atemp>
            <ns3:cad>0</ns3:cad>
          </ns3:TrackPointExtension>
        </extensions>
      </trkpt>
      <trkpt lat="43.2242275960743427276611328125" lon="-109.65839727781713008880615234375">
        <ele>3658</ele>
        <time>2017-09-03T18:46:52.000Z</time>
        <extensions>
          <ns3:TrackPointExtension>
            <ns3:atemp>23.0</ns3:atemp>
            <ns3:cad>49</ns3:cad>
          </ns3:TrackPointExtension>
        </extensions>
      </trkpt>
      <trkpt lat="43.224262632429599761962890625" lon="-109.65836039744317531585693359375">
        <ele>3658.60009765625</ele>
        <time>2017-09-03T18:46:58.000Z</time>
        <extensions>
          <ns3:TrackPointExtension>
            <ns3:atemp>23.0</ns3:atemp>
            <ns3:cad>61</ns3:cad>
          </ns3:TrackPointExtension>
        </extensions>
      </trkpt>
      <trkpt lat="43.2242684997618198394775390625" lon="-109.6583512611687183380126953125">
        <ele>3658.800048828125</ele>
        <time>2017-09-03T18:46:59.000Z</time>
        <extensions>
          <ns3:TrackPointExtension>
            <ns3:atemp>23.0</ns3:atemp>
            <ns3:cad>61</ns3:cad>
          </ns3:TrackPointExtension>
        </extensions>
      </trkpt>
      <trkpt lat="43.22427109815180301666259765625" lon="-109.6583482436835765838623046875">
        <ele>3659</ele>
        <time>2017-09-03T18:47:00.000Z</time>
        <extensions>
          <ns3:TrackPointExtension>
            <ns3:atemp>23.0</ns3:atemp>
            <ns3:cad>61</ns3:cad>
          </ns3:TrackPointExtension>
        </extensions>
      </trkpt>
      <trkpt lat="43.224369585514068603515625" lon="-109.65826182626187801361083984375">
        <ele>3658</ele>
        <time>2017-09-03T18:47:33.000Z</time>
        <extensions>
          <ns3:TrackPointExtension>
            <ns3:atemp>23.0</ns3:atemp>
            <ns3:cad>0</ns3:cad>
          </ns3:TrackPointExtension>
        </extensions>
      </trkpt>
      <trkpt lat="43.22445751167833805084228515625" lon="-109.65825947932898998260498046875">
        <ele>3657.60009765625</ele>
        <time>2017-09-03T18:47:48.000Z</time>
        <extensions>
          <ns3:TrackPointExtension>
            <ns3:atemp>23.0</ns3:atemp>
            <ns3:cad>61</ns3:cad>
          </ns3:TrackPointExtension>
        </extensions>
      </trkpt>
      <trkpt lat="43.2245860062539577484130859375" lon="-109.65822293423116207122802734375">
        <ele>3657</ele>
        <time>2017-09-03T18:48:01.000Z</time>
        <extensions>
          <ns3:TrackPointExtension>
            <ns3:atemp>24.0</ns3:atemp>
            <ns3:cad>61</ns3:cad>
          </ns3:TrackPointExtension>
        </extensions>
      </trkpt>
      <trkpt lat="43.2246074639260768890380859375" lon="-109.6582345850765705108642578125">
        <ele>3657</ele>
        <time>2017-09-03T18:48:03.000Z</time>
        <extensions>
          <ns3:TrackPointExtension>
            <ns3:atemp>24.0</ns3:atemp>
            <ns3:cad>61</ns3:cad>
          </ns3:TrackPointExtension>
        </extensions>
      </trkpt>
      <trkpt lat="43.224687762558460235595703125" lon="-109.65823919512331485748291015625">
        <ele>3656.800048828125</ele>
        <time>2017-09-03T18:48:10.000Z</time>
        <extensions>
          <ns3:TrackPointExtension>
            <ns3:atemp>24.0</ns3:atemp>
            <ns3:cad>47</ns3:cad>
          </ns3:TrackPointExtension>
        </extensions>
      </trkpt>
      <trkpt lat="43.2247144170105457305908203125" lon="-109.65825109742581844329833984375">
        <ele>3656.800048828125</ele>
        <time>2017-09-03T18:48:13.000Z</time>
        <extensions>
          <ns3:TrackPointExtension>
            <ns3:atemp>24.0</ns3:atemp>
            <ns3:cad>40</ns3:cad>
          </ns3:TrackPointExtension>
        </extensions>
      </trkpt>
      <trkpt lat="43.22473729960620403289794921875" lon="-109.65825252234935760498046875">
        <ele>3656.800048828125</ele>
        <time>2017-09-03T18:48:15.000Z</time>
        <extensions>
          <ns3:TrackPointExtension>
            <ns3:atemp>24.0</ns3:atemp>
            <ns3:cad>40</ns3:cad>
          </ns3:TrackPointExtension>
        </extensions>
      </trkpt>
      <trkpt lat="43.224890269339084625244140625" lon="-109.65816409327089786529541015625">
        <ele>3656.39990234375</ele>
        <time>2017-09-03T18:48:31.000Z</time>
        <extensions>
          <ns3:TrackPointExtension>
            <ns3:atemp>24.0</ns3:atemp>
            <ns3:cad>55</ns3:cad>
          </ns3:TrackPointExtension>
        </extensions>
      </trkpt>
      <trkpt lat="43.224936537444591522216796875" lon="-109.6581373549997806549072265625">
        <ele>3655.39990234375</ele>
        <time>2017-09-03T18:48:37.000Z</time>
        <extensions>
          <ns3:TrackPointExtension>
            <ns3:atemp>23.0</ns3:atemp>
            <ns3:cad>55</ns3:cad>
          </ns3:TrackPointExtension>
        </extensions>
      </trkpt>
      <trkpt lat="43.2249447517096996307373046875" lon="-109.6581397019326686859130859375">
        <ele>3655.39990234375</ele>
        <time>2017-09-03T18:48:38.000Z</time>
        <extensions>
          <ns3:TrackPointExtension>
            <ns3:atemp>23.0</ns3:atemp>
            <ns3:cad>55</ns3:cad>
          </ns3:TrackPointExtension>
        </extensions>
      </trkpt>
      <trkpt lat="43.22496243752539157867431640625" lon="-109.65815621428191661834716796875">
        <ele>3655.199951171875</ele>
        <time>2017-09-03T18:48:41.000Z</time>
        <extensions>
          <ns3:TrackPointExtension>
            <ns3:atemp>23.0</ns3:atemp>
            <ns3:cad>0</ns3:cad>
          </ns3:TrackPointExtension>
        </extensions>
      </trkpt>
      <trkpt lat="43.22512261569499969482421875" lon="-109.6580920927226543426513671875">
        <ele>3654.39990234375</ele>
        <time>2017-09-03T18:48:55.000Z</time>
        <extensions>
          <ns3:TrackPointExtension>
            <ns3:atemp>23.0</ns3:atemp>
            <ns3:cad>44</ns3:cad>
          </ns3:TrackPointExtension>
        </extensions>
      </trkpt>
      <trkpt lat="43.22529561817646026611328125" lon="-109.65800081379711627960205078125">
        <ele>3654</ele>
        <time>2017-09-03T18:49:09.000Z</time>
        <extensions>
          <ns3:TrackPointExtension>
            <ns3:atemp>23.0</ns3:atemp>
            <ns3:cad>54</ns3:cad>
          </ns3:TrackPointExtension>
        </extensions>
      </trkpt>
      <trkpt lat="43.2254081033170223236083984375" lon="-109.657968543469905853271484375">
        <ele>3654</ele>
        <time>2017-09-03T18:49:22.000Z</time>
        <extensions>
          <ns3:TrackPointExtension>
            <ns3:atemp>23.0</ns3:atemp>
            <ns3:cad>0</ns3:cad>
          </ns3:TrackPointExtension>
        </extensions>
      </trkpt>
      <trkpt lat="43.22545177303254604339599609375" lon="-109.65796275995671749114990234375">
        <ele>3654.199951171875</ele>
        <time>2017-09-03T18:49:27.000Z</time>
        <extensions>
          <ns3:TrackPointExtension>
            <ns3:atemp>23.0</ns3:atemp>
            <ns3:cad>0</ns3:cad>
          </ns3:TrackPointExtension>
        </extensions>
      </trkpt>
      <trkpt lat="43.22548731230199337005615234375" lon="-109.65795169584453105926513671875">
        <ele>3654</ele>
        <time>2017-09-03T18:49:32.000Z</time>
        <extensions>
          <ns3:TrackPointExtension>
            <ns3:atemp>23.0</ns3:atemp>
            <ns3:cad>0</ns3:cad>
          </ns3:TrackPointExtension>
        </extensions>
      </trkpt>
      <trkpt lat="43.22551421821117401123046875" lon="-109.6579734049737453460693359375">
        <ele>3653.800048828125</ele>
        <time>2017-09-03T18:49:36.000Z</time>
        <extensions>
          <ns3:TrackPointExtension>
            <ns3:atemp>23.0</ns3:atemp>
            <ns3:cad>0</ns3:cad>
          </ns3:TrackPointExtension>
        </extensions>
      </trkpt>
      <trkpt lat="43.22552117519080638885498046875" lon="-109.657972566783428192138671875">
        <ele>3653.60009765625</ele>
        <time>2017-09-03T18:49:38.000Z</time>
        <extensions>
          <ns3:TrackPointExtension>
            <ns3:atemp>23.0</ns3:atemp>
            <ns3:cad>61</ns3:cad>
          </ns3:TrackPointExtension>
        </extensions>
      </trkpt>
      <trkpt lat="43.2257028110325336456298828125" lon="-109.6579868160188198089599609375">
        <ele>3654</ele>
        <time>2017-09-03T18:50:05.000Z</time>
        <extensions>
          <ns3:TrackPointExtension>
            <ns3:atemp>23.0</ns3:atemp>
            <ns3:cad>0</ns3:cad>
          </ns3:TrackPointExtension>
        </extensions>
      </trkpt>
      <trkpt lat="43.22575503028929233551025390625" lon="-109.6579734049737453460693359375">
        <ele>3653.800048828125</ele>
        <time>2017-09-03T18:50:12.000Z</time>
        <extensions>
          <ns3:TrackPointExtension>
            <ns3:atemp>23.0</ns3:atemp>
            <ns3:cad>61</ns3:cad>
          </ns3:TrackPointExtension>
        </extensions>
      </trkpt>
      <trkpt lat="43.22576760314404964447021484375" lon="-109.6579742431640625">
        <ele>3653.800048828125</ele>
        <time>2017-09-03T18:50:14.000Z</time>
        <extensions>
          <ns3:TrackPointExtension>
            <ns3:atemp>23.0</ns3:atemp>
            <ns3:cad>0</ns3:cad>
          </ns3:TrackPointExtension>
        </extensions>
      </trkpt>
      <trkpt lat="43.2259371690452098846435546875" lon="-109.65798790566623210906982421875">
        <ele>3655</ele>
        <time>2017-09-03T18:50:51.000Z</time>
        <extensions>
          <ns3:TrackPointExtension>
            <ns3:atemp>23.0</ns3:atemp>
            <ns3:cad>0</ns3:cad>
          </ns3:TrackPointExtension>
        </extensions>
      </trkpt>
      <trkpt lat="43.226050995290279388427734375" lon="-109.657950438559055328369140625">
        <ele>3655.39990234375</ele>
        <time>2017-09-03T18:51:06.000Z</time>
        <extensions>
          <ns3:TrackPointExtension>
            <ns3:atemp>23.0</ns3:atemp>
            <ns3:cad>0</ns3:cad>
          </ns3:TrackPointExtension>
        </extensions>
      </trkpt>
      <trkpt lat="43.22618284262716770172119140625" lon="-109.65792889706790447235107421875">
        <ele>3656.39990234375</ele>
        <time>2017-09-03T18:51:21.000Z</time>
        <extensions>
          <ns3:TrackPointExtension>
            <ns3:atemp>23.0</ns3:atemp>
            <ns3:cad>0</ns3:cad>
          </ns3:TrackPointExtension>
        </extensions>
      </trkpt>
      <trkpt lat="43.22629381902515888214111328125" lon="-109.65797365643084049224853515625">
        <ele>3656.39990234375</ele>
        <time>2017-09-03T18:51:47.000Z</time>
        <extensions>
          <ns3:TrackPointExtension>
            <ns3:atemp>23.0</ns3:atemp>
            <ns3:cad>61</ns3:cad>
          </ns3:TrackPointExtension>
        </extensions>
      </trkpt>
      <trkpt lat="43.22630203329026699066162109375" lon="-109.65796309523284435272216796875">
        <ele>3656.39990234375</ele>
        <time>2017-09-03T18:51:51.000Z</time>
        <extensions>
          <ns3:TrackPointExtension>
            <ns3:atemp>23.0</ns3:atemp>
            <ns3:cad>61</ns3:cad>
          </ns3:TrackPointExtension>
        </extensions>
      </trkpt>
      <trkpt lat="43.226308487355709075927734375" lon="-109.65796208940446376800537109375">
        <ele>3656.39990234375</ele>
        <time>2017-09-03T18:51:53.000Z</time>
        <extensions>
          <ns3:TrackPointExtension>
            <ns3:atemp>23.0</ns3:atemp>
            <ns3:cad>0</ns3:cad>
          </ns3:TrackPointExtension>
        </extensions>
      </trkpt>
      <trkpt lat="43.22630806826055049896240234375" lon="-109.6579675376415252685546875">
        <ele>3656.60009765625</ele>
        <time>2017-09-03T18:51:55.000Z</time>
        <extensions>
          <ns3:TrackPointExtension>
            <ns3:atemp>23.0</ns3:atemp>
            <ns3:cad>0</ns3:cad>
          </ns3:TrackPointExtension>
        </extensions>
      </trkpt>
      <trkpt lat="43.2262345589697360992431640625" lon="-109.65793191455304622650146484375">
        <ele>3656.800048828125</ele>
        <time>2017-09-03T18:52:30.000Z</time>
        <extensions>
          <ns3:TrackPointExtension>
            <ns3:atemp>23.0</ns3:atemp>
            <ns3:cad>61</ns3:cad>
          </ns3:TrackPointExtension>
        </extensions>
      </trkpt>
      <trkpt lat="43.22628040798008441925048828125" lon="-109.65796829201281070709228515625">
        <ele>3657</ele>
        <time>2017-09-03T18:52:36.000Z</time>
        <extensions>
          <ns3:TrackPointExtension>
            <ns3:atemp>23.0</ns3:atemp>
            <ns3:cad>0</ns3:cad>
          </ns3:TrackPointExtension>
        </extensions>
      </trkpt>
      <trkpt lat="43.22629784233868122100830078125" lon="-109.6579834632575511932373046875">
        <ele>3656.60009765625</ele>
        <time>2017-09-03T18:52:38.000Z</time>
        <extensions>
          <ns3:TrackPointExtension>
            <ns3:atemp>23.0</ns3:atemp>
            <ns3:cad>0</ns3:cad>
          </ns3:TrackPointExtension>
        </extensions>
      </trkpt>
      <trkpt lat="43.226300776004791259765625" lon="-109.657982289791107177734375">
        <ele>3655.199951171875</ele>
        <time>2017-09-03T18:52:49.000Z</time>
        <extensions>
          <ns3:TrackPointExtension>
            <ns3:atemp>23.0</ns3:atemp>
            <ns3:cad>0</ns3:cad>
          </ns3:TrackPointExtension>
        </extensions>
      </trkpt>
      <trkpt lat="43.22630773298442363739013671875" lon="-109.657989330589771270751953125">
        <ele>3656.199951171875</ele>
        <time>2017-09-03T18:52:54.000Z</time>
        <extensions>
          <ns3:TrackPointExtension>
            <ns3:atemp>23.0</ns3:atemp>
            <ns3:cad>0</ns3:cad>
          </ns3:TrackPointExtension>
        </extensions>
      </trkpt>
      <trkpt lat="43.226315192878246307373046875" lon="-109.6579817868769168853759765625">
        <ele>3656.39990234375</ele>
        <time>2017-09-03T18:53:44.000Z</time>
        <extensions>
          <ns3:TrackPointExtension>
            <ns3:atemp>24.0</ns3:atemp>
            <ns3:cad>0</ns3:cad>
          </ns3:TrackPointExtension>
        </extensions>
      </trkpt>
      <trkpt lat="43.2262479700148105621337890625" lon="-109.657955467700958251953125">
        <ele>3656</ele>
        <time>2017-09-03T18:54:07.000Z</time>
        <extensions>
          <ns3:TrackPointExtension>
            <ns3:atemp>24.0</ns3:atemp>
            <ns3:cad>61</ns3:cad>
          </ns3:TrackPointExtension>
        </extensions>
      </trkpt>
      <trkpt lat="43.22605694644153118133544921875" lon="-109.65797801502048969268798828125">
        <ele>3656.199951171875</ele>
        <time>2017-09-03T18:54:17.000Z</time>
        <extensions>
          <ns3:TrackPointExtension>
            <ns3:atemp>24.0</ns3:atemp>
            <ns3:cad>61</ns3:cad>
          </ns3:TrackPointExtension>
        </extensions>
      </trkpt>
      <trkpt lat="43.22595032863318920135498046875" lon="-109.65801179409027099609375">
        <ele>3655.199951171875</ele>
        <time>2017-09-03T18:54:21.000Z</time>
        <extensions>
          <ns3:TrackPointExtension>
            <ns3:atemp>24.0</ns3:atemp>
            <ns3:cad>61</ns3:cad>
          </ns3:TrackPointExtension>
        </extensions>
      </trkpt>
      <trkpt lat="43.22577749378979206085205078125" lon="-109.65800735168159008026123046875">
        <ele>3655.800048828125</ele>
        <time>2017-09-03T18:54:30.000Z</time>
        <extensions>
          <ns3:TrackPointExtension>
            <ns3:atemp>24.0</ns3:atemp>
            <ns3:cad>79</ns3:cad>
          </ns3:TrackPointExtension>
        </extensions>
      </trkpt>
      <trkpt lat="43.22565142996609210968017578125" lon="-109.6579982154071331024169921875">
        <ele>3655.199951171875</ele>
        <time>2017-09-03T18:54:39.000Z</time>
        <extensions>
          <ns3:TrackPointExtension>
            <ns3:atemp>25.0</ns3:atemp>
            <ns3:cad>66</ns3:cad>
          </ns3:TrackPointExtension>
        </extensions>
      </trkpt>
      <trkpt lat="43.2256310619413852691650390625" lon="-109.65800768695771694183349609375">
        <ele>3655.199951171875</ele>
        <time>2017-09-03T18:54:42.000Z</time>
        <extensions>
          <ns3:TrackPointExtension>
            <ns3:atemp>25.0</ns3:atemp>
            <ns3:cad>66</ns3:cad>
          </ns3:TrackPointExtension>
        </extensions>
      </trkpt>
      <trkpt lat="43.225593678653240203857421875" lon="-109.65799293480813503265380859375">
        <ele>3655</ele>
        <time>2017-09-03T18:54:45.000Z</time>
        <extensions>
          <ns3:TrackPointExtension>
            <ns3:atemp>25.0</ns3:atemp>
            <ns3:cad>66</ns3:cad>
          </ns3:TrackPointExtension>
        </extensions>
      </trkpt>
      <trkpt lat="43.225542046129703521728515625" lon="-109.6579858101904392242431640625">
        <ele>3654.39990234375</ele>
        <time>2017-09-03T18:54:49.000Z</time>
        <extensions>
          <ns3:TrackPointExtension>
            <ns3:atemp>25.0</ns3:atemp>
            <ns3:cad>61</ns3:cad>
          </ns3:TrackPointExtension>
        </extensions>
      </trkpt>
      <trkpt lat="43.22552603669464588165283203125" lon="-109.65799033641815185546875">
        <ele>3654.199951171875</ele>
        <time>2017-09-03T18:54:50.000Z</time>
        <extensions>
          <ns3:TrackPointExtension>
            <ns3:atemp>25.0</ns3:atemp>
            <ns3:cad>58</ns3:cad>
          </ns3:TrackPointExtension>
        </extensions>
      </trkpt>
      <trkpt lat="43.225342892110347747802734375" lon="-109.65799628756940364837646484375">
        <ele>3653.800048828125</ele>
        <time>2017-09-03T18:54:59.000Z</time>
        <extensions>
          <ns3:TrackPointExtension>
            <ns3:atemp>25.0</ns3:atemp>
            <ns3:cad>58</ns3:cad>
          </ns3:TrackPointExtension>
        </extensions>
      </trkpt>
      <trkpt lat="43.22532755322754383087158203125" lon="-109.65800433419644832611083984375">
        <ele>3653.199951171875</ele>
        <time>2017-09-03T18:55:00.000Z</time>
        <extensions>
          <ns3:TrackPointExtension>
            <ns3:atemp>25.0</ns3:atemp>
            <ns3:cad>58</ns3:cad>
          </ns3:TrackPointExtension>
        </extensions>
      </trkpt>
      <trkpt lat="43.22528681717813014984130859375" lon="-109.65800399892032146453857421875">
        <ele>3655.199951171875</ele>
        <time>2017-09-03T18:55:02.000Z</time>
        <extensions>
          <ns3:TrackPointExtension>
            <ns3:atemp>25.0</ns3:atemp>
            <ns3:cad>58</ns3:cad>
          </ns3:TrackPointExtension>
        </extensions>
      </trkpt>
      <trkpt lat="43.22524289600551128387451171875" lon="-109.6580139733850955963134765625">
        <ele>3654</ele>
        <time>2017-09-03T18:55:04.000Z</time>
        <extensions>
          <ns3:TrackPointExtension>
            <ns3:atemp>25.0</ns3:atemp>
            <ns3:cad>58</ns3:cad>
          </ns3:TrackPointExtension>
        </extensions>
      </trkpt>
      <trkpt lat="43.225067965686321258544921875" lon="-109.65809284709393978118896484375">
        <ele>3653.199951171875</ele>
        <time>2017-09-03T18:55:12.000Z</time>
        <extensions>
          <ns3:TrackPointExtension>
            <ns3:atemp>25.0</ns3:atemp>
            <ns3:cad>58</ns3:cad>
          </ns3:TrackPointExtension>
        </extensions>
      </trkpt>
      <trkpt lat="43.225025720894336700439453125" lon="-109.658104665577411651611328125">
        <ele>3653</ele>
        <time>2017-09-03T18:55:14.000Z</time>
        <extensions>
          <ns3:TrackPointExtension>
            <ns3:atemp>25.0</ns3:atemp>
            <ns3:cad>58</ns3:cad>
          </ns3:TrackPointExtension>
        </extensions>
      </trkpt>
      <trkpt lat="43.2248719967901706695556640625" lon="-109.65809066779911518096923828125">
        <ele>3653.60009765625</ele>
        <time>2017-09-03T18:55:28.000Z</time>
        <extensions>
          <ns3:TrackPointExtension>
            <ns3:atemp>25.0</ns3:atemp>
            <ns3:cad>54</ns3:cad>
          </ns3:TrackPointExtension>
        </extensions>
      </trkpt>
      <trkpt lat="43.22484341450035572052001953125" lon="-109.65811329893767833709716796875">
        <ele>3654</ele>
        <time>2017-09-03T18:55:31.000Z</time>
        <extensions>
          <ns3:TrackPointExtension>
            <ns3:atemp>25.0</ns3:atemp>
            <ns3:cad>47</ns3:cad>
          </ns3:TrackPointExtension>
        </extensions>
      </trkpt>
      <trkpt lat="43.22476361878216266632080078125" lon="-109.65815571136772632598876953125">
        <ele>3655</ele>
        <time>2017-09-03T18:55:39.000Z</time>
        <extensions>
          <ns3:TrackPointExtension>
            <ns3:atemp>25.0</ns3:atemp>
            <ns3:cad>0</ns3:cad>
          </ns3:TrackPointExtension>
        </extensions>
      </trkpt>
      <trkpt lat="43.22475758381187915802001953125" lon="-109.65815805830061435699462890625">
        <ele>3655.39990234375</ele>
        <time>2017-09-03T18:55:40.000Z</time>
        <extensions>
          <ns3:TrackPointExtension>
            <ns3:atemp>25.0</ns3:atemp>
            <ns3:cad>0</ns3:cad>
          </ns3:TrackPointExtension>
        </extensions>
      </trkpt>
      <trkpt lat="43.224736712872982025146484375" lon="-109.6581547893583774566650390625">
        <ele>3656.199951171875</ele>
        <time>2017-09-03T18:55:43.000Z</time>
        <extensions>
          <ns3:TrackPointExtension>
            <ns3:atemp>25.0</ns3:atemp>
            <ns3:cad>0</ns3:cad>
          </ns3:TrackPointExtension>
        </extensions>
      </trkpt>
      <trkpt lat="43.22473025880753993988037109375" lon="-109.658156968653202056884765625">
        <ele>3656.39990234375</ele>
        <time>2017-09-03T18:55:44.000Z</time>
        <extensions>
          <ns3:TrackPointExtension>
            <ns3:atemp>25.0</ns3:atemp>
            <ns3:cad>0</ns3:cad>
          </ns3:TrackPointExtension>
        </extensions>
      </trkpt>
      <trkpt lat="43.22469882667064666748046875" lon="-109.65817281045019626617431640625">
        <ele>3657.39990234375</ele>
        <time>2017-09-03T18:55:49.000Z</time>
        <extensions>
          <ns3:TrackPointExtension>
            <ns3:atemp>25.0</ns3:atemp>
            <ns3:cad>0</ns3:cad>
          </ns3:TrackPointExtension>
        </extensions>
      </trkpt>
      <trkpt lat="43.2246453501284122467041015625" lon="-109.65815998613834381103515625">
        <ele>3657.60009765625</ele>
        <time>2017-09-03T18:55:55.000Z</time>
        <extensions>
          <ns3:TrackPointExtension>
            <ns3:atemp>25.0</ns3:atemp>
            <ns3:cad>63</ns3:cad>
          </ns3:TrackPointExtension>
        </extensions>
      </trkpt>
      <trkpt lat="43.224602602422237396240234375" lon="-109.65817180462181568145751953125">
        <ele>3657.60009765625</ele>
        <time>2017-09-03T18:55:59.000Z</time>
        <extensions>
          <ns3:TrackPointExtension>
            <ns3:atemp>25.0</ns3:atemp>
            <ns3:cad>63</ns3:cad>
          </ns3:TrackPointExtension>
        </extensions>
      </trkpt>
      <trkpt lat="43.22457888163626194000244140625" lon="-109.65816669166088104248046875">
        <ele>3657.60009765625</ele>
        <time>2017-09-03T18:56:01.000Z</time>
        <extensions>
          <ns3:TrackPointExtension>
            <ns3:atemp>25.0</ns3:atemp>
            <ns3:cad>63</ns3:cad>
          </ns3:TrackPointExtension>
        </extensions>
      </trkpt>
      <trkpt lat="43.224502019584178924560546875" lon="-109.6581645123660564422607421875">
        <ele>3657.60009765625</ele>
        <time>2017-09-03T18:56:08.000Z</time>
        <extensions>
          <ns3:TrackPointExtension>
            <ns3:atemp>25.0</ns3:atemp>
            <ns3:cad>63</ns3:cad>
          </ns3:TrackPointExtension>
        </extensions>
      </trkpt>
      <trkpt lat="43.22443219833076000213623046875" lon="-109.6581554599106311798095703125">
        <ele>3657.39990234375</ele>
        <time>2017-09-03T18:56:15.000Z</time>
        <extensions>
          <ns3:TrackPointExtension>
            <ns3:atemp>25.0</ns3:atemp>
            <ns3:cad>0</ns3:cad>
          </ns3:TrackPointExtension>
        </extensions>
      </trkpt>
      <trkpt lat="43.22435223497450351715087890625" lon="-109.658150263130664825439453125">
        <ele>3658.39990234375</ele>
        <time>2017-09-03T18:56:23.000Z</time>
        <extensions>
          <ns3:TrackPointExtension>
            <ns3:atemp>25.0</ns3:atemp>
            <ns3:cad>43</ns3:cad>
          </ns3:TrackPointExtension>
        </extensions>
      </trkpt>
      <trkpt lat="43.22419851087033748626708984375" lon="-109.65818990953266620635986328125">
        <ele>3659.39990234375</ele>
        <time>2017-09-03T18:56:37.000Z</time>
        <extensions>
          <ns3:TrackPointExtension>
            <ns3:atemp>25.0</ns3:atemp>
            <ns3:cad>58</ns3:cad>
          </ns3:TrackPointExtension>
        </extensions>
      </trkpt>
      <trkpt lat="43.22404704988002777099609375" lon="-109.65817163698375225067138671875">
        <ele>3660.60009765625</ele>
        <time>2017-09-03T18:56:49.000Z</time>
        <extensions>
          <ns3:TrackPointExtension>
            <ns3:atemp>25.0</ns3:atemp>
            <ns3:cad>48</ns3:cad>
          </ns3:TrackPointExtension>
        </extensions>
      </trkpt>
      <trkpt lat="43.22394001297652721405029296875" lon="-109.658168368041515350341796875">
        <ele>3661.60009765625</ele>
        <time>2017-09-03T18:56:59.000Z</time>
        <extensions>
          <ns3:TrackPointExtension>
            <ns3:atemp>25.0</ns3:atemp>
            <ns3:cad>0</ns3:cad>
          </ns3:TrackPointExtension>
        </extensions>
      </trkpt>
      <trkpt lat="43.223783187568187713623046875" lon="-109.65818655677139759063720703125">
        <ele>3662.800048828125</ele>
        <time>2017-09-03T18:57:14.000Z</time>
        <extensions>
          <ns3:TrackPointExtension>
            <ns3:atemp>26.0</ns3:atemp>
            <ns3:cad>47</ns3:cad>
          </ns3:TrackPointExtension>
        </extensions>
      </trkpt>
      <trkpt lat="43.22359937243163585662841796875" lon="-109.6582650952041149139404296875">
        <ele>3663.199951171875</ele>
        <time>2017-09-03T18:57:31.000Z</time>
        <extensions>
          <ns3:TrackPointExtension>
            <ns3:atemp>26.0</ns3:atemp>
            <ns3:cad>45</ns3:cad>
          </ns3:TrackPointExtension>
        </extensions>
      </trkpt>
      <trkpt lat="43.22356961667537689208984375" lon="-109.65827272273600101470947265625">
        <ele>3663.60009765625</ele>
        <time>2017-09-03T18:57:34.000Z</time>
        <extensions>
          <ns3:TrackPointExtension>
            <ns3:atemp>26.0</ns3:atemp>
            <ns3:cad>60</ns3:cad>
          </ns3:TrackPointExtension>
        </extensions>
      </trkpt>
      <trkpt lat="43.22355444543063640594482421875" lon="-109.65827674604952335357666015625">
        <ele>3663.800048828125</ele>
        <time>2017-09-03T18:57:36.000Z</time>
        <extensions>
          <ns3:TrackPointExtension>
            <ns3:atemp>26.0</ns3:atemp>
            <ns3:cad>60</ns3:cad>
          </ns3:TrackPointExtension>
        </extensions>
      </trkpt>
      <trkpt lat="43.2234363444149494171142578125" lon="-109.65828294865787029266357421875">
        <ele>3664.39990234375</ele>
        <time>2017-09-03T18:57:46.000Z</time>
        <extensions>
          <ns3:TrackPointExtension>
            <ns3:atemp>26.0</ns3:atemp>
            <ns3:cad>0</ns3:cad>
          </ns3:TrackPointExtension>
        </extensions>
      </trkpt>
      <trkpt lat="43.223417736589908599853515625" lon="-109.65829116292297840118408203125">
        <ele>3665</ele>
        <time>2017-09-03T18:57:48.000Z</time>
        <extensions>
          <ns3:TrackPointExtension>
            <ns3:atemp>26.0</ns3:atemp>
            <ns3:cad>0</ns3:cad>
          </ns3:TrackPointExtension>
        </extensions>
      </trkpt>
      <trkpt lat="43.223383538424968719482421875" lon="-109.6582858823239803314208984375">
        <ele>3665.199951171875</ele>
        <time>2017-09-03T18:57:52.000Z</time>
        <extensions>
          <ns3:TrackPointExtension>
            <ns3:atemp>26.0</ns3:atemp>
            <ns3:cad>61</ns3:cad>
          </ns3:TrackPointExtension>
        </extensions>
      </trkpt>
      <trkpt lat="43.22336702607572078704833984375" lon="-109.65827892534434795379638671875">
        <ele>3666</ele>
        <time>2017-09-03T18:57:55.000Z</time>
        <extensions>
          <ns3:TrackPointExtension>
            <ns3:atemp>26.0</ns3:atemp>
            <ns3:cad>0</ns3:cad>
          </ns3:TrackPointExtension>
        </extensions>
      </trkpt>
      <trkpt lat="43.2233548723161220550537109375" lon="-109.6582801826298236846923828125">
        <ele>3666.199951171875</ele>
        <time>2017-09-03T18:57:57.000Z</time>
        <extensions>
          <ns3:TrackPointExtension>
            <ns3:atemp>26.0</ns3:atemp>
            <ns3:cad>61</ns3:cad>
          </ns3:TrackPointExtension>
        </extensions>
      </trkpt>
      <trkpt lat="43.22332712821662425994873046875" lon="-109.6582888998091220855712890625">
        <ele>3666.39990234375</ele>
        <time>2017-09-03T18:58:00.000Z</time>
        <extensions>
          <ns3:TrackPointExtension>
            <ns3:atemp>26.0</ns3:atemp>
            <ns3:cad>61</ns3:cad>
          </ns3:TrackPointExtension>
        </extensions>
      </trkpt>
      <trkpt lat="43.2232130505144596099853515625" lon="-109.6583002991974353790283203125">
        <ele>3666.800048828125</ele>
        <time>2017-09-03T18:58:11.000Z</time>
        <extensions>
          <ns3:TrackPointExtension>
            <ns3:atemp>26.0</ns3:atemp>
            <ns3:cad>61</ns3:cad>
          </ns3:TrackPointExtension>
        </extensions>
      </trkpt>
      <trkpt lat="43.22320483624935150146484375" lon="-109.6583083458244800567626953125">
        <ele>3667</ele>
        <time>2017-09-03T18:58:12.000Z</time>
        <extensions>
          <ns3:TrackPointExtension>
            <ns3:atemp>26.0</ns3:atemp>
            <ns3:cad>61</ns3:cad>
          </ns3:TrackPointExtension>
        </extensions>
      </trkpt>
      <trkpt lat="43.22304968722164630889892578125" lon="-109.6583925001323223114013671875">
        <ele>3667.199951171875</ele>
        <time>2017-09-03T18:58:27.000Z</time>
        <extensions>
          <ns3:TrackPointExtension>
            <ns3:atemp>26.0</ns3:atemp>
            <ns3:cad>61</ns3:cad>
          </ns3:TrackPointExtension>
        </extensions>
      </trkpt>
      <trkpt lat="43.22303091175854206085205078125" lon="-109.65840616263449192047119140625">
        <ele>3667.199951171875</ele>
        <time>2017-09-03T18:58:30.000Z</time>
        <extensions>
          <ns3:TrackPointExtension>
            <ns3:atemp>26.0</ns3:atemp>
            <ns3:cad>61</ns3:cad>
          </ns3:TrackPointExtension>
        </extensions>
      </trkpt>
      <trkpt lat="43.2229817099869251251220703125" lon="-109.658438600599765777587890625">
        <ele>3667.199951171875</ele>
        <time>2017-09-03T18:58:35.000Z</time>
        <extensions>
          <ns3:TrackPointExtension>
            <ns3:atemp>26.0</ns3:atemp>
            <ns3:cad>61</ns3:cad>
          </ns3:TrackPointExtension>
        </extensions>
      </trkpt>
      <trkpt lat="43.2229703105986118316650390625" lon="-109.6584488265216350555419921875">
        <ele>3667.199951171875</ele>
        <time>2017-09-03T18:58:37.000Z</time>
        <extensions>
          <ns3:TrackPointExtension>
            <ns3:atemp>26.0</ns3:atemp>
            <ns3:cad>61</ns3:cad>
          </ns3:TrackPointExtension>
        </extensions>
      </trkpt>
      <trkpt lat="43.2229424826800823211669921875" lon="-109.6584598906338214874267578125">
        <ele>3667.199951171875</ele>
        <time>2017-09-03T18:58:40.000Z</time>
        <extensions>
          <ns3:TrackPointExtension>
            <ns3:atemp>26.0</ns3:atemp>
            <ns3:cad>61</ns3:cad>
          </ns3:TrackPointExtension>
        </extensions>
      </trkpt>
      <trkpt lat="43.22293183766305446624755859375" lon="-109.65845980681478977203369140625">
        <ele>3667.39990234375</ele>
        <time>2017-09-03T18:58:42.000Z</time>
        <extensions>
          <ns3:TrackPointExtension>
            <ns3:atemp>26.0</ns3:atemp>
            <ns3:cad>61</ns3:cad>
          </ns3:TrackPointExtension>
        </extensions>
      </trkpt>
      <trkpt lat="43.2229059375822544097900390625" lon="-109.65847020037472248077392578125">
        <ele>3668</ele>
        <time>2017-09-03T18:58:45.000Z</time>
        <extensions>
          <ns3:TrackPointExtension>
            <ns3:atemp>26.0</ns3:atemp>
            <ns3:cad>77</ns3:cad>
          </ns3:TrackPointExtension>
        </extensions>
      </trkpt>
      <trkpt lat="43.22288238443434238433837890625" lon="-109.65851479209959506988525390625">
        <ele>3668.199951171875</ele>
        <time>2017-09-03T18:58:48.000Z</time>
        <extensions>
          <ns3:TrackPointExtension>
            <ns3:atemp>26.0</ns3:atemp>
            <ns3:cad>77</ns3:cad>
          </ns3:TrackPointExtension>
        </extensions>
      </trkpt>
      <trkpt lat="43.22282773442566394805908203125" lon="-109.65858201496303081512451171875">
        <ele>3668</ele>
        <time>2017-09-03T18:58:55.000Z</time>
        <extensions>
          <ns3:TrackPointExtension>
            <ns3:atemp>26.0</ns3:atemp>
            <ns3:cad>0</ns3:cad>
          </ns3:TrackPointExtension>
        </extensions>
      </trkpt>
      <trkpt lat="43.2227939553558826446533203125" lon="-109.658591486513614654541015625">
        <ele>3668</ele>
        <time>2017-09-03T18:58:59.000Z</time>
        <extensions>
          <ns3:TrackPointExtension>
            <ns3:atemp>26.0</ns3:atemp>
            <ns3:cad>0</ns3:cad>
          </ns3:TrackPointExtension>
        </extensions>
      </trkpt>
      <trkpt lat="43.22276285849511623382568359375" lon="-109.6585175581276416778564453125">
        <ele>3668.800048828125</ele>
        <time>2017-09-03T18:59:07.000Z</time>
        <extensions>
          <ns3:TrackPointExtension>
            <ns3:atemp>26.0</ns3:atemp>
            <ns3:cad>0</ns3:cad>
          </ns3:TrackPointExtension>
        </extensions>
      </trkpt>
      <trkpt lat="43.22275397367775440216064453125" lon="-109.65849735774099826812744140625">
        <ele>3669</ele>
        <time>2017-09-03T18:59:09.000Z</time>
        <extensions>
          <ns3:TrackPointExtension>
            <ns3:atemp>26.0</ns3:atemp>
            <ns3:cad>0</ns3:cad>
          </ns3:TrackPointExtension>
        </extensions>
      </trkpt>
      <trkpt lat="43.222745843231678009033203125" lon="-109.65849551372230052947998046875">
        <ele>3669</ele>
        <time>2017-09-03T18:59:10.000Z</time>
        <extensions>
          <ns3:TrackPointExtension>
            <ns3:atemp>26.0</ns3:atemp>
            <ns3:cad>0</ns3:cad>
          </ns3:TrackPointExtension>
        </extensions>
      </trkpt>
      <trkpt lat="43.22272681631147861480712890625" lon="-109.6585064940154552459716796875">
        <ele>3669.39990234375</ele>
        <time>2017-09-03T18:59:13.000Z</time>
        <extensions>
          <ns3:TrackPointExtension>
            <ns3:atemp>26.0</ns3:atemp>
            <ns3:cad>0</ns3:cad>
          </ns3:TrackPointExtension>
        </extensions>
      </trkpt>
      <trkpt lat="43.22271474637091159820556640625" lon="-109.65852987952530384063720703125">
        <ele>3669.39990234375</ele>
        <time>2017-09-03T18:59:15.000Z</time>
        <extensions>
          <ns3:TrackPointExtension>
            <ns3:atemp>26.0</ns3:atemp>
            <ns3:cad>0</ns3:cad>
          </ns3:TrackPointExtension>
        </extensions>
      </trkpt>
      <trkpt lat="43.2226648740470409393310546875" lon="-109.65854060836136341094970703125">
        <ele>3669.39990234375</ele>
        <time>2017-09-03T18:59:19.000Z</time>
        <extensions>
          <ns3:TrackPointExtension>
            <ns3:atemp>26.0</ns3:atemp>
            <ns3:cad>0</ns3:cad>
          </ns3:TrackPointExtension>
        </extensions>
      </trkpt>
      <trkpt lat="43.22256068699061870574951171875" lon="-109.65852417983114719390869140625">
        <ele>3670.199951171875</ele>
        <time>2017-09-03T18:59:28.000Z</time>
        <extensions>
          <ns3:TrackPointExtension>
            <ns3:atemp>26.0</ns3:atemp>
            <ns3:cad>0</ns3:cad>
          </ns3:TrackPointExtension>
        </extensions>
      </trkpt>
      <trkpt lat="43.2225416600704193115234375" lon="-109.65852317400276660919189453125">
        <ele>3670.60009765625</ele>
        <time>2017-09-03T18:59:30.000Z</time>
        <extensions>
          <ns3:TrackPointExtension>
            <ns3:atemp>26.0</ns3:atemp>
            <ns3:cad>58</ns3:cad>
          </ns3:TrackPointExtension>
        </extensions>
      </trkpt>
      <trkpt lat="43.222505785524845123291015625" lon="-109.65851093642413616180419921875">
        <ele>3671.199951171875</ele>
        <time>2017-09-03T18:59:34.000Z</time>
        <extensions>
          <ns3:TrackPointExtension>
            <ns3:atemp>26.0</ns3:atemp>
            <ns3:cad>58</ns3:cad>
          </ns3:TrackPointExtension>
        </extensions>
      </trkpt>
      <trkpt lat="43.222417943179607391357421875" lon="-109.6584744751453399658203125">
        <ele>3672.39990234375</ele>
        <time>2017-09-03T18:59:42.000Z</time>
        <extensions>
          <ns3:TrackPointExtension>
            <ns3:atemp>26.0</ns3:atemp>
            <ns3:cad>0</ns3:cad>
          </ns3:TrackPointExtension>
        </extensions>
      </trkpt>
      <trkpt lat="43.22235616855323314666748046875" lon="-109.658457376062870025634765625">
        <ele>3673.39990234375</ele>
        <time>2017-09-03T18:59:48.000Z</time>
        <extensions>
          <ns3:TrackPointExtension>
            <ns3:atemp>26.0</ns3:atemp>
            <ns3:cad>0</ns3:cad>
          </ns3:TrackPointExtension>
        </extensions>
      </trkpt>
      <trkpt lat="43.22232549078762531280517578125" lon="-109.65846986509859561920166015625">
        <ele>3673.800048828125</ele>
        <time>2017-09-03T18:59:54.000Z</time>
        <extensions>
          <ns3:TrackPointExtension>
            <ns3:atemp>26.0</ns3:atemp>
            <ns3:cad>0</ns3:cad>
          </ns3:TrackPointExtension>
        </extensions>
      </trkpt>
      <trkpt lat="43.22232230566442012786865234375" lon="-109.65848260559141635894775390625">
        <ele>3673.800048828125</ele>
        <time>2017-09-03T18:59:56.000Z</time>
        <extensions>
          <ns3:TrackPointExtension>
            <ns3:atemp>26.0</ns3:atemp>
            <ns3:cad>72</ns3:cad>
          </ns3:TrackPointExtension>
        </extensions>
      </trkpt>
      <trkpt lat="43.22227905504405498504638671875" lon="-109.65851043350994586944580078125">
        <ele>3673.800048828125</ele>
        <time>2017-09-03T19:00:00.000Z</time>
        <extensions>
          <ns3:TrackPointExtension>
            <ns3:atemp>26.0</ns3:atemp>
            <ns3:cad>72</ns3:cad>
          </ns3:TrackPointExtension>
        </extensions>
      </trkpt>
      <trkpt lat="43.22226044721901416778564453125" lon="-109.6585442125797271728515625">
        <ele>3674.60009765625</ele>
        <time>2017-09-03T19:00:03.000Z</time>
        <extensions>
          <ns3:TrackPointExtension>
            <ns3:atemp>26.0</ns3:atemp>
            <ns3:cad>72</ns3:cad>
          </ns3:TrackPointExtension>
        </extensions>
      </trkpt>
      <trkpt lat="43.22225508280098438262939453125" lon="-109.6585473977029323577880859375">
        <ele>3674.800048828125</ele>
        <time>2017-09-03T19:00:04.000Z</time>
        <extensions>
          <ns3:TrackPointExtension>
            <ns3:atemp>26.0</ns3:atemp>
            <ns3:cad>72</ns3:cad>
          </ns3:TrackPointExtension>
        </extensions>
      </trkpt>
      <trkpt lat="43.22218735702335834503173828125" lon="-109.65861990116536617279052734375">
        <ele>3675.60009765625</ele>
        <time>2017-09-03T19:00:13.000Z</time>
        <extensions>
          <ns3:TrackPointExtension>
            <ns3:atemp>26.0</ns3:atemp>
            <ns3:cad>0</ns3:cad>
          </ns3:TrackPointExtension>
        </extensions>
      </trkpt>
      <trkpt lat="43.222168497741222381591796875" lon="-109.65866784565150737762451171875">
        <ele>3676.199951171875</ele>
        <time>2017-09-03T19:00:17.000Z</time>
        <extensions>
          <ns3:TrackPointExtension>
            <ns3:atemp>26.0</ns3:atemp>
            <ns3:cad>0</ns3:cad>
          </ns3:TrackPointExtension>
        </extensions>
      </trkpt>
      <trkpt lat="43.22215533815324306488037109375" lon="-109.6586865372955799102783203125">
        <ele>3676.60009765625</ele>
        <time>2017-09-03T19:00:19.000Z</time>
        <extensions>
          <ns3:TrackPointExtension>
            <ns3:atemp>26.0</ns3:atemp>
            <ns3:cad>0</ns3:cad>
          </ns3:TrackPointExtension>
        </extensions>
      </trkpt>
      <trkpt lat="43.2221485488116741180419921875" lon="-109.6586955897510051727294921875">
        <ele>3676.800048828125</ele>
        <time>2017-09-03T19:00:20.000Z</time>
        <extensions>
          <ns3:TrackPointExtension>
            <ns3:atemp>26.0</ns3:atemp>
            <ns3:cad>0</ns3:cad>
          </ns3:TrackPointExtension>
        </extensions>
      </trkpt>
      <trkpt lat="43.22213471867144107818603515625" lon="-109.6587150357663631439208984375">
        <ele>3677.199951171875</ele>
        <time>2017-09-03T19:00:22.000Z</time>
        <extensions>
          <ns3:TrackPointExtension>
            <ns3:atemp>26.0</ns3:atemp>
            <ns3:cad>0</ns3:cad>
          </ns3:TrackPointExtension>
        </extensions>
      </trkpt>
      <trkpt lat="43.222118876874446868896484375" lon="-109.65872836299240589141845703125">
        <ele>3677.39990234375</ele>
        <time>2017-09-03T19:00:25.000Z</time>
        <extensions>
          <ns3:TrackPointExtension>
            <ns3:atemp>26.0</ns3:atemp>
            <ns3:cad>0</ns3:cad>
          </ns3:TrackPointExtension>
        </extensions>
      </trkpt>
      <trkpt lat="43.22211728431284427642822265625" lon="-109.6587297879159450531005859375">
        <ele>3677.60009765625</ele>
        <time>2017-09-03T19:00:27.000Z</time>
        <extensions>
          <ns3:TrackPointExtension>
            <ns3:atemp>26.0</ns3:atemp>
            <ns3:cad>0</ns3:cad>
          </ns3:TrackPointExtension>
        </extensions>
      </trkpt>
      <trkpt lat="43.2220928929746150970458984375" lon="-109.65874311514198780059814453125">
        <ele>3677.800048828125</ele>
        <time>2017-09-03T19:00:30.000Z</time>
        <extensions>
          <ns3:TrackPointExtension>
            <ns3:atemp>27.0</ns3:atemp>
            <ns3:cad>0</ns3:cad>
          </ns3:TrackPointExtension>
        </extensions>
      </trkpt>
      <trkpt lat="43.22204972617328166961669921875" lon="-109.658771194517612457275390625">
        <ele>3678.39990234375</ele>
        <time>2017-09-03T19:00:35.000Z</time>
        <extensions>
          <ns3:TrackPointExtension>
            <ns3:atemp>27.0</ns3:atemp>
            <ns3:cad>0</ns3:cad>
          </ns3:TrackPointExtension>
        </extensions>
      </trkpt>
      <trkpt lat="43.2220280170440673828125" lon="-109.6587909758090972900390625">
        <ele>3679</ele>
        <time>2017-09-03T19:00:38.000Z</time>
        <extensions>
          <ns3:TrackPointExtension>
            <ns3:atemp>27.0</ns3:atemp>
            <ns3:cad>0</ns3:cad>
          </ns3:TrackPointExtension>
        </extensions>
      </trkpt>
      <trkpt lat="43.222013600170612335205078125" lon="-109.65880882926285266876220703125">
        <ele>3679.199951171875</ele>
        <time>2017-09-03T19:00:40.000Z</time>
        <extensions>
          <ns3:TrackPointExtension>
            <ns3:atemp>27.0</ns3:atemp>
            <ns3:cad>0</ns3:cad>
          </ns3:TrackPointExtension>
        </extensions>
      </trkpt>
      <trkpt lat="43.22196708060801029205322265625" lon="-109.65882249176502227783203125">
        <ele>3680</ele>
        <time>2017-09-03T19:00:49.000Z</time>
        <extensions>
          <ns3:TrackPointExtension>
            <ns3:atemp>27.0</ns3:atemp>
            <ns3:cad>61</ns3:cad>
          </ns3:TrackPointExtension>
        </extensions>
      </trkpt>
      <trkpt lat="43.2219262607395648956298828125" lon="-109.65880765579640865325927734375">
        <ele>3681</ele>
        <time>2017-09-03T19:00:54.000Z</time>
        <extensions>
          <ns3:TrackPointExtension>
            <ns3:atemp>27.0</ns3:atemp>
            <ns3:cad>61</ns3:cad>
          </ns3:TrackPointExtension>
        </extensions>
      </trkpt>
      <trkpt lat="43.2218749634921550750732421875" lon="-109.65878385119140148162841796875">
        <ele>3682</ele>
        <time>2017-09-03T19:01:02.000Z</time>
        <extensions>
          <ns3:TrackPointExtension>
            <ns3:atemp>27.0</ns3:atemp>
            <ns3:cad>61</ns3:cad>
          </ns3:TrackPointExtension>
        </extensions>
      </trkpt>
      <trkpt lat="43.22182894684374332427978515625" lon="-109.658787958323955535888671875">
        <ele>3682.39990234375</ele>
        <time>2017-09-03T19:01:08.000Z</time>
        <extensions>
          <ns3:TrackPointExtension>
            <ns3:atemp>27.0</ns3:atemp>
            <ns3:cad>61</ns3:cad>
          </ns3:TrackPointExtension>
        </extensions>
      </trkpt>
      <trkpt lat="43.22180279530584812164306640625" lon="-109.6587874554097652435302734375">
        <ele>3683.199951171875</ele>
        <time>2017-09-03T19:01:12.000Z</time>
        <extensions>
          <ns3:TrackPointExtension>
            <ns3:atemp>27.0</ns3:atemp>
            <ns3:cad>0</ns3:cad>
          </ns3:TrackPointExtension>
        </extensions>
      </trkpt>
      <trkpt lat="43.221695087850093841552734375" lon="-109.65866365469992160797119140625">
        <ele>3683.199951171875</ele>
        <time>2017-09-03T19:01:30.000Z</time>
        <extensions>
          <ns3:TrackPointExtension>
            <ns3:atemp>27.0</ns3:atemp>
            <ns3:cad>0</ns3:cad>
          </ns3:TrackPointExtension>
        </extensions>
      </trkpt>
      <trkpt lat="43.22163951583206653594970703125" lon="-109.65864085592329502105712890625">
        <ele>3683.199951171875</ele>
        <time>2017-09-03T19:01:34.000Z</time>
        <extensions>
          <ns3:TrackPointExtension>
            <ns3:atemp>27.0</ns3:atemp>
            <ns3:cad>45</ns3:cad>
          </ns3:TrackPointExtension>
        </extensions>
      </trkpt>
      <trkpt lat="43.221558965742588043212890625" lon="-109.658655188977718353271484375">
        <ele>3684.199951171875</ele>
        <time>2017-09-03T19:01:41.000Z</time>
        <extensions>
          <ns3:TrackPointExtension>
            <ns3:atemp>27.0</ns3:atemp>
            <ns3:cad>47</ns3:cad>
          </ns3:TrackPointExtension>
        </extensions>
      </trkpt>
      <trkpt lat="43.22148294188082218170166015625" lon="-109.65863951481878757476806640625">
        <ele>3685.39990234375</ele>
        <time>2017-09-03T19:01:47.000Z</time>
        <extensions>
          <ns3:TrackPointExtension>
            <ns3:atemp>27.0</ns3:atemp>
            <ns3:cad>47</ns3:cad>
          </ns3:TrackPointExtension>
        </extensions>
      </trkpt>
      <trkpt lat="43.2213636673986911773681640625" lon="-109.65859743766486644744873046875">
        <ele>3686.60009765625</ele>
        <time>2017-09-03T19:01:58.000Z</time>
        <extensions>
          <ns3:TrackPointExtension>
            <ns3:atemp>27.0</ns3:atemp>
            <ns3:cad>78</ns3:cad>
          </ns3:TrackPointExtension>
        </extensions>
      </trkpt>
      <trkpt lat="43.22130574844777584075927734375" lon="-109.658588133752346038818359375">
        <ele>3687.199951171875</ele>
        <time>2017-09-03T19:02:05.000Z</time>
        <extensions>
          <ns3:TrackPointExtension>
            <ns3:atemp>27.0</ns3:atemp>
            <ns3:cad>78</ns3:cad>
          </ns3:TrackPointExtension>
        </extensions>
      </trkpt>
      <trkpt lat="43.22128647007048130035400390625" lon="-109.65860657393932342529296875">
        <ele>3687.39990234375</ele>
        <time>2017-09-03T19:02:08.000Z</time>
        <extensions>
          <ns3:TrackPointExtension>
            <ns3:atemp>27.0</ns3:atemp>
            <ns3:cad>78</ns3:cad>
          </ns3:TrackPointExtension>
        </extensions>
      </trkpt>
      <trkpt lat="43.22127741761505603790283203125" lon="-109.658609926700592041015625">
        <ele>3687.60009765625</ele>
        <time>2017-09-03T19:02:09.000Z</time>
        <extensions>
          <ns3:TrackPointExtension>
            <ns3:atemp>27.0</ns3:atemp>
            <ns3:cad>78</ns3:cad>
          </ns3:TrackPointExtension>
        </extensions>
      </trkpt>
      <trkpt lat="43.2212711311876773834228515625" lon="-109.65860548429191112518310546875">
        <ele>3688</ele>
        <time>2017-09-03T19:02:11.000Z</time>
        <extensions>
          <ns3:TrackPointExtension>
            <ns3:atemp>27.0</ns3:atemp>
            <ns3:cad>78</ns3:cad>
          </ns3:TrackPointExtension>
        </extensions>
      </trkpt>
      <trkpt lat="43.22126962244510650634765625" lon="-109.65860095806419849395751953125">
        <ele>3688.39990234375</ele>
        <time>2017-09-03T19:02:13.000Z</time>
        <extensions>
          <ns3:TrackPointExtension>
            <ns3:atemp>27.0</ns3:atemp>
            <ns3:cad>78</ns3:cad>
          </ns3:TrackPointExtension>
        </extensions>
      </trkpt>
      <trkpt lat="43.22126819752156734466552734375" lon="-109.658595509827136993408203125">
        <ele>3688.60009765625</ele>
        <time>2017-09-03T19:02:14.000Z</time>
        <extensions>
          <ns3:TrackPointExtension>
            <ns3:atemp>27.0</ns3:atemp>
            <ns3:cad>78</ns3:cad>
          </ns3:TrackPointExtension>
        </extensions>
      </trkpt>
      <trkpt lat="43.2212541997432708740234375" lon="-109.6585735492408275604248046875">
        <ele>3689.800048828125</ele>
        <time>2017-09-03T19:02:19.000Z</time>
        <extensions>
          <ns3:TrackPointExtension>
            <ns3:atemp>27.0</ns3:atemp>
            <ns3:cad>0</ns3:cad>
          </ns3:TrackPointExtension>
        </extensions>
      </trkpt>
      <trkpt lat="43.22120633907616138458251953125" lon="-109.6585832722485065460205078125">
        <ele>3691</ele>
        <time>2017-09-03T19:02:27.000Z</time>
        <extensions>
          <ns3:TrackPointExtension>
            <ns3:atemp>27.0</ns3:atemp>
            <ns3:cad>61</ns3:cad>
          </ns3:TrackPointExtension>
        </extensions>
      </trkpt>
      <trkpt lat="43.22118236683309078216552734375" lon="-109.65857497416436672210693359375">
        <ele>3691.199951171875</ele>
        <time>2017-09-03T19:02:29.000Z</time>
        <extensions>
          <ns3:TrackPointExtension>
            <ns3:atemp>27.0</ns3:atemp>
            <ns3:cad>61</ns3:cad>
          </ns3:TrackPointExtension>
        </extensions>
      </trkpt>
      <trkpt lat="43.22115588001906871795654296875" lon="-109.65855971910059452056884765625">
        <ele>3692</ele>
        <time>2017-09-03T19:02:34.000Z</time>
        <extensions>
          <ns3:TrackPointExtension>
            <ns3:atemp>27.0</ns3:atemp>
            <ns3:cad>0</ns3:cad>
          </ns3:TrackPointExtension>
        </extensions>
      </trkpt>
      <trkpt lat="43.22111606597900390625" lon="-109.658551253378391265869140625">
        <ele>3693</ele>
        <time>2017-09-03T19:02:39.000Z</time>
        <extensions>
          <ns3:TrackPointExtension>
            <ns3:atemp>27.0</ns3:atemp>
            <ns3:cad>0</ns3:cad>
          </ns3:TrackPointExtension>
        </extensions>
      </trkpt>
      <trkpt lat="43.22108446620404720306396484375" lon="-109.65854027308523654937744140625">
        <ele>3694</ele>
        <time>2017-09-03T19:02:43.000Z</time>
        <extensions>
          <ns3:TrackPointExtension>
            <ns3:atemp>27.0</ns3:atemp>
            <ns3:cad>47</ns3:cad>
          </ns3:TrackPointExtension>
        </extensions>
      </trkpt>
      <trkpt lat="43.22105429135262966156005859375" lon="-109.658513031899929046630859375">
        <ele>3695</ele>
        <time>2017-09-03T19:02:50.000Z</time>
        <extensions>
          <ns3:TrackPointExtension>
            <ns3:atemp>27.0</ns3:atemp>
            <ns3:cad>0</ns3:cad>
          </ns3:TrackPointExtension>
        </extensions>
      </trkpt>
      <trkpt lat="43.22102411650121212005615234375" lon="-109.6584959328174591064453125">
        <ele>3696</ele>
        <time>2017-09-03T19:02:55.000Z</time>
        <extensions>
          <ns3:TrackPointExtension>
            <ns3:atemp>27.0</ns3:atemp>
            <ns3:cad>0</ns3:cad>
          </ns3:TrackPointExtension>
        </extensions>
      </trkpt>
      <trkpt lat="43.221005760133266448974609375" lon="-109.6584877185523509979248046875">
        <ele>3697.199951171875</ele>
        <time>2017-09-03T19:02:58.000Z</time>
        <extensions>
          <ns3:TrackPointExtension>
            <ns3:atemp>27.0</ns3:atemp>
            <ns3:cad>46</ns3:cad>
          </ns3:TrackPointExtension>
        </extensions>
      </trkpt>
      <trkpt lat="43.22095186449587345123291015625" lon="-109.6584813483059406280517578125">
        <ele>3698.39990234375</ele>
        <time>2017-09-03T19:03:05.000Z</time>
        <extensions>
          <ns3:TrackPointExtension>
            <ns3:atemp>27.0</ns3:atemp>
            <ns3:cad>0</ns3:cad>
          </ns3:TrackPointExtension>
        </extensions>
      </trkpt>
      <trkpt lat="43.22089436464011669158935546875" lon="-109.65844161808490753173828125">
        <ele>3699.39990234375</ele>
        <time>2017-09-03T19:03:11.000Z</time>
        <extensions>
          <ns3:TrackPointExtension>
            <ns3:atemp>27.0</ns3:atemp>
            <ns3:cad>0</ns3:cad>
          </ns3:TrackPointExtension>
        </extensions>
      </trkpt>
      <trkpt lat="43.22086167521774768829345703125" lon="-109.6584421209990978240966796875">
        <ele>3700.199951171875</ele>
        <time>2017-09-03T19:03:14.000Z</time>
        <extensions>
          <ns3:TrackPointExtension>
            <ns3:atemp>27.0</ns3:atemp>
            <ns3:cad>0</ns3:cad>
          </ns3:TrackPointExtension>
        </extensions>
      </trkpt>
      <trkpt lat="43.22081976570188999176025390625" lon="-109.65847246348857879638671875">
        <ele>3700.60009765625</ele>
        <time>2017-09-03T19:03:19.000Z</time>
        <extensions>
          <ns3:TrackPointExtension>
            <ns3:atemp>27.0</ns3:atemp>
            <ns3:cad>0</ns3:cad>
          </ns3:TrackPointExtension>
        </extensions>
      </trkpt>
      <trkpt lat="43.22079411707818508148193359375" lon="-109.658468104898929595947265625">
        <ele>3701.199951171875</ele>
        <time>2017-09-03T19:03:22.000Z</time>
        <extensions>
          <ns3:TrackPointExtension>
            <ns3:atemp>27.0</ns3:atemp>
            <ns3:cad>0</ns3:cad>
          </ns3:TrackPointExtension>
        </extensions>
      </trkpt>
      <trkpt lat="43.22078674100339412689208984375" lon="-109.65846232138574123382568359375">
        <ele>3701.39990234375</ele>
        <time>2017-09-03T19:03:24.000Z</time>
        <extensions>
          <ns3:TrackPointExtension>
            <ns3:atemp>27.0</ns3:atemp>
            <ns3:cad>0</ns3:cad>
          </ns3:TrackPointExtension>
        </extensions>
      </trkpt>
      <trkpt lat="43.2207338511943817138671875" lon="-109.65840817429125308990478515625">
        <ele>3699.60009765625</ele>
        <time>2017-09-03T19:03:46.000Z</time>
        <extensions>
          <ns3:TrackPointExtension>
            <ns3:atemp>27.0</ns3:atemp>
            <ns3:cad>0</ns3:cad>
          </ns3:TrackPointExtension>
        </extensions>
      </trkpt>
      <trkpt lat="43.22069990448653697967529296875" lon="-109.65839241631329059600830078125">
        <ele>3698.199951171875</ele>
        <time>2017-09-03T19:03:53.000Z</time>
        <extensions>
          <ns3:TrackPointExtension>
            <ns3:atemp>27.0</ns3:atemp>
            <ns3:cad>0</ns3:cad>
          </ns3:TrackPointExtension>
        </extensions>
      </trkpt>
      <trkpt lat="43.22067593224346637725830078125" lon="-109.65840146876871585845947265625">
        <ele>3697.199951171875</ele>
        <time>2017-09-03T19:03:57.000Z</time>
        <extensions>
          <ns3:TrackPointExtension>
            <ns3:atemp>27.0</ns3:atemp>
            <ns3:cad>0</ns3:cad>
          </ns3:TrackPointExtension>
        </extensions>
      </trkpt>
      <trkpt lat="43.2206156663596630096435546875" lon="-109.658501632511615753173828125">
        <ele>3696</ele>
        <time>2017-09-03T19:04:07.000Z</time>
        <extensions>
          <ns3:TrackPointExtension>
            <ns3:atemp>27.0</ns3:atemp>
            <ns3:cad>49</ns3:cad>
          </ns3:TrackPointExtension>
        </extensions>
      </trkpt>
      <trkpt lat="43.22056193836033344268798828125" lon="-109.65851495973765850067138671875">
        <ele>3695</ele>
        <time>2017-09-03T19:04:15.000Z</time>
        <extensions>
          <ns3:TrackPointExtension>
            <ns3:atemp>27.0</ns3:atemp>
            <ns3:cad>61</ns3:cad>
          </ns3:TrackPointExtension>
        </extensions>
      </trkpt>
      <trkpt lat="43.22054567746818065643310546875" lon="-109.65850540436804294586181640625">
        <ele>3694.800048828125</ele>
        <time>2017-09-03T19:04:19.000Z</time>
        <extensions>
          <ns3:TrackPointExtension>
            <ns3:atemp>27.0</ns3:atemp>
            <ns3:cad>0</ns3:cad>
          </ns3:TrackPointExtension>
        </extensions>
      </trkpt>
      <trkpt lat="43.2204388082027435302734375" lon="-109.658460728824138641357421875">
        <ele>3695.199951171875</ele>
        <time>2017-09-03T19:04:30.000Z</time>
        <extensions>
          <ns3:TrackPointExtension>
            <ns3:atemp>27.0</ns3:atemp>
            <ns3:cad>56</ns3:cad>
          </ns3:TrackPointExtension>
        </extensions>
      </trkpt>
      <trkpt lat="43.220404945313930511474609375" lon="-109.6584637463092803955078125">
        <ele>3695.199951171875</ele>
        <time>2017-09-03T19:04:33.000Z</time>
        <extensions>
          <ns3:TrackPointExtension>
            <ns3:atemp>27.0</ns3:atemp>
            <ns3:cad>0</ns3:cad>
          </ns3:TrackPointExtension>
        </extensions>
      </trkpt>
      <trkpt lat="43.2202834077179431915283203125" lon="-109.65846869163215160369873046875">
        <ele>3694.60009765625</ele>
        <time>2017-09-03T19:04:47.000Z</time>
        <extensions>
          <ns3:TrackPointExtension>
            <ns3:atemp>27.0</ns3:atemp>
            <ns3:cad>61</ns3:cad>
          </ns3:TrackPointExtension>
        </extensions>
      </trkpt>
      <trkpt lat="43.220284245908260345458984375" lon="-109.65848143212497234344482421875">
        <ele>3694.39990234375</ele>
        <time>2017-09-03T19:04:49.000Z</time>
        <extensions>
          <ns3:TrackPointExtension>
            <ns3:atemp>27.0</ns3:atemp>
            <ns3:cad>61</ns3:cad>
          </ns3:TrackPointExtension>
        </extensions>
      </trkpt>
      <trkpt lat="43.220319114625453948974609375" lon="-109.658482186496257781982421875">
        <ele>3694.39990234375</ele>
        <time>2017-09-03T19:04:54.000Z</time>
        <extensions>
          <ns3:TrackPointExtension>
            <ns3:atemp>27.0</ns3:atemp>
            <ns3:cad>61</ns3:cad>
          </ns3:TrackPointExtension>
        </extensions>
      </trkpt>
      <trkpt lat="43.22033110074698925018310546875" lon="-109.658462740480899810791015625">
        <ele>3694.60009765625</ele>
        <time>2017-09-03T19:04:56.000Z</time>
        <extensions>
          <ns3:TrackPointExtension>
            <ns3:atemp>27.0</ns3:atemp>
            <ns3:cad>61</ns3:cad>
          </ns3:TrackPointExtension>
        </extensions>
      </trkpt>
      <trkpt lat="43.22041609324514865875244140625" lon="-109.6584206633269786834716796875">
        <ele>3695.199951171875</ele>
        <time>2017-09-03T19:05:08.000Z</time>
        <extensions>
          <ns3:TrackPointExtension>
            <ns3:atemp>27.0</ns3:atemp>
            <ns3:cad>61</ns3:cad>
          </ns3:TrackPointExtension>
        </extensions>
      </trkpt>
      <trkpt lat="43.22051969356834888458251953125" lon="-109.65843281708657741546630859375">
        <ele>3695.60009765625</ele>
        <time>2017-09-03T19:05:19.000Z</time>
        <extensions>
          <ns3:TrackPointExtension>
            <ns3:atemp>27.0</ns3:atemp>
            <ns3:cad>42</ns3:cad>
          </ns3:TrackPointExtension>
        </extensions>
      </trkpt>
      <trkpt lat="43.22064558975398540496826171875" lon="-109.6584518440067768096923828125">
        <ele>3695.800048828125</ele>
        <time>2017-09-03T19:05:33.000Z</time>
        <extensions>
          <ns3:TrackPointExtension>
            <ns3:atemp>26.0</ns3:atemp>
            <ns3:cad>62</ns3:cad>
          </ns3:TrackPointExtension>
        </extensions>
      </trkpt>
      <trkpt lat="43.2206693105399608612060546875" lon="-109.65846114791929721832275390625">
        <ele>3696</ele>
        <time>2017-09-03T19:05:36.000Z</time>
        <extensions>
          <ns3:TrackPointExtension>
            <ns3:atemp>26.0</ns3:atemp>
            <ns3:cad>62</ns3:cad>
          </ns3:TrackPointExtension>
        </extensions>
      </trkpt>
      <trkpt lat="43.22067274712026119232177734375" lon="-109.6584608964622020721435546875">
        <ele>3696</ele>
        <time>2017-09-03T19:05:38.000Z</time>
        <extensions>
          <ns3:TrackPointExtension>
            <ns3:atemp>26.0</ns3:atemp>
            <ns3:cad>62</ns3:cad>
          </ns3:TrackPointExtension>
        </extensions>
      </trkpt>
      <trkpt lat="43.22066402994096279144287109375" lon="-109.65834044851362705230712890625">
        <ele>3696.199951171875</ele>
        <time>2017-09-03T19:06:37.000Z</time>
        <extensions>
          <ns3:TrackPointExtension>
            <ns3:atemp>27.0</ns3:atemp>
            <ns3:cad>61</ns3:cad>
          </ns3:TrackPointExtension>
        </extensions>
      </trkpt>
      <trkpt lat="43.220740891993045806884765625" lon="-109.65843533165752887725830078125">
        <ele>3697.199951171875</ele>
        <time>2017-09-03T19:06:48.000Z</time>
        <extensions>
          <ns3:TrackPointExtension>
            <ns3:atemp>27.0</ns3:atemp>
            <ns3:cad>0</ns3:cad>
          </ns3:TrackPointExtension>
        </extensions>
      </trkpt>
      <trkpt lat="43.22075187228620052337646484375" lon="-109.6584230102598667144775390625">
        <ele>3698</ele>
        <time>2017-09-03T19:06:50.000Z</time>
        <extensions>
          <ns3:TrackPointExtension>
            <ns3:atemp>27.0</ns3:atemp>
            <ns3:cad>0</ns3:cad>
          </ns3:TrackPointExtension>
        </extensions>
      </trkpt>
      <trkpt lat="43.22075857780873775482177734375" lon="-109.65841881930828094482421875">
        <ele>3698.39990234375</ele>
        <time>2017-09-03T19:06:51.000Z</time>
        <extensions>
          <ns3:TrackPointExtension>
            <ns3:atemp>27.0</ns3:atemp>
            <ns3:cad>61</ns3:cad>
          </ns3:TrackPointExtension>
        </extensions>
      </trkpt>
      <trkpt lat="43.22080015204846858978271484375" lon="-109.6584404446184635162353515625">
        <ele>3699.60009765625</ele>
        <time>2017-09-03T19:06:57.000Z</time>
        <extensions>
          <ns3:TrackPointExtension>
            <ns3:atemp>27.0</ns3:atemp>
            <ns3:cad>77</ns3:cad>
          </ns3:TrackPointExtension>
        </extensions>
      </trkpt>
      <trkpt lat="43.22082781232893466949462890625" lon="-109.6584323979914188385009765625">
        <ele>3700.800048828125</ele>
        <time>2017-09-03T19:07:00.000Z</time>
        <extensions>
          <ns3:TrackPointExtension>
            <ns3:atemp>27.0</ns3:atemp>
            <ns3:cad>78</ns3:cad>
          </ns3:TrackPointExtension>
        </extensions>
      </trkpt>
      <trkpt lat="43.22087156586349010467529296875" lon="-109.658422172069549560546875">
        <ele>3701.60009765625</ele>
        <time>2017-09-03T19:07:04.000Z</time>
        <extensions>
          <ns3:TrackPointExtension>
            <ns3:atemp>27.0</ns3:atemp>
            <ns3:cad>78</ns3:cad>
          </ns3:TrackPointExtension>
        </extensions>
      </trkpt>
      <trkpt lat="43.220883049070835113525390625" lon="-109.658428542315959930419921875">
        <ele>3702</ele>
        <time>2017-09-03T19:07:05.000Z</time>
        <extensions>
          <ns3:TrackPointExtension>
            <ns3:atemp>27.0</ns3:atemp>
            <ns3:cad>78</ns3:cad>
          </ns3:TrackPointExtension>
        </extensions>
      </trkpt>
      <trkpt lat="43.2209001481533050537109375" lon="-109.6584340743720531463623046875">
        <ele>3702.199951171875</ele>
        <time>2017-09-03T19:07:07.000Z</time>
        <extensions>
          <ns3:TrackPointExtension>
            <ns3:atemp>27.0</ns3:atemp>
            <ns3:cad>78</ns3:cad>
          </ns3:TrackPointExtension>
        </extensions>
      </trkpt>
      <trkpt lat="43.22093510068953037261962890625" lon="-109.6584387682378292083740234375">
        <ele>3701.60009765625</ele>
        <time>2017-09-03T19:07:11.000Z</time>
        <extensions>
          <ns3:TrackPointExtension>
            <ns3:atemp>27.0</ns3:atemp>
            <ns3:cad>78</ns3:cad>
          </ns3:TrackPointExtension>
        </extensions>
      </trkpt>
      <trkpt lat="43.22094775736331939697265625" lon="-109.658425860106945037841796875">
        <ele>3700.800048828125</ele>
        <time>2017-09-03T19:07:13.000Z</time>
        <extensions>
          <ns3:TrackPointExtension>
            <ns3:atemp>27.0</ns3:atemp>
            <ns3:cad>78</ns3:cad>
          </ns3:TrackPointExtension>
        </extensions>
      </trkpt>
      <trkpt lat="43.22096393443644046783447265625" lon="-109.6584183163940906524658203125">
        <ele>3700.60009765625</ele>
        <time>2017-09-03T19:07:15.000Z</time>
        <extensions>
          <ns3:TrackPointExtension>
            <ns3:atemp>27.0</ns3:atemp>
            <ns3:cad>78</ns3:cad>
          </ns3:TrackPointExtension>
        </extensions>
      </trkpt>
      <trkpt lat="43.22099595330655574798583984375" lon="-109.6584370918571949005126953125">
        <ele>3700.39990234375</ele>
        <time>2017-09-03T19:07:18.000Z</time>
        <extensions>
          <ns3:TrackPointExtension>
            <ns3:atemp>27.0</ns3:atemp>
            <ns3:cad>78</ns3:cad>
          </ns3:TrackPointExtension>
        </extensions>
      </trkpt>
      <trkpt lat="43.22103467769920825958251953125" lon="-109.65845813043415546417236328125">
        <ele>3700.39990234375</ele>
        <time>2017-09-03T19:07:23.000Z</time>
        <extensions>
          <ns3:TrackPointExtension>
            <ns3:atemp>27.0</ns3:atemp>
            <ns3:cad>0</ns3:cad>
          </ns3:TrackPointExtension>
        </extensions>
      </trkpt>
      <trkpt lat="43.2210421375930309295654296875" lon="-109.658464752137660980224609375">
        <ele>3699.800048828125</ele>
        <time>2017-09-03T19:07:25.000Z</time>
        <extensions>
          <ns3:TrackPointExtension>
            <ns3:atemp>27.0</ns3:atemp>
            <ns3:cad>0</ns3:cad>
          </ns3:TrackPointExtension>
        </extensions>
      </trkpt>
      <trkpt lat="43.22106787003576755523681640625" lon="-109.6584092639386653900146484375">
        <ele>3698.800048828125</ele>
        <time>2017-09-03T19:07:29.000Z</time>
        <extensions>
          <ns3:TrackPointExtension>
            <ns3:atemp>27.0</ns3:atemp>
            <ns3:cad>0</ns3:cad>
          </ns3:TrackPointExtension>
        </extensions>
      </trkpt>
      <trkpt lat="43.221183456480503082275390625" lon="-109.6582438051700592041015625">
        <ele>3697.60009765625</ele>
        <time>2017-09-03T19:07:41.000Z</time>
        <extensions>
          <ns3:TrackPointExtension>
            <ns3:atemp>26.0</ns3:atemp>
            <ns3:cad>57</ns3:cad>
          </ns3:TrackPointExtension>
        </extensions>
      </trkpt>
      <trkpt lat="43.22118923999369144439697265625" lon="-109.658228047192096710205078125">
        <ele>3697.60009765625</ele>
        <time>2017-09-03T19:07:42.000Z</time>
        <extensions>
          <ns3:TrackPointExtension>
            <ns3:atemp>26.0</ns3:atemp>
            <ns3:cad>57</ns3:cad>
          </ns3:TrackPointExtension>
        </extensions>
      </trkpt>
      <trkpt lat="43.22124942205846309661865234375" lon="-109.6581561304628849029541015625">
        <ele>3696.60009765625</ele>
        <time>2017-09-03T19:07:48.000Z</time>
        <extensions>
          <ns3:TrackPointExtension>
            <ns3:atemp>26.0</ns3:atemp>
            <ns3:cad>51</ns3:cad>
          </ns3:TrackPointExtension>
        </extensions>
      </trkpt>
      <trkpt lat="43.22125889360904693603515625" lon="-109.65814389288425445556640625">
        <ele>3696.60009765625</ele>
        <time>2017-09-03T19:07:49.000Z</time>
        <extensions>
          <ns3:TrackPointExtension>
            <ns3:atemp>26.0</ns3:atemp>
            <ns3:cad>51</ns3:cad>
          </ns3:TrackPointExtension>
        </extensions>
      </trkpt>
      <trkpt lat="43.22129485197365283966064453125" lon="-109.658073149621486663818359375">
        <ele>3696</ele>
        <time>2017-09-03T19:07:53.000Z</time>
        <extensions>
          <ns3:TrackPointExtension>
            <ns3:atemp>26.0</ns3:atemp>
            <ns3:cad>51</ns3:cad>
          </ns3:TrackPointExtension>
        </extensions>
      </trkpt>
      <trkpt lat="43.22130608372390270233154296875" lon="-109.65806208550930023193359375">
        <ele>3695.39990234375</ele>
        <time>2017-09-03T19:07:54.000Z</time>
        <extensions>
          <ns3:TrackPointExtension>
            <ns3:atemp>26.0</ns3:atemp>
            <ns3:cad>51</ns3:cad>
          </ns3:TrackPointExtension>
        </extensions>
      </trkpt>
      <trkpt lat="43.22134598158299922943115234375" lon="-109.65803752653300762176513671875">
        <ele>3694.39990234375</ele>
        <time>2017-09-03T19:07:57.000Z</time>
        <extensions>
          <ns3:TrackPointExtension>
            <ns3:atemp>26.0</ns3:atemp>
            <ns3:cad>51</ns3:cad>
          </ns3:TrackPointExtension>
        </extensions>
      </trkpt>
      <trkpt lat="43.2213834486901760101318359375" lon="-109.6579948626458644866943359375">
        <ele>3693.199951171875</ele>
        <time>2017-09-03T19:08:00.000Z</time>
        <extensions>
          <ns3:TrackPointExtension>
            <ns3:atemp>26.0</ns3:atemp>
            <ns3:cad>51</ns3:cad>
          </ns3:TrackPointExtension>
        </extensions>
      </trkpt>
      <trkpt lat="43.2214330695569515228271484375" lon="-109.6579368598759174346923828125">
        <ele>3692</ele>
        <time>2017-09-03T19:08:04.000Z</time>
        <extensions>
          <ns3:TrackPointExtension>
            <ns3:atemp>26.0</ns3:atemp>
            <ns3:cad>58</ns3:cad>
          </ns3:TrackPointExtension>
        </extensions>
      </trkpt>
      <trkpt lat="43.22158587165176868438720703125" lon="-109.65780702419579029083251953125">
        <ele>3691</ele>
        <time>2017-09-03T19:08:11.000Z</time>
        <extensions>
          <ns3:TrackPointExtension>
            <ns3:atemp>26.0</ns3:atemp>
            <ns3:cad>76</ns3:cad>
          </ns3:TrackPointExtension>
        </extensions>
      </trkpt>
      <trkpt lat="43.22163230739533901214599609375" lon="-109.65777098201215267181396484375">
        <ele>3691</ele>
        <time>2017-09-03T19:08:13.000Z</time>
        <extensions>
          <ns3:TrackPointExtension>
            <ns3:atemp>26.0</ns3:atemp>
            <ns3:cad>77</ns3:cad>
          </ns3:TrackPointExtension>
        </extensions>
      </trkpt>
      <trkpt lat="43.2217482291162014007568359375" lon="-109.65772211551666259765625">
        <ele>3689.800048828125</ele>
        <time>2017-09-03T19:08:19.000Z</time>
        <extensions>
          <ns3:TrackPointExtension>
            <ns3:atemp>26.0</ns3:atemp>
            <ns3:cad>77</ns3:cad>
          </ns3:TrackPointExtension>
        </extensions>
      </trkpt>
      <trkpt lat="43.2218545116484165191650390625" lon="-109.65765967033803462982177734375">
        <ele>3688.60009765625</ele>
        <time>2017-09-03T19:08:26.000Z</time>
        <extensions>
          <ns3:TrackPointExtension>
            <ns3:atemp>25.0</ns3:atemp>
            <ns3:cad>77</ns3:cad>
          </ns3:TrackPointExtension>
        </extensions>
      </trkpt>
      <trkpt lat="43.22192332707345485687255859375" lon="-109.65764156542718410491943359375">
        <ele>3687.60009765625</ele>
        <time>2017-09-03T19:08:31.000Z</time>
        <extensions>
          <ns3:TrackPointExtension>
            <ns3:atemp>25.0</ns3:atemp>
            <ns3:cad>61</ns3:cad>
          </ns3:TrackPointExtension>
        </extensions>
      </trkpt>
      <trkpt lat="43.22205710224807262420654296875" lon="-109.6577199362218379974365234375">
        <ele>3686.39990234375</ele>
        <time>2017-09-03T19:08:41.000Z</time>
        <extensions>
          <ns3:TrackPointExtension>
            <ns3:atemp>25.0</ns3:atemp>
            <ns3:cad>61</ns3:cad>
          </ns3:TrackPointExtension>
        </extensions>
      </trkpt>
      <trkpt lat="43.22210378944873809814453125" lon="-109.65775229036808013916015625">
        <ele>3685.39990234375</ele>
        <time>2017-09-03T19:08:44.000Z</time>
        <extensions>
          <ns3:TrackPointExtension>
            <ns3:atemp>25.0</ns3:atemp>
            <ns3:cad>62</ns3:cad>
          </ns3:TrackPointExtension>
        </extensions>
      </trkpt>
      <trkpt lat="43.22215609252452850341796875" lon="-109.657823033630847930908203125">
        <ele>3684.199951171875</ele>
        <time>2017-09-03T19:08:48.000Z</time>
        <extensions>
          <ns3:TrackPointExtension>
            <ns3:atemp>25.0</ns3:atemp>
            <ns3:cad>62</ns3:cad>
          </ns3:TrackPointExtension>
        </extensions>
      </trkpt>
      <trkpt lat="43.22219288907945156097412109375" lon="-109.65786536224186420440673828125">
        <ele>3682.800048828125</ele>
        <time>2017-09-03T19:08:51.000Z</time>
        <extensions>
          <ns3:TrackPointExtension>
            <ns3:atemp>25.0</ns3:atemp>
            <ns3:cad>62</ns3:cad>
          </ns3:TrackPointExtension>
        </extensions>
      </trkpt>
      <trkpt lat="43.22224452160298824310302734375" lon="-109.65792638249695301055908203125">
        <ele>3681.800048828125</ele>
        <time>2017-09-03T19:08:55.000Z</time>
        <extensions>
          <ns3:TrackPointExtension>
            <ns3:atemp>25.0</ns3:atemp>
            <ns3:cad>62</ns3:cad>
          </ns3:TrackPointExtension>
        </extensions>
      </trkpt>
      <trkpt lat="43.2223017700016498565673828125" lon="-109.65800047852098941802978515625">
        <ele>3680.60009765625</ele>
        <time>2017-09-03T19:09:01.000Z</time>
        <extensions>
          <ns3:TrackPointExtension>
            <ns3:atemp>25.0</ns3:atemp>
            <ns3:cad>58</ns3:cad>
          </ns3:TrackPointExtension>
        </extensions>
      </trkpt>
      <trkpt lat="43.22233152575790882110595703125" lon="-109.65801112353801727294921875">
        <ele>3680</ele>
        <time>2017-09-03T19:09:03.000Z</time>
        <extensions>
          <ns3:TrackPointExtension>
            <ns3:atemp>25.0</ns3:atemp>
            <ns3:cad>58</ns3:cad>
          </ns3:TrackPointExtension>
        </extensions>
      </trkpt>
      <trkpt lat="43.22234929539263248443603515625" lon="-109.6580203436315059661865234375">
        <ele>3679.39990234375</ele>
        <time>2017-09-03T19:09:04.000Z</time>
        <extensions>
          <ns3:TrackPointExtension>
            <ns3:atemp>25.0</ns3:atemp>
            <ns3:cad>58</ns3:cad>
          </ns3:TrackPointExtension>
        </extensions>
      </trkpt>
      <trkpt lat="43.22237980552017688751220703125" lon="-109.658046998083591461181640625">
        <ele>3678.39990234375</ele>
        <time>2017-09-03T19:09:06.000Z</time>
        <extensions>
          <ns3:TrackPointExtension>
            <ns3:atemp>25.0</ns3:atemp>
            <ns3:cad>58</ns3:cad>
          </ns3:TrackPointExtension>
        </extensions>
      </trkpt>
      <trkpt lat="43.22239816188812255859375" lon="-109.65807088650763034820556640625">
        <ele>3677.199951171875</ele>
        <time>2017-09-03T19:09:08.000Z</time>
        <extensions>
          <ns3:TrackPointExtension>
            <ns3:atemp>25.0</ns3:atemp>
            <ns3:cad>58</ns3:cad>
          </ns3:TrackPointExtension>
        </extensions>
      </trkpt>
      <trkpt lat="43.22244049049913883209228515625" lon="-109.658114723861217498779296875">
        <ele>3676.199951171875</ele>
        <time>2017-09-03T19:09:12.000Z</time>
        <extensions>
          <ns3:TrackPointExtension>
            <ns3:atemp>25.0</ns3:atemp>
            <ns3:cad>58</ns3:cad>
          </ns3:TrackPointExtension>
        </extensions>
      </trkpt>
      <trkpt lat="43.2224935479462146759033203125" lon="-109.6581739000976085662841796875">
        <ele>3675.199951171875</ele>
        <time>2017-09-03T19:09:18.000Z</time>
        <extensions>
          <ns3:TrackPointExtension>
            <ns3:atemp>25.0</ns3:atemp>
            <ns3:cad>58</ns3:cad>
          </ns3:TrackPointExtension>
        </extensions>
      </trkpt>
      <trkpt lat="43.22249916382133960723876953125" lon="-109.6581809408962726593017578125">
        <ele>3675</ele>
        <time>2017-09-03T19:09:19.000Z</time>
        <extensions>
          <ns3:TrackPointExtension>
            <ns3:atemp>25.0</ns3:atemp>
            <ns3:cad>58</ns3:cad>
          </ns3:TrackPointExtension>
        </extensions>
      </trkpt>
      <trkpt lat="43.22252179495990276336669921875" lon="-109.65820784680545330047607421875">
        <ele>3674</ele>
        <time>2017-09-03T19:09:22.000Z</time>
        <extensions>
          <ns3:TrackPointExtension>
            <ns3:atemp>25.0</ns3:atemp>
            <ns3:cad>54</ns3:cad>
          </ns3:TrackPointExtension>
        </extensions>
      </trkpt>
      <trkpt lat="43.22253118269145488739013671875" lon="-109.65820684097707271575927734375">
        <ele>3673.800048828125</ele>
        <time>2017-09-03T19:09:23.000Z</time>
        <extensions>
          <ns3:TrackPointExtension>
            <ns3:atemp>25.0</ns3:atemp>
            <ns3:cad>54</ns3:cad>
          </ns3:TrackPointExtension>
        </extensions>
      </trkpt>
      <trkpt lat="43.22257342748343944549560546875" lon="-109.65818119235336780548095703125">
        <ele>3673.60009765625</ele>
        <time>2017-09-03T19:09:27.000Z</time>
        <extensions>
          <ns3:TrackPointExtension>
            <ns3:atemp>25.0</ns3:atemp>
            <ns3:cad>74</ns3:cad>
          </ns3:TrackPointExtension>
        </extensions>
      </trkpt>
      <trkpt lat="43.2226403988897800445556640625" lon="-109.65817633084952831268310546875">
        <ele>3673.39990234375</ele>
        <time>2017-09-03T19:09:32.000Z</time>
        <extensions>
          <ns3:TrackPointExtension>
            <ns3:atemp>25.0</ns3:atemp>
            <ns3:cad>74</ns3:cad>
          </ns3:TrackPointExtension>
        </extensions>
      </trkpt>
      <trkpt lat="43.22271893732249736785888671875" lon="-109.6581836231052875518798828125">
        <ele>3672.800048828125</ele>
        <time>2017-09-03T19:09:39.000Z</time>
        <extensions>
          <ns3:TrackPointExtension>
            <ns3:atemp>25.0</ns3:atemp>
            <ns3:cad>74</ns3:cad>
          </ns3:TrackPointExtension>
        </extensions>
      </trkpt>
      <trkpt lat="43.22283393703401088714599609375" lon="-109.65830340050160884857177734375">
        <ele>3671.800048828125</ele>
        <time>2017-09-03T19:09:52.000Z</time>
        <extensions>
          <ns3:TrackPointExtension>
            <ns3:atemp>25.0</ns3:atemp>
            <ns3:cad>47</ns3:cad>
          </ns3:TrackPointExtension>
        </extensions>
      </trkpt>
      <trkpt lat="43.22290568612515926361083984375" lon="-109.658344052731990814208984375">
        <ele>3670.60009765625</ele>
        <time>2017-09-03T19:09:58.000Z</time>
        <extensions>
          <ns3:TrackPointExtension>
            <ns3:atemp>25.0</ns3:atemp>
            <ns3:cad>61</ns3:cad>
          </ns3:TrackPointExtension>
        </extensions>
      </trkpt>
      <trkpt lat="43.22294692508876323699951171875" lon="-109.6584642492234706878662109375">
        <ele>3669.60009765625</ele>
        <time>2017-09-03T19:10:05.000Z</time>
        <extensions>
          <ns3:TrackPointExtension>
            <ns3:atemp>25.0</ns3:atemp>
            <ns3:cad>60</ns3:cad>
          </ns3:TrackPointExtension>
        </extensions>
      </trkpt>
      <trkpt lat="43.22295413352549076080322265625" lon="-109.65848009102046489715576171875">
        <ele>3669.39990234375</ele>
        <time>2017-09-03T19:10:06.000Z</time>
        <extensions>
          <ns3:TrackPointExtension>
            <ns3:atemp>25.0</ns3:atemp>
            <ns3:cad>60</ns3:cad>
          </ns3:TrackPointExtension>
        </extensions>
      </trkpt>
      <trkpt lat="43.2229686342179775238037109375" lon="-109.6584924124181270599365234375">
        <ele>3669.39990234375</ele>
        <time>2017-09-03T19:10:08.000Z</time>
        <extensions>
          <ns3:TrackPointExtension>
            <ns3:atemp>25.0</ns3:atemp>
            <ns3:cad>58</ns3:cad>
          </ns3:TrackPointExtension>
        </extensions>
      </trkpt>
      <trkpt lat="43.22300191037356853485107421875" lon="-109.658474810421466827392578125">
        <ele>3668.199951171875</ele>
        <time>2017-09-03T19:10:11.000Z</time>
        <extensions>
          <ns3:TrackPointExtension>
            <ns3:atemp>25.0</ns3:atemp>
            <ns3:cad>58</ns3:cad>
          </ns3:TrackPointExtension>
        </extensions>
      </trkpt>
      <trkpt lat="43.2230420596897602081298828125" lon="-109.6584937535226345062255859375">
        <ele>3667.199951171875</ele>
        <time>2017-09-03T19:10:14.000Z</time>
        <extensions>
          <ns3:TrackPointExtension>
            <ns3:atemp>25.0</ns3:atemp>
            <ns3:cad>58</ns3:cad>
          </ns3:TrackPointExtension>
        </extensions>
      </trkpt>
      <trkpt lat="43.22305689565837383270263671875" lon="-109.6584890596568584442138671875">
        <ele>3667</ele>
        <time>2017-09-03T19:10:15.000Z</time>
        <extensions>
          <ns3:TrackPointExtension>
            <ns3:atemp>25.0</ns3:atemp>
            <ns3:cad>58</ns3:cad>
          </ns3:TrackPointExtension>
        </extensions>
      </trkpt>
      <trkpt lat="43.2231553830206394195556640625" lon="-109.65842879377305507659912109375">
        <ele>3666</ele>
        <time>2017-09-03T19:10:22.000Z</time>
        <extensions>
          <ns3:TrackPointExtension>
            <ns3:atemp>25.0</ns3:atemp>
            <ns3:cad>58</ns3:cad>
          </ns3:TrackPointExtension>
        </extensions>
      </trkpt>
      <trkpt lat="43.2232331670820713043212890625" lon="-109.6584270335733890533447265625">
        <ele>3666.39990234375</ele>
        <time>2017-09-03T19:10:29.000Z</time>
        <extensions>
          <ns3:TrackPointExtension>
            <ns3:atemp>25.0</ns3:atemp>
            <ns3:cad>58</ns3:cad>
          </ns3:TrackPointExtension>
        </extensions>
      </trkpt>
      <trkpt lat="43.22325236164033412933349609375" lon="-109.6584878861904144287109375">
        <ele>3665.800048828125</ele>
        <time>2017-09-03T19:10:33.000Z</time>
        <extensions>
          <ns3:TrackPointExtension>
            <ns3:atemp>25.0</ns3:atemp>
            <ns3:cad>53</ns3:cad>
          </ns3:TrackPointExtension>
        </extensions>
      </trkpt>
      <trkpt lat="43.22325755842030048370361328125" lon="-109.658554606139659881591796875">
        <ele>3664.39990234375</ele>
        <time>2017-09-03T19:10:36.000Z</time>
        <extensions>
          <ns3:TrackPointExtension>
            <ns3:atemp>25.0</ns3:atemp>
            <ns3:cad>53</ns3:cad>
          </ns3:TrackPointExtension>
        </extensions>
      </trkpt>
      <trkpt lat="43.22325672022998332977294921875" lon="-109.65857681818306446075439453125">
        <ele>3664.199951171875</ele>
        <time>2017-09-03T19:10:37.000Z</time>
        <extensions>
          <ns3:TrackPointExtension>
            <ns3:atemp>25.0</ns3:atemp>
            <ns3:cad>58</ns3:cad>
          </ns3:TrackPointExtension>
        </extensions>
      </trkpt>
      <trkpt lat="43.22324632667005062103271484375" lon="-109.658646471798419952392578125">
        <ele>3663.199951171875</ele>
        <time>2017-09-03T19:10:41.000Z</time>
        <extensions>
          <ns3:TrackPointExtension>
            <ns3:atemp>25.0</ns3:atemp>
            <ns3:cad>62</ns3:cad>
          </ns3:TrackPointExtension>
        </extensions>
      </trkpt>
      <trkpt lat="43.22324666194617748260498046875" lon="-109.65865527279675006866455078125">
        <ele>3663</ele>
        <time>2017-09-03T19:10:42.000Z</time>
        <extensions>
          <ns3:TrackPointExtension>
            <ns3:atemp>25.0</ns3:atemp>
            <ns3:cad>62</ns3:cad>
          </ns3:TrackPointExtension>
        </extensions>
      </trkpt>
      <trkpt lat="43.2232566364109516143798828125" lon="-109.658665247261524200439453125">
        <ele>3662.800048828125</ele>
        <time>2017-09-03T19:10:44.000Z</time>
        <extensions>
          <ns3:TrackPointExtension>
            <ns3:atemp>25.0</ns3:atemp>
            <ns3:cad>59</ns3:cad>
          </ns3:TrackPointExtension>
        </extensions>
      </trkpt>
      <trkpt lat="43.22330768220126628875732421875" lon="-109.658652842044830322265625">
        <ele>3662.199951171875</ele>
        <time>2017-09-03T19:10:49.000Z</time>
        <extensions>
          <ns3:TrackPointExtension>
            <ns3:atemp>25.0</ns3:atemp>
            <ns3:cad>61</ns3:cad>
          </ns3:TrackPointExtension>
        </extensions>
      </trkpt>
      <trkpt lat="43.22331212460994720458984375" lon="-109.65865359641611576080322265625">
        <ele>3662</ele>
        <time>2017-09-03T19:10:50.000Z</time>
        <extensions>
          <ns3:TrackPointExtension>
            <ns3:atemp>25.0</ns3:atemp>
            <ns3:cad>0</ns3:cad>
          </ns3:TrackPointExtension>
        </extensions>
      </trkpt>
      <trkpt lat="43.22333785705268383026123046875" lon="-109.658675976097583770751953125">
        <ele>3661.60009765625</ele>
        <time>2017-09-03T19:10:55.000Z</time>
        <extensions>
          <ns3:TrackPointExtension>
            <ns3:atemp>25.0</ns3:atemp>
            <ns3:cad>0</ns3:cad>
          </ns3:TrackPointExtension>
        </extensions>
      </trkpt>
      <trkpt lat="43.22336099110543727874755859375" lon="-109.6587029658257961273193359375">
        <ele>3661.39990234375</ele>
        <time>2017-09-03T19:10:57.000Z</time>
        <extensions>
          <ns3:TrackPointExtension>
            <ns3:atemp>25.0</ns3:atemp>
            <ns3:cad>0</ns3:cad>
          </ns3:TrackPointExtension>
        </extensions>
      </trkpt>
      <trkpt lat="43.22339016012847423553466796875" lon="-109.65873389504849910736083984375">
        <ele>3661.199951171875</ele>
        <time>2017-09-03T19:10:59.000Z</time>
        <extensions>
          <ns3:TrackPointExtension>
            <ns3:atemp>25.0</ns3:atemp>
            <ns3:cad>0</ns3:cad>
          </ns3:TrackPointExtension>
        </extensions>
      </trkpt>
      <trkpt lat="43.22344330139458179473876953125" lon="-109.6587668359279632568359375">
        <ele>3660</ele>
        <time>2017-09-03T19:11:03.000Z</time>
        <extensions>
          <ns3:TrackPointExtension>
            <ns3:atemp>25.0</ns3:atemp>
            <ns3:cad>0</ns3:cad>
          </ns3:TrackPointExtension>
        </extensions>
      </trkpt>
      <trkpt lat="43.2234581373631954193115234375" lon="-109.65876306407153606414794921875">
        <ele>3659.60009765625</ele>
        <time>2017-09-03T19:11:04.000Z</time>
        <extensions>
          <ns3:TrackPointExtension>
            <ns3:atemp>25.0</ns3:atemp>
            <ns3:cad>0</ns3:cad>
          </ns3:TrackPointExtension>
        </extensions>
      </trkpt>
      <trkpt lat="43.2235781662166118621826171875" lon="-109.65866382233798503875732421875">
        <ele>3659</ele>
        <time>2017-09-03T19:11:13.000Z</time>
        <extensions>
          <ns3:TrackPointExtension>
            <ns3:atemp>25.0</ns3:atemp>
            <ns3:cad>58</ns3:cad>
          </ns3:TrackPointExtension>
        </extensions>
      </trkpt>
      <trkpt lat="43.22362703271210193634033203125" lon="-109.6586439572274684906005859375">
        <ele>3658.60009765625</ele>
        <time>2017-09-03T19:11:17.000Z</time>
        <extensions>
          <ns3:TrackPointExtension>
            <ns3:atemp>25.0</ns3:atemp>
            <ns3:cad>58</ns3:cad>
          </ns3:TrackPointExtension>
        </extensions>
      </trkpt>
      <trkpt lat="43.2236898131668567657470703125" lon="-109.65859760530292987823486328125">
        <ele>3657.800048828125</ele>
        <time>2017-09-03T19:11:22.000Z</time>
        <extensions>
          <ns3:TrackPointExtension>
            <ns3:atemp>25.0</ns3:atemp>
            <ns3:cad>49</ns3:cad>
          </ns3:TrackPointExtension>
        </extensions>
      </trkpt>
      <trkpt lat="43.22381428442895412445068359375" lon="-109.65853490866720676422119140625">
        <ele>3656.800048828125</ele>
        <time>2017-09-03T19:11:32.000Z</time>
        <extensions>
          <ns3:TrackPointExtension>
            <ns3:atemp>25.0</ns3:atemp>
            <ns3:cad>49</ns3:cad>
          </ns3:TrackPointExtension>
        </extensions>
      </trkpt>
      <trkpt lat="43.22385267354547977447509765625" lon="-109.65850523672997951507568359375">
        <ele>3656.60009765625</ele>
        <time>2017-09-03T19:11:36.000Z</time>
        <extensions>
          <ns3:TrackPointExtension>
            <ns3:atemp>25.0</ns3:atemp>
            <ns3:cad>49</ns3:cad>
          </ns3:TrackPointExtension>
        </extensions>
      </trkpt>
      <trkpt lat="43.22389416396617889404296875" lon="-109.65849794447422027587890625">
        <ele>3656.199951171875</ele>
        <time>2017-09-03T19:11:41.000Z</time>
        <extensions>
          <ns3:TrackPointExtension>
            <ns3:atemp>25.0</ns3:atemp>
            <ns3:cad>49</ns3:cad>
          </ns3:TrackPointExtension>
        </extensions>
      </trkpt>
      <trkpt lat="43.22394018061459064483642578125" lon="-109.658492244780063629150390625">
        <ele>3656</ele>
        <time>2017-09-03T19:11:45.000Z</time>
        <extensions>
          <ns3:TrackPointExtension>
            <ns3:atemp>25.0</ns3:atemp>
            <ns3:cad>49</ns3:cad>
          </ns3:TrackPointExtension>
        </extensions>
      </trkpt>
      <trkpt lat="43.22397689335048198699951171875" lon="-109.65849635191261768341064453125">
        <ele>3656</ele>
        <time>2017-09-03T19:11:49.000Z</time>
        <extensions>
          <ns3:TrackPointExtension>
            <ns3:atemp>25.0</ns3:atemp>
            <ns3:cad>49</ns3:cad>
          </ns3:TrackPointExtension>
        </extensions>
      </trkpt>
      <trkpt lat="43.22400807403028011322021484375" lon="-109.65851328335702419281005859375">
        <ele>3655.800048828125</ele>
        <time>2017-09-03T19:11:52.000Z</time>
        <extensions>
          <ns3:TrackPointExtension>
            <ns3:atemp>25.0</ns3:atemp>
            <ns3:cad>0</ns3:cad>
          </ns3:TrackPointExtension>
        </extensions>
      </trkpt>
      <trkpt lat="43.2240257598459720611572265625" lon="-109.65851730667054653167724609375">
        <ele>3655.60009765625</ele>
        <time>2017-09-03T19:11:54.000Z</time>
        <extensions>
          <ns3:TrackPointExtension>
            <ns3:atemp>25.0</ns3:atemp>
            <ns3:cad>0</ns3:cad>
          </ns3:TrackPointExtension>
        </extensions>
      </trkpt>
      <trkpt lat="43.22408191859722137451171875" lon="-109.65850708074867725372314453125">
        <ele>3655</ele>
        <time>2017-09-03T19:12:00.000Z</time>
        <extensions>
          <ns3:TrackPointExtension>
            <ns3:atemp>25.0</ns3:atemp>
            <ns3:cad>61</ns3:cad>
          </ns3:TrackPointExtension>
        </extensions>
      </trkpt>
      <trkpt lat="43.224099688231945037841796875" lon="-109.65849786065518856048583984375">
        <ele>3654.60009765625</ele>
        <time>2017-09-03T19:12:03.000Z</time>
        <extensions>
          <ns3:TrackPointExtension>
            <ns3:atemp>25.0</ns3:atemp>
            <ns3:cad>61</ns3:cad>
          </ns3:TrackPointExtension>
        </extensions>
      </trkpt>
      <trkpt lat="43.22411938570439815521240234375" lon="-109.658486545085906982421875">
        <ele>3654.60009765625</ele>
        <time>2017-09-03T19:12:05.000Z</time>
        <extensions>
          <ns3:TrackPointExtension>
            <ns3:atemp>25.0</ns3:atemp>
            <ns3:cad>61</ns3:cad>
          </ns3:TrackPointExtension>
        </extensions>
      </trkpt>
      <trkpt lat="43.22417252697050571441650390625" lon="-109.65846098028123378753662109375">
        <ele>3655</ele>
        <time>2017-09-03T19:12:11.000Z</time>
        <extensions>
          <ns3:TrackPointExtension>
            <ns3:atemp>25.0</ns3:atemp>
            <ns3:cad>61</ns3:cad>
          </ns3:TrackPointExtension>
        </extensions>
      </trkpt>
      <trkpt lat="43.22419834323227405548095703125" lon="-109.658460058271884918212890625">
        <ele>3655.199951171875</ele>
        <time>2017-09-03T19:12:13.000Z</time>
        <extensions>
          <ns3:TrackPointExtension>
            <ns3:atemp>25.0</ns3:atemp>
            <ns3:cad>61</ns3:cad>
          </ns3:TrackPointExtension>
        </extensions>
      </trkpt>
      <trkpt lat="43.22423622943460941314697265625" lon="-109.658443965017795562744140625">
        <ele>3655.800048828125</ele>
        <time>2017-09-03T19:12:17.000Z</time>
        <extensions>
          <ns3:TrackPointExtension>
            <ns3:atemp>25.0</ns3:atemp>
            <ns3:cad>61</ns3:cad>
          </ns3:TrackPointExtension>
        </extensions>
      </trkpt>
      <trkpt lat="43.2242698408663272857666015625" lon="-109.658425189554691314697265625">
        <ele>3655.199951171875</ele>
        <time>2017-09-03T19:12:20.000Z</time>
        <extensions>
          <ns3:TrackPointExtension>
            <ns3:atemp>25.0</ns3:atemp>
            <ns3:cad>61</ns3:cad>
          </ns3:TrackPointExtension>
        </extensions>
      </trkpt>
      <trkpt lat="43.224296160042285919189453125" lon="-109.65841253288090229034423828125">
        <ele>3655</ele>
        <time>2017-09-03T19:12:22.000Z</time>
        <extensions>
          <ns3:TrackPointExtension>
            <ns3:atemp>25.0</ns3:atemp>
            <ns3:cad>61</ns3:cad>
          </ns3:TrackPointExtension>
        </extensions>
      </trkpt>
      <trkpt lat="43.2243107445538043975830078125" lon="-109.65839996002614498138427734375">
        <ele>3655</ele>
        <time>2017-09-03T19:12:24.000Z</time>
        <extensions>
          <ns3:TrackPointExtension>
            <ns3:atemp>25.0</ns3:atemp>
            <ns3:cad>61</ns3:cad>
          </ns3:TrackPointExtension>
        </extensions>
      </trkpt>
      <trkpt lat="43.22442029602825641632080078125" lon="-109.6583469025790691375732421875">
        <ele>3654.60009765625</ele>
        <time>2017-09-03T19:12:33.000Z</time>
        <extensions>
          <ns3:TrackPointExtension>
            <ns3:atemp>25.0</ns3:atemp>
            <ns3:cad>57</ns3:cad>
          </ns3:TrackPointExtension>
        </extensions>
      </trkpt>
      <trkpt lat="43.2244321145117282867431640625" lon="-109.6583512611687183380126953125">
        <ele>3654.60009765625</ele>
        <time>2017-09-03T19:12:34.000Z</time>
        <extensions>
          <ns3:TrackPointExtension>
            <ns3:atemp>25.0</ns3:atemp>
            <ns3:cad>56</ns3:cad>
          </ns3:TrackPointExtension>
        </extensions>
      </trkpt>
      <trkpt lat="43.22458575479686260223388671875" lon="-109.6583241038024425506591796875">
        <ele>3653.60009765625</ele>
        <time>2017-09-03T19:12:45.000Z</time>
        <extensions>
          <ns3:TrackPointExtension>
            <ns3:atemp>25.0</ns3:atemp>
            <ns3:cad>49</ns3:cad>
          </ns3:TrackPointExtension>
        </extensions>
      </trkpt>
      <trkpt lat="43.22474517859518527984619140625" lon="-109.658347070217132568359375">
        <ele>3654.199951171875</ele>
        <time>2017-09-03T19:12:58.000Z</time>
        <extensions>
          <ns3:TrackPointExtension>
            <ns3:atemp>25.0</ns3:atemp>
            <ns3:cad>49</ns3:cad>
          </ns3:TrackPointExtension>
        </extensions>
      </trkpt>
      <trkpt lat="43.2247732579708099365234375" lon="-109.65833642520010471343994140625">
        <ele>3654.60009765625</ele>
        <time>2017-09-03T19:13:01.000Z</time>
        <extensions>
          <ns3:TrackPointExtension>
            <ns3:atemp>25.0</ns3:atemp>
            <ns3:cad>49</ns3:cad>
          </ns3:TrackPointExtension>
        </extensions>
      </trkpt>
      <trkpt lat="43.22492220439016819000244140625" lon="-109.65818144381046295166015625">
        <ele>3653.800048828125</ele>
        <time>2017-09-03T19:13:16.000Z</time>
        <extensions>
          <ns3:TrackPointExtension>
            <ns3:atemp>25.0</ns3:atemp>
            <ns3:cad>48</ns3:cad>
          </ns3:TrackPointExtension>
        </extensions>
      </trkpt>
      <trkpt lat="43.22501691989600658416748046875" lon="-109.65810005553066730499267578125">
        <ele>3653.800048828125</ele>
        <time>2017-09-03T19:13:24.000Z</time>
        <extensions>
          <ns3:TrackPointExtension>
            <ns3:atemp>25.0</ns3:atemp>
            <ns3:cad>51</ns3:cad>
          </ns3:TrackPointExtension>
        </extensions>
      </trkpt>
      <trkpt lat="43.22511616162955760955810546875" lon="-109.65807993896305561065673828125">
        <ele>3653.60009765625</ele>
        <time>2017-09-03T19:13:32.000Z</time>
        <extensions>
          <ns3:TrackPointExtension>
            <ns3:atemp>25.0</ns3:atemp>
            <ns3:cad>61</ns3:cad>
          </ns3:TrackPointExtension>
        </extensions>
      </trkpt>
      <trkpt lat="43.2252961210906505584716796875" lon="-109.65800575911998748779296875">
        <ele>3653.800048828125</ele>
        <time>2017-09-03T19:13:46.000Z</time>
        <extensions>
          <ns3:TrackPointExtension>
            <ns3:atemp>25.0</ns3:atemp>
            <ns3:cad>59</ns3:cad>
          </ns3:TrackPointExtension>
        </extensions>
      </trkpt>
      <trkpt lat="43.2254067622125148773193359375" lon="-109.6579794399440288543701171875">
        <ele>3653.60009765625</ele>
        <time>2017-09-03T19:13:56.000Z</time>
        <extensions>
          <ns3:TrackPointExtension>
            <ns3:atemp>25.0</ns3:atemp>
            <ns3:cad>54</ns3:cad>
          </ns3:TrackPointExtension>
        </extensions>
      </trkpt>
      <trkpt lat="43.2255921699106693267822265625" lon="-109.65797851793467998504638671875">
        <ele>3652.60009765625</ele>
        <time>2017-09-03T19:14:11.000Z</time>
        <extensions>
          <ns3:TrackPointExtension>
            <ns3:atemp>25.0</ns3:atemp>
            <ns3:cad>61</ns3:cad>
          </ns3:TrackPointExtension>
        </extensions>
      </trkpt>
      <trkpt lat="43.22561882436275482177734375" lon="-109.65796862728893756866455078125">
        <ele>3652.60009765625</ele>
        <time>2017-09-03T19:14:13.000Z</time>
        <extensions>
          <ns3:TrackPointExtension>
            <ns3:atemp>25.0</ns3:atemp>
            <ns3:cad>61</ns3:cad>
          </ns3:TrackPointExtension>
        </extensions>
      </trkpt>
      <trkpt lat="43.2256582193076610565185546875" lon="-109.65796611271798610687255859375">
        <ele>3652.800048828125</ele>
        <time>2017-09-03T19:14:18.000Z</time>
        <extensions>
          <ns3:TrackPointExtension>
            <ns3:atemp>25.0</ns3:atemp>
            <ns3:cad>61</ns3:cad>
          </ns3:TrackPointExtension>
        </extensions>
      </trkpt>
      <trkpt lat="43.22570658288896083831787109375" lon="-109.65795773081481456756591796875">
        <ele>3653.199951171875</ele>
        <time>2017-09-03T19:14:23.000Z</time>
        <extensions>
          <ns3:TrackPointExtension>
            <ns3:atemp>25.0</ns3:atemp>
            <ns3:cad>61</ns3:cad>
          </ns3:TrackPointExtension>
        </extensions>
      </trkpt>
      <trkpt lat="43.22586969472467899322509765625" lon="-109.65804398059844970703125">
        <ele>3652.199951171875</ele>
        <time>2017-09-03T19:14:38.000Z</time>
        <extensions>
          <ns3:TrackPointExtension>
            <ns3:atemp>25.0</ns3:atemp>
            <ns3:cad>49</ns3:cad>
          </ns3:TrackPointExtension>
        </extensions>
      </trkpt>
      <trkpt lat="43.22588997893035411834716796875" lon="-109.658041298389434814453125">
        <ele>3652</ele>
        <time>2017-09-03T19:14:40.000Z</time>
        <extensions>
          <ns3:TrackPointExtension>
            <ns3:atemp>25.0</ns3:atemp>
            <ns3:cad>49</ns3:cad>
          </ns3:TrackPointExtension>
        </extensions>
      </trkpt>
      <trkpt lat="43.22593289427459239959716796875" lon="-109.6580545417964458465576171875">
        <ele>3652.199951171875</ele>
        <time>2017-09-03T19:14:44.000Z</time>
        <extensions>
          <ns3:TrackPointExtension>
            <ns3:atemp>25.0</ns3:atemp>
            <ns3:cad>58</ns3:cad>
          </ns3:TrackPointExtension>
        </extensions>
      </trkpt>
      <trkpt lat="43.22595133446156978607177734375" lon="-109.65805135667324066162109375">
        <ele>3652.39990234375</ele>
        <time>2017-09-03T19:14:46.000Z</time>
        <extensions>
          <ns3:TrackPointExtension>
            <ns3:atemp>25.0</ns3:atemp>
            <ns3:cad>58</ns3:cad>
          </ns3:TrackPointExtension>
        </extensions>
      </trkpt>
      <trkpt lat="43.226016126573085784912109375" lon="-109.65802344493567943572998046875">
        <ele>3652.800048828125</ele>
        <time>2017-09-03T19:14:52.000Z</time>
        <extensions>
          <ns3:TrackPointExtension>
            <ns3:atemp>25.0</ns3:atemp>
            <ns3:cad>58</ns3:cad>
          </ns3:TrackPointExtension>
        </extensions>
      </trkpt>
      <trkpt lat="43.2261021248996257781982421875" lon="-109.657974578440189361572265625">
        <ele>3653.60009765625</ele>
        <time>2017-09-03T19:15:00.000Z</time>
        <extensions>
          <ns3:TrackPointExtension>
            <ns3:atemp>25.0</ns3:atemp>
            <ns3:cad>58</ns3:cad>
          </ns3:TrackPointExtension>
        </extensions>
      </trkpt>
      <trkpt lat="43.22620354592800140380859375" lon="-109.657947085797786712646484375">
        <ele>3653.60009765625</ele>
        <time>2017-09-03T19:15:11.000Z</time>
        <extensions>
          <ns3:TrackPointExtension>
            <ns3:atemp>25.0</ns3:atemp>
            <ns3:cad>0</ns3:cad>
          </ns3:TrackPointExtension>
        </extensions>
      </trkpt>
      <trkpt lat="43.22623112238943576812744140625" lon="-109.6579774282872676849365234375">
        <ele>3654</ele>
        <time>2017-09-03T19:15:16.000Z</time>
        <extensions>
          <ns3:TrackPointExtension>
            <ns3:atemp>25.0</ns3:atemp>
            <ns3:cad>61</ns3:cad>
          </ns3:TrackPointExtension>
        </extensions>
      </trkpt>
      <trkpt lat="43.2262379117310047149658203125" lon="-109.65797885321080684661865234375">
        <ele>3653.800048828125</ele>
        <time>2017-09-03T19:15:18.000Z</time>
        <extensions>
          <ns3:TrackPointExtension>
            <ns3:atemp>25.0</ns3:atemp>
            <ns3:cad>0</ns3:cad>
          </ns3:TrackPointExtension>
        </extensions>
      </trkpt>
      <trkpt lat="43.22625978849828243255615234375" lon="-109.65797231532633304595947265625">
        <ele>3653</ele>
        <time>2017-09-03T19:15:28.000Z</time>
        <extensions>
          <ns3:TrackPointExtension>
            <ns3:atemp>25.0</ns3:atemp>
            <ns3:cad>0</ns3:cad>
          </ns3:TrackPointExtension>
        </extensions>
      </trkpt>
      <trkpt lat="43.22647268883883953094482421875" lon="-109.6581614948809146881103515625">
        <ele>3654.60009765625</ele>
        <time>2017-09-03T19:19:38.000Z</time>
        <extensions>
          <ns3:TrackPointExtension>
            <ns3:atemp>28.0</ns3:atemp>
            <ns3:cad>0</ns3:cad>
          </ns3:TrackPointExtension>
        </extensions>
      </trkpt>
      <trkpt lat="43.226618953049182891845703125" lon="-109.6581557951867580413818359375">
        <ele>3654.60009765625</ele>
        <time>2017-09-03T19:19:54.000Z</time>
        <extensions>
          <ns3:TrackPointExtension>
            <ns3:atemp>28.0</ns3:atemp>
            <ns3:cad>0</ns3:cad>
          </ns3:TrackPointExtension>
        </extensions>
      </trkpt>
      <trkpt lat="43.226653151214122772216796875" lon="-109.658188484609127044677734375">
        <ele>3654.60009765625</ele>
        <time>2017-09-03T19:19:57.000Z</time>
        <extensions>
          <ns3:TrackPointExtension>
            <ns3:atemp>28.0</ns3:atemp>
            <ns3:cad>0</ns3:cad>
          </ns3:TrackPointExtension>
        </extensions>
      </trkpt>
      <trkpt lat="43.22670109570026397705078125" lon="-109.6582151390612125396728515625">
        <ele>3654.800048828125</ele>
        <time>2017-09-03T19:20:02.000Z</time>
        <extensions>
          <ns3:TrackPointExtension>
            <ns3:atemp>28.0</ns3:atemp>
            <ns3:cad>0</ns3:cad>
          </ns3:TrackPointExtension>
        </extensions>
      </trkpt>
      <trkpt lat="43.22671450674533843994140625" lon="-109.6582241915166378021240234375">
        <ele>3655.199951171875</ele>
        <time>2017-09-03T19:20:05.000Z</time>
        <extensions>
          <ns3:TrackPointExtension>
            <ns3:atemp>28.0</ns3:atemp>
            <ns3:cad>0</ns3:cad>
          </ns3:TrackPointExtension>
        </extensions>
      </trkpt>
      <trkpt lat="43.2267361320555210113525390625" lon="-109.65823198668658733367919921875">
        <ele>3655.60009765625</ele>
        <time>2017-09-03T19:20:07.000Z</time>
        <extensions>
          <ns3:TrackPointExtension>
            <ns3:atemp>28.0</ns3:atemp>
            <ns3:cad>61</ns3:cad>
          </ns3:TrackPointExtension>
        </extensions>
      </trkpt>
      <trkpt lat="43.226759769022464752197265625" lon="-109.658242128789424896240234375">
        <ele>3655.60009765625</ele>
        <time>2017-09-03T19:20:09.000Z</time>
        <extensions>
          <ns3:TrackPointExtension>
            <ns3:atemp>28.0</ns3:atemp>
            <ns3:cad>61</ns3:cad>
          </ns3:TrackPointExtension>
        </extensions>
      </trkpt>
      <trkpt lat="43.22678801603615283966064453125" lon="-109.65825386345386505126953125">
        <ele>3655.60009765625</ele>
        <time>2017-09-03T19:20:13.000Z</time>
        <extensions>
          <ns3:TrackPointExtension>
            <ns3:atemp>28.0</ns3:atemp>
            <ns3:cad>0</ns3:cad>
          </ns3:TrackPointExtension>
        </extensions>
      </trkpt>
      <trkpt lat="43.22681668214499950408935546875" lon="-109.6582654304802417755126953125">
        <ele>3655.60009765625</ele>
        <time>2017-09-03T19:20:16.000Z</time>
        <extensions>
          <ns3:TrackPointExtension>
            <ns3:atemp>28.0</ns3:atemp>
            <ns3:cad>0</ns3:cad>
          </ns3:TrackPointExtension>
        </extensions>
      </trkpt>
      <trkpt lat="43.22683897800743579864501953125" lon="-109.65827305801212787628173828125">
        <ele>3655.800048828125</ele>
        <time>2017-09-03T19:20:20.000Z</time>
        <extensions>
          <ns3:TrackPointExtension>
            <ns3:atemp>28.0</ns3:atemp>
            <ns3:cad>0</ns3:cad>
          </ns3:TrackPointExtension>
        </extensions>
      </trkpt>
      <trkpt lat="43.226845599710941314697265625" lon="-109.65828596614301204681396484375">
        <ele>3655.800048828125</ele>
        <time>2017-09-03T19:20:23.000Z</time>
        <extensions>
          <ns3:TrackPointExtension>
            <ns3:atemp>28.0</ns3:atemp>
            <ns3:cad>0</ns3:cad>
          </ns3:TrackPointExtension>
        </extensions>
      </trkpt>
      <trkpt lat="43.2269865833222866058349609375" lon="-109.6584173105657100677490234375">
        <ele>3655.800048828125</ele>
        <time>2017-09-03T19:20:51.000Z</time>
        <extensions>
          <ns3:TrackPointExtension>
            <ns3:atemp>28.0</ns3:atemp>
            <ns3:cad>40</ns3:cad>
          </ns3:TrackPointExtension>
        </extensions>
      </trkpt>
      <trkpt lat="43.22711683809757232666015625" lon="-109.6585698612034320831298828125">
        <ele>3655.39990234375</ele>
        <time>2017-09-03T19:21:17.000Z</time>
        <extensions>
          <ns3:TrackPointExtension>
            <ns3:atemp>28.0</ns3:atemp>
            <ns3:cad>61</ns3:cad>
          </ns3:TrackPointExtension>
        </extensions>
      </trkpt>
      <trkpt lat="43.2271428219974040985107421875" lon="-109.65862241573631763458251953125">
        <ele>3654.60009765625</ele>
        <time>2017-09-03T19:21:22.000Z</time>
        <extensions>
          <ns3:TrackPointExtension>
            <ns3:atemp>28.0</ns3:atemp>
            <ns3:cad>61</ns3:cad>
          </ns3:TrackPointExtension>
        </extensions>
      </trkpt>
      <trkpt lat="43.227201662957668304443359375" lon="-109.6586855314671993255615234375">
        <ele>3653.39990234375</ele>
        <time>2017-09-03T19:21:32.000Z</time>
        <extensions>
          <ns3:TrackPointExtension>
            <ns3:atemp>28.0</ns3:atemp>
            <ns3:cad>0</ns3:cad>
          </ns3:TrackPointExtension>
        </extensions>
      </trkpt>
      <trkpt lat="43.22735982947051525115966796875" lon="-109.658764488995075225830078125">
        <ele>3653.60009765625</ele>
        <time>2017-09-03T19:21:57.000Z</time>
        <extensions>
          <ns3:TrackPointExtension>
            <ns3:atemp>28.0</ns3:atemp>
            <ns3:cad>46</ns3:cad>
          </ns3:TrackPointExtension>
        </extensions>
      </trkpt>
      <trkpt lat="43.22737910784780979156494140625" lon="-109.6587668359279632568359375">
        <ele>3653.39990234375</ele>
        <time>2017-09-03T19:21:59.000Z</time>
        <extensions>
          <ns3:TrackPointExtension>
            <ns3:atemp>28.0</ns3:atemp>
            <ns3:cad>46</ns3:cad>
          </ns3:TrackPointExtension>
        </extensions>
      </trkpt>
      <trkpt lat="43.22740492410957813262939453125" lon="-109.65875535272061824798583984375">
        <ele>3653.199951171875</ele>
        <time>2017-09-03T19:22:01.000Z</time>
        <extensions>
          <ns3:TrackPointExtension>
            <ns3:atemp>28.0</ns3:atemp>
            <ns3:cad>46</ns3:cad>
          </ns3:TrackPointExtension>
        </extensions>
      </trkpt>
      <trkpt lat="43.2274288125336170196533203125" lon="-109.658767841756343841552734375">
        <ele>3652.800048828125</ele>
        <time>2017-09-03T19:22:04.000Z</time>
        <extensions>
          <ns3:TrackPointExtension>
            <ns3:atemp>28.0</ns3:atemp>
            <ns3:cad>0</ns3:cad>
          </ns3:TrackPointExtension>
        </extensions>
      </trkpt>
      <trkpt lat="43.22744281031191349029541015625" lon="-109.658789969980716705322265625">
        <ele>3652.60009765625</ele>
        <time>2017-09-03T19:22:06.000Z</time>
        <extensions>
          <ns3:TrackPointExtension>
            <ns3:atemp>28.0</ns3:atemp>
            <ns3:cad>0</ns3:cad>
          </ns3:TrackPointExtension>
        </extensions>
      </trkpt>
      <trkpt lat="43.22747013531625270843505859375" lon="-109.6588270179927349090576171875">
        <ele>3652.39990234375</ele>
        <time>2017-09-03T19:22:10.000Z</time>
        <extensions>
          <ns3:TrackPointExtension>
            <ns3:atemp>28.0</ns3:atemp>
            <ns3:cad>0</ns3:cad>
          </ns3:TrackPointExtension>
        </extensions>
      </trkpt>
      <trkpt lat="43.227492012083530426025390625" lon="-109.65884185396134853363037109375">
        <ele>3652.199951171875</ele>
        <time>2017-09-03T19:22:12.000Z</time>
        <extensions>
          <ns3:TrackPointExtension>
            <ns3:atemp>28.0</ns3:atemp>
            <ns3:cad>0</ns3:cad>
          </ns3:TrackPointExtension>
        </extensions>
      </trkpt>
      <trkpt lat="43.22750852443277835845947265625" lon="-109.6588538400828838348388671875">
        <ele>3651.800048828125</ele>
        <time>2017-09-03T19:22:14.000Z</time>
        <extensions>
          <ns3:TrackPointExtension>
            <ns3:atemp>28.0</ns3:atemp>
            <ns3:cad>0</ns3:cad>
          </ns3:TrackPointExtension>
        </extensions>
      </trkpt>
      <trkpt lat="43.22754574008285999298095703125" lon="-109.65887789614498615264892578125">
        <ele>3651.60009765625</ele>
        <time>2017-09-03T19:22:20.000Z</time>
        <extensions>
          <ns3:TrackPointExtension>
            <ns3:atemp>27.0</ns3:atemp>
            <ns3:cad>0</ns3:cad>
          </ns3:TrackPointExtension>
        </extensions>
      </trkpt>
      <trkpt lat="43.22756267152726650238037109375" lon="-109.65889222919940948486328125">
        <ele>3651.800048828125</ele>
        <time>2017-09-03T19:22:25.000Z</time>
        <extensions>
          <ns3:TrackPointExtension>
            <ns3:atemp>27.0</ns3:atemp>
            <ns3:cad>0</ns3:cad>
          </ns3:TrackPointExtension>
        </extensions>
      </trkpt>
      <trkpt lat="43.22761028073728084564208984375" lon="-109.6589547581970691680908203125">
        <ele>3651.39990234375</ele>
        <time>2017-09-03T19:22:38.000Z</time>
        <extensions>
          <ns3:TrackPointExtension>
            <ns3:atemp>27.0</ns3:atemp>
            <ns3:cad>61</ns3:cad>
          </ns3:TrackPointExtension>
        </extensions>
      </trkpt>
      <trkpt lat="43.22764229960739612579345703125" lon="-109.6589735336601734161376953125">
        <ele>3651.199951171875</ele>
        <time>2017-09-03T19:22:42.000Z</time>
        <extensions>
          <ns3:TrackPointExtension>
            <ns3:atemp>27.0</ns3:atemp>
            <ns3:cad>63</ns3:cad>
          </ns3:TrackPointExtension>
        </extensions>
      </trkpt>
      <trkpt lat="43.227681778371334075927734375" lon="-109.65903765521943569183349609375">
        <ele>3651.39990234375</ele>
        <time>2017-09-03T19:22:50.000Z</time>
        <extensions>
          <ns3:TrackPointExtension>
            <ns3:atemp>27.0</ns3:atemp>
            <ns3:cad>63</ns3:cad>
          </ns3:TrackPointExtension>
        </extensions>
      </trkpt>
      <trkpt lat="43.22768144309520721435546875" lon="-109.65905341319739818572998046875">
        <ele>3651.60009765625</ele>
        <time>2017-09-03T19:22:54.000Z</time>
        <extensions>
          <ns3:TrackPointExtension>
            <ns3:atemp>27.0</ns3:atemp>
            <ns3:cad>0</ns3:cad>
          </ns3:TrackPointExtension>
        </extensions>
      </trkpt>
      <trkpt lat="43.227694518864154815673828125" lon="-109.6590727753937244415283203125">
        <ele>3651.60009765625</ele>
        <time>2017-09-03T19:22:56.000Z</time>
        <extensions>
          <ns3:TrackPointExtension>
            <ns3:atemp>27.0</ns3:atemp>
            <ns3:cad>0</ns3:cad>
          </ns3:TrackPointExtension>
        </extensions>
      </trkpt>
      <trkpt lat="43.227860145270824432373046875" lon="-109.6589889563620090484619140625">
        <ele>3651.199951171875</ele>
        <time>2017-09-03T19:23:26.000Z</time>
        <extensions>
          <ns3:TrackPointExtension>
            <ns3:atemp>28.0</ns3:atemp>
            <ns3:cad>61</ns3:cad>
          </ns3:TrackPointExtension>
        </extensions>
      </trkpt>
      <trkpt lat="43.2280080020427703857421875" lon="-109.6589545905590057373046875">
        <ele>3650.39990234375</ele>
        <time>2017-09-03T19:23:48.000Z</time>
        <extensions>
          <ns3:TrackPointExtension>
            <ns3:atemp>28.0</ns3:atemp>
            <ns3:cad>40</ns3:cad>
          </ns3:TrackPointExtension>
        </extensions>
      </trkpt>
      <trkpt lat="43.22808486409485340118408203125" lon="-109.65896976180374622344970703125">
        <ele>3649.199951171875</ele>
        <time>2017-09-03T19:24:03.000Z</time>
        <extensions>
          <ns3:TrackPointExtension>
            <ns3:atemp>28.0</ns3:atemp>
            <ns3:cad>61</ns3:cad>
          </ns3:TrackPointExtension>
        </extensions>
      </trkpt>
      <trkpt lat="43.22817505337297916412353515625" lon="-109.658950231969356536865234375">
        <ele>3648.60009765625</ele>
        <time>2017-09-03T19:24:56.000Z</time>
        <extensions>
          <ns3:TrackPointExtension>
            <ns3:atemp>28.0</ns3:atemp>
            <ns3:cad>0</ns3:cad>
          </ns3:TrackPointExtension>
        </extensions>
      </trkpt>
      <trkpt lat="43.22819500230252742767333984375" lon="-109.65895526111125946044921875">
        <ele>3648</ele>
        <time>2017-09-03T19:25:04.000Z</time>
        <extensions>
          <ns3:TrackPointExtension>
            <ns3:atemp>28.0</ns3:atemp>
            <ns3:cad>0</ns3:cad>
          </ns3:TrackPointExtension>
        </extensions>
      </trkpt>
      <trkpt lat="43.2282827608287334442138671875" lon="-109.65898300521075725555419921875">
        <ele>3647</ele>
        <time>2017-09-03T19:25:23.000Z</time>
        <extensions>
          <ns3:TrackPointExtension>
            <ns3:atemp>28.0</ns3:atemp>
            <ns3:cad>61</ns3:cad>
          </ns3:TrackPointExtension>
        </extensions>
      </trkpt>
      <trkpt lat="43.22835342027246952056884765625" lon="-109.6590204723179340362548828125">
        <ele>3646</ele>
        <time>2017-09-03T19:25:30.000Z</time>
        <extensions>
          <ns3:TrackPointExtension>
            <ns3:atemp>28.0</ns3:atemp>
            <ns3:cad>0</ns3:cad>
          </ns3:TrackPointExtension>
        </extensions>
      </trkpt>
      <trkpt lat="43.2283642329275608062744140625" lon="-109.65901887975633144378662109375">
        <ele>3646</ele>
        <time>2017-09-03T19:25:31.000Z</time>
        <extensions>
          <ns3:TrackPointExtension>
            <ns3:atemp>28.0</ns3:atemp>
            <ns3:cad>0</ns3:cad>
          </ns3:TrackPointExtension>
        </extensions>
      </trkpt>
      <trkpt lat="43.22854922153055667877197265625" lon="-109.6589929796755313873291015625">
        <ele>3645.39990234375</ele>
        <time>2017-09-03T19:25:49.000Z</time>
        <extensions>
          <ns3:TrackPointExtension>
            <ns3:atemp>27.0</ns3:atemp>
            <ns3:cad>0</ns3:cad>
          </ns3:TrackPointExtension>
        </extensions>
      </trkpt>
      <trkpt lat="43.228705041110515594482421875" lon="-109.658956937491893768310546875">
        <ele>3645</ele>
        <time>2017-09-03T19:26:01.000Z</time>
        <extensions>
          <ns3:TrackPointExtension>
            <ns3:atemp>27.0</ns3:atemp>
            <ns3:cad>0</ns3:cad>
          </ns3:TrackPointExtension>
        </extensions>
      </trkpt>
      <trkpt lat="43.2287135906517505645751953125" lon="-109.658934138715267181396484375">
        <ele>3645</ele>
        <time>2017-09-03T19:26:03.000Z</time>
        <extensions>
          <ns3:TrackPointExtension>
            <ns3:atemp>27.0</ns3:atemp>
            <ns3:cad>0</ns3:cad>
          </ns3:TrackPointExtension>
        </extensions>
      </trkpt>
      <trkpt lat="43.22871719487011432647705078125" lon="-109.6589138545095920562744140625">
        <ele>3644.800048828125</ele>
        <time>2017-09-03T19:26:05.000Z</time>
        <extensions>
          <ns3:TrackPointExtension>
            <ns3:atemp>27.0</ns3:atemp>
            <ns3:cad>0</ns3:cad>
          </ns3:TrackPointExtension>
        </extensions>
      </trkpt>
      <trkpt lat="43.22871535085141658782958984375" lon="-109.6589048020541667938232421875">
        <ele>3644.800048828125</ele>
        <time>2017-09-03T19:26:07.000Z</time>
        <extensions>
          <ns3:TrackPointExtension>
            <ns3:atemp>27.0</ns3:atemp>
            <ns3:cad>0</ns3:cad>
          </ns3:TrackPointExtension>
        </extensions>
      </trkpt>
      <trkpt lat="43.22870747186243534088134765625" lon="-109.65890471823513507843017578125">
        <ele>3644.800048828125</ele>
        <time>2017-09-03T19:26:09.000Z</time>
        <extensions>
          <ns3:TrackPointExtension>
            <ns3:atemp>27.0</ns3:atemp>
            <ns3:cad>0</ns3:cad>
          </ns3:TrackPointExtension>
        </extensions>
      </trkpt>
      <trkpt lat="43.2287994213402271270751953125" lon="-109.658927433192729949951171875">
        <ele>3644.199951171875</ele>
        <time>2017-09-03T19:26:30.000Z</time>
        <extensions>
          <ns3:TrackPointExtension>
            <ns3:atemp>27.0</ns3:atemp>
            <ns3:cad>61</ns3:cad>
          </ns3:TrackPointExtension>
        </extensions>
      </trkpt>
      <trkpt lat="43.22884242050349712371826171875" lon="-109.65894428081810474395751953125">
        <ele>3644.39990234375</ele>
        <time>2017-09-03T19:26:34.000Z</time>
        <extensions>
          <ns3:TrackPointExtension>
            <ns3:atemp>27.0</ns3:atemp>
            <ns3:cad>0</ns3:cad>
          </ns3:TrackPointExtension>
        </extensions>
      </trkpt>
      <trkpt lat="43.22885356843471527099609375" lon="-109.65893455781042575836181640625">
        <ele>3644.800048828125</ele>
        <time>2017-09-03T19:26:36.000Z</time>
        <extensions>
          <ns3:TrackPointExtension>
            <ns3:atemp>27.0</ns3:atemp>
            <ns3:cad>0</ns3:cad>
          </ns3:TrackPointExtension>
        </extensions>
      </trkpt>
      <trkpt lat="43.2289536483585834503173828125" lon="-109.658916033804416656494140625">
        <ele>3645.60009765625</ele>
        <time>2017-09-03T19:26:50.000Z</time>
        <extensions>
          <ns3:TrackPointExtension>
            <ns3:atemp>27.0</ns3:atemp>
            <ns3:cad>0</ns3:cad>
          </ns3:TrackPointExtension>
        </extensions>
      </trkpt>
      <trkpt lat="43.22897686623036861419677734375" lon="-109.65887487865984439849853515625">
        <ele>3646</ele>
        <time>2017-09-03T19:26:56.000Z</time>
        <extensions>
          <ns3:TrackPointExtension>
            <ns3:atemp>27.0</ns3:atemp>
            <ns3:cad>0</ns3:cad>
          </ns3:TrackPointExtension>
        </extensions>
      </trkpt>
      <trkpt lat="43.22915623895823955535888671875" lon="-109.65883984230458736419677734375">
        <ele>3646.199951171875</ele>
        <time>2017-09-03T19:27:25.000Z</time>
        <extensions>
          <ns3:TrackPointExtension>
            <ns3:atemp>27.0</ns3:atemp>
            <ns3:cad>0</ns3:cad>
          </ns3:TrackPointExtension>
        </extensions>
      </trkpt>
      <trkpt lat="43.22929604910314083099365234375" lon="-109.65883280150592327117919921875">
        <ele>3647.199951171875</ele>
        <time>2017-09-03T19:27:41.000Z</time>
        <extensions>
          <ns3:TrackPointExtension>
            <ns3:atemp>27.0</ns3:atemp>
            <ns3:cad>45</ns3:cad>
          </ns3:TrackPointExtension>
        </extensions>
      </trkpt>
      <trkpt lat="43.22940769605338573455810546875" lon="-109.658830873668193817138671875">
        <ele>3647.39990234375</ele>
        <time>2017-09-03T19:27:54.000Z</time>
        <extensions>
          <ns3:TrackPointExtension>
            <ns3:atemp>27.0</ns3:atemp>
            <ns3:cad>62</ns3:cad>
          </ns3:TrackPointExtension>
        </extensions>
      </trkpt>
      <trkpt lat="43.22944642044603824615478515625" lon="-109.6588186360895633697509765625">
        <ele>3647.39990234375</ele>
        <time>2017-09-03T19:27:59.000Z</time>
        <extensions>
          <ns3:TrackPointExtension>
            <ns3:atemp>27.0</ns3:atemp>
            <ns3:cad>0</ns3:cad>
          </ns3:TrackPointExtension>
        </extensions>
      </trkpt>
      <trkpt lat="43.22948061861097812652587890625" lon="-109.65882718563079833984375">
        <ele>3647.199951171875</ele>
        <time>2017-09-03T19:28:03.000Z</time>
        <extensions>
          <ns3:TrackPointExtension>
            <ns3:atemp>27.0</ns3:atemp>
            <ns3:cad>0</ns3:cad>
          </ns3:TrackPointExtension>
        </extensions>
      </trkpt>
      <trkpt lat="43.2296215184032917022705078125" lon="-109.65884529054164886474609375">
        <ele>3648.199951171875</ele>
        <time>2017-09-03T19:28:26.000Z</time>
        <extensions>
          <ns3:TrackPointExtension>
            <ns3:atemp>27.0</ns3:atemp>
            <ns3:cad>61</ns3:cad>
          </ns3:TrackPointExtension>
        </extensions>
      </trkpt>
      <trkpt lat="43.22962746955454349517822265625" lon="-109.65884420089423656463623046875">
        <ele>3648.39990234375</ele>
        <time>2017-09-03T19:28:27.000Z</time>
        <extensions>
          <ns3:TrackPointExtension>
            <ns3:atemp>27.0</ns3:atemp>
            <ns3:cad>61</ns3:cad>
          </ns3:TrackPointExtension>
        </extensions>
      </trkpt>
      <trkpt lat="43.2296924293041229248046875" lon="-109.6588055603206157684326171875">
        <ele>3649.39990234375</ele>
        <time>2017-09-03T19:28:41.000Z</time>
        <extensions>
          <ns3:TrackPointExtension>
            <ns3:atemp>27.0</ns3:atemp>
            <ns3:cad>0</ns3:cad>
          </ns3:TrackPointExtension>
        </extensions>
      </trkpt>
      <trkpt lat="43.2298270426690578460693359375" lon="-109.658732302486896514892578125">
        <ele>3650.39990234375</ele>
        <time>2017-09-03T19:29:33.000Z</time>
        <extensions>
          <ns3:TrackPointExtension>
            <ns3:atemp>27.0</ns3:atemp>
            <ns3:cad>0</ns3:cad>
          </ns3:TrackPointExtension>
        </extensions>
      </trkpt>
      <trkpt lat="43.2299725525081157684326171875" lon="-109.6586395986378192901611328125">
        <ele>3651</ele>
        <time>2017-09-03T19:30:12.000Z</time>
        <extensions>
          <ns3:TrackPointExtension>
            <ns3:atemp>27.0</ns3:atemp>
            <ns3:cad>61</ns3:cad>
          </ns3:TrackPointExtension>
        </extensions>
      </trkpt>
      <trkpt lat="43.23005109094083309173583984375" lon="-109.65864680707454681396484375">
        <ele>3651</ele>
        <time>2017-09-03T19:30:21.000Z</time>
        <extensions>
          <ns3:TrackPointExtension>
            <ns3:atemp>27.0</ns3:atemp>
            <ns3:cad>61</ns3:cad>
          </ns3:TrackPointExtension>
        </extensions>
      </trkpt>
      <trkpt lat="43.2300620712339878082275390625" lon="-109.6586312167346477508544921875">
        <ele>3651.199951171875</ele>
        <time>2017-09-03T19:30:23.000Z</time>
        <extensions>
          <ns3:TrackPointExtension>
            <ns3:atemp>27.0</ns3:atemp>
            <ns3:cad>61</ns3:cad>
          </ns3:TrackPointExtension>
        </extensions>
      </trkpt>
      <trkpt lat="43.23007087223231792449951171875" lon="-109.6586050651967525482177734375">
        <ele>3651.39990234375</ele>
        <time>2017-09-03T19:30:26.000Z</time>
        <extensions>
          <ns3:TrackPointExtension>
            <ns3:atemp>27.0</ns3:atemp>
            <ns3:cad>61</ns3:cad>
          </ns3:TrackPointExtension>
        </extensions>
      </trkpt>
      <trkpt lat="43.23007556609809398651123046875" lon="-109.65859676711261272430419921875">
        <ele>3651.60009765625</ele>
        <time>2017-09-03T19:30:27.000Z</time>
        <extensions>
          <ns3:TrackPointExtension>
            <ns3:atemp>27.0</ns3:atemp>
            <ns3:cad>61</ns3:cad>
          </ns3:TrackPointExtension>
        </extensions>
      </trkpt>
      <trkpt lat="43.2301086746156215667724609375" lon="-109.65856960974633693695068359375">
        <ele>3652.199951171875</ele>
        <time>2017-09-03T19:30:31.000Z</time>
        <extensions>
          <ns3:TrackPointExtension>
            <ns3:atemp>27.0</ns3:atemp>
            <ns3:cad>0</ns3:cad>
          </ns3:TrackPointExtension>
        </extensions>
      </trkpt>
      <trkpt lat="43.23020816780626773834228515625" lon="-109.65854345820844173431396484375">
        <ele>3652.60009765625</ele>
        <time>2017-09-03T19:30:40.000Z</time>
        <extensions>
          <ns3:TrackPointExtension>
            <ns3:atemp>27.0</ns3:atemp>
            <ns3:cad>63</ns3:cad>
          </ns3:TrackPointExtension>
        </extensions>
      </trkpt>
      <trkpt lat="43.230238594114780426025390625" lon="-109.6585229225456714630126953125">
        <ele>3653</ele>
        <time>2017-09-03T19:30:44.000Z</time>
        <extensions>
          <ns3:TrackPointExtension>
            <ns3:atemp>27.0</ns3:atemp>
            <ns3:cad>0</ns3:cad>
          </ns3:TrackPointExtension>
        </extensions>
      </trkpt>
      <trkpt lat="43.23029651306569576263427734375" lon="-109.65849568136036396026611328125">
        <ele>3653.39990234375</ele>
        <time>2017-09-03T19:30:50.000Z</time>
        <extensions>
          <ns3:TrackPointExtension>
            <ns3:atemp>27.0</ns3:atemp>
            <ns3:cad>0</ns3:cad>
          </ns3:TrackPointExtension>
        </extensions>
      </trkpt>
      <trkpt lat="43.23035434819757938385009765625" lon="-109.65845947153866291046142578125">
        <ele>3653.60009765625</ele>
        <time>2017-09-03T19:30:57.000Z</time>
        <extensions>
          <ns3:TrackPointExtension>
            <ns3:atemp>26.0</ns3:atemp>
            <ns3:cad>61</ns3:cad>
          </ns3:TrackPointExtension>
        </extensions>
      </trkpt>
      <trkpt lat="43.23041302151978015899658203125" lon="-109.6584236808121204376220703125">
        <ele>3653.800048828125</ele>
        <time>2017-09-03T19:31:04.000Z</time>
        <extensions>
          <ns3:TrackPointExtension>
            <ns3:atemp>26.0</ns3:atemp>
            <ns3:cad>0</ns3:cad>
          </ns3:TrackPointExtension>
        </extensions>
      </trkpt>
      <trkpt lat="43.23045526631176471710205078125" lon="-109.6584089286625385284423828125">
        <ele>3654</ele>
        <time>2017-09-03T19:31:10.000Z</time>
        <extensions>
          <ns3:TrackPointExtension>
            <ns3:atemp>26.0</ns3:atemp>
            <ns3:cad>63</ns3:cad>
          </ns3:TrackPointExtension>
        </extensions>
      </trkpt>
      <trkpt lat="43.230489380657672882080078125" lon="-109.658403061330318450927734375">
        <ele>3654</ele>
        <time>2017-09-03T19:31:14.000Z</time>
        <extensions>
          <ns3:TrackPointExtension>
            <ns3:atemp>26.0</ns3:atemp>
            <ns3:cad>61</ns3:cad>
          </ns3:TrackPointExtension>
        </extensions>
      </trkpt>
      <trkpt lat="43.230508156120777130126953125" lon="-109.658407084643840789794921875">
        <ele>3654.199951171875</ele>
        <time>2017-09-03T19:31:16.000Z</time>
        <extensions>
          <ns3:TrackPointExtension>
            <ns3:atemp>26.0</ns3:atemp>
            <ns3:cad>46</ns3:cad>
          </ns3:TrackPointExtension>
        </extensions>
      </trkpt>
      <trkpt lat="43.23053556494414806365966796875" lon="-109.6584099344909191131591796875">
        <ele>3654.60009765625</ele>
        <time>2017-09-03T19:31:19.000Z</time>
        <extensions>
          <ns3:TrackPointExtension>
            <ns3:atemp>26.0</ns3:atemp>
            <ns3:cad>46</ns3:cad>
          </ns3:TrackPointExtension>
        </extensions>
      </trkpt>
      <trkpt lat="43.23055274784564971923828125" lon="-109.65842208825051784515380859375">
        <ele>3654.800048828125</ele>
        <time>2017-09-03T19:31:21.000Z</time>
        <extensions>
          <ns3:TrackPointExtension>
            <ns3:atemp>26.0</ns3:atemp>
            <ns3:cad>0</ns3:cad>
          </ns3:TrackPointExtension>
        </extensions>
      </trkpt>
      <trkpt lat="43.2305700145661830902099609375" lon="-109.6584555320441722869873046875">
        <ele>3654.800048828125</ele>
        <time>2017-09-03T19:31:24.000Z</time>
        <extensions>
          <ns3:TrackPointExtension>
            <ns3:atemp>26.0</ns3:atemp>
            <ns3:cad>0</ns3:cad>
          </ns3:TrackPointExtension>
        </extensions>
      </trkpt>
      <trkpt lat="43.2306498102843761444091796875" lon="-109.65864370577037334442138671875">
        <ele>3653.800048828125</ele>
        <time>2017-09-03T19:31:39.000Z</time>
        <extensions>
          <ns3:TrackPointExtension>
            <ns3:atemp>26.0</ns3:atemp>
            <ns3:cad>61</ns3:cad>
          </ns3:TrackPointExtension>
        </extensions>
      </trkpt>
      <trkpt lat="43.230662383139133453369140625" lon="-109.65864278376102447509765625">
        <ele>3653.60009765625</ele>
        <time>2017-09-03T19:31:41.000Z</time>
        <extensions>
          <ns3:TrackPointExtension>
            <ns3:atemp>26.0</ns3:atemp>
            <ns3:cad>61</ns3:cad>
          </ns3:TrackPointExtension>
        </extensions>
      </trkpt>
      <trkpt lat="43.2307175360620021820068359375" lon="-109.6586463041603565216064453125">
        <ele>3653.39990234375</ele>
        <time>2017-09-03T19:31:46.000Z</time>
        <extensions>
          <ns3:TrackPointExtension>
            <ns3:atemp>26.0</ns3:atemp>
            <ns3:cad>61</ns3:cad>
          </ns3:TrackPointExtension>
        </extensions>
      </trkpt>
      <trkpt lat="43.23079288937151432037353515625" lon="-109.65863876044750213623046875">
        <ele>3653.800048828125</ele>
        <time>2017-09-03T19:31:52.000Z</time>
        <extensions>
          <ns3:TrackPointExtension>
            <ns3:atemp>26.0</ns3:atemp>
            <ns3:cad>61</ns3:cad>
          </ns3:TrackPointExtension>
        </extensions>
      </trkpt>
      <trkpt lat="43.23097377084195613861083984375" lon="-109.65863649733364582061767578125">
        <ele>3653.39990234375</ele>
        <time>2017-09-03T19:32:11.000Z</time>
        <extensions>
          <ns3:TrackPointExtension>
            <ns3:atemp>26.0</ns3:atemp>
            <ns3:cad>61</ns3:cad>
          </ns3:TrackPointExtension>
        </extensions>
      </trkpt>
      <trkpt lat="43.23099422268569469451904296875" lon="-109.65863280929625034332275390625">
        <ele>3653.199951171875</ele>
        <time>2017-09-03T19:32:15.000Z</time>
        <extensions>
          <ns3:TrackPointExtension>
            <ns3:atemp>26.0</ns3:atemp>
            <ns3:cad>0</ns3:cad>
          </ns3:TrackPointExtension>
        </extensions>
      </trkpt>
      <trkpt lat="43.2310353778302669525146484375" lon="-109.65861772187054157257080078125">
        <ele>3652.39990234375</ele>
        <time>2017-09-03T19:33:18.000Z</time>
        <extensions>
          <ns3:TrackPointExtension>
            <ns3:atemp>26.0</ns3:atemp>
            <ns3:cad>0</ns3:cad>
          </ns3:TrackPointExtension>
        </extensions>
      </trkpt>
      <trkpt lat="43.231010399758815765380859375" lon="-109.65863448567688465118408203125">
        <ele>3652.199951171875</ele>
        <time>2017-09-03T19:33:28.000Z</time>
        <extensions>
          <ns3:TrackPointExtension>
            <ns3:atemp>26.0</ns3:atemp>
            <ns3:cad>0</ns3:cad>
          </ns3:TrackPointExtension>
        </extensions>
      </trkpt>
      <trkpt lat="43.230998329818248748779296875" lon="-109.65863632969558238983154296875">
        <ele>3653.60009765625</ele>
        <time>2017-09-03T19:33:31.000Z</time>
        <extensions>
          <ns3:TrackPointExtension>
            <ns3:atemp>26.0</ns3:atemp>
            <ns3:cad>0</ns3:cad>
          </ns3:TrackPointExtension>
        </extensions>
      </trkpt>
      <trkpt lat="43.23100511915981769561767578125" lon="-109.65858536772429943084716796875">
        <ele>3653.199951171875</ele>
        <time>2017-09-03T19:35:01.000Z</time>
        <extensions>
          <ns3:TrackPointExtension>
            <ns3:atemp>26.0</ns3:atemp>
            <ns3:cad>0</ns3:cad>
          </ns3:TrackPointExtension>
        </extensions>
      </trkpt>
      <trkpt lat="43.2310377247631549835205078125" lon="-109.6586798317730426788330078125">
        <ele>3653.60009765625</ele>
        <time>2017-09-03T19:35:43.000Z</time>
        <extensions>
          <ns3:TrackPointExtension>
            <ns3:atemp>26.0</ns3:atemp>
            <ns3:cad>0</ns3:cad>
          </ns3:TrackPointExtension>
        </extensions>
      </trkpt>
      <trkpt lat="43.231025151908397674560546875" lon="-109.6589259244501590728759765625">
        <ele>3654.199951171875</ele>
        <time>2017-09-03T19:35:59.000Z</time>
        <extensions>
          <ns3:TrackPointExtension>
            <ns3:atemp>26.0</ns3:atemp>
            <ns3:cad>0</ns3:cad>
          </ns3:TrackPointExtension>
        </extensions>
      </trkpt>
      <trkpt lat="43.23103663511574268341064453125" lon="-109.6590110845863819122314453125">
        <ele>3654.60009765625</ele>
        <time>2017-09-03T19:36:06.000Z</time>
        <extensions>
          <ns3:TrackPointExtension>
            <ns3:atemp>26.0</ns3:atemp>
            <ns3:cad>61</ns3:cad>
          </ns3:TrackPointExtension>
        </extensions>
      </trkpt>
      <trkpt lat="43.23105339892208576202392578125" lon="-109.65908492915332317352294921875">
        <ele>3654.199951171875</ele>
        <time>2017-09-03T19:36:13.000Z</time>
        <extensions>
          <ns3:TrackPointExtension>
            <ns3:atemp>26.0</ns3:atemp>
            <ns3:cad>61</ns3:cad>
          </ns3:TrackPointExtension>
        </extensions>
      </trkpt>
      <trkpt lat="43.2310588471591472625732421875" lon="-109.65915868990123271942138671875">
        <ele>3654.199951171875</ele>
        <time>2017-09-03T19:36:18.000Z</time>
        <extensions>
          <ns3:TrackPointExtension>
            <ns3:atemp>26.0</ns3:atemp>
            <ns3:cad>0</ns3:cad>
          </ns3:TrackPointExtension>
        </extensions>
      </trkpt>
      <trkpt lat="43.231078125536441802978515625" lon="-109.6592779643833637237548828125">
        <ele>3653.60009765625</ele>
        <time>2017-09-03T19:36:28.000Z</time>
        <extensions>
          <ns3:TrackPointExtension>
            <ns3:atemp>26.0</ns3:atemp>
            <ns3:cad>0</ns3:cad>
          </ns3:TrackPointExtension>
        </extensions>
      </trkpt>
      <trkpt lat="43.231084160506725311279296875" lon="-109.6592910401523113250732421875">
        <ele>3653.60009765625</ele>
        <time>2017-09-03T19:36:29.000Z</time>
        <extensions>
          <ns3:TrackPointExtension>
            <ns3:atemp>26.0</ns3:atemp>
            <ns3:cad>0</ns3:cad>
          </ns3:TrackPointExtension>
        </extensions>
      </trkpt>
      <trkpt lat="43.2310886867344379425048828125" lon="-109.65930302627384662628173828125">
        <ele>3653.60009765625</ele>
        <time>2017-09-03T19:36:30.000Z</time>
        <extensions>
          <ns3:TrackPointExtension>
            <ns3:atemp>26.0</ns3:atemp>
            <ns3:cad>0</ns3:cad>
          </ns3:TrackPointExtension>
        </extensions>
      </trkpt>
      <trkpt lat="43.2311121560633182525634765625" lon="-109.65933403931558132171630859375">
        <ele>3653.60009765625</ele>
        <time>2017-09-03T19:36:34.000Z</time>
        <extensions>
          <ns3:TrackPointExtension>
            <ns3:atemp>26.0</ns3:atemp>
            <ns3:cad>0</ns3:cad>
          </ns3:TrackPointExtension>
        </extensions>
      </trkpt>
      <trkpt lat="43.23112498037517070770263671875" lon="-109.6593483723700046539306640625">
        <ele>3653.800048828125</ele>
        <time>2017-09-03T19:36:36.000Z</time>
        <extensions>
          <ns3:TrackPointExtension>
            <ns3:atemp>26.0</ns3:atemp>
            <ns3:cad>0</ns3:cad>
          </ns3:TrackPointExtension>
        </extensions>
      </trkpt>
      <trkpt lat="43.23116219602525234222412109375" lon="-109.65941391885280609130859375">
        <ele>3653.800048828125</ele>
        <time>2017-09-03T19:36:42.000Z</time>
        <extensions>
          <ns3:TrackPointExtension>
            <ns3:atemp>26.0</ns3:atemp>
            <ns3:cad>0</ns3:cad>
          </ns3:TrackPointExtension>
        </extensions>
      </trkpt>
      <trkpt lat="43.2311835698783397674560546875" lon="-109.65945557691156864166259765625">
        <ele>3653.60009765625</ele>
        <time>2017-09-03T19:36:46.000Z</time>
        <extensions>
          <ns3:TrackPointExtension>
            <ns3:atemp>26.0</ns3:atemp>
            <ns3:cad>0</ns3:cad>
          </ns3:TrackPointExtension>
        </extensions>
      </trkpt>
      <trkpt lat="43.23120041750371456146240234375" lon="-109.65948290191590785980224609375">
        <ele>3653.39990234375</ele>
        <time>2017-09-03T19:36:50.000Z</time>
        <extensions>
          <ns3:TrackPointExtension>
            <ns3:atemp>26.0</ns3:atemp>
            <ns3:cad>0</ns3:cad>
          </ns3:TrackPointExtension>
        </extensions>
      </trkpt>
      <trkpt lat="43.23127962648868560791015625" lon="-109.65953537262976169586181640625">
        <ele>3653.60009765625</ele>
        <time>2017-09-03T19:37:02.000Z</time>
        <extensions>
          <ns3:TrackPointExtension>
            <ns3:atemp>26.0</ns3:atemp>
            <ns3:cad>0</ns3:cad>
          </ns3:TrackPointExtension>
        </extensions>
      </trkpt>
      <trkpt lat="43.2313124835491180419921875" lon="-109.65956068597733974456787109375">
        <ele>3653.199951171875</ele>
        <time>2017-09-03T19:37:06.000Z</time>
        <extensions>
          <ns3:TrackPointExtension>
            <ns3:atemp>26.0</ns3:atemp>
            <ns3:cad>0</ns3:cad>
          </ns3:TrackPointExtension>
        </extensions>
      </trkpt>
      <trkpt lat="43.2314558140933513641357421875" lon="-109.65972094796597957611083984375">
        <ele>3653</ele>
        <time>2017-09-03T19:37:26.000Z</time>
        <extensions>
          <ns3:TrackPointExtension>
            <ns3:atemp>26.0</ns3:atemp>
            <ns3:cad>0</ns3:cad>
          </ns3:TrackPointExtension>
        </extensions>
      </trkpt>
      <trkpt lat="43.2314725778996944427490234375" lon="-109.65973368845880031585693359375">
        <ele>3652.60009765625</ele>
        <time>2017-09-03T19:37:28.000Z</time>
        <extensions>
          <ns3:TrackPointExtension>
            <ns3:atemp>26.0</ns3:atemp>
            <ns3:cad>0</ns3:cad>
          </ns3:TrackPointExtension>
        </extensions>
      </trkpt>
      <trkpt lat="43.23156402446329593658447265625" lon="-109.65980929322540760040283203125">
        <ele>3652.60009765625</ele>
        <time>2017-09-03T19:37:39.000Z</time>
        <extensions>
          <ns3:TrackPointExtension>
            <ns3:atemp>26.0</ns3:atemp>
            <ns3:cad>0</ns3:cad>
          </ns3:TrackPointExtension>
        </extensions>
      </trkpt>
      <trkpt lat="43.23170484043657779693603515625" lon="-109.659961424767971038818359375">
        <ele>3653.199951171875</ele>
        <time>2017-09-03T19:37:57.000Z</time>
        <extensions>
          <ns3:TrackPointExtension>
            <ns3:atemp>26.0</ns3:atemp>
            <ns3:cad>0</ns3:cad>
          </ns3:TrackPointExtension>
        </extensions>
      </trkpt>
      <trkpt lat="43.23171020485460758209228515625" lon="-109.659984223544597625732421875">
        <ele>3653</ele>
        <time>2017-09-03T19:38:00.000Z</time>
        <extensions>
          <ns3:TrackPointExtension>
            <ns3:atemp>26.0</ns3:atemp>
            <ns3:cad>0</ns3:cad>
          </ns3:TrackPointExtension>
        </extensions>
      </trkpt>
      <trkpt lat="43.23173786513507366180419921875" lon="-109.6600132249295711517333984375">
        <ele>3652.800048828125</ele>
        <time>2017-09-03T19:38:12.000Z</time>
        <extensions>
          <ns3:TrackPointExtension>
            <ns3:atemp>26.0</ns3:atemp>
            <ns3:cad>0</ns3:cad>
          </ns3:TrackPointExtension>
        </extensions>
      </trkpt>
      <trkpt lat="43.23177357204258441925048828125" lon="-109.66008447110652923583984375">
        <ele>3652.60009765625</ele>
        <time>2017-09-03T19:38:33.000Z</time>
        <extensions>
          <ns3:TrackPointExtension>
            <ns3:atemp>26.0</ns3:atemp>
            <ns3:cad>61</ns3:cad>
          </ns3:TrackPointExtension>
        </extensions>
      </trkpt>
      <trkpt lat="43.2317096181213855743408203125" lon="-109.66016150079667568206787109375">
        <ele>3653.60009765625</ele>
        <time>2017-09-03T19:38:50.000Z</time>
        <extensions>
          <ns3:TrackPointExtension>
            <ns3:atemp>27.0</ns3:atemp>
            <ns3:cad>0</ns3:cad>
          </ns3:TrackPointExtension>
        </extensions>
      </trkpt>
      <trkpt lat="43.23168187402188777923583984375" lon="-109.6602127142250537872314453125">
        <ele>3653.60009765625</ele>
        <time>2017-09-03T19:38:55.000Z</time>
        <extensions>
          <ns3:TrackPointExtension>
            <ns3:atemp>27.0</ns3:atemp>
            <ns3:cad>0</ns3:cad>
          </ns3:TrackPointExtension>
        </extensions>
      </trkpt>
      <trkpt lat="43.2316638529300689697265625" lon="-109.66031639836728572845458984375">
        <ele>3654</ele>
        <time>2017-09-03T19:39:06.000Z</time>
        <extensions>
          <ns3:TrackPointExtension>
            <ns3:atemp>27.0</ns3:atemp>
            <ns3:cad>0</ns3:cad>
          </ns3:TrackPointExtension>
        </extensions>
      </trkpt>
      <trkpt lat="43.23166963644325733184814453125" lon="-109.6603139676153659820556640625">
        <ele>3653.60009765625</ele>
        <time>2017-09-03T19:39:16.000Z</time>
        <extensions>
          <ns3:TrackPointExtension>
            <ns3:atemp>27.0</ns3:atemp>
            <ns3:cad>0</ns3:cad>
          </ns3:TrackPointExtension>
        </extensions>
      </trkpt>
      <trkpt lat="43.23163694702088832855224609375" lon="-109.66034908778965473175048828125">
        <ele>3654.60009765625</ele>
        <time>2017-09-03T19:39:23.000Z</time>
        <extensions>
          <ns3:TrackPointExtension>
            <ns3:atemp>27.0</ns3:atemp>
            <ns3:cad>0</ns3:cad>
          </ns3:TrackPointExtension>
        </extensions>
      </trkpt>
      <trkpt lat="43.23162571527063846588134765625" lon="-109.66039669699966907501220703125">
        <ele>3655.39990234375</ele>
        <time>2017-09-03T19:39:28.000Z</time>
        <extensions>
          <ns3:TrackPointExtension>
            <ns3:atemp>27.0</ns3:atemp>
            <ns3:cad>0</ns3:cad>
          </ns3:TrackPointExtension>
        </extensions>
      </trkpt>
      <trkpt lat="43.23162940330803394317626953125" lon="-109.66041304171085357666015625">
        <ele>3655.800048828125</ele>
        <time>2017-09-03T19:39:30.000Z</time>
        <extensions>
          <ns3:TrackPointExtension>
            <ns3:atemp>27.0</ns3:atemp>
            <ns3:cad>61</ns3:cad>
          </ns3:TrackPointExtension>
        </extensions>
      </trkpt>
      <trkpt lat="43.23179469443857669830322265625" lon="-109.66041144914925098419189453125">
        <ele>3655.39990234375</ele>
        <time>2017-09-03T19:40:22.000Z</time>
        <extensions>
          <ns3:TrackPointExtension>
            <ns3:atemp>26.0</ns3:atemp>
            <ns3:cad>0</ns3:cad>
          </ns3:TrackPointExtension>
        </extensions>
      </trkpt>
      <trkpt lat="43.23181246407330036163330078125" lon="-109.660418070852756500244140625">
        <ele>3655.199951171875</ele>
        <time>2017-09-03T19:40:24.000Z</time>
        <extensions>
          <ns3:TrackPointExtension>
            <ns3:atemp>26.0</ns3:atemp>
            <ns3:cad>0</ns3:cad>
          </ns3:TrackPointExtension>
        </extensions>
      </trkpt>
      <trkpt lat="43.2318273000419139862060546875" lon="-109.66042854823172092437744140625">
        <ele>3655.199951171875</ele>
        <time>2017-09-03T19:40:26.000Z</time>
        <extensions>
          <ns3:TrackPointExtension>
            <ns3:atemp>26.0</ns3:atemp>
            <ns3:cad>0</ns3:cad>
          </ns3:TrackPointExtension>
        </extensions>
      </trkpt>
      <trkpt lat="43.2319010607898235321044921875" lon="-109.66044254601001739501953125">
        <ele>3655.199951171875</ele>
        <time>2017-09-03T19:40:36.000Z</time>
        <extensions>
          <ns3:TrackPointExtension>
            <ns3:atemp>26.0</ns3:atemp>
            <ns3:cad>0</ns3:cad>
          </ns3:TrackPointExtension>
        </extensions>
      </trkpt>
      <trkpt lat="43.23191924951970577239990234375" lon="-109.66044028289616107940673828125">
        <ele>3655.199951171875</ele>
        <time>2017-09-03T19:40:39.000Z</time>
        <extensions>
          <ns3:TrackPointExtension>
            <ns3:atemp>26.0</ns3:atemp>
            <ns3:cad>0</ns3:cad>
          </ns3:TrackPointExtension>
        </extensions>
      </trkpt>
      <trkpt lat="43.2319996319711208343505859375" lon="-109.66057875193655490875244140625">
        <ele>3656.800048828125</ele>
        <time>2017-09-03T19:41:10.000Z</time>
        <extensions>
          <ns3:TrackPointExtension>
            <ns3:atemp>26.0</ns3:atemp>
            <ns3:cad>41</ns3:cad>
          </ns3:TrackPointExtension>
        </extensions>
      </trkpt>
      <trkpt lat="43.23198848403990268707275390625" lon="-109.66071671806275844573974609375">
        <ele>3658</ele>
        <time>2017-09-03T19:41:27.000Z</time>
        <extensions>
          <ns3:TrackPointExtension>
            <ns3:atemp>26.0</ns3:atemp>
            <ns3:cad>0</ns3:cad>
          </ns3:TrackPointExtension>
        </extensions>
      </trkpt>
      <trkpt lat="43.23199736885726451873779296875" lon="-109.6606891416013240814208984375">
        <ele>3658.60009765625</ele>
        <time>2017-09-03T19:42:52.000Z</time>
        <extensions>
          <ns3:TrackPointExtension>
            <ns3:atemp>27.0</ns3:atemp>
            <ns3:cad>0</ns3:cad>
          </ns3:TrackPointExtension>
        </extensions>
      </trkpt>
      <trkpt lat="43.2319815270602703094482421875" lon="-109.66081528924405574798583984375">
        <ele>3658.800048828125</ele>
        <time>2017-09-03T19:43:10.000Z</time>
        <extensions>
          <ns3:TrackPointExtension>
            <ns3:atemp>28.0</ns3:atemp>
            <ns3:cad>0</ns3:cad>
          </ns3:TrackPointExtension>
        </extensions>
      </trkpt>
      <trkpt lat="43.23197926394641399383544921875" lon="-109.6608349867165088653564453125">
        <ele>3659</ele>
        <time>2017-09-03T19:43:12.000Z</time>
        <extensions>
          <ns3:TrackPointExtension>
            <ns3:atemp>28.0</ns3:atemp>
            <ns3:cad>0</ns3:cad>
          </ns3:TrackPointExtension>
        </extensions>
      </trkpt>
      <trkpt lat="43.23197574354708194732666015625" lon="-109.660854600369930267333984375">
        <ele>3659.39990234375</ele>
        <time>2017-09-03T19:43:14.000Z</time>
        <extensions>
          <ns3:TrackPointExtension>
            <ns3:atemp>28.0</ns3:atemp>
            <ns3:cad>0</ns3:cad>
          </ns3:TrackPointExtension>
        </extensions>
      </trkpt>
      <trkpt lat="43.23198161087930202484130859375" lon="-109.66088821180164813995361328125">
        <ele>3660</ele>
        <time>2017-09-03T19:43:19.000Z</time>
        <extensions>
          <ns3:TrackPointExtension>
            <ns3:atemp>28.0</ns3:atemp>
            <ns3:cad>0</ns3:cad>
          </ns3:TrackPointExtension>
        </extensions>
      </trkpt>
      <trkpt lat="43.23198831640183925628662109375" lon="-109.66101896949112415313720703125">
        <ele>3661</ele>
        <time>2017-09-03T19:43:35.000Z</time>
        <extensions>
          <ns3:TrackPointExtension>
            <ns3:atemp>28.0</ns3:atemp>
            <ns3:cad>0</ns3:cad>
          </ns3:TrackPointExtension>
        </extensions>
      </trkpt>
      <trkpt lat="43.2320046611130237579345703125" lon="-109.66108652763068675994873046875">
        <ele>3662.199951171875</ele>
        <time>2017-09-03T19:43:47.000Z</time>
        <extensions>
          <ns3:TrackPointExtension>
            <ns3:atemp>28.0</ns3:atemp>
            <ns3:cad>0</ns3:cad>
          </ns3:TrackPointExtension>
        </extensions>
      </trkpt>
      <trkpt lat="43.232012875378131866455078125" lon="-109.66113178990781307220458984375">
        <ele>3663.199951171875</ele>
        <time>2017-09-03T19:43:58.000Z</time>
        <extensions>
          <ns3:TrackPointExtension>
            <ns3:atemp>28.0</ns3:atemp>
            <ns3:cad>0</ns3:cad>
          </ns3:TrackPointExtension>
        </extensions>
      </trkpt>
      <trkpt lat="43.232045061886310577392578125" lon="-109.6612383238971233367919921875">
        <ele>3664.199951171875</ele>
        <time>2017-09-03T19:44:12.000Z</time>
        <extensions>
          <ns3:TrackPointExtension>
            <ns3:atemp>28.0</ns3:atemp>
            <ns3:cad>0</ns3:cad>
          </ns3:TrackPointExtension>
        </extensions>
      </trkpt>
      <trkpt lat="43.23210784234106540679931640625" lon="-109.66131426393985748291015625">
        <ele>3665.39990234375</ele>
        <time>2017-09-03T19:44:29.000Z</time>
        <extensions>
          <ns3:TrackPointExtension>
            <ns3:atemp>28.0</ns3:atemp>
            <ns3:cad>0</ns3:cad>
          </ns3:TrackPointExtension>
        </extensions>
      </trkpt>
      <trkpt lat="43.2321605645120143890380859375" lon="-109.6613482944667339324951171875">
        <ele>3666.39990234375</ele>
        <time>2017-09-03T19:44:38.000Z</time>
        <extensions>
          <ns3:TrackPointExtension>
            <ns3:atemp>29.0</ns3:atemp>
            <ns3:cad>0</ns3:cad>
          </ns3:TrackPointExtension>
        </extensions>
      </trkpt>
      <trkpt lat="43.23219333775341510772705078125" lon="-109.6613539941608905792236328125">
        <ele>3667.39990234375</ele>
        <time>2017-09-03T19:44:49.000Z</time>
        <extensions>
          <ns3:TrackPointExtension>
            <ns3:atemp>29.0</ns3:atemp>
            <ns3:cad>0</ns3:cad>
          </ns3:TrackPointExtension>
        </extensions>
      </trkpt>
      <trkpt lat="43.23227380402386188507080078125" lon="-109.6614089794456958770751953125">
        <ele>3668.39990234375</ele>
        <time>2017-09-03T19:45:07.000Z</time>
        <extensions>
          <ns3:TrackPointExtension>
            <ns3:atemp>29.0</ns3:atemp>
            <ns3:cad>0</ns3:cad>
          </ns3:TrackPointExtension>
        </extensions>
      </trkpt>
      <trkpt lat="43.2323236763477325439453125" lon="-109.66145717538893222808837890625">
        <ele>3669.60009765625</ele>
        <time>2017-09-03T19:45:24.000Z</time>
        <extensions>
          <ns3:TrackPointExtension>
            <ns3:atemp>29.0</ns3:atemp>
            <ns3:cad>0</ns3:cad>
          </ns3:TrackPointExtension>
        </extensions>
      </trkpt>
      <trkpt lat="43.23236248455941677093505859375" lon="-109.66151786036789417266845703125">
        <ele>3670.60009765625</ele>
        <time>2017-09-03T19:45:35.000Z</time>
        <extensions>
          <ns3:TrackPointExtension>
            <ns3:atemp>29.0</ns3:atemp>
            <ns3:cad>0</ns3:cad>
          </ns3:TrackPointExtension>
        </extensions>
      </trkpt>
      <trkpt lat="43.23240774683654308319091796875" lon="-109.66156429611146450042724609375">
        <ele>3671.60009765625</ele>
        <time>2017-09-03T19:45:48.000Z</time>
        <extensions>
          <ns3:TrackPointExtension>
            <ns3:atemp>28.0</ns3:atemp>
            <ns3:cad>0</ns3:cad>
          </ns3:TrackPointExtension>
        </extensions>
      </trkpt>
      <trkpt lat="43.23244110681116580963134765625" lon="-109.661609642207622528076171875">
        <ele>3672.60009765625</ele>
        <time>2017-09-03T19:46:11.000Z</time>
        <extensions>
          <ns3:TrackPointExtension>
            <ns3:atemp>28.0</ns3:atemp>
            <ns3:cad>0</ns3:cad>
          </ns3:TrackPointExtension>
        </extensions>
      </trkpt>
      <trkpt lat="43.2324700243771076202392578125" lon="-109.66161861084401607513427734375">
        <ele>3673.60009765625</ele>
        <time>2017-09-03T19:46:24.000Z</time>
        <extensions>
          <ns3:TrackPointExtension>
            <ns3:atemp>28.0</ns3:atemp>
            <ns3:cad>0</ns3:cad>
          </ns3:TrackPointExtension>
        </extensions>
      </trkpt>
      <trkpt lat="43.23251486755907535552978515625" lon="-109.66167460195720195770263671875">
        <ele>3674</ele>
        <time>2017-09-03T19:46:36.000Z</time>
        <extensions>
          <ns3:TrackPointExtension>
            <ns3:atemp>28.0</ns3:atemp>
            <ns3:cad>61</ns3:cad>
          </ns3:TrackPointExtension>
        </extensions>
      </trkpt>
      <trkpt lat="43.23257018812000751495361328125" lon="-109.6617432497441768646240234375">
        <ele>3674.800048828125</ele>
        <time>2017-09-03T19:46:45.000Z</time>
        <extensions>
          <ns3:TrackPointExtension>
            <ns3:atemp>28.0</ns3:atemp>
            <ns3:cad>0</ns3:cad>
          </ns3:TrackPointExtension>
        </extensions>
      </trkpt>
      <trkpt lat="43.23258007876574993133544921875" lon="-109.66176764108240604400634765625">
        <ele>3675</ele>
        <time>2017-09-03T19:46:48.000Z</time>
        <extensions>
          <ns3:TrackPointExtension>
            <ns3:atemp>28.0</ns3:atemp>
            <ns3:cad>61</ns3:cad>
          </ns3:TrackPointExtension>
        </extensions>
      </trkpt>
      <trkpt lat="43.23261528275907039642333984375" lon="-109.6618022583425045013427734375">
        <ele>3676</ele>
        <time>2017-09-03T19:46:56.000Z</time>
        <extensions>
          <ns3:TrackPointExtension>
            <ns3:atemp>28.0</ns3:atemp>
            <ns3:cad>75</ns3:cad>
          </ns3:TrackPointExtension>
        </extensions>
      </trkpt>
      <trkpt lat="43.23265400715172290802001953125" lon="-109.66184131801128387451171875">
        <ele>3677</ele>
        <time>2017-09-03T19:47:04.000Z</time>
        <extensions>
          <ns3:TrackPointExtension>
            <ns3:atemp>28.0</ns3:atemp>
            <ns3:cad>0</ns3:cad>
          </ns3:TrackPointExtension>
        </extensions>
      </trkpt>
      <trkpt lat="43.2327000238001346588134765625" lon="-109.6619075350463390350341796875">
        <ele>3678</ele>
        <time>2017-09-03T19:47:30.000Z</time>
        <extensions>
          <ns3:TrackPointExtension>
            <ns3:atemp>28.0</ns3:atemp>
            <ns3:cad>0</ns3:cad>
          </ns3:TrackPointExtension>
        </extensions>
      </trkpt>
      <trkpt lat="43.23273531161248683929443359375" lon="-109.661969728767871856689453125">
        <ele>3679.199951171875</ele>
        <time>2017-09-03T19:47:40.000Z</time>
        <extensions>
          <ns3:TrackPointExtension>
            <ns3:atemp>28.0</ns3:atemp>
            <ns3:cad>0</ns3:cad>
          </ns3:TrackPointExtension>
        </extensions>
      </trkpt>
      <trkpt lat="43.23277772404253482818603515625" lon="-109.66205187141895294189453125">
        <ele>3680.199951171875</ele>
        <time>2017-09-03T19:47:55.000Z</time>
        <extensions>
          <ns3:TrackPointExtension>
            <ns3:atemp>28.0</ns3:atemp>
            <ns3:cad>66</ns3:cad>
          </ns3:TrackPointExtension>
        </extensions>
      </trkpt>
      <trkpt lat="43.23277588002383708953857421875" lon="-109.66209436766803264617919921875">
        <ele>3681.199951171875</ele>
        <time>2017-09-03T19:48:47.000Z</time>
        <extensions>
          <ns3:TrackPointExtension>
            <ns3:atemp>27.0</ns3:atemp>
            <ns3:cad>0</ns3:cad>
          </ns3:TrackPointExtension>
        </extensions>
      </trkpt>
      <trkpt lat="43.23279197327792644500732421875" lon="-109.66208799742162227630615234375">
        <ele>3680.199951171875</ele>
        <time>2017-09-03T19:49:18.000Z</time>
        <extensions>
          <ns3:TrackPointExtension>
            <ns3:atemp>27.0</ns3:atemp>
            <ns3:cad>62</ns3:cad>
          </ns3:TrackPointExtension>
        </extensions>
      </trkpt>
      <trkpt lat="43.2327996008098125457763671875" lon="-109.66208464466035366058349609375">
        <ele>3681.199951171875</ele>
        <time>2017-09-03T19:49:24.000Z</time>
        <extensions>
          <ns3:TrackPointExtension>
            <ns3:atemp>27.0</ns3:atemp>
            <ns3:cad>48</ns3:cad>
          </ns3:TrackPointExtension>
        </extensions>
      </trkpt>
      <trkpt lat="43.232786692678928375244140625" lon="-109.6620771847665309906005859375">
        <ele>3681</ele>
        <time>2017-09-03T19:49:31.000Z</time>
        <extensions>
          <ns3:TrackPointExtension>
            <ns3:atemp>27.0</ns3:atemp>
            <ns3:cad>61</ns3:cad>
          </ns3:TrackPointExtension>
        </extensions>
      </trkpt>
      <trkpt lat="43.232781998813152313232421875" lon="-109.662113897502422332763671875">
        <ele>3682.199951171875</ele>
        <time>2017-09-03T19:50:35.000Z</time>
        <extensions>
          <ns3:TrackPointExtension>
            <ns3:atemp>27.0</ns3:atemp>
            <ns3:cad>0</ns3:cad>
          </ns3:TrackPointExtension>
        </extensions>
      </trkpt>
      <trkpt lat="43.23282583616673946380615234375" lon="-109.66214172542095184326171875">
        <ele>3682.199951171875</ele>
        <time>2017-09-03T19:51:37.000Z</time>
        <extensions>
          <ns3:TrackPointExtension>
            <ns3:atemp>27.0</ns3:atemp>
            <ns3:cad>61</ns3:cad>
          </ns3:TrackPointExtension>
        </extensions>
      </trkpt>
      <trkpt lat="43.2328284345567226409912109375" lon="-109.66218539513647556304931640625">
        <ele>3683.800048828125</ele>
        <time>2017-09-03T19:51:41.000Z</time>
        <extensions>
          <ns3:TrackPointExtension>
            <ns3:atemp>27.0</ns3:atemp>
            <ns3:cad>61</ns3:cad>
          </ns3:TrackPointExtension>
        </extensions>
      </trkpt>
      <trkpt lat="43.23284109123051166534423828125" lon="-109.6622079424560070037841796875">
        <ele>3683.199951171875</ele>
        <time>2017-09-03T19:51:44.000Z</time>
        <extensions>
          <ns3:TrackPointExtension>
            <ns3:atemp>27.0</ns3:atemp>
            <ns3:cad>61</ns3:cad>
          </ns3:TrackPointExtension>
        </extensions>
      </trkpt>
      <trkpt lat="43.23285634629428386688232421875" lon="-109.662229903042316436767578125">
        <ele>3683.199951171875</ele>
        <time>2017-09-03T19:51:47.000Z</time>
        <extensions>
          <ns3:TrackPointExtension>
            <ns3:atemp>27.0</ns3:atemp>
            <ns3:cad>61</ns3:cad>
          </ns3:TrackPointExtension>
        </extensions>
      </trkpt>
      <trkpt lat="43.23287277482450008392333984375" lon="-109.66225882060825824737548828125">
        <ele>3683.60009765625</ele>
        <time>2017-09-03T19:51:51.000Z</time>
        <extensions>
          <ns3:TrackPointExtension>
            <ns3:atemp>27.0</ns3:atemp>
            <ns3:cad>79</ns3:cad>
          </ns3:TrackPointExtension>
        </extensions>
      </trkpt>
      <trkpt lat="43.23288400657474994659423828125" lon="-109.66227608732879161834716796875">
        <ele>3683.800048828125</ele>
        <time>2017-09-03T19:51:53.000Z</time>
        <extensions>
          <ns3:TrackPointExtension>
            <ns3:atemp>27.0</ns3:atemp>
            <ns3:cad>79</ns3:cad>
          </ns3:TrackPointExtension>
        </extensions>
      </trkpt>
      <trkpt lat="43.23290211148560047149658203125" lon="-109.66230290941894054412841796875">
        <ele>3683.800048828125</ele>
        <time>2017-09-03T19:51:56.000Z</time>
        <extensions>
          <ns3:TrackPointExtension>
            <ns3:atemp>27.0</ns3:atemp>
            <ns3:cad>59</ns3:cad>
          </ns3:TrackPointExtension>
        </extensions>
      </trkpt>
      <trkpt lat="43.2329089008271694183349609375" lon="-109.66232185252010822296142578125">
        <ele>3683.60009765625</ele>
        <time>2017-09-03T19:51:58.000Z</time>
        <extensions>
          <ns3:TrackPointExtension>
            <ns3:atemp>27.0</ns3:atemp>
            <ns3:cad>59</ns3:cad>
          </ns3:TrackPointExtension>
        </extensions>
      </trkpt>
      <trkpt lat="43.232912085950374603271484375" lon="-109.6623413823544979095458984375">
        <ele>3683.800048828125</ele>
        <time>2017-09-03T19:52:00.000Z</time>
        <extensions>
          <ns3:TrackPointExtension>
            <ns3:atemp>27.0</ns3:atemp>
            <ns3:cad>59</ns3:cad>
          </ns3:TrackPointExtension>
        </extensions>
      </trkpt>
      <trkpt lat="43.23294050060212612152099609375" lon="-109.662416316568851470947265625">
        <ele>3685</ele>
        <time>2017-09-03T19:52:08.000Z</time>
        <extensions>
          <ns3:TrackPointExtension>
            <ns3:atemp>27.0</ns3:atemp>
            <ns3:cad>0</ns3:cad>
          </ns3:TrackPointExtension>
        </extensions>
      </trkpt>
      <trkpt lat="43.23295525275170803070068359375" lon="-109.66246551834046840667724609375">
        <ele>3686.199951171875</ele>
        <time>2017-09-03T19:52:15.000Z</time>
        <extensions>
          <ns3:TrackPointExtension>
            <ns3:atemp>27.0</ns3:atemp>
            <ns3:cad>0</ns3:cad>
          </ns3:TrackPointExtension>
        </extensions>
      </trkpt>
      <trkpt lat="43.23299934156239032745361328125" lon="-109.66257783584296703338623046875">
        <ele>3687.199951171875</ele>
        <time>2017-09-03T19:52:33.000Z</time>
        <extensions>
          <ns3:TrackPointExtension>
            <ns3:atemp>27.0</ns3:atemp>
            <ns3:cad>0</ns3:cad>
          </ns3:TrackPointExtension>
        </extensions>
      </trkpt>
      <trkpt lat="43.2330339588224887847900390625" lon="-109.66262175701558589935302734375">
        <ele>3688.199951171875</ele>
        <time>2017-09-03T19:52:44.000Z</time>
        <extensions>
          <ns3:TrackPointExtension>
            <ns3:atemp>27.0</ns3:atemp>
            <ns3:cad>0</ns3:cad>
          </ns3:TrackPointExtension>
        </extensions>
      </trkpt>
      <trkpt lat="43.233040831983089447021484375" lon="-109.662656374275684356689453125">
        <ele>3688.60009765625</ele>
        <time>2017-09-03T19:52:47.000Z</time>
        <extensions>
          <ns3:TrackPointExtension>
            <ns3:atemp>27.0</ns3:atemp>
            <ns3:cad>67</ns3:cad>
          </ns3:TrackPointExtension>
        </extensions>
      </trkpt>
      <trkpt lat="43.23308114893734455108642578125" lon="-109.66272753663361072540283203125">
        <ele>3689.199951171875</ele>
        <time>2017-09-03T19:53:04.000Z</time>
        <extensions>
          <ns3:TrackPointExtension>
            <ns3:atemp>27.0</ns3:atemp>
            <ns3:cad>0</ns3:cad>
          </ns3:TrackPointExtension>
        </extensions>
      </trkpt>
      <trkpt lat="43.23312305845320224761962890625" lon="-109.66279677115380764007568359375">
        <ele>3690.39990234375</ele>
        <time>2017-09-03T19:53:17.000Z</time>
        <extensions>
          <ns3:TrackPointExtension>
            <ns3:atemp>27.0</ns3:atemp>
            <ns3:cad>0</ns3:cad>
          </ns3:TrackPointExtension>
        </extensions>
      </trkpt>
      <trkpt lat="43.2331523112952709197998046875" lon="-109.662874303758144378662109375">
        <ele>3691.39990234375</ele>
        <time>2017-09-03T19:53:30.000Z</time>
        <extensions>
          <ns3:TrackPointExtension>
            <ns3:atemp>27.0</ns3:atemp>
            <ns3:cad>0</ns3:cad>
          </ns3:TrackPointExtension>
        </extensions>
      </trkpt>
      <trkpt lat="43.23316362686455249786376953125" lon="-109.662954099476337432861328125">
        <ele>3692.39990234375</ele>
        <time>2017-09-03T19:53:45.000Z</time>
        <extensions>
          <ns3:TrackPointExtension>
            <ns3:atemp>27.0</ns3:atemp>
            <ns3:cad>0</ns3:cad>
          </ns3:TrackPointExtension>
        </extensions>
      </trkpt>
      <trkpt lat="43.23319564573466777801513671875" lon="-109.66303666122257709503173828125">
        <ele>3693.39990234375</ele>
        <time>2017-09-03T19:53:58.000Z</time>
        <extensions>
          <ns3:TrackPointExtension>
            <ns3:atemp>27.0</ns3:atemp>
            <ns3:cad>0</ns3:cad>
          </ns3:TrackPointExtension>
        </extensions>
      </trkpt>
      <trkpt lat="43.23322280310094356536865234375" lon="-109.6630873717367649078369140625">
        <ele>3694.39990234375</ele>
        <time>2017-09-03T19:54:10.000Z</time>
        <extensions>
          <ns3:TrackPointExtension>
            <ns3:atemp>27.0</ns3:atemp>
            <ns3:cad>45</ns3:cad>
          </ns3:TrackPointExtension>
        </extensions>
      </trkpt>
      <trkpt lat="43.23324300348758697509765625" lon="-109.663146547973155975341796875">
        <ele>3695.60009765625</ele>
        <time>2017-09-03T19:54:20.000Z</time>
        <extensions>
          <ns3:TrackPointExtension>
            <ns3:atemp>27.0</ns3:atemp>
            <ns3:cad>0</ns3:cad>
          </ns3:TrackPointExtension>
        </extensions>
      </trkpt>
      <trkpt lat="43.23326177895069122314453125" lon="-109.663185440003871917724609375">
        <ele>3696.60009765625</ele>
        <time>2017-09-03T19:54:32.000Z</time>
        <extensions>
          <ns3:TrackPointExtension>
            <ns3:atemp>27.0</ns3:atemp>
            <ns3:cad>0</ns3:cad>
          </ns3:TrackPointExtension>
        </extensions>
      </trkpt>
      <trkpt lat="43.2332857511937618255615234375" lon="-109.66325073502957820892333984375">
        <ele>3697.60009765625</ele>
        <time>2017-09-03T19:54:43.000Z</time>
        <extensions>
          <ns3:TrackPointExtension>
            <ns3:atemp>28.0</ns3:atemp>
            <ns3:cad>0</ns3:cad>
          </ns3:TrackPointExtension>
        </extensions>
      </trkpt>
      <trkpt lat="43.23329002596437931060791015625" lon="-109.66328510083258152008056640625">
        <ele>3698</ele>
        <time>2017-09-03T19:54:49.000Z</time>
        <extensions>
          <ns3:TrackPointExtension>
            <ns3:atemp>28.0</ns3:atemp>
            <ns3:cad>0</ns3:cad>
          </ns3:TrackPointExtension>
        </extensions>
      </trkpt>
      <trkpt lat="43.233295977115631103515625" lon="-109.66331385076045989990234375">
        <ele>3698.60009765625</ele>
        <time>2017-09-03T19:54:53.000Z</time>
        <extensions>
          <ns3:TrackPointExtension>
            <ns3:atemp>28.0</ns3:atemp>
            <ns3:cad>0</ns3:cad>
          </ns3:TrackPointExtension>
        </extensions>
      </trkpt>
      <trkpt lat="43.23329706676304340362548828125" lon="-109.66334394179284572601318359375">
        <ele>3699.199951171875</ele>
        <time>2017-09-03T19:54:56.000Z</time>
        <extensions>
          <ns3:TrackPointExtension>
            <ns3:atemp>28.0</ns3:atemp>
            <ns3:cad>0</ns3:cad>
          </ns3:TrackPointExtension>
        </extensions>
      </trkpt>
      <trkpt lat="43.23330829851329326629638671875" lon="-109.66337830759584903717041015625">
        <ele>3699.800048828125</ele>
        <time>2017-09-03T19:55:09.000Z</time>
        <extensions>
          <ns3:TrackPointExtension>
            <ns3:atemp>28.0</ns3:atemp>
            <ns3:cad>0</ns3:cad>
          </ns3:TrackPointExtension>
        </extensions>
      </trkpt>
      <trkpt lat="43.23332355357706546783447265625" lon="-109.66342189349234104156494140625">
        <ele>3700.800048828125</ele>
        <time>2017-09-03T19:55:17.000Z</time>
        <extensions>
          <ns3:TrackPointExtension>
            <ns3:atemp>28.0</ns3:atemp>
            <ns3:cad>71</ns3:cad>
          </ns3:TrackPointExtension>
        </extensions>
      </trkpt>
      <trkpt lat="43.2333414070308208465576171875" lon="-109.66349246911704540252685546875">
        <ele>3702</ele>
        <time>2017-09-03T19:55:30.000Z</time>
        <extensions>
          <ns3:TrackPointExtension>
            <ns3:atemp>28.0</ns3:atemp>
            <ns3:cad>61</ns3:cad>
          </ns3:TrackPointExtension>
        </extensions>
      </trkpt>
      <trkpt lat="43.23335574008524417877197265625" lon="-109.6635396592319011688232421875">
        <ele>3703</ele>
        <time>2017-09-03T19:55:42.000Z</time>
        <extensions>
          <ns3:TrackPointExtension>
            <ns3:atemp>28.0</ns3:atemp>
            <ns3:cad>0</ns3:cad>
          </ns3:TrackPointExtension>
        </extensions>
      </trkpt>
      <trkpt lat="43.23337535373866558074951171875" lon="-109.6635929681360721588134765625">
        <ele>3704</ele>
        <time>2017-09-03T19:55:51.000Z</time>
        <extensions>
          <ns3:TrackPointExtension>
            <ns3:atemp>28.0</ns3:atemp>
            <ns3:cad>0</ns3:cad>
          </ns3:TrackPointExtension>
        </extensions>
      </trkpt>
      <trkpt lat="43.2333938777446746826171875" lon="-109.663650132715702056884765625">
        <ele>3705</ele>
        <time>2017-09-03T19:56:03.000Z</time>
        <extensions>
          <ns3:TrackPointExtension>
            <ns3:atemp>28.0</ns3:atemp>
            <ns3:cad>0</ns3:cad>
          </ns3:TrackPointExtension>
        </extensions>
      </trkpt>
      <trkpt lat="43.233439810574054718017578125" lon="-109.66374677605926990509033203125">
        <ele>3706.199951171875</ele>
        <time>2017-09-03T19:56:54.000Z</time>
        <extensions>
          <ns3:TrackPointExtension>
            <ns3:atemp>29.0</ns3:atemp>
            <ns3:cad>61</ns3:cad>
          </ns3:TrackPointExtension>
        </extensions>
      </trkpt>
      <trkpt lat="43.2334440015256404876708984375" lon="-109.66379187069833278656005859375">
        <ele>3707.39990234375</ele>
        <time>2017-09-03T19:56:59.000Z</time>
        <extensions>
          <ns3:TrackPointExtension>
            <ns3:atemp>29.0</ns3:atemp>
            <ns3:cad>61</ns3:cad>
          </ns3:TrackPointExtension>
        </extensions>
      </trkpt>
      <trkpt lat="43.23346269316971302032470703125" lon="-109.66385968029499053955078125">
        <ele>3708.60009765625</ele>
        <time>2017-09-03T19:57:07.000Z</time>
        <extensions>
          <ns3:TrackPointExtension>
            <ns3:atemp>29.0</ns3:atemp>
            <ns3:cad>61</ns3:cad>
          </ns3:TrackPointExtension>
        </extensions>
      </trkpt>
      <trkpt lat="43.23347358964383602142333984375" lon="-109.66390603221952915191650390625">
        <ele>3709.60009765625</ele>
        <time>2017-09-03T19:57:19.000Z</time>
        <extensions>
          <ns3:TrackPointExtension>
            <ns3:atemp>29.0</ns3:atemp>
            <ns3:cad>0</ns3:cad>
          </ns3:TrackPointExtension>
        </extensions>
      </trkpt>
      <trkpt lat="43.2335026748478412628173828125" lon="-109.66397023759782314300537109375">
        <ele>3710.800048828125</ele>
        <time>2017-09-03T19:57:29.000Z</time>
        <extensions>
          <ns3:TrackPointExtension>
            <ns3:atemp>29.0</ns3:atemp>
            <ns3:cad>0</ns3:cad>
          </ns3:TrackPointExtension>
        </extensions>
      </trkpt>
      <trkpt lat="43.23351516388356685638427734375" lon="-109.66402924619615077972412109375">
        <ele>3711.800048828125</ele>
        <time>2017-09-03T19:57:39.000Z</time>
        <extensions>
          <ns3:TrackPointExtension>
            <ns3:atemp>29.0</ns3:atemp>
            <ns3:cad>0</ns3:cad>
          </ns3:TrackPointExtension>
        </extensions>
      </trkpt>
      <trkpt lat="43.23351801373064517974853515625" lon="-109.66404969803988933563232421875">
        <ele>3712.199951171875</ele>
        <time>2017-09-03T19:57:43.000Z</time>
        <extensions>
          <ns3:TrackPointExtension>
            <ns3:atemp>29.0</ns3:atemp>
            <ns3:cad>0</ns3:cad>
          </ns3:TrackPointExtension>
        </extensions>
      </trkpt>
      <trkpt lat="43.23351885192096233367919921875" lon="-109.66408657841384410858154296875">
        <ele>3712.800048828125</ele>
        <time>2017-09-03T19:57:48.000Z</time>
        <extensions>
          <ns3:TrackPointExtension>
            <ns3:atemp>29.0</ns3:atemp>
            <ns3:cad>61</ns3:cad>
          </ns3:TrackPointExtension>
        </extensions>
      </trkpt>
      <trkpt lat="43.2335355319082736968994140625" lon="-109.6641287393867969512939453125">
        <ele>3714</ele>
        <time>2017-09-03T19:58:02.000Z</time>
        <extensions>
          <ns3:TrackPointExtension>
            <ns3:atemp>29.0</ns3:atemp>
            <ns3:cad>0</ns3:cad>
          </ns3:TrackPointExtension>
        </extensions>
      </trkpt>
      <trkpt lat="43.23354617692530155181884765625" lon="-109.66420141048729419708251953125">
        <ele>3715.199951171875</ele>
        <time>2017-09-03T19:58:14.000Z</time>
        <extensions>
          <ns3:TrackPointExtension>
            <ns3:atemp>29.0</ns3:atemp>
            <ns3:cad>0</ns3:cad>
          </ns3:TrackPointExtension>
        </extensions>
      </trkpt>
      <trkpt lat="43.23356025852262973785400390625" lon="-109.6642366982996463775634765625">
        <ele>3716.39990234375</ele>
        <time>2017-09-03T19:58:22.000Z</time>
        <extensions>
          <ns3:TrackPointExtension>
            <ns3:atemp>29.0</ns3:atemp>
            <ns3:cad>0</ns3:cad>
          </ns3:TrackPointExtension>
        </extensions>
      </trkpt>
      <trkpt lat="43.2335650362074375152587890625" lon="-109.66427139937877655029296875">
        <ele>3717.39990234375</ele>
        <time>2017-09-03T19:58:32.000Z</time>
        <extensions>
          <ns3:TrackPointExtension>
            <ns3:atemp>29.0</ns3:atemp>
            <ns3:cad>0</ns3:cad>
          </ns3:TrackPointExtension>
        </extensions>
      </trkpt>
      <trkpt lat="43.233569897711277008056640625" lon="-109.664354212582111358642578125">
        <ele>3718.60009765625</ele>
        <time>2017-09-03T19:58:51.000Z</time>
        <extensions>
          <ns3:TrackPointExtension>
            <ns3:atemp>29.0</ns3:atemp>
            <ns3:cad>61</ns3:cad>
          </ns3:TrackPointExtension>
        </extensions>
      </trkpt>
      <trkpt lat="43.2335606776177883148193359375" lon="-109.6644170768558979034423828125">
        <ele>3719.60009765625</ele>
        <time>2017-09-03T19:58:59.000Z</time>
        <extensions>
          <ns3:TrackPointExtension>
            <ns3:atemp>29.0</ns3:atemp>
            <ns3:cad>61</ns3:cad>
          </ns3:TrackPointExtension>
        </extensions>
      </trkpt>
      <trkpt lat="43.2335709035396575927734375" lon="-109.66451908461749553680419921875">
        <ele>3720.800048828125</ele>
        <time>2017-09-03T19:59:15.000Z</time>
        <extensions>
          <ns3:TrackPointExtension>
            <ns3:atemp>29.0</ns3:atemp>
            <ns3:cad>0</ns3:cad>
          </ns3:TrackPointExtension>
        </extensions>
      </trkpt>
      <trkpt lat="43.2335804589092731475830078125" lon="-109.664560072124004364013671875">
        <ele>3721.800048828125</ele>
        <time>2017-09-03T19:59:23.000Z</time>
        <extensions>
          <ns3:TrackPointExtension>
            <ns3:atemp>29.0</ns3:atemp>
            <ns3:cad>61</ns3:cad>
          </ns3:TrackPointExtension>
        </extensions>
      </trkpt>
      <trkpt lat="43.23360107839107513427734375" lon="-109.66463810764253139495849609375">
        <ele>3723</ele>
        <time>2017-09-03T19:59:42.000Z</time>
        <extensions>
          <ns3:TrackPointExtension>
            <ns3:atemp>29.0</ns3:atemp>
            <ns3:cad>61</ns3:cad>
          </ns3:TrackPointExtension>
        </extensions>
      </trkpt>
      <trkpt lat="43.2336138188838958740234375" lon="-109.664690829813480377197265625">
        <ele>3724.199951171875</ele>
        <time>2017-09-03T19:59:54.000Z</time>
        <extensions>
          <ns3:TrackPointExtension>
            <ns3:atemp>29.0</ns3:atemp>
            <ns3:cad>0</ns3:cad>
          </ns3:TrackPointExtension>
        </extensions>
      </trkpt>
      <trkpt lat="43.23361474089324474334716796875" lon="-109.66472494415938854217529296875">
        <ele>3725.199951171875</ele>
        <time>2017-09-03T20:00:00.000Z</time>
        <extensions>
          <ns3:TrackPointExtension>
            <ns3:atemp>29.0</ns3:atemp>
            <ns3:cad>0</ns3:cad>
          </ns3:TrackPointExtension>
        </extensions>
      </trkpt>
      <trkpt lat="43.2336351089179515838623046875" lon="-109.66480784118175506591796875">
        <ele>3726.199951171875</ele>
        <time>2017-09-03T20:00:13.000Z</time>
        <extensions>
          <ns3:TrackPointExtension>
            <ns3:atemp>29.0</ns3:atemp>
            <ns3:cad>0</ns3:cad>
          </ns3:TrackPointExtension>
        </extensions>
      </trkpt>
      <trkpt lat="43.23363468982279300689697265625" lon="-109.6648217551410198211669921875">
        <ele>3727.39990234375</ele>
        <time>2017-09-03T20:00:28.000Z</time>
        <extensions>
          <ns3:TrackPointExtension>
            <ns3:atemp>29.0</ns3:atemp>
            <ns3:cad>0</ns3:cad>
          </ns3:TrackPointExtension>
        </extensions>
      </trkpt>
      <trkpt lat="43.233650028705596923828125" lon="-109.66491286642849445343017578125">
        <ele>3728.39990234375</ele>
        <time>2017-09-03T20:00:42.000Z</time>
        <extensions>
          <ns3:TrackPointExtension>
            <ns3:atemp>29.0</ns3:atemp>
            <ns3:cad>0</ns3:cad>
          </ns3:TrackPointExtension>
        </extensions>
      </trkpt>
      <trkpt lat="43.233666457235813140869140625" lon="-109.6649619005620479583740234375">
        <ele>3729.39990234375</ele>
        <time>2017-09-03T20:00:52.000Z</time>
        <extensions>
          <ns3:TrackPointExtension>
            <ns3:atemp>29.0</ns3:atemp>
            <ns3:cad>61</ns3:cad>
          </ns3:TrackPointExtension>
        </extensions>
      </trkpt>
      <trkpt lat="43.23368146084249019622802734375" lon="-109.66504278592765331268310546875">
        <ele>3730.39990234375</ele>
        <time>2017-09-03T20:01:07.000Z</time>
        <extensions>
          <ns3:TrackPointExtension>
            <ns3:atemp>29.0</ns3:atemp>
            <ns3:cad>0</ns3:cad>
          </ns3:TrackPointExtension>
        </extensions>
      </trkpt>
      <trkpt lat="43.23369386605918407440185546875" lon="-109.6651053987443447113037109375">
        <ele>3731.60009765625</ele>
        <time>2017-09-03T20:01:15.000Z</time>
        <extensions>
          <ns3:TrackPointExtension>
            <ns3:atemp>29.0</ns3:atemp>
            <ns3:cad>0</ns3:cad>
          </ns3:TrackPointExtension>
        </extensions>
      </trkpt>
      <trkpt lat="43.23369017802178859710693359375" lon="-109.66516650281846523284912109375">
        <ele>3732.60009765625</ele>
        <time>2017-09-03T20:01:22.000Z</time>
        <extensions>
          <ns3:TrackPointExtension>
            <ns3:atemp>29.0</ns3:atemp>
            <ns3:cad>61</ns3:cad>
          </ns3:TrackPointExtension>
        </extensions>
      </trkpt>
      <trkpt lat="43.23370794765651226043701171875" lon="-109.66523565351963043212890625">
        <ele>3733.60009765625</ele>
        <time>2017-09-03T20:01:47.000Z</time>
        <extensions>
          <ns3:TrackPointExtension>
            <ns3:atemp>29.0</ns3:atemp>
            <ns3:cad>0</ns3:cad>
          </ns3:TrackPointExtension>
        </extensions>
      </trkpt>
      <trkpt lat="43.23373074643313884735107421875" lon="-109.66529575176537036895751953125">
        <ele>3734.800048828125</ele>
        <time>2017-09-03T20:01:59.000Z</time>
        <extensions>
          <ns3:TrackPointExtension>
            <ns3:atemp>29.0</ns3:atemp>
            <ns3:cad>0</ns3:cad>
          </ns3:TrackPointExtension>
        </extensions>
      </trkpt>
      <trkpt lat="43.23375136591494083404541015625" lon="-109.66534738428890705108642578125">
        <ele>3735.800048828125</ele>
        <time>2017-09-03T20:02:08.000Z</time>
        <extensions>
          <ns3:TrackPointExtension>
            <ns3:atemp>29.0</ns3:atemp>
            <ns3:cad>0</ns3:cad>
          </ns3:TrackPointExtension>
        </extensions>
      </trkpt>
      <trkpt lat="43.23376142419874668121337890625" lon="-109.6654037944972515106201171875">
        <ele>3737</ele>
        <time>2017-09-03T20:02:20.000Z</time>
        <extensions>
          <ns3:TrackPointExtension>
            <ns3:atemp>30.0</ns3:atemp>
            <ns3:cad>61</ns3:cad>
          </ns3:TrackPointExtension>
        </extensions>
      </trkpt>
      <trkpt lat="43.233781121671199798583984375" lon="-109.66548836790025234222412109375">
        <ele>3738</ele>
        <time>2017-09-03T20:02:39.000Z</time>
        <extensions>
          <ns3:TrackPointExtension>
            <ns3:atemp>30.0</ns3:atemp>
            <ns3:cad>0</ns3:cad>
          </ns3:TrackPointExtension>
        </extensions>
      </trkpt>
      <trkpt lat="43.2337896712124347686767578125" lon="-109.665540419518947601318359375">
        <ele>3739</ele>
        <time>2017-09-03T20:03:05.000Z</time>
        <extensions>
          <ns3:TrackPointExtension>
            <ns3:atemp>30.0</ns3:atemp>
            <ns3:cad>61</ns3:cad>
          </ns3:TrackPointExtension>
        </extensions>
      </trkpt>
      <trkpt lat="43.23380869813263416290283203125" lon="-109.66558970510959625244140625">
        <ele>3740.199951171875</ele>
        <time>2017-09-03T20:03:14.000Z</time>
        <extensions>
          <ns3:TrackPointExtension>
            <ns3:atemp>30.0</ns3:atemp>
            <ns3:cad>61</ns3:cad>
          </ns3:TrackPointExtension>
        </extensions>
      </trkpt>
      <trkpt lat="43.23381506837904453277587890625" lon="-109.66562482528388500213623046875">
        <ele>3740.800048828125</ele>
        <time>2017-09-03T20:03:24.000Z</time>
        <extensions>
          <ns3:TrackPointExtension>
            <ns3:atemp>30.0</ns3:atemp>
            <ns3:cad>62</ns3:cad>
          </ns3:TrackPointExtension>
        </extensions>
      </trkpt>
      <trkpt lat="43.2338282279670238494873046875" lon="-109.66566807590425014495849609375">
        <ele>3741.199951171875</ele>
        <time>2017-09-03T20:03:31.000Z</time>
        <extensions>
          <ns3:TrackPointExtension>
            <ns3:atemp>30.0</ns3:atemp>
            <ns3:cad>0</ns3:cad>
          </ns3:TrackPointExtension>
        </extensions>
      </trkpt>
      <trkpt lat="43.2338391244411468505859375" lon="-109.66570948250591754913330078125">
        <ele>3742.39990234375</ele>
        <time>2017-09-03T20:03:45.000Z</time>
        <extensions>
          <ns3:TrackPointExtension>
            <ns3:atemp>30.0</ns3:atemp>
            <ns3:cad>61</ns3:cad>
          </ns3:TrackPointExtension>
        </extensions>
      </trkpt>
      <trkpt lat="43.23386217467486858367919921875" lon="-109.6657725982367992401123046875">
        <ele>3743.60009765625</ele>
        <time>2017-09-03T20:04:02.000Z</time>
        <extensions>
          <ns3:TrackPointExtension>
            <ns3:atemp>30.0</ns3:atemp>
            <ns3:cad>61</ns3:cad>
          </ns3:TrackPointExtension>
        </extensions>
      </trkpt>
      <trkpt lat="43.2338708080351352691650390625" lon="-109.66584183275699615478515625">
        <ele>3744.60009765625</ele>
        <time>2017-09-03T20:04:12.000Z</time>
        <extensions>
          <ns3:TrackPointExtension>
            <ns3:atemp>30.0</ns3:atemp>
            <ns3:cad>0</ns3:cad>
          </ns3:TrackPointExtension>
        </extensions>
      </trkpt>
      <trkpt lat="43.23389788158237934112548828125" lon="-109.66589941643178462982177734375">
        <ele>3745.800048828125</ele>
        <time>2017-09-03T20:04:21.000Z</time>
        <extensions>
          <ns3:TrackPointExtension>
            <ns3:atemp>30.0</ns3:atemp>
            <ns3:cad>63</ns3:cad>
          </ns3:TrackPointExtension>
        </extensions>
      </trkpt>
      <trkpt lat="43.23391866870224475860595703125" lon="-109.6659685671329498291015625">
        <ele>3746.800048828125</ele>
        <time>2017-09-03T20:04:30.000Z</time>
        <extensions>
          <ns3:TrackPointExtension>
            <ns3:atemp>30.0</ns3:atemp>
            <ns3:cad>61</ns3:cad>
          </ns3:TrackPointExtension>
        </extensions>
      </trkpt>
      <trkpt lat="43.2339383661746978759765625" lon="-109.66602095402777194976806640625">
        <ele>3747.800048828125</ele>
        <time>2017-09-03T20:04:39.000Z</time>
        <extensions>
          <ns3:TrackPointExtension>
            <ns3:atemp>30.0</ns3:atemp>
            <ns3:cad>61</ns3:cad>
          </ns3:TrackPointExtension>
        </extensions>
      </trkpt>
      <trkpt lat="43.233962170779705047607421875" lon="-109.6660877577960491180419921875">
        <ele>3748.800048828125</ele>
        <time>2017-09-03T20:04:51.000Z</time>
        <extensions>
          <ns3:TrackPointExtension>
            <ns3:atemp>30.0</ns3:atemp>
            <ns3:cad>61</ns3:cad>
          </ns3:TrackPointExtension>
        </extensions>
      </trkpt>
      <trkpt lat="43.23396988213062286376953125" lon="-109.6661035157740116119384765625">
        <ele>3748.60009765625</ele>
        <time>2017-09-03T20:05:14.000Z</time>
        <extensions>
          <ns3:TrackPointExtension>
            <ns3:atemp>31.0</ns3:atemp>
            <ns3:cad>0</ns3:cad>
          </ns3:TrackPointExtension>
        </extensions>
      </trkpt>
      <trkpt lat="43.23399938642978668212890625" lon="-109.666205942630767822265625">
        <ele>3750</ele>
        <time>2017-09-03T20:05:38.000Z</time>
        <extensions>
          <ns3:TrackPointExtension>
            <ns3:atemp>31.0</ns3:atemp>
            <ns3:cad>0</ns3:cad>
          </ns3:TrackPointExtension>
        </extensions>
      </trkpt>
      <trkpt lat="43.23401908390223979949951171875" lon="-109.66626771725714206695556640625">
        <ele>3751</ele>
        <time>2017-09-03T20:05:46.000Z</time>
        <extensions>
          <ns3:TrackPointExtension>
            <ns3:atemp>31.0</ns3:atemp>
            <ns3:cad>0</ns3:cad>
          </ns3:TrackPointExtension>
        </extensions>
      </trkpt>
      <trkpt lat="43.23402947746217250823974609375" lon="-109.666291773319244384765625">
        <ele>3752</ele>
        <time>2017-09-03T20:05:55.000Z</time>
        <extensions>
          <ns3:TrackPointExtension>
            <ns3:atemp>31.0</ns3:atemp>
            <ns3:cad>0</ns3:cad>
          </ns3:TrackPointExtension>
        </extensions>
      </trkpt>
      <trkpt lat="43.23407155461609363555908203125" lon="-109.666392691433429718017578125">
        <ele>3753.199951171875</ele>
        <time>2017-09-03T20:06:12.000Z</time>
        <extensions>
          <ns3:TrackPointExtension>
            <ns3:atemp>31.0</ns3:atemp>
            <ns3:cad>61</ns3:cad>
          </ns3:TrackPointExtension>
        </extensions>
      </trkpt>
      <trkpt lat="43.234092257916927337646484375" lon="-109.666442312300205230712890625">
        <ele>3754.199951171875</ele>
        <time>2017-09-03T20:06:19.000Z</time>
        <extensions>
          <ns3:TrackPointExtension>
            <ns3:atemp>31.0</ns3:atemp>
            <ns3:cad>0</ns3:cad>
          </ns3:TrackPointExtension>
        </extensions>
      </trkpt>
      <trkpt lat="43.2341165654361248016357421875" lon="-109.666512049734592437744140625">
        <ele>3755.39990234375</ele>
        <time>2017-09-03T20:06:35.000Z</time>
        <extensions>
          <ns3:TrackPointExtension>
            <ns3:atemp>31.0</ns3:atemp>
            <ns3:cad>61</ns3:cad>
          </ns3:TrackPointExtension>
        </extensions>
      </trkpt>
      <trkpt lat="43.234138190746307373046875" lon="-109.66655655764043331146240234375">
        <ele>3756.39990234375</ele>
        <time>2017-09-03T20:06:46.000Z</time>
        <extensions>
          <ns3:TrackPointExtension>
            <ns3:atemp>31.0</ns3:atemp>
            <ns3:cad>0</ns3:cad>
          </ns3:TrackPointExtension>
        </extensions>
      </trkpt>
      <trkpt lat="43.23418521322309970855712890625" lon="-109.6666369400918483734130859375">
        <ele>3757.60009765625</ele>
        <time>2017-09-03T20:07:01.000Z</time>
        <extensions>
          <ns3:TrackPointExtension>
            <ns3:atemp>31.0</ns3:atemp>
            <ns3:cad>65</ns3:cad>
          </ns3:TrackPointExtension>
        </extensions>
      </trkpt>
      <trkpt lat="43.234202899038791656494140625" lon="-109.66674464754760265350341796875">
        <ele>3758.60009765625</ele>
        <time>2017-09-03T20:07:14.000Z</time>
        <extensions>
          <ns3:TrackPointExtension>
            <ns3:atemp>31.0</ns3:atemp>
            <ns3:cad>0</ns3:cad>
          </ns3:TrackPointExtension>
        </extensions>
      </trkpt>
      <trkpt lat="43.23419988155364990234375" lon="-109.666760824620723724365234375">
        <ele>3759.60009765625</ele>
        <time>2017-09-03T20:07:22.000Z</time>
        <extensions>
          <ns3:TrackPointExtension>
            <ns3:atemp>31.0</ns3:atemp>
            <ns3:cad>0</ns3:cad>
          </ns3:TrackPointExtension>
        </extensions>
      </trkpt>
      <trkpt lat="43.23423248715698719024658203125" lon="-109.666859395802021026611328125">
        <ele>3760.60009765625</ele>
        <time>2017-09-03T20:07:35.000Z</time>
        <extensions>
          <ns3:TrackPointExtension>
            <ns3:atemp>31.0</ns3:atemp>
            <ns3:cad>61</ns3:cad>
          </ns3:TrackPointExtension>
        </extensions>
      </trkpt>
      <trkpt lat="43.23423801921308040618896484375" lon="-109.666941873729228973388671875">
        <ele>3761.800048828125</ele>
        <time>2017-09-03T20:07:45.000Z</time>
        <extensions>
          <ns3:TrackPointExtension>
            <ns3:atemp>31.0</ns3:atemp>
            <ns3:cad>0</ns3:cad>
          </ns3:TrackPointExtension>
        </extensions>
      </trkpt>
      <trkpt lat="43.23425578884780406951904296875" lon="-109.66700549237430095672607421875">
        <ele>3763</ele>
        <time>2017-09-03T20:07:53.000Z</time>
        <extensions>
          <ns3:TrackPointExtension>
            <ns3:atemp>31.0</ns3:atemp>
            <ns3:cad>0</ns3:cad>
          </ns3:TrackPointExtension>
        </extensions>
      </trkpt>
      <trkpt lat="43.2342637516558170318603515625" lon="-109.667074978351593017578125">
        <ele>3764</ele>
        <time>2017-09-03T20:08:03.000Z</time>
        <extensions>
          <ns3:TrackPointExtension>
            <ns3:atemp>31.0</ns3:atemp>
            <ns3:cad>0</ns3:cad>
          </ns3:TrackPointExtension>
        </extensions>
      </trkpt>
      <trkpt lat="43.2342721335589885711669921875" lon="-109.6671237610280513763427734375">
        <ele>3765</ele>
        <time>2017-09-03T20:08:09.000Z</time>
        <extensions>
          <ns3:TrackPointExtension>
            <ns3:atemp>31.0</ns3:atemp>
            <ns3:cad>0</ns3:cad>
          </ns3:TrackPointExtension>
        </extensions>
      </trkpt>
      <trkpt lat="43.23427473194897174835205078125" lon="-109.66717086732387542724609375">
        <ele>3766</ele>
        <time>2017-09-03T20:08:21.000Z</time>
        <extensions>
          <ns3:TrackPointExtension>
            <ns3:atemp>31.0</ns3:atemp>
            <ns3:cad>0</ns3:cad>
          </ns3:TrackPointExtension>
        </extensions>
      </trkpt>
      <trkpt lat="43.23428713716566562652587890625" lon="-109.6672659181058406829833984375">
        <ele>3767</ele>
        <time>2017-09-03T20:08:41.000Z</time>
        <extensions>
          <ns3:TrackPointExtension>
            <ns3:atemp>31.0</ns3:atemp>
            <ns3:cad>62</ns3:cad>
          </ns3:TrackPointExtension>
        </extensions>
      </trkpt>
      <trkpt lat="43.234306164085865020751953125" lon="-109.66740329749882221221923828125">
        <ele>3768</ele>
        <time>2017-09-03T20:08:58.000Z</time>
        <extensions>
          <ns3:TrackPointExtension>
            <ns3:atemp>30.0</ns3:atemp>
            <ns3:cad>0</ns3:cad>
          </ns3:TrackPointExtension>
        </extensions>
      </trkpt>
      <trkpt lat="43.2343234308063983917236328125" lon="-109.667502455413341522216796875">
        <ele>3769.199951171875</ele>
        <time>2017-09-03T20:09:12.000Z</time>
        <extensions>
          <ns3:TrackPointExtension>
            <ns3:atemp>30.0</ns3:atemp>
            <ns3:cad>61</ns3:cad>
          </ns3:TrackPointExtension>
        </extensions>
      </trkpt>
      <trkpt lat="43.2343355007469654083251953125" lon="-109.66756439767777919769287109375">
        <ele>3770.199951171875</ele>
        <time>2017-09-03T20:09:22.000Z</time>
        <extensions>
          <ns3:TrackPointExtension>
            <ns3:atemp>30.0</ns3:atemp>
            <ns3:cad>61</ns3:cad>
          </ns3:TrackPointExtension>
        </extensions>
      </trkpt>
      <trkpt lat="43.234342373907566070556640625" lon="-109.66767654754221439361572265625">
        <ele>3771.39990234375</ele>
        <time>2017-09-03T20:09:59.000Z</time>
        <extensions>
          <ns3:TrackPointExtension>
            <ns3:atemp>30.0</ns3:atemp>
            <ns3:cad>0</ns3:cad>
          </ns3:TrackPointExtension>
        </extensions>
      </trkpt>
      <trkpt lat="43.2343529351055622100830078125" lon="-109.6677074767649173736572265625">
        <ele>3771.800048828125</ele>
        <time>2017-09-03T20:10:02.000Z</time>
        <extensions>
          <ns3:TrackPointExtension>
            <ns3:atemp>30.0</ns3:atemp>
            <ns3:cad>0</ns3:cad>
          </ns3:TrackPointExtension>
        </extensions>
      </trkpt>
      <trkpt lat="43.23435871861875057220458984375" lon="-109.66772600077092647552490234375">
        <ele>3772.39990234375</ele>
        <time>2017-09-03T20:10:04.000Z</time>
        <extensions>
          <ns3:TrackPointExtension>
            <ns3:atemp>30.0</ns3:atemp>
            <ns3:cad>0</ns3:cad>
          </ns3:TrackPointExtension>
        </extensions>
      </trkpt>
      <trkpt lat="43.234358131885528564453125" lon="-109.6678147651255130767822265625">
        <ele>3773.39990234375</ele>
        <time>2017-09-03T20:10:14.000Z</time>
        <extensions>
          <ns3:TrackPointExtension>
            <ns3:atemp>30.0</ns3:atemp>
            <ns3:cad>0</ns3:cad>
          </ns3:TrackPointExtension>
        </extensions>
      </trkpt>
      <trkpt lat="43.2343633286654949188232421875" lon="-109.66787754558026790618896484375">
        <ele>3774.60009765625</ele>
        <time>2017-09-03T20:10:21.000Z</time>
        <extensions>
          <ns3:TrackPointExtension>
            <ns3:atemp>30.0</ns3:atemp>
            <ns3:cad>0</ns3:cad>
          </ns3:TrackPointExtension>
        </extensions>
      </trkpt>
      <trkpt lat="43.2343720458447933197021484375" lon="-109.66800729744136333465576171875">
        <ele>3775.60009765625</ele>
        <time>2017-09-03T20:10:39.000Z</time>
        <extensions>
          <ns3:TrackPointExtension>
            <ns3:atemp>30.0</ns3:atemp>
            <ns3:cad>61</ns3:cad>
          </ns3:TrackPointExtension>
        </extensions>
      </trkpt>
      <trkpt lat="43.23437414132058620452880859375" lon="-109.66801802627742290496826171875">
        <ele>3775.60009765625</ele>
        <time>2017-09-03T20:10:40.000Z</time>
        <extensions>
          <ns3:TrackPointExtension>
            <ns3:atemp>30.0</ns3:atemp>
            <ns3:cad>61</ns3:cad>
          </ns3:TrackPointExtension>
        </extensions>
      </trkpt>
      <trkpt lat="43.2344035618007183074951171875" lon="-109.66812497936189174652099609375">
        <ele>3776.60009765625</ele>
        <time>2017-09-03T20:10:52.000Z</time>
        <extensions>
          <ns3:TrackPointExtension>
            <ns3:atemp>30.0</ns3:atemp>
            <ns3:cad>0</ns3:cad>
          </ns3:TrackPointExtension>
        </extensions>
      </trkpt>
      <trkpt lat="43.23443030007183551788330078125" lon="-109.668246768414974212646484375">
        <ele>3777.800048828125</ele>
        <time>2017-09-03T20:11:07.000Z</time>
        <extensions>
          <ns3:TrackPointExtension>
            <ns3:atemp>29.0</ns3:atemp>
            <ns3:cad>0</ns3:cad>
          </ns3:TrackPointExtension>
        </extensions>
      </trkpt>
      <trkpt lat="43.2344293780624866485595703125" lon="-109.66837543062865734100341796875">
        <ele>3778.800048828125</ele>
        <time>2017-09-03T20:11:24.000Z</time>
        <extensions>
          <ns3:TrackPointExtension>
            <ns3:atemp>29.0</ns3:atemp>
            <ns3:cad>0</ns3:cad>
          </ns3:TrackPointExtension>
        </extensions>
      </trkpt>
      <trkpt lat="43.2344357483088970184326171875" lon="-109.66843041591346263885498046875">
        <ele>3780</ele>
        <time>2017-09-03T20:11:39.000Z</time>
        <extensions>
          <ns3:TrackPointExtension>
            <ns3:atemp>29.0</ns3:atemp>
            <ns3:cad>0</ns3:cad>
          </ns3:TrackPointExtension>
        </extensions>
      </trkpt>
      <trkpt lat="43.23444840498268604278564453125" lon="-109.668518006801605224609375">
        <ele>3781</ele>
        <time>2017-09-03T20:11:50.000Z</time>
        <extensions>
          <ns3:TrackPointExtension>
            <ns3:atemp>29.0</ns3:atemp>
            <ns3:cad>0</ns3:cad>
          </ns3:TrackPointExtension>
        </extensions>
      </trkpt>
      <trkpt lat="43.23445402085781097412109375" lon="-109.6686279773712158203125">
        <ele>3782.199951171875</ele>
        <time>2017-09-03T20:12:04.000Z</time>
        <extensions>
          <ns3:TrackPointExtension>
            <ns3:atemp>29.0</ns3:atemp>
            <ns3:cad>0</ns3:cad>
          </ns3:TrackPointExtension>
        </extensions>
      </trkpt>
      <trkpt lat="43.23445125482976436614990234375" lon="-109.66870333068072795867919921875">
        <ele>3783.199951171875</ele>
        <time>2017-09-03T20:12:12.000Z</time>
        <extensions>
          <ns3:TrackPointExtension>
            <ns3:atemp>29.0</ns3:atemp>
            <ns3:cad>0</ns3:cad>
          </ns3:TrackPointExtension>
        </extensions>
      </trkpt>
      <trkpt lat="43.23444589041173458099365234375" lon="-109.66873652301728725433349609375">
        <ele>3784.199951171875</ele>
        <time>2017-09-03T20:12:25.000Z</time>
        <extensions>
          <ns3:TrackPointExtension>
            <ns3:atemp>30.0</ns3:atemp>
            <ns3:cad>0</ns3:cad>
          </ns3:TrackPointExtension>
        </extensions>
      </trkpt>
      <trkpt lat="43.23445443995296955108642578125" lon="-109.668855629861354827880859375">
        <ele>3785.39990234375</ele>
        <time>2017-09-03T20:12:44.000Z</time>
        <extensions>
          <ns3:TrackPointExtension>
            <ns3:atemp>30.0</ns3:atemp>
            <ns3:cad>0</ns3:cad>
          </ns3:TrackPointExtension>
        </extensions>
      </trkpt>
      <trkpt lat="43.234454691410064697265625" lon="-109.66887851245701313018798828125">
        <ele>3786.39990234375</ele>
        <time>2017-09-03T20:13:07.000Z</time>
        <extensions>
          <ns3:TrackPointExtension>
            <ns3:atemp>30.0</ns3:atemp>
            <ns3:cad>61</ns3:cad>
          </ns3:TrackPointExtension>
        </extensions>
      </trkpt>
      <trkpt lat="43.23445804417133331298828125" lon="-109.66898538172245025634765625">
        <ele>3787.60009765625</ele>
        <time>2017-09-03T20:13:26.000Z</time>
        <extensions>
          <ns3:TrackPointExtension>
            <ns3:atemp>31.0</ns3:atemp>
            <ns3:cad>61</ns3:cad>
          </ns3:TrackPointExtension>
        </extensions>
      </trkpt>
      <trkpt lat="43.23445997200906276702880859375" lon="-109.669045396149158477783203125">
        <ele>3788.199951171875</ele>
        <time>2017-09-03T20:13:40.000Z</time>
        <extensions>
          <ns3:TrackPointExtension>
            <ns3:atemp>31.0</ns3:atemp>
            <ns3:cad>61</ns3:cad>
          </ns3:TrackPointExtension>
        </extensions>
      </trkpt>
      <trkpt lat="43.234469778835773468017578125" lon="-109.66907716356217861175537109375">
        <ele>3788.60009765625</ele>
        <time>2017-09-03T20:13:45.000Z</time>
        <extensions>
          <ns3:TrackPointExtension>
            <ns3:atemp>31.0</ns3:atemp>
            <ns3:cad>61</ns3:cad>
          </ns3:TrackPointExtension>
        </extensions>
      </trkpt>
      <trkpt lat="43.23449819348752498626708984375" lon="-109.6692048199474811553955078125">
        <ele>3789.60009765625</ele>
        <time>2017-09-03T20:13:59.000Z</time>
        <extensions>
          <ns3:TrackPointExtension>
            <ns3:atemp>31.0</ns3:atemp>
            <ns3:cad>61</ns3:cad>
          </ns3:TrackPointExtension>
        </extensions>
      </trkpt>
      <trkpt lat="43.23452283628284931182861328125" lon="-109.66927899979054927825927734375">
        <ele>3790.60009765625</ele>
        <time>2017-09-03T20:14:09.000Z</time>
        <extensions>
          <ns3:TrackPointExtension>
            <ns3:atemp>31.0</ns3:atemp>
            <ns3:cad>0</ns3:cad>
          </ns3:TrackPointExtension>
        </extensions>
      </trkpt>
      <trkpt lat="43.23456994257867336273193359375" lon="-109.6693640761077404022216796875">
        <ele>3791.800048828125</ele>
        <time>2017-09-03T20:14:22.000Z</time>
        <extensions>
          <ns3:TrackPointExtension>
            <ns3:atemp>31.0</ns3:atemp>
            <ns3:cad>0</ns3:cad>
          </ns3:TrackPointExtension>
        </extensions>
      </trkpt>
      <trkpt lat="43.2346023805439472198486328125" lon="-109.6694613061845302581787109375">
        <ele>3792.800048828125</ele>
        <time>2017-09-03T20:14:34.000Z</time>
        <extensions>
          <ns3:TrackPointExtension>
            <ns3:atemp>31.0</ns3:atemp>
            <ns3:cad>0</ns3:cad>
          </ns3:TrackPointExtension>
        </extensions>
      </trkpt>
      <trkpt lat="43.234658874571323394775390625" lon="-109.66959960758686065673828125">
        <ele>3793.800048828125</ele>
        <time>2017-09-03T20:14:50.000Z</time>
        <extensions>
          <ns3:TrackPointExtension>
            <ns3:atemp>31.0</ns3:atemp>
            <ns3:cad>0</ns3:cad>
          </ns3:TrackPointExtension>
        </extensions>
      </trkpt>
      <trkpt lat="43.2346855290234088897705078125" lon="-109.66964025981724262237548828125">
        <ele>3795</ele>
        <time>2017-09-03T20:14:57.000Z</time>
        <extensions>
          <ns3:TrackPointExtension>
            <ns3:atemp>31.0</ns3:atemp>
            <ns3:cad>0</ns3:cad>
          </ns3:TrackPointExtension>
        </extensions>
      </trkpt>
      <trkpt lat="43.2347592897713184356689453125" lon="-109.6697437763214111328125">
        <ele>3796</ele>
        <time>2017-09-03T20:15:17.000Z</time>
        <extensions>
          <ns3:TrackPointExtension>
            <ns3:atemp>31.0</ns3:atemp>
            <ns3:cad>61</ns3:cad>
          </ns3:TrackPointExtension>
        </extensions>
      </trkpt>
      <trkpt lat="43.2348129339516162872314453125" lon="-109.66981309466063976287841796875">
        <ele>3797</ele>
        <time>2017-09-03T20:15:34.000Z</time>
        <extensions>
          <ns3:TrackPointExtension>
            <ns3:atemp>31.0</ns3:atemp>
            <ns3:cad>61</ns3:cad>
          </ns3:TrackPointExtension>
        </extensions>
      </trkpt>
      <trkpt lat="43.23484419845044612884521484375" lon="-109.6698700077831745147705078125">
        <ele>3797.60009765625</ele>
        <time>2017-09-03T20:15:41.000Z</time>
        <extensions>
          <ns3:TrackPointExtension>
            <ns3:atemp>31.0</ns3:atemp>
            <ns3:cad>61</ns3:cad>
          </ns3:TrackPointExtension>
        </extensions>
      </trkpt>
      <trkpt lat="43.234880156815052032470703125" lon="-109.66990127228200435638427734375">
        <ele>3798.199951171875</ele>
        <time>2017-09-03T20:15:50.000Z</time>
        <extensions>
          <ns3:TrackPointExtension>
            <ns3:atemp>31.0</ns3:atemp>
            <ns3:cad>0</ns3:cad>
          </ns3:TrackPointExtension>
        </extensions>
      </trkpt>
      <trkpt lat="43.23492885567247867584228515625" lon="-109.67002205550670623779296875">
        <ele>3799.199951171875</ele>
        <time>2017-09-03T20:16:09.000Z</time>
        <extensions>
          <ns3:TrackPointExtension>
            <ns3:atemp>31.0</ns3:atemp>
            <ns3:cad>0</ns3:cad>
          </ns3:TrackPointExtension>
        </extensions>
      </trkpt>
      <trkpt lat="43.23497093282639980316162109375" lon="-109.67009774409234523773193359375">
        <ele>3800.39990234375</ele>
        <time>2017-09-03T20:16:23.000Z</time>
        <extensions>
          <ns3:TrackPointExtension>
            <ns3:atemp>31.0</ns3:atemp>
            <ns3:cad>45</ns3:cad>
          </ns3:TrackPointExtension>
        </extensions>
      </trkpt>
      <trkpt lat="43.23499758727848529815673828125" lon="-109.67016362585127353668212890625">
        <ele>3801.39990234375</ele>
        <time>2017-09-03T20:16:34.000Z</time>
        <extensions>
          <ns3:TrackPointExtension>
            <ns3:atemp>31.0</ns3:atemp>
            <ns3:cad>0</ns3:cad>
          </ns3:TrackPointExtension>
        </extensions>
      </trkpt>
      <trkpt lat="43.235025666654109954833984375" lon="-109.670190699398517608642578125">
        <ele>3802.39990234375</ele>
        <time>2017-09-03T20:16:55.000Z</time>
        <extensions>
          <ns3:TrackPointExtension>
            <ns3:atemp>31.0</ns3:atemp>
            <ns3:cad>0</ns3:cad>
          </ns3:TrackPointExtension>
        </extensions>
      </trkpt>
      <trkpt lat="43.23505072854459285736083984375" lon="-109.6702964790165424346923828125">
        <ele>3803.60009765625</ele>
        <time>2017-09-03T20:17:11.000Z</time>
        <extensions>
          <ns3:TrackPointExtension>
            <ns3:atemp>31.0</ns3:atemp>
            <ns3:cad>0</ns3:cad>
          </ns3:TrackPointExtension>
        </extensions>
      </trkpt>
      <trkpt lat="43.23507855646312236785888671875" lon="-109.670361019670963287353515625">
        <ele>3804.60009765625</ele>
        <time>2017-09-03T20:17:19.000Z</time>
        <extensions>
          <ns3:TrackPointExtension>
            <ns3:atemp>31.0</ns3:atemp>
            <ns3:cad>0</ns3:cad>
          </ns3:TrackPointExtension>
        </extensions>
      </trkpt>
      <trkpt lat="43.2351411692798137664794921875" lon="-109.6704771928489208221435546875">
        <ele>3805.60009765625</ele>
        <time>2017-09-03T20:17:36.000Z</time>
        <extensions>
          <ns3:TrackPointExtension>
            <ns3:atemp>31.0</ns3:atemp>
            <ns3:cad>0</ns3:cad>
          </ns3:TrackPointExtension>
        </extensions>
      </trkpt>
      <trkpt lat="43.235187940299510955810546875" lon="-109.67057785950601100921630859375">
        <ele>3806.60009765625</ele>
        <time>2017-09-03T20:18:08.000Z</time>
        <extensions>
          <ns3:TrackPointExtension>
            <ns3:atemp>31.0</ns3:atemp>
            <ns3:cad>61</ns3:cad>
          </ns3:TrackPointExtension>
        </extensions>
      </trkpt>
      <trkpt lat="43.2352471165359020233154296875" lon="-109.67067592777311801910400390625">
        <ele>3807.800048828125</ele>
        <time>2017-09-03T20:18:21.000Z</time>
        <extensions>
          <ns3:TrackPointExtension>
            <ns3:atemp>31.0</ns3:atemp>
            <ns3:cad>0</ns3:cad>
          </ns3:TrackPointExtension>
        </extensions>
      </trkpt>
      <trkpt lat="43.23533671908080577850341796875" lon="-109.6708084456622600555419921875">
        <ele>3809</ele>
        <time>2017-09-03T20:18:39.000Z</time>
        <extensions>
          <ns3:TrackPointExtension>
            <ns3:atemp>31.0</ns3:atemp>
            <ns3:cad>0</ns3:cad>
          </ns3:TrackPointExtension>
        </extensions>
      </trkpt>
      <trkpt lat="43.23539505712687969207763671875" lon="-109.67086686752736568450927734375">
        <ele>3809</ele>
        <time>2017-09-03T20:18:51.000Z</time>
        <extensions>
          <ns3:TrackPointExtension>
            <ns3:atemp>31.0</ns3:atemp>
            <ns3:cad>61</ns3:cad>
          </ns3:TrackPointExtension>
        </extensions>
      </trkpt>
      <trkpt lat="43.2354591786861419677734375" lon="-109.67097348533570766448974609375">
        <ele>3810</ele>
        <time>2017-09-03T20:19:06.000Z</time>
        <extensions>
          <ns3:TrackPointExtension>
            <ns3:atemp>31.0</ns3:atemp>
            <ns3:cad>0</ns3:cad>
          </ns3:TrackPointExtension>
        </extensions>
      </trkpt>
      <trkpt lat="43.23550703935325145721435546875" lon="-109.67103869654238224029541015625">
        <ele>3811</ele>
        <time>2017-09-03T20:19:22.000Z</time>
        <extensions>
          <ns3:TrackPointExtension>
            <ns3:atemp>31.0</ns3:atemp>
            <ns3:cad>0</ns3:cad>
          </ns3:TrackPointExtension>
        </extensions>
      </trkpt>
      <trkpt lat="43.23564626276493072509765625" lon="-109.671197868883609771728515625">
        <ele>3812</ele>
        <time>2017-09-03T20:19:51.000Z</time>
        <extensions>
          <ns3:TrackPointExtension>
            <ns3:atemp>30.0</ns3:atemp>
            <ns3:cad>0</ns3:cad>
          </ns3:TrackPointExtension>
        </extensions>
      </trkpt>
      <trkpt lat="43.2356994040310382843017578125" lon="-109.6712419576942920684814453125">
        <ele>3812.199951171875</ele>
        <time>2017-09-03T20:19:59.000Z</time>
        <extensions>
          <ns3:TrackPointExtension>
            <ns3:atemp>30.0</ns3:atemp>
            <ns3:cad>61</ns3:cad>
          </ns3:TrackPointExtension>
        </extensions>
      </trkpt>
      <trkpt lat="43.23576654307544231414794921875" lon="-109.671283699572086334228515625">
        <ele>3813.199951171875</ele>
        <time>2017-09-03T20:20:19.000Z</time>
        <extensions>
          <ns3:TrackPointExtension>
            <ns3:atemp>30.0</ns3:atemp>
            <ns3:cad>0</ns3:cad>
          </ns3:TrackPointExtension>
        </extensions>
      </trkpt>
      <trkpt lat="43.2358965463936328887939453125" lon="-109.6714106015861034393310546875">
        <ele>3814.39990234375</ele>
        <time>2017-09-03T20:20:42.000Z</time>
        <extensions>
          <ns3:TrackPointExtension>
            <ns3:atemp>30.0</ns3:atemp>
            <ns3:cad>0</ns3:cad>
          </ns3:TrackPointExtension>
        </extensions>
      </trkpt>
      <trkpt lat="43.2359253801405429840087890625" lon="-109.67143264599144458770751953125">
        <ele>3814.39990234375</ele>
        <time>2017-09-03T20:20:47.000Z</time>
        <extensions>
          <ns3:TrackPointExtension>
            <ns3:atemp>30.0</ns3:atemp>
            <ns3:cad>0</ns3:cad>
          </ns3:TrackPointExtension>
        </extensions>
      </trkpt>
      <trkpt lat="43.23596251197159290313720703125" lon="-109.67149098403751850128173828125">
        <ele>3815.60009765625</ele>
        <time>2017-09-03T20:20:58.000Z</time>
        <extensions>
          <ns3:TrackPointExtension>
            <ns3:atemp>30.0</ns3:atemp>
            <ns3:cad>0</ns3:cad>
          </ns3:TrackPointExtension>
        </extensions>
      </trkpt>
      <trkpt lat="43.2360222749412059783935546875" lon="-109.6715131960809230804443359375">
        <ele>3816.60009765625</ele>
        <time>2017-09-03T20:21:22.000Z</time>
        <extensions>
          <ns3:TrackPointExtension>
            <ns3:atemp>29.0</ns3:atemp>
            <ns3:cad>0</ns3:cad>
          </ns3:TrackPointExtension>
        </extensions>
      </trkpt>
      <trkpt lat="43.23606745339930057525634765625" lon="-109.67157480306923389434814453125">
        <ele>3817</ele>
        <time>2017-09-03T20:22:02.000Z</time>
        <extensions>
          <ns3:TrackPointExtension>
            <ns3:atemp>29.0</ns3:atemp>
            <ns3:cad>0</ns3:cad>
          </ns3:TrackPointExtension>
        </extensions>
      </trkpt>
      <trkpt lat="43.23608840815722942352294921875" lon="-109.67159341089427471160888671875">
        <ele>3817.39990234375</ele>
        <time>2017-09-03T20:22:05.000Z</time>
        <extensions>
          <ns3:TrackPointExtension>
            <ns3:atemp>29.0</ns3:atemp>
            <ns3:cad>61</ns3:cad>
          </ns3:TrackPointExtension>
        </extensions>
      </trkpt>
      <trkpt lat="43.23609813116490840911865234375" lon="-109.6715970151126384735107421875">
        <ele>3817.800048828125</ele>
        <time>2017-09-03T20:22:09.000Z</time>
        <extensions>
          <ns3:TrackPointExtension>
            <ns3:atemp>29.0</ns3:atemp>
            <ns3:cad>0</ns3:cad>
          </ns3:TrackPointExtension>
        </extensions>
      </trkpt>
      <trkpt lat="43.2361619174480438232421875" lon="-109.6716540120542049407958984375">
        <ele>3818.39990234375</ele>
        <time>2017-09-03T20:22:25.000Z</time>
        <extensions>
          <ns3:TrackPointExtension>
            <ns3:atemp>29.0</ns3:atemp>
            <ns3:cad>61</ns3:cad>
          </ns3:TrackPointExtension>
        </extensions>
      </trkpt>
      <trkpt lat="43.23621648363769054412841796875" lon="-109.6716804988682270050048828125">
        <ele>3818.800048828125</ele>
        <time>2017-09-03T20:22:34.000Z</time>
        <extensions>
          <ns3:TrackPointExtension>
            <ns3:atemp>29.0</ns3:atemp>
            <ns3:cad>0</ns3:cad>
          </ns3:TrackPointExtension>
        </extensions>
      </trkpt>
      <trkpt lat="43.2362891547381877899169921875" lon="-109.6717307902872562408447265625">
        <ele>3820</ele>
        <time>2017-09-03T20:22:47.000Z</time>
        <extensions>
          <ns3:TrackPointExtension>
            <ns3:atemp>29.0</ns3:atemp>
            <ns3:cad>0</ns3:cad>
          </ns3:TrackPointExtension>
        </extensions>
      </trkpt>
      <trkpt lat="43.23640088550746440887451171875" lon="-109.6717904694378376007080078125">
        <ele>3821.199951171875</ele>
        <time>2017-09-03T20:23:11.000Z</time>
        <extensions>
          <ns3:TrackPointExtension>
            <ns3:atemp>29.0</ns3:atemp>
            <ns3:cad>61</ns3:cad>
          </ns3:TrackPointExtension>
        </extensions>
      </trkpt>
      <trkpt lat="43.23653751052916049957275390625" lon="-109.67189985327422618865966796875">
        <ele>3822.199951171875</ele>
        <time>2017-09-03T20:23:36.000Z</time>
        <extensions>
          <ns3:TrackPointExtension>
            <ns3:atemp>28.0</ns3:atemp>
            <ns3:cad>61</ns3:cad>
          </ns3:TrackPointExtension>
        </extensions>
      </trkpt>
      <trkpt lat="43.23664664290845394134521484375" lon="-109.67197998426854610443115234375">
        <ele>3823.39990234375</ele>
        <time>2017-09-03T20:23:53.000Z</time>
        <extensions>
          <ns3:TrackPointExtension>
            <ns3:atemp>28.0</ns3:atemp>
            <ns3:cad>58</ns3:cad>
          </ns3:TrackPointExtension>
        </extensions>
      </trkpt>
      <trkpt lat="43.23670439422130584716796875" lon="-109.67201225459575653076171875">
        <ele>3824</ele>
        <time>2017-09-03T20:24:09.000Z</time>
        <extensions>
          <ns3:TrackPointExtension>
            <ns3:atemp>28.0</ns3:atemp>
            <ns3:cad>61</ns3:cad>
          </ns3:TrackPointExtension>
        </extensions>
      </trkpt>
      <trkpt lat="43.23673347942531108856201171875" lon="-109.6720298565924167633056640625">
        <ele>3824.39990234375</ele>
        <time>2017-09-03T20:24:13.000Z</time>
        <extensions>
          <ns3:TrackPointExtension>
            <ns3:atemp>28.0</ns3:atemp>
            <ns3:cad>63</ns3:cad>
          </ns3:TrackPointExtension>
        </extensions>
      </trkpt>
      <trkpt lat="43.2368115149438381195068359375" lon="-109.67210789211094379425048828125">
        <ele>3825.39990234375</ele>
        <time>2017-09-03T20:24:30.000Z</time>
        <extensions>
          <ns3:TrackPointExtension>
            <ns3:atemp>28.0</ns3:atemp>
            <ns3:cad>61</ns3:cad>
          </ns3:TrackPointExtension>
        </extensions>
      </trkpt>
      <trkpt lat="43.23687605559825897216796875" lon="-109.6721948124468326568603515625">
        <ele>3826.60009765625</ele>
        <time>2017-09-03T20:24:46.000Z</time>
        <extensions>
          <ns3:TrackPointExtension>
            <ns3:atemp>28.0</ns3:atemp>
            <ns3:cad>61</ns3:cad>
          </ns3:TrackPointExtension>
        </extensions>
      </trkpt>
      <trkpt lat="43.23703506030142307281494140625" lon="-109.6722132526338100433349609375">
        <ele>3826.800048828125</ele>
        <time>2017-09-03T20:25:15.000Z</time>
        <extensions>
          <ns3:TrackPointExtension>
            <ns3:atemp>28.0</ns3:atemp>
            <ns3:cad>61</ns3:cad>
          </ns3:TrackPointExtension>
        </extensions>
      </trkpt>
      <trkpt lat="43.23707780800759792327880859375" lon="-109.6722608618438243865966796875">
        <ele>3827</ele>
        <time>2017-09-03T20:25:26.000Z</time>
        <extensions>
          <ns3:TrackPointExtension>
            <ns3:atemp>28.0</ns3:atemp>
            <ns3:cad>0</ns3:cad>
          </ns3:TrackPointExtension>
        </extensions>
      </trkpt>
      <trkpt lat="43.23709599673748016357421875" lon="-109.6722756139934062957763671875">
        <ele>3827.60009765625</ele>
        <time>2017-09-03T20:25:31.000Z</time>
        <extensions>
          <ns3:TrackPointExtension>
            <ns3:atemp>28.0</ns3:atemp>
            <ns3:cad>0</ns3:cad>
          </ns3:TrackPointExtension>
        </extensions>
      </trkpt>
      <trkpt lat="43.2371447794139385223388671875" lon="-109.6723396517336368560791015625">
        <ele>3826.60009765625</ele>
        <time>2017-09-03T20:26:26.000Z</time>
        <extensions>
          <ns3:TrackPointExtension>
            <ns3:atemp>28.0</ns3:atemp>
            <ns3:cad>0</ns3:cad>
          </ns3:TrackPointExtension>
        </extensions>
      </trkpt>
      <trkpt lat="43.23713296093046665191650390625" lon="-109.6723761968314647674560546875">
        <ele>3826.60009765625</ele>
        <time>2017-09-03T20:29:09.000Z</time>
        <extensions>
          <ns3:TrackPointExtension>
            <ns3:atemp>27.0</ns3:atemp>
            <ns3:cad>0</ns3:cad>
          </ns3:TrackPointExtension>
        </extensions>
      </trkpt>
      <trkpt lat="43.23713195510208606719970703125" lon="-109.67237594537436962127685546875">
        <ele>3826.60009765625</ele>
        <time>2017-09-03T20:30:19.000Z</time>
        <extensions>
          <ns3:TrackPointExtension>
            <ns3:atemp>26.0</ns3:atemp>
            <ns3:cad>0</ns3:cad>
          </ns3:TrackPointExtension>
        </extensions>
      </trkpt>
      <trkpt lat="43.237124495208263397216796875" lon="-109.67236630618572235107421875">
        <ele>3826.60009765625</ele>
        <time>2017-09-03T20:31:40.000Z</time>
        <extensions>
          <ns3:TrackPointExtension>
            <ns3:atemp>25.0</ns3:atemp>
            <ns3:cad>0</ns3:cad>
          </ns3:TrackPointExtension>
        </extensions>
      </trkpt>
      <trkpt lat="43.237135224044322967529296875" lon="-109.6723731793463230133056640625">
        <ele>3826.60009765625</ele>
        <time>2017-09-03T20:32:08.000Z</time>
        <extensions>
          <ns3:TrackPointExtension>
            <ns3:atemp>24.0</ns3:atemp>
            <ns3:cad>61</ns3:cad>
          </ns3:TrackPointExtension>
        </extensions>
      </trkpt>
      <trkpt lat="43.23721937835216522216796875" lon="-109.6724439226090908050537109375">
        <ele>3826.60009765625</ele>
        <time>2017-09-03T20:33:58.000Z</time>
        <extensions>
          <ns3:TrackPointExtension>
            <ns3:atemp>25.0</ns3:atemp>
            <ns3:cad>61</ns3:cad>
          </ns3:TrackPointExtension>
        </extensions>
      </trkpt>
      <trkpt lat="43.23726438917219638824462890625" lon="-109.6725548990070819854736328125">
        <ele>3826.39990234375</ele>
        <time>2017-09-03T20:34:07.000Z</time>
        <extensions>
          <ns3:TrackPointExtension>
            <ns3:atemp>25.0</ns3:atemp>
            <ns3:cad>0</ns3:cad>
          </ns3:TrackPointExtension>
        </extensions>
      </trkpt>
      <trkpt lat="43.23734720237553119659423828125" lon="-109.67278095893561840057373046875">
        <ele>3827.39990234375</ele>
        <time>2017-09-03T20:34:26.000Z</time>
        <extensions>
          <ns3:TrackPointExtension>
            <ns3:atemp>25.0</ns3:atemp>
            <ns3:cad>61</ns3:cad>
          </ns3:TrackPointExtension>
        </extensions>
      </trkpt>
      <trkpt lat="43.2373606972396373748779296875" lon="-109.672813229262828826904296875">
        <ele>3827.60009765625</ele>
        <time>2017-09-03T20:34:31.000Z</time>
        <extensions>
          <ns3:TrackPointExtension>
            <ns3:atemp>25.0</ns3:atemp>
            <ns3:cad>0</ns3:cad>
          </ns3:TrackPointExtension>
        </extensions>
      </trkpt>
      <trkpt lat="43.23736245743930339813232421875" lon="-109.67281691730022430419921875">
        <ele>3827.60009765625</ele>
        <time>2017-09-03T20:34:32.000Z</time>
        <extensions>
          <ns3:TrackPointExtension>
            <ns3:atemp>25.0</ns3:atemp>
            <ns3:cad>0</ns3:cad>
          </ns3:TrackPointExtension>
        </extensions>
      </trkpt>
      <trkpt lat="43.237383663654327392578125" lon="-109.6729047596454620361328125">
        <ele>3827.39990234375</ele>
        <time>2017-09-03T20:34:45.000Z</time>
        <extensions>
          <ns3:TrackPointExtension>
            <ns3:atemp>25.0</ns3:atemp>
            <ns3:cad>0</ns3:cad>
          </ns3:TrackPointExtension>
        </extensions>
      </trkpt>
      <trkpt lat="43.2373965717852115631103515625" lon="-109.67294876463711261749267578125">
        <ele>3827</ele>
        <time>2017-09-03T20:34:49.000Z</time>
        <extensions>
          <ns3:TrackPointExtension>
            <ns3:atemp>25.0</ns3:atemp>
            <ns3:cad>0</ns3:cad>
          </ns3:TrackPointExtension>
        </extensions>
      </trkpt>
      <trkpt lat="43.2374254055321216583251953125" lon="-109.67307331971824169158935546875">
        <ele>3827.39990234375</ele>
        <time>2017-09-03T20:35:00.000Z</time>
        <extensions>
          <ns3:TrackPointExtension>
            <ns3:atemp>25.0</ns3:atemp>
            <ns3:cad>0</ns3:cad>
          </ns3:TrackPointExtension>
        </extensions>
      </trkpt>
      <trkpt lat="43.23746907524764537811279296875" lon="-109.67319083400070667266845703125">
        <ele>3827.199951171875</ele>
        <time>2017-09-03T20:35:13.000Z</time>
        <extensions>
          <ns3:TrackPointExtension>
            <ns3:atemp>25.0</ns3:atemp>
            <ns3:cad>61</ns3:cad>
          </ns3:TrackPointExtension>
        </extensions>
      </trkpt>
      <trkpt lat="43.23758021928369998931884765625" lon="-109.673400633037090301513671875">
        <ele>3827</ele>
        <time>2017-09-03T20:35:32.000Z</time>
        <extensions>
          <ns3:TrackPointExtension>
            <ns3:atemp>25.0</ns3:atemp>
            <ns3:cad>61</ns3:cad>
          </ns3:TrackPointExtension>
        </extensions>
      </trkpt>
      <trkpt lat="43.2375933788716793060302734375" lon="-109.673455618321895599365234375">
        <ele>3827.199951171875</ele>
        <time>2017-09-03T20:35:36.000Z</time>
        <extensions>
          <ns3:TrackPointExtension>
            <ns3:atemp>25.0</ns3:atemp>
            <ns3:cad>0</ns3:cad>
          </ns3:TrackPointExtension>
        </extensions>
      </trkpt>
      <trkpt lat="43.2376493699848651885986328125" lon="-109.6735634095966815948486328125">
        <ele>3826.60009765625</ele>
        <time>2017-09-03T20:35:47.000Z</time>
        <extensions>
          <ns3:TrackPointExtension>
            <ns3:atemp>25.0</ns3:atemp>
            <ns3:cad>54</ns3:cad>
          </ns3:TrackPointExtension>
        </extensions>
      </trkpt>
      <trkpt lat="43.23770485818386077880859375" lon="-109.67367061413824558258056640625">
        <ele>3827.199951171875</ele>
        <time>2017-09-03T20:35:58.000Z</time>
        <extensions>
          <ns3:TrackPointExtension>
            <ns3:atemp>25.0</ns3:atemp>
            <ns3:cad>61</ns3:cad>
          </ns3:TrackPointExtension>
        </extensions>
      </trkpt>
      <trkpt lat="43.23782446794211864471435546875" lon="-109.67387043870985507965087890625">
        <ele>3826.39990234375</ele>
        <time>2017-09-03T20:36:26.000Z</time>
        <extensions>
          <ns3:TrackPointExtension>
            <ns3:atemp>25.0</ns3:atemp>
            <ns3:cad>65</ns3:cad>
          </ns3:TrackPointExtension>
        </extensions>
      </trkpt>
      <trkpt lat="43.23786134831607341766357421875" lon="-109.673927687108516693115234375">
        <ele>3826</ele>
        <time>2017-09-03T20:36:32.000Z</time>
        <extensions>
          <ns3:TrackPointExtension>
            <ns3:atemp>25.0</ns3:atemp>
            <ns3:cad>65</ns3:cad>
          </ns3:TrackPointExtension>
        </extensions>
      </trkpt>
      <trkpt lat="43.2379273138940334320068359375" lon="-109.67400622554123401641845703125">
        <ele>3825.60009765625</ele>
        <time>2017-09-03T20:36:41.000Z</time>
        <extensions>
          <ns3:TrackPointExtension>
            <ns3:atemp>25.0</ns3:atemp>
            <ns3:cad>65</ns3:cad>
          </ns3:TrackPointExtension>
        </extensions>
      </trkpt>
      <trkpt lat="43.2379655353724956512451171875" lon="-109.6740683354437351226806640625">
        <ele>3824.800048828125</ele>
        <time>2017-09-03T20:36:47.000Z</time>
        <extensions>
          <ns3:TrackPointExtension>
            <ns3:atemp>25.0</ns3:atemp>
            <ns3:cad>49</ns3:cad>
          </ns3:TrackPointExtension>
        </extensions>
      </trkpt>
      <trkpt lat="43.23797182179987430572509765625" lon="-109.67408132739365100860595703125">
        <ele>3824.60009765625</ele>
        <time>2017-09-03T20:36:49.000Z</time>
        <extensions>
          <ns3:TrackPointExtension>
            <ns3:atemp>25.0</ns3:atemp>
            <ns3:cad>49</ns3:cad>
          </ns3:TrackPointExtension>
        </extensions>
      </trkpt>
      <trkpt lat="43.2379896752536296844482421875" lon="-109.67410949058830738067626953125">
        <ele>3824.60009765625</ele>
        <time>2017-09-03T20:36:52.000Z</time>
        <extensions>
          <ns3:TrackPointExtension>
            <ns3:atemp>25.0</ns3:atemp>
            <ns3:cad>49</ns3:cad>
          </ns3:TrackPointExtension>
        </extensions>
      </trkpt>
      <trkpt lat="43.238012306392192840576171875" lon="-109.6741390787065029144287109375">
        <ele>3824.199951171875</ele>
        <time>2017-09-03T20:36:55.000Z</time>
        <extensions>
          <ns3:TrackPointExtension>
            <ns3:atemp>25.0</ns3:atemp>
            <ns3:cad>49</ns3:cad>
          </ns3:TrackPointExtension>
        </extensions>
      </trkpt>
      <trkpt lat="43.2380795292556285858154296875" lon="-109.6742044575512409210205078125">
        <ele>3823.39990234375</ele>
        <time>2017-09-03T20:37:03.000Z</time>
        <extensions>
          <ns3:TrackPointExtension>
            <ns3:atemp>26.0</ns3:atemp>
            <ns3:cad>0</ns3:cad>
          </ns3:TrackPointExtension>
        </extensions>
      </trkpt>
      <trkpt lat="43.238114900887012481689453125" lon="-109.67425449751317501068115234375">
        <ele>3822.800048828125</ele>
        <time>2017-09-03T20:37:08.000Z</time>
        <extensions>
          <ns3:TrackPointExtension>
            <ns3:atemp>26.0</ns3:atemp>
            <ns3:cad>0</ns3:cad>
          </ns3:TrackPointExtension>
        </extensions>
      </trkpt>
      <trkpt lat="43.238143734633922576904296875" lon="-109.6742869354784488677978515625">
        <ele>3822.39990234375</ele>
        <time>2017-09-03T20:37:12.000Z</time>
        <extensions>
          <ns3:TrackPointExtension>
            <ns3:atemp>26.0</ns3:atemp>
            <ns3:cad>0</ns3:cad>
          </ns3:TrackPointExtension>
        </extensions>
      </trkpt>
      <trkpt lat="43.2382325828075408935546875" lon="-109.67438022606074810028076171875">
        <ele>3821.60009765625</ele>
        <time>2017-09-03T20:37:25.000Z</time>
        <extensions>
          <ns3:TrackPointExtension>
            <ns3:atemp>26.0</ns3:atemp>
            <ns3:cad>0</ns3:cad>
          </ns3:TrackPointExtension>
        </extensions>
      </trkpt>
      <trkpt lat="43.23823015205562114715576171875" lon="-109.674379639327526092529296875">
        <ele>3821.800048828125</ele>
        <time>2017-09-03T20:37:27.000Z</time>
        <extensions>
          <ns3:TrackPointExtension>
            <ns3:atemp>26.0</ns3:atemp>
            <ns3:cad>0</ns3:cad>
          </ns3:TrackPointExtension>
        </extensions>
      </trkpt>
      <trkpt lat="43.23823987506330013275146484375" lon="-109.67438844032585620880126953125">
        <ele>3821.39990234375</ele>
        <time>2017-09-03T20:37:56.000Z</time>
        <extensions>
          <ns3:TrackPointExtension>
            <ns3:atemp>26.0</ns3:atemp>
            <ns3:cad>0</ns3:cad>
          </ns3:TrackPointExtension>
        </extensions>
      </trkpt>
      <trkpt lat="43.23829284869134426116943359375" lon="-109.67442548833787441253662109375">
        <ele>3821.60009765625</ele>
        <time>2017-09-03T20:39:50.000Z</time>
        <extensions>
          <ns3:TrackPointExtension>
            <ns3:atemp>26.0</ns3:atemp>
            <ns3:cad>61</ns3:cad>
          </ns3:TrackPointExtension>
        </extensions>
      </trkpt>
      <trkpt lat="43.23830701410770416259765625" lon="-109.674438647925853729248046875">
        <ele>3819.800048828125</ele>
        <time>2017-09-03T20:39:52.000Z</time>
        <extensions>
          <ns3:TrackPointExtension>
            <ns3:atemp>26.0</ns3:atemp>
            <ns3:cad>0</ns3:cad>
          </ns3:TrackPointExtension>
        </extensions>
      </trkpt>
      <trkpt lat="43.23844322003424167633056640625" lon="-109.674607627093791961669921875">
        <ele>3820.39990234375</ele>
        <time>2017-09-03T20:40:10.000Z</time>
        <extensions>
          <ns3:TrackPointExtension>
            <ns3:atemp>26.0</ns3:atemp>
            <ns3:cad>0</ns3:cad>
          </ns3:TrackPointExtension>
        </extensions>
      </trkpt>
      <trkpt lat="43.23845587670803070068359375" lon="-109.6746255643665790557861328125">
        <ele>3820.800048828125</ele>
        <time>2017-09-03T20:40:12.000Z</time>
        <extensions>
          <ns3:TrackPointExtension>
            <ns3:atemp>26.0</ns3:atemp>
            <ns3:cad>0</ns3:cad>
          </ns3:TrackPointExtension>
        </extensions>
      </trkpt>
      <trkpt lat="43.2385559566318988800048828125" lon="-109.67474735341966152191162109375">
        <ele>3819.800048828125</ele>
        <time>2017-09-03T20:40:27.000Z</time>
        <extensions>
          <ns3:TrackPointExtension>
            <ns3:atemp>26.0</ns3:atemp>
            <ns3:cad>61</ns3:cad>
          </ns3:TrackPointExtension>
        </extensions>
      </trkpt>
      <trkpt lat="43.23861924000084400177001953125" lon="-109.6748180128633975982666015625">
        <ele>3819.199951171875</ele>
        <time>2017-09-03T20:40:37.000Z</time>
        <extensions>
          <ns3:TrackPointExtension>
            <ns3:atemp>26.0</ns3:atemp>
            <ns3:cad>0</ns3:cad>
          </ns3:TrackPointExtension>
        </extensions>
      </trkpt>
      <trkpt lat="43.23863315396010875701904296875" lon="-109.67484600841999053955078125">
        <ele>3821.199951171875</ele>
        <time>2017-09-03T20:40:40.000Z</time>
        <extensions>
          <ns3:TrackPointExtension>
            <ns3:atemp>26.0</ns3:atemp>
            <ns3:cad>61</ns3:cad>
          </ns3:TrackPointExtension>
        </extensions>
      </trkpt>
      <trkpt lat="43.23864438571035861968994140625" lon="-109.674866460263729095458984375">
        <ele>3822.39990234375</ele>
        <time>2017-09-03T20:40:42.000Z</time>
        <extensions>
          <ns3:TrackPointExtension>
            <ns3:atemp>26.0</ns3:atemp>
            <ns3:cad>0</ns3:cad>
          </ns3:TrackPointExtension>
        </extensions>
      </trkpt>
      <trkpt lat="43.2386518456041812896728515625" lon="-109.67487375251948833465576171875">
        <ele>3822.800048828125</ele>
        <time>2017-09-03T20:40:43.000Z</time>
        <extensions>
          <ns3:TrackPointExtension>
            <ns3:atemp>26.0</ns3:atemp>
            <ns3:cad>0</ns3:cad>
          </ns3:TrackPointExtension>
        </extensions>
      </trkpt>
      <trkpt lat="43.2387246005237102508544921875" lon="-109.67494131065905094146728515625">
        <ele>3822.800048828125</ele>
        <time>2017-09-03T20:40:53.000Z</time>
        <extensions>
          <ns3:TrackPointExtension>
            <ns3:atemp>26.0</ns3:atemp>
            <ns3:cad>0</ns3:cad>
          </ns3:TrackPointExtension>
        </extensions>
      </trkpt>
      <trkpt lat="43.2387433759868144989013671875" lon="-109.67495061457157135009765625">
        <ele>3821.39990234375</ele>
        <time>2017-09-03T20:40:58.000Z</time>
        <extensions>
          <ns3:TrackPointExtension>
            <ns3:atemp>25.0</ns3:atemp>
            <ns3:cad>0</ns3:cad>
          </ns3:TrackPointExtension>
        </extensions>
      </trkpt>
      <trkpt lat="43.2387448847293853759765625" lon="-109.67495656572282314300537109375">
        <ele>3822.39990234375</ele>
        <time>2017-09-03T20:41:14.000Z</time>
        <extensions>
          <ns3:TrackPointExtension>
            <ns3:atemp>25.0</ns3:atemp>
            <ns3:cad>0</ns3:cad>
          </ns3:TrackPointExtension>
        </extensions>
      </trkpt>
      <trkpt lat="43.238771371543407440185546875" lon="-109.67501096427440643310546875">
        <ele>3822.800048828125</ele>
        <time>2017-09-03T20:41:20.000Z</time>
        <extensions>
          <ns3:TrackPointExtension>
            <ns3:atemp>25.0</ns3:atemp>
            <ns3:cad>61</ns3:cad>
          </ns3:TrackPointExtension>
        </extensions>
      </trkpt>
      <trkpt lat="43.23891512118279933929443359375" lon="-109.67514851130545139312744140625">
        <ele>3822</ele>
        <time>2017-09-03T20:41:52.000Z</time>
        <extensions>
          <ns3:TrackPointExtension>
            <ns3:atemp>25.0</ns3:atemp>
            <ns3:cad>0</ns3:cad>
          </ns3:TrackPointExtension>
        </extensions>
      </trkpt>
      <trkpt lat="43.23902316391468048095703125" lon="-109.67529301531612873077392578125">
        <ele>3823.39990234375</ele>
        <time>2017-09-03T20:42:14.000Z</time>
        <extensions>
          <ns3:TrackPointExtension>
            <ns3:atemp>25.0</ns3:atemp>
            <ns3:cad>61</ns3:cad>
          </ns3:TrackPointExtension>
        </extensions>
      </trkpt>
      <trkpt lat="43.23916708119213581085205078125" lon="-109.67539007775485515594482421875">
        <ele>3824.60009765625</ele>
        <time>2017-09-03T20:42:36.000Z</time>
        <extensions>
          <ns3:TrackPointExtension>
            <ns3:atemp>25.0</ns3:atemp>
            <ns3:cad>0</ns3:cad>
          </ns3:TrackPointExtension>
        </extensions>
      </trkpt>
      <trkpt lat="43.2392493076622486114501953125" lon="-109.6754878945648670196533203125">
        <ele>3825.60009765625</ele>
        <time>2017-09-03T20:42:50.000Z</time>
        <extensions>
          <ns3:TrackPointExtension>
            <ns3:atemp>25.0</ns3:atemp>
            <ns3:cad>0</ns3:cad>
          </ns3:TrackPointExtension>
        </extensions>
      </trkpt>
      <trkpt lat="43.2393502257764339447021484375" lon="-109.67557422816753387451171875">
        <ele>3826.39990234375</ele>
        <time>2017-09-03T20:43:13.000Z</time>
        <extensions>
          <ns3:TrackPointExtension>
            <ns3:atemp>25.0</ns3:atemp>
            <ns3:cad>61</ns3:cad>
          </ns3:TrackPointExtension>
        </extensions>
      </trkpt>
      <trkpt lat="43.23939674533903598785400390625" lon="-109.6756030619144439697265625">
        <ele>3826.60009765625</ele>
        <time>2017-09-03T20:43:19.000Z</time>
        <extensions>
          <ns3:TrackPointExtension>
            <ns3:atemp>25.0</ns3:atemp>
            <ns3:cad>61</ns3:cad>
          </ns3:TrackPointExtension>
        </extensions>
      </trkpt>
      <trkpt lat="43.23946313001215457916259765625" lon="-109.67564824037253856658935546875">
        <ele>3826.199951171875</ele>
        <time>2017-09-03T20:43:27.000Z</time>
        <extensions>
          <ns3:TrackPointExtension>
            <ns3:atemp>26.0</ns3:atemp>
            <ns3:cad>61</ns3:cad>
          </ns3:TrackPointExtension>
        </extensions>
      </trkpt>
      <trkpt lat="43.2395021058619022369384765625" lon="-109.67566139996051788330078125">
        <ele>3826.39990234375</ele>
        <time>2017-09-03T20:43:32.000Z</time>
        <extensions>
          <ns3:TrackPointExtension>
            <ns3:atemp>26.0</ns3:atemp>
            <ns3:cad>0</ns3:cad>
          </ns3:TrackPointExtension>
        </extensions>
      </trkpt>
      <trkpt lat="43.23954292573034763336181640625" lon="-109.67566869221627712249755859375">
        <ele>3826.39990234375</ele>
        <time>2017-09-03T20:43:38.000Z</time>
        <extensions>
          <ns3:TrackPointExtension>
            <ns3:atemp>26.0</ns3:atemp>
            <ns3:cad>0</ns3:cad>
          </ns3:TrackPointExtension>
        </extensions>
      </trkpt>
      <trkpt lat="43.239542506635189056396484375" lon="-109.6756733022630214691162109375">
        <ele>3826.39990234375</ele>
        <time>2017-09-03T20:43:40.000Z</time>
        <extensions>
          <ns3:TrackPointExtension>
            <ns3:atemp>26.0</ns3:atemp>
            <ns3:cad>0</ns3:cad>
          </ns3:TrackPointExtension>
        </extensions>
      </trkpt>
      <trkpt lat="43.239574693143367767333984375" lon="-109.67568394728004932403564453125">
        <ele>3826.39990234375</ele>
        <time>2017-09-03T20:43:46.000Z</time>
        <extensions>
          <ns3:TrackPointExtension>
            <ns3:atemp>26.0</ns3:atemp>
            <ns3:cad>61</ns3:cad>
          </ns3:TrackPointExtension>
        </extensions>
      </trkpt>
      <trkpt lat="43.23971509002149105072021484375" lon="-109.675802551209926605224609375">
        <ele>3826.800048828125</ele>
        <time>2017-09-03T20:44:14.000Z</time>
        <extensions>
          <ns3:TrackPointExtension>
            <ns3:atemp>26.0</ns3:atemp>
            <ns3:cad>0</ns3:cad>
          </ns3:TrackPointExtension>
        </extensions>
      </trkpt>
      <trkpt lat="43.23988071642816066741943359375" lon="-109.6758751384913921356201171875">
        <ele>3827.60009765625</ele>
        <time>2017-09-03T20:44:38.000Z</time>
        <extensions>
          <ns3:TrackPointExtension>
            <ns3:atemp>27.0</ns3:atemp>
            <ns3:cad>61</ns3:cad>
          </ns3:TrackPointExtension>
        </extensions>
      </trkpt>
      <trkpt lat="43.23990787379443645477294921875" lon="-109.6758873760700225830078125">
        <ele>3827.800048828125</ele>
        <time>2017-09-03T20:44:42.000Z</time>
        <extensions>
          <ns3:TrackPointExtension>
            <ns3:atemp>27.0</ns3:atemp>
            <ns3:cad>61</ns3:cad>
          </ns3:TrackPointExtension>
        </extensions>
      </trkpt>
      <trkpt lat="43.24006092734634876251220703125" lon="-109.67602358199656009674072265625">
        <ele>3828.199951171875</ele>
        <time>2017-09-03T20:45:06.000Z</time>
        <extensions>
          <ns3:TrackPointExtension>
            <ns3:atemp>27.0</ns3:atemp>
            <ns3:cad>0</ns3:cad>
          </ns3:TrackPointExtension>
        </extensions>
      </trkpt>
      <trkpt lat="43.24011440388858318328857421875" lon="-109.67607940547168254852294921875">
        <ele>3828</ele>
        <time>2017-09-03T20:45:45.000Z</time>
        <extensions>
          <ns3:TrackPointExtension>
            <ns3:atemp>28.0</ns3:atemp>
            <ns3:cad>0</ns3:cad>
          </ns3:TrackPointExtension>
        </extensions>
      </trkpt>
      <trkpt lat="43.2402011565864086151123046875" lon="-109.67610388062894344329833984375">
        <ele>3827</ele>
        <time>2017-09-03T20:46:35.000Z</time>
        <extensions>
          <ns3:TrackPointExtension>
            <ns3:atemp>28.0</ns3:atemp>
            <ns3:cad>61</ns3:cad>
          </ns3:TrackPointExtension>
        </extensions>
      </trkpt>
      <trkpt lat="43.2402480952441692352294921875" lon="-109.67612014152109622955322265625">
        <ele>3826.60009765625</ele>
        <time>2017-09-03T20:46:41.000Z</time>
        <extensions>
          <ns3:TrackPointExtension>
            <ns3:atemp>28.0</ns3:atemp>
            <ns3:cad>61</ns3:cad>
          </ns3:TrackPointExtension>
        </extensions>
      </trkpt>
      <trkpt lat="43.24032043106853961944580078125" lon="-109.67618443071842193603515625">
        <ele>3825.60009765625</ele>
        <time>2017-09-03T20:46:51.000Z</time>
        <extensions>
          <ns3:TrackPointExtension>
            <ns3:atemp>28.0</ns3:atemp>
            <ns3:cad>0</ns3:cad>
          </ns3:TrackPointExtension>
        </extensions>
      </trkpt>
      <trkpt lat="43.240343816578388214111328125" lon="-109.6761926449835300445556640625">
        <ele>3824.60009765625</ele>
        <time>2017-09-03T20:46:55.000Z</time>
        <extensions>
          <ns3:TrackPointExtension>
            <ns3:atemp>28.0</ns3:atemp>
            <ns3:cad>0</ns3:cad>
          </ns3:TrackPointExtension>
        </extensions>
      </trkpt>
      <trkpt lat="43.24035211466252803802490234375" lon="-109.6762016974389553070068359375">
        <ele>3824.39990234375</ele>
        <time>2017-09-03T20:46:57.000Z</time>
        <extensions>
          <ns3:TrackPointExtension>
            <ns3:atemp>28.0</ns3:atemp>
            <ns3:cad>61</ns3:cad>
          </ns3:TrackPointExtension>
        </extensions>
      </trkpt>
      <trkpt lat="43.24047365225851535797119140625" lon="-109.67622843571007251739501953125">
        <ele>3824</ele>
        <time>2017-09-03T20:47:20.000Z</time>
        <extensions>
          <ns3:TrackPointExtension>
            <ns3:atemp>28.0</ns3:atemp>
            <ns3:cad>61</ns3:cad>
          </ns3:TrackPointExtension>
        </extensions>
      </trkpt>
      <trkpt lat="43.24051472358405590057373046875" lon="-109.6762335486710071563720703125">
        <ele>3823.39990234375</ele>
        <time>2017-09-03T20:47:25.000Z</time>
        <extensions>
          <ns3:TrackPointExtension>
            <ns3:atemp>28.0</ns3:atemp>
            <ns3:cad>61</ns3:cad>
          </ns3:TrackPointExtension>
        </extensions>
      </trkpt>
      <trkpt lat="43.24054657481610774993896484375" lon="-109.6762389130890369415283203125">
        <ele>3823.199951171875</ele>
        <time>2017-09-03T20:47:29.000Z</time>
        <extensions>
          <ns3:TrackPointExtension>
            <ns3:atemp>28.0</ns3:atemp>
            <ns3:cad>0</ns3:cad>
          </ns3:TrackPointExtension>
        </extensions>
      </trkpt>
      <trkpt lat="43.2406665198504924774169921875" lon="-109.67641954310238361358642578125">
        <ele>3823</ele>
        <time>2017-09-03T20:48:00.000Z</time>
        <extensions>
          <ns3:TrackPointExtension>
            <ns3:atemp>29.0</ns3:atemp>
            <ns3:cad>0</ns3:cad>
          </ns3:TrackPointExtension>
        </extensions>
      </trkpt>
      <trkpt lat="43.24079752899706363677978515625" lon="-109.676564633846282958984375">
        <ele>3822.800048828125</ele>
        <time>2017-09-03T20:48:24.000Z</time>
        <extensions>
          <ns3:TrackPointExtension>
            <ns3:atemp>29.0</ns3:atemp>
            <ns3:cad>0</ns3:cad>
          </ns3:TrackPointExtension>
        </extensions>
      </trkpt>
      <trkpt lat="43.24085175991058349609375" lon="-109.67658433131873607635498046875">
        <ele>3822.60009765625</ele>
        <time>2017-09-03T20:48:37.000Z</time>
        <extensions>
          <ns3:TrackPointExtension>
            <ns3:atemp>29.0</ns3:atemp>
            <ns3:cad>61</ns3:cad>
          </ns3:TrackPointExtension>
        </extensions>
      </trkpt>
      <trkpt lat="43.2408670149743556976318359375" lon="-109.676627330482006072998046875">
        <ele>3822.60009765625</ele>
        <time>2017-09-03T20:48:41.000Z</time>
        <extensions>
          <ns3:TrackPointExtension>
            <ns3:atemp>29.0</ns3:atemp>
            <ns3:cad>61</ns3:cad>
          </ns3:TrackPointExtension>
        </extensions>
      </trkpt>
      <trkpt lat="43.240877576172351837158203125" lon="-109.67665708623826503753662109375">
        <ele>3822.60009765625</ele>
        <time>2017-09-03T20:48:44.000Z</time>
        <extensions>
          <ns3:TrackPointExtension>
            <ns3:atemp>29.0</ns3:atemp>
            <ns3:cad>61</ns3:cad>
          </ns3:TrackPointExtension>
        </extensions>
      </trkpt>
      <trkpt lat="43.2409411109983921051025390625" lon="-109.6767430007457733154296875">
        <ele>3822.39990234375</ele>
        <time>2017-09-03T20:48:59.000Z</time>
        <extensions>
          <ns3:TrackPointExtension>
            <ns3:atemp>29.0</ns3:atemp>
            <ns3:cad>61</ns3:cad>
          </ns3:TrackPointExtension>
        </extensions>
      </trkpt>
      <trkpt lat="43.24106759391725063323974609375" lon="-109.67688314616680145263671875">
        <ele>3823.39990234375</ele>
        <time>2017-09-03T20:49:29.000Z</time>
        <extensions>
          <ns3:TrackPointExtension>
            <ns3:atemp>29.0</ns3:atemp>
            <ns3:cad>0</ns3:cad>
          </ns3:TrackPointExtension>
        </extensions>
      </trkpt>
      <trkpt lat="43.2411932386457920074462890625" lon="-109.67699185945093631744384765625">
        <ele>3823</ele>
        <time>2017-09-03T20:50:09.000Z</time>
        <extensions>
          <ns3:TrackPointExtension>
            <ns3:atemp>29.0</ns3:atemp>
            <ns3:cad>0</ns3:cad>
          </ns3:TrackPointExtension>
        </extensions>
      </trkpt>
      <trkpt lat="43.2411865331232547760009765625" lon="-109.6770365349948406219482421875">
        <ele>3822.39990234375</ele>
        <time>2017-09-03T20:50:32.000Z</time>
        <extensions>
          <ns3:TrackPointExtension>
            <ns3:atemp>29.0</ns3:atemp>
            <ns3:cad>0</ns3:cad>
          </ns3:TrackPointExtension>
        </extensions>
      </trkpt>
      <trkpt lat="43.241309411823749542236328125" lon="-109.6771592460572719573974609375">
        <ele>3822.60009765625</ele>
        <time>2017-09-03T20:51:13.000Z</time>
        <extensions>
          <ns3:TrackPointExtension>
            <ns3:atemp>29.0</ns3:atemp>
            <ns3:cad>61</ns3:cad>
          </ns3:TrackPointExtension>
        </extensions>
      </trkpt>
      <trkpt lat="43.24131335131824016571044921875" lon="-109.67715430073440074920654296875">
        <ele>3822.60009765625</ele>
        <time>2017-09-03T20:51:14.000Z</time>
        <extensions>
          <ns3:TrackPointExtension>
            <ns3:atemp>29.0</ns3:atemp>
            <ns3:cad>0</ns3:cad>
          </ns3:TrackPointExtension>
        </extensions>
      </trkpt>
      <trkpt lat="43.24144410900771617889404296875" lon="-109.677260331809520721435546875">
        <ele>3822.39990234375</ele>
        <time>2017-09-03T20:52:25.000Z</time>
        <extensions>
          <ns3:TrackPointExtension>
            <ns3:atemp>29.0</ns3:atemp>
            <ns3:cad>0</ns3:cad>
          </ns3:TrackPointExtension>
        </extensions>
      </trkpt>
      <trkpt lat="43.24144746176898479461669921875" lon="-109.67740022577345371246337890625">
        <ele>3822</ele>
        <time>2017-09-03T20:52:43.000Z</time>
        <extensions>
          <ns3:TrackPointExtension>
            <ns3:atemp>29.0</ns3:atemp>
            <ns3:cad>61</ns3:cad>
          </ns3:TrackPointExtension>
        </extensions>
      </trkpt>
      <trkpt lat="43.241445533931255340576171875" lon="-109.67753098346292972564697265625">
        <ele>3822.199951171875</ele>
        <time>2017-09-03T20:52:56.000Z</time>
        <extensions>
          <ns3:TrackPointExtension>
            <ns3:atemp>29.0</ns3:atemp>
            <ns3:cad>61</ns3:cad>
          </ns3:TrackPointExtension>
        </extensions>
      </trkpt>
      <trkpt lat="43.24145198799669742584228515625" lon="-109.67755093239247798919677734375">
        <ele>3822.199951171875</ele>
        <time>2017-09-03T20:52:58.000Z</time>
        <extensions>
          <ns3:TrackPointExtension>
            <ns3:atemp>29.0</ns3:atemp>
            <ns3:cad>61</ns3:cad>
          </ns3:TrackPointExtension>
        </extensions>
      </trkpt>
      <trkpt lat="43.24145534075796604156494140625" lon="-109.67758831568062305450439453125">
        <ele>3822</ele>
        <time>2017-09-03T20:53:02.000Z</time>
        <extensions>
          <ns3:TrackPointExtension>
            <ns3:atemp>29.0</ns3:atemp>
            <ns3:cad>0</ns3:cad>
          </ns3:TrackPointExtension>
        </extensions>
      </trkpt>
      <trkpt lat="43.241450898349285125732421875" lon="-109.6776383556425571441650390625">
        <ele>3821.800048828125</ele>
        <time>2017-09-03T20:53:06.000Z</time>
        <extensions>
          <ns3:TrackPointExtension>
            <ns3:atemp>29.0</ns3:atemp>
            <ns3:cad>0</ns3:cad>
          </ns3:TrackPointExtension>
        </extensions>
      </trkpt>
      <trkpt lat="43.24146020226180553436279296875" lon="-109.6776906587183475494384765625">
        <ele>3821.199951171875</ele>
        <time>2017-09-03T20:53:11.000Z</time>
        <extensions>
          <ns3:TrackPointExtension>
            <ns3:atemp>28.0</ns3:atemp>
            <ns3:cad>0</ns3:cad>
          </ns3:TrackPointExtension>
        </extensions>
      </trkpt>
      <trkpt lat="43.2414638064801692962646484375" lon="-109.6776997111737728118896484375">
        <ele>3821.199951171875</ele>
        <time>2017-09-03T20:53:12.000Z</time>
        <extensions>
          <ns3:TrackPointExtension>
            <ns3:atemp>28.0</ns3:atemp>
            <ns3:cad>0</ns3:cad>
          </ns3:TrackPointExtension>
        </extensions>
      </trkpt>
      <trkpt lat="43.24146875180304050445556640625" lon="-109.67771890573203563690185546875">
        <ele>3821.199951171875</ele>
        <time>2017-09-03T20:53:14.000Z</time>
        <extensions>
          <ns3:TrackPointExtension>
            <ns3:atemp>28.0</ns3:atemp>
            <ns3:cad>0</ns3:cad>
          </ns3:TrackPointExtension>
        </extensions>
      </trkpt>
      <trkpt lat="43.241426758468151092529296875" lon="-109.67790850438177585601806640625">
        <ele>3821.39990234375</ele>
        <time>2017-09-03T20:53:34.000Z</time>
        <extensions>
          <ns3:TrackPointExtension>
            <ns3:atemp>28.0</ns3:atemp>
            <ns3:cad>61</ns3:cad>
          </ns3:TrackPointExtension>
        </extensions>
      </trkpt>
      <trkpt lat="43.2414302788674831390380859375" lon="-109.67792359180748462677001953125">
        <ele>3821.60009765625</ele>
        <time>2017-09-03T20:53:36.000Z</time>
        <extensions>
          <ns3:TrackPointExtension>
            <ns3:atemp>28.0</ns3:atemp>
            <ns3:cad>61</ns3:cad>
          </ns3:TrackPointExtension>
        </extensions>
      </trkpt>
      <trkpt lat="43.2414446957409381866455078125" lon="-109.6781516633927822113037109375">
        <ele>3820.800048828125</ele>
        <time>2017-09-03T20:54:07.000Z</time>
        <extensions>
          <ns3:TrackPointExtension>
            <ns3:atemp>28.0</ns3:atemp>
            <ns3:cad>61</ns3:cad>
          </ns3:TrackPointExtension>
        </extensions>
      </trkpt>
      <trkpt lat="43.241405300796031951904296875" lon="-109.67832810245454311370849609375">
        <ele>3820.39990234375</ele>
        <time>2017-09-03T20:54:25.000Z</time>
        <extensions>
          <ns3:TrackPointExtension>
            <ns3:atemp>28.0</ns3:atemp>
            <ns3:cad>49</ns3:cad>
          </ns3:TrackPointExtension>
        </extensions>
      </trkpt>
      <trkpt lat="43.24140622280538082122802734375" lon="-109.6783404238522052764892578125">
        <ele>3820.199951171875</ele>
        <time>2017-09-03T20:54:26.000Z</time>
        <extensions>
          <ns3:TrackPointExtension>
            <ns3:atemp>28.0</ns3:atemp>
            <ns3:cad>49</ns3:cad>
          </ns3:TrackPointExtension>
        </extensions>
      </trkpt>
      <trkpt lat="43.241412341594696044921875" lon="-109.6783705987036228179931640625">
        <ele>3819.39990234375</ele>
        <time>2017-09-03T20:54:29.000Z</time>
        <extensions>
          <ns3:TrackPointExtension>
            <ns3:atemp>28.0</ns3:atemp>
            <ns3:cad>0</ns3:cad>
          </ns3:TrackPointExtension>
        </extensions>
      </trkpt>
      <trkpt lat="43.24141561053693294525146484375" lon="-109.67839859426021575927734375">
        <ele>3819.199951171875</ele>
        <time>2017-09-03T20:54:32.000Z</time>
        <extensions>
          <ns3:TrackPointExtension>
            <ns3:atemp>28.0</ns3:atemp>
            <ns3:cad>61</ns3:cad>
          </ns3:TrackPointExtension>
        </extensions>
      </trkpt>
      <trkpt lat="43.24137889780104160308837890625" lon="-109.678543098270893096923828125">
        <ele>3819.199951171875</ele>
        <time>2017-09-03T20:54:46.000Z</time>
        <extensions>
          <ns3:TrackPointExtension>
            <ns3:atemp>28.0</ns3:atemp>
            <ns3:cad>0</ns3:cad>
          </ns3:TrackPointExtension>
        </extensions>
      </trkpt>
      <trkpt lat="43.241364397108554840087890625" lon="-109.67857469804584980010986328125">
        <ele>3819</ele>
        <time>2017-09-03T20:54:49.000Z</time>
        <extensions>
          <ns3:TrackPointExtension>
            <ns3:atemp>28.0</ns3:atemp>
            <ns3:cad>61</ns3:cad>
          </ns3:TrackPointExtension>
        </extensions>
      </trkpt>
      <trkpt lat="43.24135425500571727752685546875" lon="-109.67860051430761814117431640625">
        <ele>3819.199951171875</ele>
        <time>2017-09-03T20:54:52.000Z</time>
        <extensions>
          <ns3:TrackPointExtension>
            <ns3:atemp>28.0</ns3:atemp>
            <ns3:cad>61</ns3:cad>
          </ns3:TrackPointExtension>
        </extensions>
      </trkpt>
      <trkpt lat="43.24133112095296382904052734375" lon="-109.6786522306501865386962890625">
        <ele>3818.800048828125</ele>
        <time>2017-09-03T20:54:57.000Z</time>
        <extensions>
          <ns3:TrackPointExtension>
            <ns3:atemp>28.0</ns3:atemp>
            <ns3:cad>0</ns3:cad>
          </ns3:TrackPointExtension>
        </extensions>
      </trkpt>
      <trkpt lat="43.24131770990788936614990234375" lon="-109.678718782961368560791015625">
        <ele>3818.199951171875</ele>
        <time>2017-09-03T20:55:03.000Z</time>
        <extensions>
          <ns3:TrackPointExtension>
            <ns3:atemp>28.0</ns3:atemp>
            <ns3:cad>0</ns3:cad>
          </ns3:TrackPointExtension>
        </extensions>
      </trkpt>
      <trkpt lat="43.24130463413894176483154296875" lon="-109.67873445712029933929443359375">
        <ele>3818.39990234375</ele>
        <time>2017-09-03T20:55:05.000Z</time>
        <extensions>
          <ns3:TrackPointExtension>
            <ns3:atemp>28.0</ns3:atemp>
            <ns3:cad>0</ns3:cad>
          </ns3:TrackPointExtension>
        </extensions>
      </trkpt>
      <trkpt lat="43.24124244041740894317626953125" lon="-109.67880235053598880767822265625">
        <ele>3818.199951171875</ele>
        <time>2017-09-03T20:55:15.000Z</time>
        <extensions>
          <ns3:TrackPointExtension>
            <ns3:atemp>28.0</ns3:atemp>
            <ns3:cad>61</ns3:cad>
          </ns3:TrackPointExtension>
        </extensions>
      </trkpt>
      <trkpt lat="43.24119349010288715362548828125" lon="-109.67893813736736774444580078125">
        <ele>3817</ele>
        <time>2017-09-03T20:55:34.000Z</time>
        <extensions>
          <ns3:TrackPointExtension>
            <ns3:atemp>28.0</ns3:atemp>
            <ns3:cad>61</ns3:cad>
          </ns3:TrackPointExtension>
        </extensions>
      </trkpt>
      <trkpt lat="43.24119835160672664642333984375" lon="-109.6789667196571826934814453125">
        <ele>3816</ele>
        <time>2017-09-03T20:56:06.000Z</time>
        <extensions>
          <ns3:TrackPointExtension>
            <ns3:atemp>29.0</ns3:atemp>
            <ns3:cad>0</ns3:cad>
          </ns3:TrackPointExtension>
        </extensions>
      </trkpt>
      <trkpt lat="43.24121494777500629425048828125" lon="-109.6789040230214595794677734375">
        <ele>3817</ele>
        <time>2017-09-03T20:56:20.000Z</time>
        <extensions>
          <ns3:TrackPointExtension>
            <ns3:atemp>29.0</ns3:atemp>
            <ns3:cad>61</ns3:cad>
          </ns3:TrackPointExtension>
        </extensions>
      </trkpt>
      <trkpt lat="43.241262473165988922119140625" lon="-109.67888675630092620849609375">
        <ele>3817</ele>
        <time>2017-09-03T20:56:26.000Z</time>
        <extensions>
          <ns3:TrackPointExtension>
            <ns3:atemp>29.0</ns3:atemp>
            <ns3:cad>61</ns3:cad>
          </ns3:TrackPointExtension>
        </extensions>
      </trkpt>
      <trkpt lat="43.2414306141436100006103515625" lon="-109.6789050288498401641845703125">
        <ele>3817</ele>
        <time>2017-09-03T20:57:31.000Z</time>
        <extensions>
          <ns3:TrackPointExtension>
            <ns3:atemp>29.0</ns3:atemp>
            <ns3:cad>0</ns3:cad>
          </ns3:TrackPointExtension>
        </extensions>
      </trkpt>
      <trkpt lat="43.241487108170986175537109375" lon="-109.678915254771709442138671875">
        <ele>3818.199951171875</ele>
        <time>2017-09-03T20:57:43.000Z</time>
        <extensions>
          <ns3:TrackPointExtension>
            <ns3:atemp>29.0</ns3:atemp>
            <ns3:cad>0</ns3:cad>
          </ns3:TrackPointExtension>
        </extensions>
      </trkpt>
      <trkpt lat="43.24155324138700962066650390625" lon="-109.67895624227821826934814453125">
        <ele>3819.199951171875</ele>
        <time>2017-09-03T20:57:58.000Z</time>
        <extensions>
          <ns3:TrackPointExtension>
            <ns3:atemp>28.0</ns3:atemp>
            <ns3:cad>0</ns3:cad>
          </ns3:TrackPointExtension>
        </extensions>
      </trkpt>
      <trkpt lat="43.24158676899969577789306640625" lon="-109.67899815179407596588134765625">
        <ele>3820.39990234375</ele>
        <time>2017-09-03T20:58:06.000Z</time>
        <extensions>
          <ns3:TrackPointExtension>
            <ns3:atemp>28.0</ns3:atemp>
            <ns3:cad>61</ns3:cad>
          </ns3:TrackPointExtension>
        </extensions>
      </trkpt>
      <trkpt lat="43.24156195856630802154541015625" lon="-109.679161347448825836181640625">
        <ele>3819.199951171875</ele>
        <time>2017-09-03T20:58:33.000Z</time>
        <extensions>
          <ns3:TrackPointExtension>
            <ns3:atemp>28.0</ns3:atemp>
            <ns3:cad>44</ns3:cad>
          </ns3:TrackPointExtension>
        </extensions>
      </trkpt>
      <trkpt lat="43.24152088724076747894287109375" lon="-109.67920853756368160247802734375">
        <ele>3818.199951171875</ele>
        <time>2017-09-03T20:58:42.000Z</time>
        <extensions>
          <ns3:TrackPointExtension>
            <ns3:atemp>28.0</ns3:atemp>
            <ns3:cad>0</ns3:cad>
          </ns3:TrackPointExtension>
        </extensions>
      </trkpt>
      <trkpt lat="43.24152206070721149444580078125" lon="-109.6792879141867160797119140625">
        <ele>3817.199951171875</ele>
        <time>2017-09-03T20:58:51.000Z</time>
        <extensions>
          <ns3:TrackPointExtension>
            <ns3:atemp>29.0</ns3:atemp>
            <ns3:cad>0</ns3:cad>
          </ns3:TrackPointExtension>
        </extensions>
      </trkpt>
      <trkpt lat="43.24155441485345363616943359375" lon="-109.67932772822678089141845703125">
        <ele>3816</ele>
        <time>2017-09-03T20:59:52.000Z</time>
        <extensions>
          <ns3:TrackPointExtension>
            <ns3:atemp>29.0</ns3:atemp>
            <ns3:cad>0</ns3:cad>
          </ns3:TrackPointExtension>
        </extensions>
      </trkpt>
      <trkpt lat="43.24154376983642578125" lon="-109.679333679378032684326171875">
        <ele>3817</ele>
        <time>2017-09-03T21:00:37.000Z</time>
        <extensions>
          <ns3:TrackPointExtension>
            <ns3:atemp>28.0</ns3:atemp>
            <ns3:cad>0</ns3:cad>
          </ns3:TrackPointExtension>
        </extensions>
      </trkpt>
      <trkpt lat="43.241605795919895172119140625" lon="-109.67933778651058673858642578125">
        <ele>3816</ele>
        <time>2017-09-03T21:00:57.000Z</time>
        <extensions>
          <ns3:TrackPointExtension>
            <ns3:atemp>28.0</ns3:atemp>
            <ns3:cad>61</ns3:cad>
          </ns3:TrackPointExtension>
        </extensions>
      </trkpt>
      <trkpt lat="43.24161794967949390411376953125" lon="-109.6793496049940586090087890625">
        <ele>3817.199951171875</ele>
        <time>2017-09-03T21:01:09.000Z</time>
        <extensions>
          <ns3:TrackPointExtension>
            <ns3:atemp>28.0</ns3:atemp>
            <ns3:cad>0</ns3:cad>
          </ns3:TrackPointExtension>
        </extensions>
      </trkpt>
      <trkpt lat="43.2416062988340854644775390625" lon="-109.67936159111559391021728515625">
        <ele>3816</ele>
        <time>2017-09-03T21:01:33.000Z</time>
        <extensions>
          <ns3:TrackPointExtension>
            <ns3:atemp>28.0</ns3:atemp>
            <ns3:cad>0</ns3:cad>
          </ns3:TrackPointExtension>
        </extensions>
      </trkpt>
      <trkpt lat="43.24161543510854244232177734375" lon="-109.6793553046882152557373046875">
        <ele>3815.39990234375</ele>
        <time>2017-09-03T21:01:57.000Z</time>
        <extensions>
          <ns3:TrackPointExtension>
            <ns3:atemp>28.0</ns3:atemp>
            <ns3:cad>0</ns3:cad>
          </ns3:TrackPointExtension>
        </extensions>
      </trkpt>
      <trkpt lat="43.2415922172367572784423828125" lon="-109.67934004962444305419921875">
        <ele>3817.199951171875</ele>
        <time>2017-09-03T21:02:29.000Z</time>
        <extensions>
          <ns3:TrackPointExtension>
            <ns3:atemp>27.0</ns3:atemp>
            <ns3:cad>0</ns3:cad>
          </ns3:TrackPointExtension>
        </extensions>
      </trkpt>
      <trkpt lat="43.2415316998958587646484375" lon="-109.679226391017436981201171875">
        <ele>3817.800048828125</ele>
        <time>2017-09-03T21:02:42.000Z</time>
        <extensions>
          <ns3:TrackPointExtension>
            <ns3:atemp>27.0</ns3:atemp>
            <ns3:cad>0</ns3:cad>
          </ns3:TrackPointExtension>
        </extensions>
      </trkpt>
      <trkpt lat="43.24153563939034938812255859375" lon="-109.679193198680877685546875">
        <ele>3818</ele>
        <time>2017-09-03T21:02:45.000Z</time>
        <extensions>
          <ns3:TrackPointExtension>
            <ns3:atemp>27.0</ns3:atemp>
            <ns3:cad>0</ns3:cad>
          </ns3:TrackPointExtension>
        </extensions>
      </trkpt>
      <trkpt lat="43.24154687114059925079345703125" lon="-109.6791730821132659912109375">
        <ele>3818.199951171875</ele>
        <time>2017-09-03T21:02:48.000Z</time>
        <extensions>
          <ns3:TrackPointExtension>
            <ns3:atemp>27.0</ns3:atemp>
            <ns3:cad>0</ns3:cad>
          </ns3:TrackPointExtension>
        </extensions>
      </trkpt>
      <trkpt lat="43.24155072681605815887451171875" lon="-109.679170064628124237060546875">
        <ele>3818.199951171875</ele>
        <time>2017-09-03T21:02:49.000Z</time>
        <extensions>
          <ns3:TrackPointExtension>
            <ns3:atemp>27.0</ns3:atemp>
            <ns3:cad>0</ns3:cad>
          </ns3:TrackPointExtension>
        </extensions>
      </trkpt>
      <trkpt lat="43.241601772606372833251953125" lon="-109.67912974767386913299560546875">
        <ele>3819.199951171875</ele>
        <time>2017-09-03T21:02:59.000Z</time>
        <extensions>
          <ns3:TrackPointExtension>
            <ns3:atemp>27.0</ns3:atemp>
            <ns3:cad>61</ns3:cad>
          </ns3:TrackPointExtension>
        </extensions>
      </trkpt>
      <trkpt lat="43.24161007069051265716552734375" lon="-109.67910175211727619171142578125">
        <ele>3820.199951171875</ele>
        <time>2017-09-03T21:03:06.000Z</time>
        <extensions>
          <ns3:TrackPointExtension>
            <ns3:atemp>27.0</ns3:atemp>
            <ns3:cad>0</ns3:cad>
          </ns3:TrackPointExtension>
        </extensions>
      </trkpt>
      <trkpt lat="43.2415928877890110015869140625" lon="-109.6790481917560100555419921875">
        <ele>3821.199951171875</ele>
        <time>2017-09-03T21:03:27.000Z</time>
        <extensions>
          <ns3:TrackPointExtension>
            <ns3:atemp>27.0</ns3:atemp>
            <ns3:cad>0</ns3:cad>
          </ns3:TrackPointExtension>
        </extensions>
      </trkpt>
      <trkpt lat="43.24160587973892688751220703125" lon="-109.67900611460208892822265625">
        <ele>3821.199951171875</ele>
        <time>2017-09-03T21:03:42.000Z</time>
        <extensions>
          <ns3:TrackPointExtension>
            <ns3:atemp>27.0</ns3:atemp>
            <ns3:cad>0</ns3:cad>
          </ns3:TrackPointExtension>
        </extensions>
      </trkpt>
      <trkpt lat="43.24161283671855926513671875" lon="-109.67903033830225467681884765625">
        <ele>3821.199951171875</ele>
        <time>2017-09-03T21:08:54.000Z</time>
        <extensions>
          <ns3:TrackPointExtension>
            <ns3:atemp>28.0</ns3:atemp>
            <ns3:cad>0</ns3:cad>
          </ns3:TrackPointExtension>
        </extensions>
      </trkpt>
      <trkpt lat="43.24161392636597156524658203125" lon="-109.67903570272028446197509765625">
        <ele>3821.800048828125</ele>
        <time>2017-09-03T21:09:00.000Z</time>
        <extensions>
          <ns3:TrackPointExtension>
            <ns3:atemp>28.0</ns3:atemp>
            <ns3:cad>0</ns3:cad>
          </ns3:TrackPointExtension>
        </extensions>
      </trkpt>
      <trkpt lat="43.24161577038466930389404296875" lon="-109.67890829779207706451416015625">
        <ele>3824.800048828125</ele>
        <time>2017-09-03T21:18:22.000Z</time>
        <extensions>
          <ns3:TrackPointExtension>
            <ns3:atemp>30.0</ns3:atemp>
            <ns3:cad>0</ns3:cad>
          </ns3:TrackPointExtension>
        </extensions>
      </trkpt>
      <trkpt lat="43.241610489785671234130859375" lon="-109.67891466803848743438720703125">
        <ele>3824.60009765625</ele>
        <time>2017-09-03T21:18:25.000Z</time>
        <extensions>
          <ns3:TrackPointExtension>
            <ns3:atemp>30.0</ns3:atemp>
            <ns3:cad>0</ns3:cad>
          </ns3:TrackPointExtension>
        </extensions>
      </trkpt>
      <trkpt lat="43.24189337901771068572998046875" lon="-109.6782257594168186187744140625">
        <ele>3828.199951171875</ele>
        <time>2017-09-03T21:22:12.000Z</time>
        <extensions>
          <ns3:TrackPointExtension>
            <ns3:atemp>29.0</ns3:atemp>
            <ns3:cad>61</ns3:cad>
          </ns3:TrackPointExtension>
        </extensions>
      </trkpt>
      <trkpt lat="43.24196814559400081634521484375" lon="-109.67811302281916141510009765625">
        <ele>3829</ele>
        <time>2017-09-03T21:22:29.000Z</time>
        <extensions>
          <ns3:TrackPointExtension>
            <ns3:atemp>28.0</ns3:atemp>
            <ns3:cad>61</ns3:cad>
          </ns3:TrackPointExtension>
        </extensions>
      </trkpt>
      <trkpt lat="43.241999410092830657958984375" lon="-109.67808016575872898101806640625">
        <ele>3829.199951171875</ele>
        <time>2017-09-03T21:22:34.000Z</time>
        <extensions>
          <ns3:TrackPointExtension>
            <ns3:atemp>28.0</ns3:atemp>
            <ns3:cad>0</ns3:cad>
          </ns3:TrackPointExtension>
        </extensions>
      </trkpt>
      <trkpt lat="43.24203017167747020721435546875" lon="-109.6780437044799327850341796875">
        <ele>3829.199951171875</ele>
        <time>2017-09-03T21:22:38.000Z</time>
        <extensions>
          <ns3:TrackPointExtension>
            <ns3:atemp>28.0</ns3:atemp>
            <ns3:cad>0</ns3:cad>
          </ns3:TrackPointExtension>
        </extensions>
      </trkpt>
      <trkpt lat="43.242141567170619964599609375" lon="-109.67785678803920745849609375">
        <ele>3829.39990234375</ele>
        <time>2017-09-03T21:23:04.000Z</time>
        <extensions>
          <ns3:TrackPointExtension>
            <ns3:atemp>28.0</ns3:atemp>
            <ns3:cad>61</ns3:cad>
          </ns3:TrackPointExtension>
        </extensions>
      </trkpt>
      <trkpt lat="43.2422165013849735260009765625" lon="-109.677741788327693939208984375">
        <ele>3830.199951171875</ele>
        <time>2017-09-03T21:23:18.000Z</time>
        <extensions>
          <ns3:TrackPointExtension>
            <ns3:atemp>28.0</ns3:atemp>
            <ns3:cad>61</ns3:cad>
          </ns3:TrackPointExtension>
        </extensions>
      </trkpt>
      <trkpt lat="43.242231421172618865966796875" lon="-109.6776269562542438507080078125">
        <ele>3830.60009765625</ele>
        <time>2017-09-03T21:23:29.000Z</time>
        <extensions>
          <ns3:TrackPointExtension>
            <ns3:atemp>28.0</ns3:atemp>
            <ns3:cad>0</ns3:cad>
          </ns3:TrackPointExtension>
        </extensions>
      </trkpt>
      <trkpt lat="43.2422671280801296234130859375" lon="-109.6775910817086696624755859375">
        <ele>3830</ele>
        <time>2017-09-03T21:23:39.000Z</time>
        <extensions>
          <ns3:TrackPointExtension>
            <ns3:atemp>28.0</ns3:atemp>
            <ns3:cad>61</ns3:cad>
          </ns3:TrackPointExtension>
        </extensions>
      </trkpt>
      <trkpt lat="43.242294453084468841552734375" lon="-109.67755462042987346649169921875">
        <ele>3830.39990234375</ele>
        <time>2017-09-03T21:23:43.000Z</time>
        <extensions>
          <ns3:TrackPointExtension>
            <ns3:atemp>28.0</ns3:atemp>
            <ns3:cad>61</ns3:cad>
          </ns3:TrackPointExtension>
        </extensions>
      </trkpt>
      <trkpt lat="43.24235119856894016265869140625" lon="-109.6774355135858058929443359375">
        <ele>3830.800048828125</ele>
        <time>2017-09-03T21:23:55.000Z</time>
        <extensions>
          <ns3:TrackPointExtension>
            <ns3:atemp>28.0</ns3:atemp>
            <ns3:cad>61</ns3:cad>
          </ns3:TrackPointExtension>
        </extensions>
      </trkpt>
      <trkpt lat="43.24234935455024242401123046875" lon="-109.67739586718380451202392578125">
        <ele>3831.39990234375</ele>
        <time>2017-09-03T21:23:58.000Z</time>
        <extensions>
          <ns3:TrackPointExtension>
            <ns3:atemp>28.0</ns3:atemp>
            <ns3:cad>61</ns3:cad>
          </ns3:TrackPointExtension>
        </extensions>
      </trkpt>
      <trkpt lat="43.24235874228179454803466796875" lon="-109.6773728169500827789306640625">
        <ele>3831.39990234375</ele>
        <time>2017-09-03T21:24:00.000Z</time>
        <extensions>
          <ns3:TrackPointExtension>
            <ns3:atemp>28.0</ns3:atemp>
            <ns3:cad>0</ns3:cad>
          </ns3:TrackPointExtension>
        </extensions>
      </trkpt>
      <trkpt lat="43.24237131513655185699462890625" lon="-109.677364267408847808837890625">
        <ele>3831.199951171875</ele>
        <time>2017-09-03T21:24:02.000Z</time>
        <extensions>
          <ns3:TrackPointExtension>
            <ns3:atemp>28.0</ns3:atemp>
            <ns3:cad>0</ns3:cad>
          </ns3:TrackPointExtension>
        </extensions>
      </trkpt>
      <trkpt lat="43.2423968799412250518798828125" lon="-109.67734674923121929168701171875">
        <ele>3831.199951171875</ele>
        <time>2017-09-03T21:24:05.000Z</time>
        <extensions>
          <ns3:TrackPointExtension>
            <ns3:atemp>28.0</ns3:atemp>
            <ns3:cad>0</ns3:cad>
          </ns3:TrackPointExtension>
        </extensions>
      </trkpt>
      <trkpt lat="43.24241037480533123016357421875" lon="-109.67731489799916744232177734375">
        <ele>3831.199951171875</ele>
        <time>2017-09-03T21:24:08.000Z</time>
        <extensions>
          <ns3:TrackPointExtension>
            <ns3:atemp>28.0</ns3:atemp>
            <ns3:cad>0</ns3:cad>
          </ns3:TrackPointExtension>
        </extensions>
      </trkpt>
      <trkpt lat="43.242416493594646453857421875" lon="-109.677261672914028167724609375">
        <ele>3831.60009765625</ele>
        <time>2017-09-03T21:24:12.000Z</time>
        <extensions>
          <ns3:TrackPointExtension>
            <ns3:atemp>28.0</ns3:atemp>
            <ns3:cad>61</ns3:cad>
          </ns3:TrackPointExtension>
        </extensions>
      </trkpt>
      <trkpt lat="43.24248296208679676055908203125" lon="-109.6771528758108615875244140625">
        <ele>3832.39990234375</ele>
        <time>2017-09-03T21:24:25.000Z</time>
        <extensions>
          <ns3:TrackPointExtension>
            <ns3:atemp>28.0</ns3:atemp>
            <ns3:cad>52</ns3:cad>
          </ns3:TrackPointExtension>
        </extensions>
      </trkpt>
      <trkpt lat="43.242562673985958099365234375" lon="-109.67698398046195507049560546875">
        <ele>3833.39990234375</ele>
        <time>2017-09-03T21:24:50.000Z</time>
        <extensions>
          <ns3:TrackPointExtension>
            <ns3:atemp>28.0</ns3:atemp>
            <ns3:cad>61</ns3:cad>
          </ns3:TrackPointExtension>
        </extensions>
      </trkpt>
      <trkpt lat="43.24264490045607089996337890625" lon="-109.67692530713975429534912109375">
        <ele>3834.60009765625</ele>
        <time>2017-09-03T21:25:07.000Z</time>
        <extensions>
          <ns3:TrackPointExtension>
            <ns3:atemp>27.0</ns3:atemp>
            <ns3:cad>0</ns3:cad>
          </ns3:TrackPointExtension>
        </extensions>
      </trkpt>
      <trkpt lat="43.24274112470448017120361328125" lon="-109.67681902460753917694091796875">
        <ele>3835.800048828125</ele>
        <time>2017-09-03T21:25:30.000Z</time>
        <extensions>
          <ns3:TrackPointExtension>
            <ns3:atemp>27.0</ns3:atemp>
            <ns3:cad>0</ns3:cad>
          </ns3:TrackPointExtension>
        </extensions>
      </trkpt>
      <trkpt lat="43.24284438975155353546142578125" lon="-109.67667887918651103973388671875">
        <ele>3836.60009765625</ele>
        <time>2017-09-03T21:25:59.000Z</time>
        <extensions>
          <ns3:TrackPointExtension>
            <ns3:atemp>27.0</ns3:atemp>
            <ns3:cad>61</ns3:cad>
          </ns3:TrackPointExtension>
        </extensions>
      </trkpt>
      <trkpt lat="43.24285143055021762847900390625" lon="-109.6766633726656436920166015625">
        <ele>3836.800048828125</ele>
        <time>2017-09-03T21:26:01.000Z</time>
        <extensions>
          <ns3:TrackPointExtension>
            <ns3:atemp>27.0</ns3:atemp>
            <ns3:cad>0</ns3:cad>
          </ns3:TrackPointExtension>
        </extensions>
      </trkpt>
      <trkpt lat="43.24289350770413875579833984375" lon="-109.6765959821641445159912109375">
        <ele>3837.800048828125</ele>
        <time>2017-09-03T21:26:18.000Z</time>
        <extensions>
          <ns3:TrackPointExtension>
            <ns3:atemp>27.0</ns3:atemp>
            <ns3:cad>62</ns3:cad>
          </ns3:TrackPointExtension>
        </extensions>
      </trkpt>
      <trkpt lat="43.2430659234523773193359375" lon="-109.67649933882057666778564453125">
        <ele>3838.39990234375</ele>
        <time>2017-09-03T21:26:39.000Z</time>
        <extensions>
          <ns3:TrackPointExtension>
            <ns3:atemp>27.0</ns3:atemp>
            <ns3:cad>46</ns3:cad>
          </ns3:TrackPointExtension>
        </extensions>
      </trkpt>
      <trkpt lat="43.24307589791715145111083984375" lon="-109.6764920465648174285888671875">
        <ele>3838.60009765625</ele>
        <time>2017-09-03T21:26:40.000Z</time>
        <extensions>
          <ns3:TrackPointExtension>
            <ns3:atemp>27.0</ns3:atemp>
            <ns3:cad>46</ns3:cad>
          </ns3:TrackPointExtension>
        </extensions>
      </trkpt>
      <trkpt lat="43.2431006245315074920654296875" lon="-109.676467068493366241455078125">
        <ele>3838.800048828125</ele>
        <time>2017-09-03T21:26:43.000Z</time>
        <extensions>
          <ns3:TrackPointExtension>
            <ns3:atemp>27.0</ns3:atemp>
            <ns3:cad>46</ns3:cad>
          </ns3:TrackPointExtension>
        </extensions>
      </trkpt>
      <trkpt lat="43.24311914853751659393310546875" lon="-109.676440916955471038818359375">
        <ele>3839.199951171875</ele>
        <time>2017-09-03T21:26:46.000Z</time>
        <extensions>
          <ns3:TrackPointExtension>
            <ns3:atemp>27.0</ns3:atemp>
            <ns3:cad>61</ns3:cad>
          </ns3:TrackPointExtension>
        </extensions>
      </trkpt>
      <trkpt lat="43.24315720237791538238525390625" lon="-109.676427505910396575927734375">
        <ele>3839.60009765625</ele>
        <time>2017-09-03T21:26:51.000Z</time>
        <extensions>
          <ns3:TrackPointExtension>
            <ns3:atemp>27.0</ns3:atemp>
            <ns3:cad>61</ns3:cad>
          </ns3:TrackPointExtension>
        </extensions>
      </trkpt>
      <trkpt lat="43.24316742829978466033935546875" lon="-109.67641082592308521270751953125">
        <ele>3839.60009765625</ele>
        <time>2017-09-03T21:26:53.000Z</time>
        <extensions>
          <ns3:TrackPointExtension>
            <ns3:atemp>27.0</ns3:atemp>
            <ns3:cad>61</ns3:cad>
          </ns3:TrackPointExtension>
        </extensions>
      </trkpt>
      <trkpt lat="43.24316809885203838348388671875" lon="-109.67638651840388774871826171875">
        <ele>3839.60009765625</ele>
        <time>2017-09-03T21:26:55.000Z</time>
        <extensions>
          <ns3:TrackPointExtension>
            <ns3:atemp>27.0</ns3:atemp>
            <ns3:cad>61</ns3:cad>
          </ns3:TrackPointExtension>
        </extensions>
      </trkpt>
      <trkpt lat="43.24317245744168758392333984375" lon="-109.67636003158986568450927734375">
        <ele>3839.800048828125</ele>
        <time>2017-09-03T21:26:57.000Z</time>
        <extensions>
          <ns3:TrackPointExtension>
            <ns3:atemp>27.0</ns3:atemp>
            <ns3:cad>61</ns3:cad>
          </ns3:TrackPointExtension>
        </extensions>
      </trkpt>
      <trkpt lat="43.2431851141154766082763671875" lon="-109.676302112638950347900390625">
        <ele>3839.800048828125</ele>
        <time>2017-09-03T21:27:02.000Z</time>
        <extensions>
          <ns3:TrackPointExtension>
            <ns3:atemp>27.0</ns3:atemp>
            <ns3:cad>0</ns3:cad>
          </ns3:TrackPointExtension>
        </extensions>
      </trkpt>
      <trkpt lat="43.24322995729744434356689453125" lon="-109.67628325335681438446044921875">
        <ele>3840</ele>
        <time>2017-09-03T21:27:14.000Z</time>
        <extensions>
          <ns3:TrackPointExtension>
            <ns3:atemp>27.0</ns3:atemp>
            <ns3:cad>61</ns3:cad>
          </ns3:TrackPointExtension>
        </extensions>
      </trkpt>
      <trkpt lat="43.24328561313450336456298828125" lon="-109.67621929943561553955078125">
        <ele>3840.60009765625</ele>
        <time>2017-09-03T21:27:23.000Z</time>
        <extensions>
          <ns3:TrackPointExtension>
            <ns3:atemp>27.0</ns3:atemp>
            <ns3:cad>0</ns3:cad>
          </ns3:TrackPointExtension>
        </extensions>
      </trkpt>
      <trkpt lat="43.2433073222637176513671875" lon="-109.6761604584753513336181640625">
        <ele>3841</ele>
        <time>2017-09-03T21:27:34.000Z</time>
        <extensions>
          <ns3:TrackPointExtension>
            <ns3:atemp>26.0</ns3:atemp>
            <ns3:cad>0</ns3:cad>
          </ns3:TrackPointExtension>
        </extensions>
      </trkpt>
      <trkpt lat="43.24334956705570220947265625" lon="-109.67610740102827548980712890625">
        <ele>3842</ele>
        <time>2017-09-03T21:27:48.000Z</time>
        <extensions>
          <ns3:TrackPointExtension>
            <ns3:atemp>26.0</ns3:atemp>
            <ns3:cad>61</ns3:cad>
          </ns3:TrackPointExtension>
        </extensions>
      </trkpt>
      <trkpt lat="43.2433705218136310577392578125" lon="-109.67608443461358547210693359375">
        <ele>3842.199951171875</ele>
        <time>2017-09-03T21:27:51.000Z</time>
        <extensions>
          <ns3:TrackPointExtension>
            <ns3:atemp>26.0</ns3:atemp>
            <ns3:cad>61</ns3:cad>
          </ns3:TrackPointExtension>
        </extensions>
      </trkpt>
      <trkpt lat="43.24337412603199481964111328125" lon="-109.6760742925107479095458984375">
        <ele>3842.199951171875</ele>
        <time>2017-09-03T21:27:52.000Z</time>
        <extensions>
          <ns3:TrackPointExtension>
            <ns3:atemp>26.0</ns3:atemp>
            <ns3:cad>61</ns3:cad>
          </ns3:TrackPointExtension>
        </extensions>
      </trkpt>
      <trkpt lat="43.243412263691425323486328125" lon="-109.6760357357561588287353515625">
        <ele>3843.199951171875</ele>
        <time>2017-09-03T21:28:03.000Z</time>
        <extensions>
          <ns3:TrackPointExtension>
            <ns3:atemp>26.0</ns3:atemp>
            <ns3:cad>0</ns3:cad>
          </ns3:TrackPointExtension>
        </extensions>
      </trkpt>
      <trkpt lat="43.24353371746838092803955078125" lon="-109.67587505467236042022705078125">
        <ele>3843.39990234375</ele>
        <time>2017-09-03T21:28:38.000Z</time>
        <extensions>
          <ns3:TrackPointExtension>
            <ns3:atemp>26.0</ns3:atemp>
            <ns3:cad>0</ns3:cad>
          </ns3:TrackPointExtension>
        </extensions>
      </trkpt>
      <trkpt lat="43.24362357147037982940673828125" lon="-109.67569760978221893310546875">
        <ele>3843.800048828125</ele>
        <time>2017-09-03T21:29:14.000Z</time>
        <extensions>
          <ns3:TrackPointExtension>
            <ns3:atemp>26.0</ns3:atemp>
            <ns3:cad>0</ns3:cad>
          </ns3:TrackPointExtension>
        </extensions>
      </trkpt>
      <trkpt lat="43.24362876825034618377685546875" lon="-109.67560448683798313140869140625">
        <ele>3844.39990234375</ele>
        <time>2017-09-03T21:29:26.000Z</time>
        <extensions>
          <ns3:TrackPointExtension>
            <ns3:atemp>26.0</ns3:atemp>
            <ns3:cad>0</ns3:cad>
          </ns3:TrackPointExtension>
        </extensions>
      </trkpt>
      <trkpt lat="43.24369716458022594451904296875" lon="-109.6754986234009265899658203125">
        <ele>3845.39990234375</ele>
        <time>2017-09-03T21:29:38.000Z</time>
        <extensions>
          <ns3:TrackPointExtension>
            <ns3:atemp>26.0</ns3:atemp>
            <ns3:cad>61</ns3:cad>
          </ns3:TrackPointExtension>
        </extensions>
      </trkpt>
      <trkpt lat="43.24378165416419506072998046875" lon="-109.67534598894417285919189453125">
        <ele>3844.39990234375</ele>
        <time>2017-09-03T21:30:25.000Z</time>
        <extensions>
          <ns3:TrackPointExtension>
            <ns3:atemp>26.0</ns3:atemp>
            <ns3:cad>0</ns3:cad>
          </ns3:TrackPointExtension>
        </extensions>
      </trkpt>
      <trkpt lat="43.24379556812345981597900390625" lon="-109.67532956041395664215087890625">
        <ele>3843.800048828125</ele>
        <time>2017-09-03T21:30:27.000Z</time>
        <extensions>
          <ns3:TrackPointExtension>
            <ns3:atemp>26.0</ns3:atemp>
            <ns3:cad>61</ns3:cad>
          </ns3:TrackPointExtension>
        </extensions>
      </trkpt>
      <trkpt lat="43.243809901177883148193359375" lon="-109.67529955320060253143310546875">
        <ele>3843.199951171875</ele>
        <time>2017-09-03T21:30:30.000Z</time>
        <extensions>
          <ns3:TrackPointExtension>
            <ns3:atemp>26.0</ns3:atemp>
            <ns3:cad>61</ns3:cad>
          </ns3:TrackPointExtension>
        </extensions>
      </trkpt>
      <trkpt lat="43.24384099803864955902099609375" lon="-109.6752625890076160430908203125">
        <ele>3842.60009765625</ele>
        <time>2017-09-03T21:30:35.000Z</time>
        <extensions>
          <ns3:TrackPointExtension>
            <ns3:atemp>26.0</ns3:atemp>
            <ns3:cad>0</ns3:cad>
          </ns3:TrackPointExtension>
        </extensions>
      </trkpt>
      <trkpt lat="43.243864215910434722900390625" lon="-109.6752129681408405303955078125">
        <ele>3842.60009765625</ele>
        <time>2017-09-03T21:30:42.000Z</time>
        <extensions>
          <ns3:TrackPointExtension>
            <ns3:atemp>26.0</ns3:atemp>
            <ns3:cad>0</ns3:cad>
          </ns3:TrackPointExtension>
        </extensions>
      </trkpt>
      <trkpt lat="43.2438513077795505523681640625" lon="-109.67516577802598476409912109375">
        <ele>3842</ele>
        <time>2017-09-03T21:30:47.000Z</time>
        <extensions>
          <ns3:TrackPointExtension>
            <ns3:atemp>25.0</ns3:atemp>
            <ns3:cad>0</ns3:cad>
          </ns3:TrackPointExtension>
        </extensions>
      </trkpt>
      <trkpt lat="43.24389196000993251800537109375" lon="-109.6750832162797451019287109375">
        <ele>3841</ele>
        <time>2017-09-03T21:30:58.000Z</time>
        <extensions>
          <ns3:TrackPointExtension>
            <ns3:atemp>25.0</ns3:atemp>
            <ns3:cad>0</ns3:cad>
          </ns3:TrackPointExtension>
        </extensions>
      </trkpt>
      <trkpt lat="43.24390972964465618133544921875" lon="-109.67499294318258762359619140625">
        <ele>3840</ele>
        <time>2017-09-03T21:31:09.000Z</time>
        <extensions>
          <ns3:TrackPointExtension>
            <ns3:atemp>25.0</ns3:atemp>
            <ns3:cad>0</ns3:cad>
          </ns3:TrackPointExtension>
        </extensions>
      </trkpt>
      <trkpt lat="43.24403042905032634735107421875" lon="-109.67486185021698474884033203125">
        <ele>3839</ele>
        <time>2017-09-03T21:31:34.000Z</time>
        <extensions>
          <ns3:TrackPointExtension>
            <ns3:atemp>25.0</ns3:atemp>
            <ns3:cad>40</ns3:cad>
          </ns3:TrackPointExtension>
        </extensions>
      </trkpt>
      <trkpt lat="43.2440953887999057769775390625" lon="-109.6747647039592266082763671875">
        <ele>3838</ele>
        <time>2017-09-03T21:31:50.000Z</time>
        <extensions>
          <ns3:TrackPointExtension>
            <ns3:atemp>25.0</ns3:atemp>
            <ns3:cad>61</ns3:cad>
          </ns3:TrackPointExtension>
        </extensions>
      </trkpt>
      <trkpt lat="43.24411206878721714019775390625" lon="-109.67470024712383747100830078125">
        <ele>3836.800048828125</ele>
        <time>2017-09-03T21:31:56.000Z</time>
        <extensions>
          <ns3:TrackPointExtension>
            <ns3:atemp>25.0</ns3:atemp>
            <ns3:cad>61</ns3:cad>
          </ns3:TrackPointExtension>
        </extensions>
      </trkpt>
      <trkpt lat="43.24415850453078746795654296875" lon="-109.6745665557682514190673828125">
        <ele>3835.800048828125</ele>
        <time>2017-09-03T21:32:12.000Z</time>
        <extensions>
          <ns3:TrackPointExtension>
            <ns3:atemp>25.0</ns3:atemp>
            <ns3:cad>0</ns3:cad>
          </ns3:TrackPointExtension>
        </extensions>
      </trkpt>
      <trkpt lat="43.2442288286983966827392578125" lon="-109.67448080889880657196044921875">
        <ele>3835</ele>
        <time>2017-09-03T21:33:03.000Z</time>
        <extensions>
          <ns3:TrackPointExtension>
            <ns3:atemp>25.0</ns3:atemp>
            <ns3:cad>0</ns3:cad>
          </ns3:TrackPointExtension>
        </extensions>
      </trkpt>
      <trkpt lat="43.2442479394376277923583984375" lon="-109.67446790076792240142822265625">
        <ele>3835.199951171875</ele>
        <time>2017-09-03T21:33:05.000Z</time>
        <extensions>
          <ns3:TrackPointExtension>
            <ns3:atemp>25.0</ns3:atemp>
            <ns3:cad>0</ns3:cad>
          </ns3:TrackPointExtension>
        </extensions>
      </trkpt>
      <trkpt lat="43.24439520947635173797607421875" lon="-109.674323983490467071533203125">
        <ele>3835.800048828125</ele>
        <time>2017-09-03T21:33:27.000Z</time>
        <extensions>
          <ns3:TrackPointExtension>
            <ns3:atemp>25.0</ns3:atemp>
            <ns3:cad>0</ns3:cad>
          </ns3:TrackPointExtension>
        </extensions>
      </trkpt>
      <trkpt lat="43.24439990334212779998779296875" lon="-109.67431970871984958648681640625">
        <ele>3835.800048828125</ele>
        <time>2017-09-03T21:33:28.000Z</time>
        <extensions>
          <ns3:TrackPointExtension>
            <ns3:atemp>25.0</ns3:atemp>
            <ns3:cad>0</ns3:cad>
          </ns3:TrackPointExtension>
        </extensions>
      </trkpt>
      <trkpt lat="43.24443309567868709564208984375" lon="-109.6742664836347103118896484375">
        <ele>3834.60009765625</ele>
        <time>2017-09-03T21:33:39.000Z</time>
        <extensions>
          <ns3:TrackPointExtension>
            <ns3:atemp>25.0</ns3:atemp>
            <ns3:cad>0</ns3:cad>
          </ns3:TrackPointExtension>
        </extensions>
      </trkpt>
      <trkpt lat="43.244596458971500396728515625" lon="-109.67417855747044086456298828125">
        <ele>3835.39990234375</ele>
        <time>2017-09-03T21:34:06.000Z</time>
        <extensions>
          <ns3:TrackPointExtension>
            <ns3:atemp>25.0</ns3:atemp>
            <ns3:cad>45</ns3:cad>
          </ns3:TrackPointExtension>
        </extensions>
      </trkpt>
      <trkpt lat="43.24463308788836002349853515625" lon="-109.67418928630650043487548828125">
        <ele>3835.800048828125</ele>
        <time>2017-09-03T21:34:11.000Z</time>
        <extensions>
          <ns3:TrackPointExtension>
            <ns3:atemp>25.0</ns3:atemp>
            <ns3:cad>45</ns3:cad>
          </ns3:TrackPointExtension>
        </extensions>
      </trkpt>
      <trkpt lat="43.24467080645263195037841796875" lon="-109.6742002665996551513671875">
        <ele>3836.800048828125</ele>
        <time>2017-09-03T21:34:17.000Z</time>
        <extensions>
          <ns3:TrackPointExtension>
            <ns3:atemp>25.0</ns3:atemp>
            <ns3:cad>41</ns3:cad>
          </ns3:TrackPointExtension>
        </extensions>
      </trkpt>
      <trkpt lat="43.24472679756581783294677734375" lon="-109.67422834597527980804443359375">
        <ele>3837.800048828125</ele>
        <time>2017-09-03T21:34:29.000Z</time>
        <extensions>
          <ns3:TrackPointExtension>
            <ns3:atemp>25.0</ns3:atemp>
            <ns3:cad>61</ns3:cad>
          </ns3:TrackPointExtension>
        </extensions>
      </trkpt>
      <trkpt lat="43.24484900571405887603759765625" lon="-109.67424276284873485565185546875">
        <ele>3839</ele>
        <time>2017-09-03T21:34:45.000Z</time>
        <extensions>
          <ns3:TrackPointExtension>
            <ns3:atemp>25.0</ns3:atemp>
            <ns3:cad>0</ns3:cad>
          </ns3:TrackPointExtension>
        </extensions>
      </trkpt>
      <trkpt lat="43.24489410035312175750732421875" lon="-109.67422415502369403839111328125">
        <ele>3839.39990234375</ele>
        <time>2017-09-03T21:34:56.000Z</time>
        <extensions>
          <ns3:TrackPointExtension>
            <ns3:atemp>25.0</ns3:atemp>
            <ns3:cad>61</ns3:cad>
          </ns3:TrackPointExtension>
        </extensions>
      </trkpt>
      <trkpt lat="43.24495880864560604095458984375" lon="-109.674257934093475341796875">
        <ele>3840</ele>
        <time>2017-09-03T21:35:04.000Z</time>
        <extensions>
          <ns3:TrackPointExtension>
            <ns3:atemp>25.0</ns3:atemp>
            <ns3:cad>61</ns3:cad>
          </ns3:TrackPointExtension>
        </extensions>
      </trkpt>
      <trkpt lat="43.24496693909168243408203125" lon="-109.67425483278930187225341796875">
        <ele>3840</ele>
        <time>2017-09-03T21:35:05.000Z</time>
        <extensions>
          <ns3:TrackPointExtension>
            <ns3:atemp>25.0</ns3:atemp>
            <ns3:cad>61</ns3:cad>
          </ns3:TrackPointExtension>
        </extensions>
      </trkpt>
      <trkpt lat="43.244995772838592529296875" lon="-109.67424427159130573272705078125">
        <ele>3840.39990234375</ele>
        <time>2017-09-03T21:35:09.000Z</time>
        <extensions>
          <ns3:TrackPointExtension>
            <ns3:atemp>25.0</ns3:atemp>
            <ns3:cad>61</ns3:cad>
          </ns3:TrackPointExtension>
        </extensions>
      </trkpt>
      <trkpt lat="43.24502636678516864776611328125" lon="-109.6742567606270313262939453125">
        <ele>3841</ele>
        <time>2017-09-03T21:35:22.000Z</time>
        <extensions>
          <ns3:TrackPointExtension>
            <ns3:atemp>25.0</ns3:atemp>
            <ns3:cad>61</ns3:cad>
          </ns3:TrackPointExtension>
        </extensions>
      </trkpt>
      <trkpt lat="43.2450794242322444915771484375" lon="-109.6742591075599193572998046875">
        <ele>3842</ele>
        <time>2017-09-03T21:35:30.000Z</time>
        <extensions>
          <ns3:TrackPointExtension>
            <ns3:atemp>25.0</ns3:atemp>
            <ns3:cad>45</ns3:cad>
          </ns3:TrackPointExtension>
        </extensions>
      </trkpt>
      <trkpt lat="43.2451749779284000396728515625" lon="-109.674247540533542633056640625">
        <ele>3843</ele>
        <time>2017-09-03T21:35:45.000Z</time>
        <extensions>
          <ns3:TrackPointExtension>
            <ns3:atemp>25.0</ns3:atemp>
            <ns3:cad>61</ns3:cad>
          </ns3:TrackPointExtension>
        </extensions>
      </trkpt>
      <trkpt lat="43.24527933262288570404052734375" lon="-109.6742554195225238800048828125">
        <ele>3844</ele>
        <time>2017-09-03T21:36:03.000Z</time>
        <extensions>
          <ns3:TrackPointExtension>
            <ns3:atemp>26.0</ns3:atemp>
            <ns3:cad>61</ns3:cad>
          </ns3:TrackPointExtension>
        </extensions>
      </trkpt>
      <trkpt lat="43.24529148638248443603515625" lon="-109.67424443922936916351318359375">
        <ele>3844</ele>
        <time>2017-09-03T21:36:05.000Z</time>
        <extensions>
          <ns3:TrackPointExtension>
            <ns3:atemp>26.0</ns3:atemp>
            <ns3:cad>61</ns3:cad>
          </ns3:TrackPointExtension>
        </extensions>
      </trkpt>
      <trkpt lat="43.2453419454395771026611328125" lon="-109.67424997128546237945556640625">
        <ele>3845</ele>
        <time>2017-09-03T21:36:11.000Z</time>
        <extensions>
          <ns3:TrackPointExtension>
            <ns3:atemp>26.0</ns3:atemp>
            <ns3:cad>61</ns3:cad>
          </ns3:TrackPointExtension>
        </extensions>
      </trkpt>
      <trkpt lat="43.24541763402521610260009765625" lon="-109.6742872707545757293701171875">
        <ele>3844.39990234375</ele>
        <time>2017-09-03T21:36:21.000Z</time>
        <extensions>
          <ns3:TrackPointExtension>
            <ns3:atemp>26.0</ns3:atemp>
            <ns3:cad>0</ns3:cad>
          </ns3:TrackPointExtension>
        </extensions>
      </trkpt>
      <trkpt lat="43.24548787437379360198974609375" lon="-109.67432431876659393310546875">
        <ele>3845.199951171875</ele>
        <time>2017-09-03T21:36:31.000Z</time>
        <extensions>
          <ns3:TrackPointExtension>
            <ns3:atemp>26.0</ns3:atemp>
            <ns3:cad>0</ns3:cad>
          </ns3:TrackPointExtension>
        </extensions>
      </trkpt>
      <trkpt lat="43.24559046886861324310302734375" lon="-109.674456082284450531005859375">
        <ele>3846.199951171875</ele>
        <time>2017-09-03T21:36:54.000Z</time>
        <extensions>
          <ns3:TrackPointExtension>
            <ns3:atemp>26.0</ns3:atemp>
            <ns3:cad>0</ns3:cad>
          </ns3:TrackPointExtension>
        </extensions>
      </trkpt>
      <trkpt lat="43.2456886209547519683837890625" lon="-109.674464799463748931884765625">
        <ele>3845.800048828125</ele>
        <time>2017-09-03T21:39:14.000Z</time>
        <extensions>
          <ns3:TrackPointExtension>
            <ns3:atemp>26.0</ns3:atemp>
            <ns3:cad>0</ns3:cad>
          </ns3:TrackPointExtension>
        </extensions>
      </trkpt>
      <trkpt lat="43.24572692625224590301513671875" lon="-109.674472175538539886474609375">
        <ele>3845.800048828125</ele>
        <time>2017-09-03T21:39:18.000Z</time>
        <extensions>
          <ns3:TrackPointExtension>
            <ns3:atemp>26.0</ns3:atemp>
            <ns3:cad>0</ns3:cad>
          </ns3:TrackPointExtension>
        </extensions>
      </trkpt>
      <trkpt lat="43.24579414911568164825439453125" lon="-109.67449438758194446563720703125">
        <ele>3846.199951171875</ele>
        <time>2017-09-03T21:39:26.000Z</time>
        <extensions>
          <ns3:TrackPointExtension>
            <ns3:atemp>26.0</ns3:atemp>
            <ns3:cad>61</ns3:cad>
          </ns3:TrackPointExtension>
        </extensions>
      </trkpt>
      <trkpt lat="43.24591166339814662933349609375" lon="-109.67454015277326107025146484375">
        <ele>3847.199951171875</ele>
        <time>2017-09-03T21:39:43.000Z</time>
        <extensions>
          <ns3:TrackPointExtension>
            <ns3:atemp>26.0</ns3:atemp>
            <ns3:cad>0</ns3:cad>
          </ns3:TrackPointExtension>
        </extensions>
      </trkpt>
      <trkpt lat="43.2459779642522335052490234375" lon="-109.67457502149045467376708984375">
        <ele>3847.800048828125</ele>
        <time>2017-09-03T21:39:51.000Z</time>
        <extensions>
          <ns3:TrackPointExtension>
            <ns3:atemp>26.0</ns3:atemp>
            <ns3:cad>0</ns3:cad>
          </ns3:TrackPointExtension>
        </extensions>
      </trkpt>
      <trkpt lat="43.2460785470902919769287109375" lon="-109.67461240477859973907470703125">
        <ele>3848</ele>
        <time>2017-09-03T21:40:04.000Z</time>
        <extensions>
          <ns3:TrackPointExtension>
            <ns3:atemp>26.0</ns3:atemp>
            <ns3:cad>61</ns3:cad>
          </ns3:TrackPointExtension>
        </extensions>
      </trkpt>
      <trkpt lat="43.24611467309296131134033203125" lon="-109.67460536397993564605712890625">
        <ele>3848</ele>
        <time>2017-09-03T21:40:09.000Z</time>
        <extensions>
          <ns3:TrackPointExtension>
            <ns3:atemp>26.0</ns3:atemp>
            <ns3:cad>0</ns3:cad>
          </ns3:TrackPointExtension>
        </extensions>
      </trkpt>
      <trkpt lat="43.2461784593760967254638671875" lon="-109.6746269054710865020751953125">
        <ele>3848.199951171875</ele>
        <time>2017-09-03T21:40:31.000Z</time>
        <extensions>
          <ns3:TrackPointExtension>
            <ns3:atemp>26.0</ns3:atemp>
            <ns3:cad>0</ns3:cad>
          </ns3:TrackPointExtension>
        </extensions>
      </trkpt>
      <trkpt lat="43.24620586819946765899658203125" lon="-109.6746540628373622894287109375">
        <ele>3848.60009765625</ele>
        <time>2017-09-03T21:40:39.000Z</time>
        <extensions>
          <ns3:TrackPointExtension>
            <ns3:atemp>26.0</ns3:atemp>
            <ns3:cad>61</ns3:cad>
          </ns3:TrackPointExtension>
        </extensions>
      </trkpt>
      <trkpt lat="43.24622514657676219940185546875" lon="-109.67474835924804210662841796875">
        <ele>3848.800048828125</ele>
        <time>2017-09-03T21:40:47.000Z</time>
        <extensions>
          <ns3:TrackPointExtension>
            <ns3:atemp>26.0</ns3:atemp>
            <ns3:cad>0</ns3:cad>
          </ns3:TrackPointExtension>
        </extensions>
      </trkpt>
      <trkpt lat="43.24623956345021724700927734375" lon="-109.67477358877658843994140625">
        <ele>3848.800048828125</ele>
        <time>2017-09-03T21:40:50.000Z</time>
        <extensions>
          <ns3:TrackPointExtension>
            <ns3:atemp>26.0</ns3:atemp>
            <ns3:cad>0</ns3:cad>
          </ns3:TrackPointExtension>
        </extensions>
      </trkpt>
      <trkpt lat="43.24626286514103412628173828125" lon="-109.67481382191181182861328125">
        <ele>3848.800048828125</ele>
        <time>2017-09-03T21:40:55.000Z</time>
        <extensions>
          <ns3:TrackPointExtension>
            <ns3:atemp>26.0</ns3:atemp>
            <ns3:cad>61</ns3:cad>
          </ns3:TrackPointExtension>
        </extensions>
      </trkpt>
      <trkpt lat="43.24628365226089954376220703125" lon="-109.674875847995281219482421875">
        <ele>3848.800048828125</ele>
        <time>2017-09-03T21:41:02.000Z</time>
        <extensions>
          <ns3:TrackPointExtension>
            <ns3:atemp>27.0</ns3:atemp>
            <ns3:cad>61</ns3:cad>
          </ns3:TrackPointExtension>
        </extensions>
      </trkpt>
      <trkpt lat="43.2462850771844387054443359375" lon="-109.6748857386410236358642578125">
        <ele>3848.60009765625</ele>
        <time>2017-09-03T21:41:03.000Z</time>
        <extensions>
          <ns3:TrackPointExtension>
            <ns3:atemp>27.0</ns3:atemp>
            <ns3:cad>61</ns3:cad>
          </ns3:TrackPointExtension>
        </extensions>
      </trkpt>
      <trkpt lat="43.2463172636926174163818359375" lon="-109.67495572753250598907470703125">
        <ele>3849.199951171875</ele>
        <time>2017-09-03T21:41:11.000Z</time>
        <extensions>
          <ns3:TrackPointExtension>
            <ns3:atemp>27.0</ns3:atemp>
            <ns3:cad>61</ns3:cad>
          </ns3:TrackPointExtension>
        </extensions>
      </trkpt>
      <trkpt lat="43.24635372497141361236572265625" lon="-109.675024710595607757568359375">
        <ele>3849</ele>
        <time>2017-09-03T21:41:18.000Z</time>
        <extensions>
          <ns3:TrackPointExtension>
            <ns3:atemp>27.0</ns3:atemp>
            <ns3:cad>0</ns3:cad>
          </ns3:TrackPointExtension>
        </extensions>
      </trkpt>
      <trkpt lat="43.24641323648393154144287109375" lon="-109.67527172528207302093505859375">
        <ele>3850</ele>
        <time>2017-09-03T21:41:55.000Z</time>
        <extensions>
          <ns3:TrackPointExtension>
            <ns3:atemp>27.0</ns3:atemp>
            <ns3:cad>61</ns3:cad>
          </ns3:TrackPointExtension>
        </extensions>
      </trkpt>
      <trkpt lat="43.2464681379497051239013671875" lon="-109.67538856901228427886962890625">
        <ele>3850</ele>
        <time>2017-09-03T21:42:08.000Z</time>
        <extensions>
          <ns3:TrackPointExtension>
            <ns3:atemp>27.0</ns3:atemp>
            <ns3:cad>61</ns3:cad>
          </ns3:TrackPointExtension>
        </extensions>
      </trkpt>
      <trkpt lat="43.24647610075771808624267578125" lon="-109.6754104457795619964599609375">
        <ele>3850</ele>
        <time>2017-09-03T21:42:10.000Z</time>
        <extensions>
          <ns3:TrackPointExtension>
            <ns3:atemp>27.0</ns3:atemp>
            <ns3:cad>61</ns3:cad>
          </ns3:TrackPointExtension>
        </extensions>
      </trkpt>
      <trkpt lat="43.24648548848927021026611328125" lon="-109.675432406365871429443359375">
        <ele>3850.39990234375</ele>
        <time>2017-09-03T21:42:12.000Z</time>
        <extensions>
          <ns3:TrackPointExtension>
            <ns3:atemp>27.0</ns3:atemp>
            <ns3:cad>61</ns3:cad>
          </ns3:TrackPointExtension>
        </extensions>
      </trkpt>
      <trkpt lat="43.24651046656072139739990234375" lon="-109.67548378743231296539306640625">
        <ele>3850.60009765625</ele>
        <time>2017-09-03T21:42:16.000Z</time>
        <extensions>
          <ns3:TrackPointExtension>
            <ns3:atemp>27.0</ns3:atemp>
            <ns3:cad>63</ns3:cad>
          </ns3:TrackPointExtension>
        </extensions>
      </trkpt>
      <trkpt lat="43.2465180940926074981689453125" lon="-109.67550222761929035186767578125">
        <ele>3850.800048828125</ele>
        <time>2017-09-03T21:42:18.000Z</time>
        <extensions>
          <ns3:TrackPointExtension>
            <ns3:atemp>27.0</ns3:atemp>
            <ns3:cad>0</ns3:cad>
          </ns3:TrackPointExtension>
        </extensions>
      </trkpt>
      <trkpt lat="43.246544413268566131591796875" lon="-109.67557179741561412811279296875">
        <ele>3851.39990234375</ele>
        <time>2017-09-03T21:42:27.000Z</time>
        <extensions>
          <ns3:TrackPointExtension>
            <ns3:atemp>27.0</ns3:atemp>
            <ns3:cad>0</ns3:cad>
          </ns3:TrackPointExtension>
        </extensions>
      </trkpt>
      <trkpt lat="43.2466381229460239410400390625" lon="-109.6757276169955730438232421875">
        <ele>3850.800048828125</ele>
        <time>2017-09-03T21:42:50.000Z</time>
        <extensions>
          <ns3:TrackPointExtension>
            <ns3:atemp>28.0</ns3:atemp>
            <ns3:cad>61</ns3:cad>
          </ns3:TrackPointExtension>
        </extensions>
      </trkpt>
      <trkpt lat="43.24664466083049774169921875" lon="-109.675905816256999969482421875">
        <ele>3851</ele>
        <time>2017-09-03T21:43:29.000Z</time>
        <extensions>
          <ns3:TrackPointExtension>
            <ns3:atemp>28.0</ns3:atemp>
            <ns3:cad>61</ns3:cad>
          </ns3:TrackPointExtension>
        </extensions>
      </trkpt>
      <trkpt lat="43.2466347701847553253173828125" lon="-109.67591947875916957855224609375">
        <ele>3850.39990234375</ele>
        <time>2017-09-03T21:43:36.000Z</time>
        <extensions>
          <ns3:TrackPointExtension>
            <ns3:atemp>28.0</ns3:atemp>
            <ns3:cad>0</ns3:cad>
          </ns3:TrackPointExtension>
        </extensions>
      </trkpt>
      <trkpt lat="43.24664021842181682586669921875" lon="-109.67591981403529644012451171875">
        <ele>3851.39990234375</ele>
        <time>2017-09-03T21:43:43.000Z</time>
        <extensions>
          <ns3:TrackPointExtension>
            <ns3:atemp>28.0</ns3:atemp>
            <ns3:cad>0</ns3:cad>
          </ns3:TrackPointExtension>
        </extensions>
      </trkpt>
      <trkpt lat="43.24671666137874126434326171875" lon="-109.67588695697486400604248046875">
        <ele>3850.800048828125</ele>
        <time>2017-09-03T21:44:28.000Z</time>
        <extensions>
          <ns3:TrackPointExtension>
            <ns3:atemp>28.0</ns3:atemp>
            <ns3:cad>61</ns3:cad>
          </ns3:TrackPointExtension>
        </extensions>
      </trkpt>
      <trkpt lat="43.2467202655971050262451171875" lon="-109.6758927404880523681640625">
        <ele>3850.199951171875</ele>
        <time>2017-09-03T21:44:30.000Z</time>
        <extensions>
          <ns3:TrackPointExtension>
            <ns3:atemp>28.0</ns3:atemp>
            <ns3:cad>0</ns3:cad>
          </ns3:TrackPointExtension>
        </extensions>
      </trkpt>
      <trkpt lat="43.24673577211797237396240234375" lon="-109.67593456618487834930419921875">
        <ele>3849</ele>
        <time>2017-09-03T21:44:42.000Z</time>
        <extensions>
          <ns3:TrackPointExtension>
            <ns3:atemp>28.0</ns3:atemp>
            <ns3:cad>0</ns3:cad>
          </ns3:TrackPointExtension>
        </extensions>
      </trkpt>
      <trkpt lat="43.2467604987323284149169921875" lon="-109.6759599633514881134033203125">
        <ele>3848</ele>
        <time>2017-09-03T21:44:54.000Z</time>
        <extensions>
          <ns3:TrackPointExtension>
            <ns3:atemp>28.0</ns3:atemp>
            <ns3:cad>61</ns3:cad>
          </ns3:TrackPointExtension>
        </extensions>
      </trkpt>
      <trkpt lat="43.24679343961179256439208984375" lon="-109.675970859825611114501953125">
        <ele>3846.800048828125</ele>
        <time>2017-09-03T21:45:01.000Z</time>
        <extensions>
          <ns3:TrackPointExtension>
            <ns3:atemp>28.0</ns3:atemp>
            <ns3:cad>0</ns3:cad>
          </ns3:TrackPointExtension>
        </extensions>
      </trkpt>
      <trkpt lat="43.2468050904572010040283203125" lon="-109.675998687744140625">
        <ele>3845.800048828125</ele>
        <time>2017-09-03T21:45:14.000Z</time>
        <extensions>
          <ns3:TrackPointExtension>
            <ns3:atemp>28.0</ns3:atemp>
            <ns3:cad>0</ns3:cad>
          </ns3:TrackPointExtension>
        </extensions>
      </trkpt>
      <trkpt lat="43.24680701829493045806884765625" lon="-109.67601369135081768035888671875">
        <ele>3844.800048828125</ele>
        <time>2017-09-03T21:45:19.000Z</time>
        <extensions>
          <ns3:TrackPointExtension>
            <ns3:atemp>28.0</ns3:atemp>
            <ns3:cad>0</ns3:cad>
          </ns3:TrackPointExtension>
        </extensions>
      </trkpt>
      <trkpt lat="43.24682772159576416015625" lon="-109.6760756336152553558349609375">
        <ele>3843.39990234375</ele>
        <time>2017-09-03T21:45:28.000Z</time>
        <extensions>
          <ns3:TrackPointExtension>
            <ns3:atemp>28.0</ns3:atemp>
            <ns3:cad>0</ns3:cad>
          </ns3:TrackPointExtension>
        </extensions>
      </trkpt>
      <trkpt lat="43.246832750737667083740234375" lon="-109.67608384788036346435546875">
        <ele>3843.199951171875</ele>
        <time>2017-09-03T21:45:29.000Z</time>
        <extensions>
          <ns3:TrackPointExtension>
            <ns3:atemp>28.0</ns3:atemp>
            <ns3:cad>0</ns3:cad>
          </ns3:TrackPointExtension>
        </extensions>
      </trkpt>
      <trkpt lat="43.24684691615402698516845703125" lon="-109.67609457671642303466796875">
        <ele>3842.800048828125</ele>
        <time>2017-09-03T21:45:31.000Z</time>
        <extensions>
          <ns3:TrackPointExtension>
            <ns3:atemp>28.0</ns3:atemp>
            <ns3:cad>0</ns3:cad>
          </ns3:TrackPointExtension>
        </extensions>
      </trkpt>
      <trkpt lat="43.2468587346374988555908203125" lon="-109.67611410655081272125244140625">
        <ele>3842.199951171875</ele>
        <time>2017-09-03T21:45:34.000Z</time>
        <extensions>
          <ns3:TrackPointExtension>
            <ns3:atemp>28.0</ns3:atemp>
            <ns3:cad>0</ns3:cad>
          </ns3:TrackPointExtension>
        </extensions>
      </trkpt>
      <trkpt lat="43.24690483510494232177734375" lon="-109.67615568079054355621337890625">
        <ele>3841.199951171875</ele>
        <time>2017-09-03T21:45:47.000Z</time>
        <extensions>
          <ns3:TrackPointExtension>
            <ns3:atemp>28.0</ns3:atemp>
            <ns3:cad>0</ns3:cad>
          </ns3:TrackPointExtension>
        </extensions>
      </trkpt>
      <trkpt lat="43.246861584484577178955078125" lon="-109.67621251009404659271240234375">
        <ele>3840</ele>
        <time>2017-09-03T21:46:15.000Z</time>
        <extensions>
          <ns3:TrackPointExtension>
            <ns3:atemp>28.0</ns3:atemp>
            <ns3:cad>0</ns3:cad>
          </ns3:TrackPointExtension>
        </extensions>
      </trkpt>
      <trkpt lat="43.246814645826816558837890625" lon="-109.67623262666165828704833984375">
        <ele>3838.800048828125</ele>
        <time>2017-09-03T21:46:26.000Z</time>
        <extensions>
          <ns3:TrackPointExtension>
            <ns3:atemp>28.0</ns3:atemp>
            <ns3:cad>0</ns3:cad>
          </ns3:TrackPointExtension>
        </extensions>
      </trkpt>
      <trkpt lat="43.2467926852405071258544921875" lon="-109.67625324614346027374267578125">
        <ele>3838.199951171875</ele>
        <time>2017-09-03T21:46:30.000Z</time>
        <extensions>
          <ns3:TrackPointExtension>
            <ns3:atemp>28.0</ns3:atemp>
            <ns3:cad>0</ns3:cad>
          </ns3:TrackPointExtension>
        </extensions>
      </trkpt>
      <trkpt lat="43.24679352343082427978515625" lon="-109.67628308571875095367431640625">
        <ele>3838</ele>
        <time>2017-09-03T21:46:32.000Z</time>
        <extensions>
          <ns3:TrackPointExtension>
            <ns3:atemp>28.0</ns3:atemp>
            <ns3:cad>0</ns3:cad>
          </ns3:TrackPointExtension>
        </extensions>
      </trkpt>
      <trkpt lat="43.24679930694401264190673828125" lon="-109.676312170922756195068359375">
        <ele>3837.800048828125</ele>
        <time>2017-09-03T21:46:34.000Z</time>
        <extensions>
          <ns3:TrackPointExtension>
            <ns3:atemp>28.0</ns3:atemp>
            <ns3:cad>0</ns3:cad>
          </ns3:TrackPointExtension>
        </extensions>
      </trkpt>
      <trkpt lat="43.2468236982822418212890625" lon="-109.67648349702358245849609375">
        <ele>3836.60009765625</ele>
        <time>2017-09-03T21:46:47.000Z</time>
        <extensions>
          <ns3:TrackPointExtension>
            <ns3:atemp>28.0</ns3:atemp>
            <ns3:cad>49</ns3:cad>
          </ns3:TrackPointExtension>
        </extensions>
      </trkpt>
      <trkpt lat="43.24682160280644893646240234375" lon="-109.6764964051544666290283203125">
        <ele>3836.60009765625</ele>
        <time>2017-09-03T21:46:48.000Z</time>
        <extensions>
          <ns3:TrackPointExtension>
            <ns3:atemp>28.0</ns3:atemp>
            <ns3:cad>49</ns3:cad>
          </ns3:TrackPointExtension>
        </extensions>
      </trkpt>
      <trkpt lat="43.24681657366454601287841796875" lon="-109.67653722502291202545166015625">
        <ele>3835.39990234375</ele>
        <time>2017-09-03T21:46:52.000Z</time>
        <extensions>
          <ns3:TrackPointExtension>
            <ns3:atemp>28.0</ns3:atemp>
            <ns3:cad>49</ns3:cad>
          </ns3:TrackPointExtension>
        </extensions>
      </trkpt>
      <trkpt lat="43.24682361446321010589599609375" lon="-109.67657594941556453704833984375">
        <ele>3834.800048828125</ele>
        <time>2017-09-03T21:46:55.000Z</time>
        <extensions>
          <ns3:TrackPointExtension>
            <ns3:atemp>28.0</ns3:atemp>
            <ns3:cad>49</ns3:cad>
          </ns3:TrackPointExtension>
        </extensions>
      </trkpt>
      <trkpt lat="43.246835768222808837890625" lon="-109.67661534436047077178955078125">
        <ele>3834.199951171875</ele>
        <time>2017-09-03T21:46:58.000Z</time>
        <extensions>
          <ns3:TrackPointExtension>
            <ns3:atemp>28.0</ns3:atemp>
            <ns3:cad>49</ns3:cad>
          </ns3:TrackPointExtension>
        </extensions>
      </trkpt>
      <trkpt lat="43.24682168662548065185546875" lon="-109.67667619697749614715576171875">
        <ele>3833.800048828125</ele>
        <time>2017-09-03T21:47:03.000Z</time>
        <extensions>
          <ns3:TrackPointExtension>
            <ns3:atemp>28.0</ns3:atemp>
            <ns3:cad>0</ns3:cad>
          </ns3:TrackPointExtension>
        </extensions>
      </trkpt>
      <trkpt lat="43.2468288950622081756591796875" lon="-109.6766912005841732025146484375">
        <ele>3833.60009765625</ele>
        <time>2017-09-03T21:47:05.000Z</time>
        <extensions>
          <ns3:TrackPointExtension>
            <ns3:atemp>28.0</ns3:atemp>
            <ns3:cad>0</ns3:cad>
          </ns3:TrackPointExtension>
        </extensions>
      </trkpt>
      <trkpt lat="43.2468540407717227935791015625" lon="-109.67670469544827938079833984375">
        <ele>3833.199951171875</ele>
        <time>2017-09-03T21:47:08.000Z</time>
        <extensions>
          <ns3:TrackPointExtension>
            <ns3:atemp>28.0</ns3:atemp>
            <ns3:cad>0</ns3:cad>
          </ns3:TrackPointExtension>
        </extensions>
      </trkpt>
      <trkpt lat="43.24687373824417591094970703125" lon="-109.67670653946697711944580078125">
        <ele>3833</ele>
        <time>2017-09-03T21:47:10.000Z</time>
        <extensions>
          <ns3:TrackPointExtension>
            <ns3:atemp>28.0</ns3:atemp>
            <ns3:cad>0</ns3:cad>
          </ns3:TrackPointExtension>
        </extensions>
      </trkpt>
      <trkpt lat="43.246949426829814910888671875" lon="-109.67677074484527111053466796875">
        <ele>3832</ele>
        <time>2017-09-03T21:47:20.000Z</time>
        <extensions>
          <ns3:TrackPointExtension>
            <ns3:atemp>28.0</ns3:atemp>
            <ns3:cad>48</ns3:cad>
          </ns3:TrackPointExtension>
        </extensions>
      </trkpt>
      <trkpt lat="43.247011788189411163330078125" lon="-109.67678918503224849700927734375">
        <ele>3831</ele>
        <time>2017-09-03T21:47:27.000Z</time>
        <extensions>
          <ns3:TrackPointExtension>
            <ns3:atemp>28.0</ns3:atemp>
            <ns3:cad>61</ns3:cad>
          </ns3:TrackPointExtension>
        </extensions>
      </trkpt>
      <trkpt lat="43.2470565475523471832275390625" lon="-109.6767934598028659820556640625">
        <ele>3829.800048828125</ele>
        <time>2017-09-03T21:47:33.000Z</time>
        <extensions>
          <ns3:TrackPointExtension>
            <ns3:atemp>28.0</ns3:atemp>
            <ns3:cad>0</ns3:cad>
          </ns3:TrackPointExtension>
        </extensions>
      </trkpt>
      <trkpt lat="43.24709150008857250213623046875" lon="-109.67683461494743824005126953125">
        <ele>3829</ele>
        <time>2017-09-03T21:47:40.000Z</time>
        <extensions>
          <ns3:TrackPointExtension>
            <ns3:atemp>28.0</ns3:atemp>
            <ns3:cad>61</ns3:cad>
          </ns3:TrackPointExtension>
        </extensions>
      </trkpt>
      <trkpt lat="43.2471306435763835906982421875" lon="-109.676858000457286834716796875">
        <ele>3828.800048828125</ele>
        <time>2017-09-03T21:47:45.000Z</time>
        <extensions>
          <ns3:TrackPointExtension>
            <ns3:atemp>28.0</ns3:atemp>
            <ns3:cad>61</ns3:cad>
          </ns3:TrackPointExtension>
        </extensions>
      </trkpt>
      <trkpt lat="43.24718034826219081878662109375" lon="-109.6768618561327457427978515625">
        <ele>3827.60009765625</ele>
        <time>2017-09-03T21:47:53.000Z</time>
        <extensions>
          <ns3:TrackPointExtension>
            <ns3:atemp>28.0</ns3:atemp>
            <ns3:cad>0</ns3:cad>
          </ns3:TrackPointExtension>
        </extensions>
      </trkpt>
      <trkpt lat="43.24721689336001873016357421875" lon="-109.67686914838850498199462890625">
        <ele>3826.60009765625</ele>
        <time>2017-09-03T21:48:00.000Z</time>
        <extensions>
          <ns3:TrackPointExtension>
            <ns3:atemp>28.0</ns3:atemp>
            <ns3:cad>61</ns3:cad>
          </ns3:TrackPointExtension>
        </extensions>
      </trkpt>
      <trkpt lat="43.2472660951316356658935546875" lon="-109.6769309230148792266845703125">
        <ele>3825.60009765625</ele>
        <time>2017-09-03T21:48:13.000Z</time>
        <extensions>
          <ns3:TrackPointExtension>
            <ns3:atemp>28.0</ns3:atemp>
            <ns3:cad>0</ns3:cad>
          </ns3:TrackPointExtension>
        </extensions>
      </trkpt>
      <trkpt lat="43.247286714613437652587890625" lon="-109.6769564040005207061767578125">
        <ele>3824.60009765625</ele>
        <time>2017-09-03T21:48:18.000Z</time>
        <extensions>
          <ns3:TrackPointExtension>
            <ns3:atemp>28.0</ns3:atemp>
            <ns3:cad>0</ns3:cad>
          </ns3:TrackPointExtension>
        </extensions>
      </trkpt>
      <trkpt lat="43.24729668907821178436279296875" lon="-109.676968641579151153564453125">
        <ele>3823.39990234375</ele>
        <time>2017-09-03T21:48:20.000Z</time>
        <extensions>
          <ns3:TrackPointExtension>
            <ns3:atemp>28.0</ns3:atemp>
            <ns3:cad>0</ns3:cad>
          </ns3:TrackPointExtension>
        </extensions>
      </trkpt>
      <trkpt lat="43.247349746525287628173828125" lon="-109.67696964740753173828125">
        <ele>3822.39990234375</ele>
        <time>2017-09-03T21:48:29.000Z</time>
        <extensions>
          <ns3:TrackPointExtension>
            <ns3:atemp>28.0</ns3:atemp>
            <ns3:cad>78</ns3:cad>
          </ns3:TrackPointExtension>
        </extensions>
      </trkpt>
      <trkpt lat="43.24739878065884113311767578125" lon="-109.67695129103958606719970703125">
        <ele>3821.39990234375</ele>
        <time>2017-09-03T21:48:37.000Z</time>
        <extensions>
          <ns3:TrackPointExtension>
            <ns3:atemp>28.0</ns3:atemp>
            <ns3:cad>0</ns3:cad>
          </ns3:TrackPointExtension>
        </extensions>
      </trkpt>
      <trkpt lat="43.24744052253663539886474609375" lon="-109.67690485529601573944091796875">
        <ele>3820.199951171875</ele>
        <time>2017-09-03T21:48:47.000Z</time>
        <extensions>
          <ns3:TrackPointExtension>
            <ns3:atemp>28.0</ns3:atemp>
            <ns3:cad>0</ns3:cad>
          </ns3:TrackPointExtension>
        </extensions>
      </trkpt>
      <trkpt lat="43.24745871126651763916015625" lon="-109.6769165061414241790771484375">
        <ele>3819</ele>
        <time>2017-09-03T21:48:53.000Z</time>
        <extensions>
          <ns3:TrackPointExtension>
            <ns3:atemp>28.0</ns3:atemp>
            <ns3:cad>61</ns3:cad>
          </ns3:TrackPointExtension>
        </extensions>
      </trkpt>
      <trkpt lat="43.2474974356591701507568359375" lon="-109.6769282408058643341064453125">
        <ele>3818</ele>
        <time>2017-09-03T21:48:57.000Z</time>
        <extensions>
          <ns3:TrackPointExtension>
            <ns3:atemp>28.0</ns3:atemp>
            <ns3:cad>61</ns3:cad>
          </ns3:TrackPointExtension>
        </extensions>
      </trkpt>
      <trkpt lat="43.24752920307219028472900390625" lon="-109.67692337930202484130859375">
        <ele>3817.60009765625</ele>
        <time>2017-09-03T21:49:00.000Z</time>
        <extensions>
          <ns3:TrackPointExtension>
            <ns3:atemp>28.0</ns3:atemp>
            <ns3:cad>61</ns3:cad>
          </ns3:TrackPointExtension>
        </extensions>
      </trkpt>
      <trkpt lat="43.24756256304681301116943359375" lon="-109.6769012510776519775390625">
        <ele>3816.800048828125</ele>
        <time>2017-09-03T21:49:06.000Z</time>
        <extensions>
          <ns3:TrackPointExtension>
            <ns3:atemp>28.0</ns3:atemp>
            <ns3:cad>0</ns3:cad>
          </ns3:TrackPointExtension>
        </extensions>
      </trkpt>
      <trkpt lat="43.2476285286247730255126953125" lon="-109.67686126939952373504638671875">
        <ele>3815.800048828125</ele>
        <time>2017-09-03T21:49:18.000Z</time>
        <extensions>
          <ns3:TrackPointExtension>
            <ns3:atemp>28.0</ns3:atemp>
            <ns3:cad>61</ns3:cad>
          </ns3:TrackPointExtension>
        </extensions>
      </trkpt>
      <trkpt lat="43.24767789803445339202880859375" lon="-109.67685766518115997314453125">
        <ele>3814.60009765625</ele>
        <time>2017-09-03T21:49:26.000Z</time>
        <extensions>
          <ns3:TrackPointExtension>
            <ns3:atemp>28.0</ns3:atemp>
            <ns3:cad>0</ns3:cad>
          </ns3:TrackPointExtension>
        </extensions>
      </trkpt>
      <trkpt lat="43.24770606122910976409912109375" lon="-109.67687032185494899749755859375">
        <ele>3813.60009765625</ele>
        <time>2017-09-03T21:49:32.000Z</time>
        <extensions>
          <ns3:TrackPointExtension>
            <ns3:atemp>28.0</ns3:atemp>
            <ns3:cad>0</ns3:cad>
          </ns3:TrackPointExtension>
        </extensions>
      </trkpt>
      <trkpt lat="43.247743360698223114013671875" lon="-109.67685556970536708831787109375">
        <ele>3812.60009765625</ele>
        <time>2017-09-03T21:49:38.000Z</time>
        <extensions>
          <ns3:TrackPointExtension>
            <ns3:atemp>28.0</ns3:atemp>
            <ns3:cad>0</ns3:cad>
          </ns3:TrackPointExtension>
        </extensions>
      </trkpt>
      <trkpt lat="43.24788208119571208953857421875" lon="-109.676904268562793731689453125">
        <ele>3811.60009765625</ele>
        <time>2017-09-03T21:49:55.000Z</time>
        <extensions>
          <ns3:TrackPointExtension>
            <ns3:atemp>27.0</ns3:atemp>
            <ns3:cad>51</ns3:cad>
          </ns3:TrackPointExtension>
        </extensions>
      </trkpt>
      <trkpt lat="43.2479396648705005645751953125" lon="-109.67695129103958606719970703125">
        <ele>3811.60009765625</ele>
        <time>2017-09-03T21:50:02.000Z</time>
        <extensions>
          <ns3:TrackPointExtension>
            <ns3:atemp>27.0</ns3:atemp>
            <ns3:cad>0</ns3:cad>
          </ns3:TrackPointExtension>
        </extensions>
      </trkpt>
      <trkpt lat="43.2479986734688282012939453125" lon="-109.6770144067704677581787109375">
        <ele>3811.199951171875</ele>
        <time>2017-09-03T21:50:11.000Z</time>
        <extensions>
          <ns3:TrackPointExtension>
            <ns3:atemp>27.0</ns3:atemp>
            <ns3:cad>0</ns3:cad>
          </ns3:TrackPointExtension>
        </extensions>
      </trkpt>
      <trkpt lat="43.24799959547817707061767578125" lon="-109.677102752029895782470703125">
        <ele>3811</ele>
        <time>2017-09-03T21:50:18.000Z</time>
        <extensions>
          <ns3:TrackPointExtension>
            <ns3:atemp>27.0</ns3:atemp>
            <ns3:cad>61</ns3:cad>
          </ns3:TrackPointExtension>
        </extensions>
      </trkpt>
      <trkpt lat="43.2480026967823505401611328125" lon="-109.6771317534148693084716796875">
        <ele>3810.800048828125</ele>
        <time>2017-09-03T21:50:20.000Z</time>
        <extensions>
          <ns3:TrackPointExtension>
            <ns3:atemp>27.0</ns3:atemp>
            <ns3:cad>61</ns3:cad>
          </ns3:TrackPointExtension>
        </extensions>
      </trkpt>
      <trkpt lat="43.24800697155296802520751953125" lon="-109.67716989107429981231689453125">
        <ele>3810.39990234375</ele>
        <time>2017-09-03T21:50:23.000Z</time>
        <extensions>
          <ns3:TrackPointExtension>
            <ns3:atemp>27.0</ns3:atemp>
            <ns3:cad>61</ns3:cad>
          </ns3:TrackPointExtension>
        </extensions>
      </trkpt>
      <trkpt lat="43.24800831265747547149658203125" lon="-109.6771807037293910980224609375">
        <ele>3810.39990234375</ele>
        <time>2017-09-03T21:50:24.000Z</time>
        <extensions>
          <ns3:TrackPointExtension>
            <ns3:atemp>27.0</ns3:atemp>
            <ns3:cad>61</ns3:cad>
          </ns3:TrackPointExtension>
        </extensions>
      </trkpt>
      <trkpt lat="43.24801619164645671844482421875" lon="-109.67729880474507808685302734375">
        <ele>3809.39990234375</ele>
        <time>2017-09-03T21:50:33.000Z</time>
        <extensions>
          <ns3:TrackPointExtension>
            <ns3:atemp>28.0</ns3:atemp>
            <ns3:cad>61</ns3:cad>
          </ns3:TrackPointExtension>
        </extensions>
      </trkpt>
      <trkpt lat="43.24802675284445285797119140625" lon="-109.6773225255310535430908203125">
        <ele>3808.60009765625</ele>
        <time>2017-09-03T21:50:35.000Z</time>
        <extensions>
          <ns3:TrackPointExtension>
            <ns3:atemp>28.0</ns3:atemp>
            <ns3:cad>61</ns3:cad>
          </ns3:TrackPointExtension>
        </extensions>
      </trkpt>
      <trkpt lat="43.24803312309086322784423828125" lon="-109.6773315779864788055419921875">
        <ele>3808.199951171875</ele>
        <time>2017-09-03T21:50:36.000Z</time>
        <extensions>
          <ns3:TrackPointExtension>
            <ns3:atemp>28.0</ns3:atemp>
            <ns3:cad>61</ns3:cad>
          </ns3:TrackPointExtension>
        </extensions>
      </trkpt>
      <trkpt lat="43.24806313030421733856201171875" lon="-109.67742872424423694610595703125">
        <ele>3807.199951171875</ele>
        <time>2017-09-03T21:50:45.000Z</time>
        <extensions>
          <ns3:TrackPointExtension>
            <ns3:atemp>28.0</ns3:atemp>
            <ns3:cad>0</ns3:cad>
          </ns3:TrackPointExtension>
        </extensions>
      </trkpt>
      <trkpt lat="43.24808106757700443267822265625" lon="-109.6774578094482421875">
        <ele>3806.60009765625</ele>
        <time>2017-09-03T21:50:48.000Z</time>
        <extensions>
          <ns3:TrackPointExtension>
            <ns3:atemp>28.0</ns3:atemp>
            <ns3:cad>0</ns3:cad>
          </ns3:TrackPointExtension>
        </extensions>
      </trkpt>
      <trkpt lat="43.24809665791690349578857421875" lon="-109.67751874588429927825927734375">
        <ele>3806.39990234375</ele>
        <time>2017-09-03T21:50:54.000Z</time>
        <extensions>
          <ns3:TrackPointExtension>
            <ns3:atemp>28.0</ns3:atemp>
            <ns3:cad>0</ns3:cad>
          </ns3:TrackPointExtension>
        </extensions>
      </trkpt>
      <trkpt lat="43.2480972446501255035400390625" lon="-109.67755260877311229705810546875">
        <ele>3806.199951171875</ele>
        <time>2017-09-03T21:50:57.000Z</time>
        <extensions>
          <ns3:TrackPointExtension>
            <ns3:atemp>28.0</ns3:atemp>
            <ns3:cad>0</ns3:cad>
          </ns3:TrackPointExtension>
        </extensions>
      </trkpt>
      <trkpt lat="43.24809917248785495758056640625" lon="-109.6775625832378864288330078125">
        <ele>3805.800048828125</ele>
        <time>2017-09-03T21:50:58.000Z</time>
        <extensions>
          <ns3:TrackPointExtension>
            <ns3:atemp>28.0</ns3:atemp>
            <ns3:cad>0</ns3:cad>
          </ns3:TrackPointExtension>
        </extensions>
      </trkpt>
      <trkpt lat="43.24809934012591838836669921875" lon="-109.677627123892307281494140625">
        <ele>3805</ele>
        <time>2017-09-03T21:51:05.000Z</time>
        <extensions>
          <ns3:TrackPointExtension>
            <ns3:atemp>28.0</ns3:atemp>
            <ns3:cad>0</ns3:cad>
          </ns3:TrackPointExtension>
        </extensions>
      </trkpt>
      <trkpt lat="43.24810202233493328094482421875" lon="-109.6776388585567474365234375">
        <ele>3804.800048828125</ele>
        <time>2017-09-03T21:51:06.000Z</time>
        <extensions>
          <ns3:TrackPointExtension>
            <ns3:atemp>28.0</ns3:atemp>
            <ns3:cad>0</ns3:cad>
          </ns3:TrackPointExtension>
        </extensions>
      </trkpt>
      <trkpt lat="43.24814057908952236175537109375" lon="-109.6777721308171749114990234375">
        <ele>3803.800048828125</ele>
        <time>2017-09-03T21:51:26.000Z</time>
        <extensions>
          <ns3:TrackPointExtension>
            <ns3:atemp>28.0</ns3:atemp>
            <ns3:cad>0</ns3:cad>
          </ns3:TrackPointExtension>
        </extensions>
      </trkpt>
      <trkpt lat="43.24815717525780200958251953125" lon="-109.6778078377246856689453125">
        <ele>3802.60009765625</ele>
        <time>2017-09-03T21:51:29.000Z</time>
        <extensions>
          <ns3:TrackPointExtension>
            <ns3:atemp>28.0</ns3:atemp>
            <ns3:cad>0</ns3:cad>
          </ns3:TrackPointExtension>
        </extensions>
      </trkpt>
      <trkpt lat="43.24815952219069004058837890625" lon="-109.6778187341988086700439453125">
        <ele>3802.39990234375</ele>
        <time>2017-09-03T21:51:30.000Z</time>
        <extensions>
          <ns3:TrackPointExtension>
            <ns3:atemp>28.0</ns3:atemp>
            <ns3:cad>0</ns3:cad>
          </ns3:TrackPointExtension>
        </extensions>
      </trkpt>
      <trkpt lat="43.24816002510488033294677734375" lon="-109.677853770554065704345703125">
        <ele>3802.199951171875</ele>
        <time>2017-09-03T21:51:33.000Z</time>
        <extensions>
          <ns3:TrackPointExtension>
            <ns3:atemp>28.0</ns3:atemp>
            <ns3:cad>45</ns3:cad>
          </ns3:TrackPointExtension>
        </extensions>
      </trkpt>
      <trkpt lat="43.24815516360104084014892578125" lon="-109.6779843606054782867431640625">
        <ele>3801.60009765625</ele>
        <time>2017-09-03T21:51:50.000Z</time>
        <extensions>
          <ns3:TrackPointExtension>
            <ns3:atemp>28.0</ns3:atemp>
            <ns3:cad>61</ns3:cad>
          </ns3:TrackPointExtension>
        </extensions>
      </trkpt>
      <trkpt lat="43.248156420886516571044921875" lon="-109.67799886129796504974365234375">
        <ele>3800.60009765625</ele>
        <time>2017-09-03T21:51:55.000Z</time>
        <extensions>
          <ns3:TrackPointExtension>
            <ns3:atemp>28.0</ns3:atemp>
            <ns3:cad>0</ns3:cad>
          </ns3:TrackPointExtension>
        </extensions>
      </trkpt>
      <trkpt lat="43.24817561544477939605712890625" lon="-109.6781241707503795623779296875">
        <ele>3799.39990234375</ele>
        <time>2017-09-03T21:52:16.000Z</time>
        <extensions>
          <ns3:TrackPointExtension>
            <ns3:atemp>28.0</ns3:atemp>
            <ns3:cad>0</ns3:cad>
          </ns3:TrackPointExtension>
        </extensions>
      </trkpt>
      <trkpt lat="43.24818290770053863525390625" lon="-109.6781348995864391326904296875">
        <ele>3798.60009765625</ele>
        <time>2017-09-03T21:52:22.000Z</time>
        <extensions>
          <ns3:TrackPointExtension>
            <ns3:atemp>29.0</ns3:atemp>
            <ns3:cad>61</ns3:cad>
          </ns3:TrackPointExtension>
        </extensions>
      </trkpt>
      <trkpt lat="43.24819925241172313690185546875" lon="-109.6781620569527149200439453125">
        <ele>3798.199951171875</ele>
        <time>2017-09-03T21:52:27.000Z</time>
        <extensions>
          <ns3:TrackPointExtension>
            <ns3:atemp>29.0</ns3:atemp>
            <ns3:cad>61</ns3:cad>
          </ns3:TrackPointExtension>
        </extensions>
      </trkpt>
      <trkpt lat="43.24820394627749919891357421875" lon="-109.67817354016005992889404296875">
        <ele>3797</ele>
        <time>2017-09-03T21:52:29.000Z</time>
        <extensions>
          <ns3:TrackPointExtension>
            <ns3:atemp>29.0</ns3:atemp>
            <ns3:cad>0</ns3:cad>
          </ns3:TrackPointExtension>
        </extensions>
      </trkpt>
      <trkpt lat="43.24822691269218921661376953125" lon="-109.67832843773066997528076171875">
        <ele>3796</ele>
        <time>2017-09-03T21:52:47.000Z</time>
        <extensions>
          <ns3:TrackPointExtension>
            <ns3:atemp>29.0</ns3:atemp>
            <ns3:cad>0</ns3:cad>
          </ns3:TrackPointExtension>
        </extensions>
      </trkpt>
      <trkpt lat="43.248226828873157501220703125" lon="-109.67833799310028553009033203125">
        <ele>3794.800048828125</ele>
        <time>2017-09-03T21:52:50.000Z</time>
        <extensions>
          <ns3:TrackPointExtension>
            <ns3:atemp>29.0</ns3:atemp>
            <ns3:cad>0</ns3:cad>
          </ns3:TrackPointExtension>
        </extensions>
      </trkpt>
      <trkpt lat="43.2482350431382656097412109375" lon="-109.67843078076839447021484375">
        <ele>3793.39990234375</ele>
        <time>2017-09-03T21:53:00.000Z</time>
        <extensions>
          <ns3:TrackPointExtension>
            <ns3:atemp>28.0</ns3:atemp>
            <ns3:cad>61</ns3:cad>
          </ns3:TrackPointExtension>
        </extensions>
      </trkpt>
      <trkpt lat="43.24825976975262165069580078125" lon="-109.67850722372531890869140625">
        <ele>3792.199951171875</ele>
        <time>2017-09-03T21:53:19.000Z</time>
        <extensions>
          <ns3:TrackPointExtension>
            <ns3:atemp>28.0</ns3:atemp>
            <ns3:cad>61</ns3:cad>
          </ns3:TrackPointExtension>
        </extensions>
      </trkpt>
      <trkpt lat="43.2482679001986980438232421875" lon="-109.6785529889166355133056640625">
        <ele>3791.800048828125</ele>
        <time>2017-09-03T21:53:23.000Z</time>
        <extensions>
          <ns3:TrackPointExtension>
            <ns3:atemp>28.0</ns3:atemp>
            <ns3:cad>59</ns3:cad>
          </ns3:TrackPointExtension>
        </extensions>
      </trkpt>
      <trkpt lat="43.24826111085712909698486328125" lon="-109.67857872135937213897705078125">
        <ele>3791.800048828125</ele>
        <time>2017-09-03T21:53:25.000Z</time>
        <extensions>
          <ns3:TrackPointExtension>
            <ns3:atemp>28.0</ns3:atemp>
            <ns3:cad>47</ns3:cad>
          </ns3:TrackPointExtension>
        </extensions>
      </trkpt>
      <trkpt lat="43.2482622005045413970947265625" lon="-109.67862431891262531280517578125">
        <ele>3791.199951171875</ele>
        <time>2017-09-03T21:53:29.000Z</time>
        <extensions>
          <ns3:TrackPointExtension>
            <ns3:atemp>28.0</ns3:atemp>
            <ns3:cad>51</ns3:cad>
          </ns3:TrackPointExtension>
        </extensions>
      </trkpt>
      <trkpt lat="43.24827737174928188323974609375" lon="-109.67869506217539310455322265625">
        <ele>3790.199951171875</ele>
        <time>2017-09-03T21:53:36.000Z</time>
        <extensions>
          <ns3:TrackPointExtension>
            <ns3:atemp>28.0</ns3:atemp>
            <ns3:cad>0</ns3:cad>
          </ns3:TrackPointExtension>
        </extensions>
      </trkpt>
      <trkpt lat="43.2482814788818359375" lon="-109.6787927113473415374755859375">
        <ele>3789.199951171875</ele>
        <time>2017-09-03T21:53:49.000Z</time>
        <extensions>
          <ns3:TrackPointExtension>
            <ns3:atemp>29.0</ns3:atemp>
            <ns3:cad>0</ns3:cad>
          </ns3:TrackPointExtension>
        </extensions>
      </trkpt>
      <trkpt lat="43.2483188621699810028076171875" lon="-109.67881509102880954742431640625">
        <ele>3788.199951171875</ele>
        <time>2017-09-03T21:54:13.000Z</time>
        <extensions>
          <ns3:TrackPointExtension>
            <ns3:atemp>29.0</ns3:atemp>
            <ns3:cad>61</ns3:cad>
          </ns3:TrackPointExtension>
        </extensions>
      </trkpt>
      <trkpt lat="43.2483698241412639617919921875" lon="-109.67888499610126018524169921875">
        <ele>3787.199951171875</ele>
        <time>2017-09-03T21:54:26.000Z</time>
        <extensions>
          <ns3:TrackPointExtension>
            <ns3:atemp>29.0</ns3:atemp>
            <ns3:cad>0</ns3:cad>
          </ns3:TrackPointExtension>
        </extensions>
      </trkpt>
      <trkpt lat="43.2483849115669727325439453125" lon="-109.678981304168701171875">
        <ele>3786</ele>
        <time>2017-09-03T21:54:36.000Z</time>
        <extensions>
          <ns3:TrackPointExtension>
            <ns3:atemp>29.0</ns3:atemp>
            <ns3:cad>0</ns3:cad>
          </ns3:TrackPointExtension>
        </extensions>
      </trkpt>
      <trkpt lat="43.24839840643107891082763671875" lon="-109.67902916483581066131591796875">
        <ele>3785</ele>
        <time>2017-09-03T21:54:41.000Z</time>
        <extensions>
          <ns3:TrackPointExtension>
            <ns3:atemp>29.0</ns3:atemp>
            <ns3:cad>78</ns3:cad>
          </ns3:TrackPointExtension>
        </extensions>
      </trkpt>
      <trkpt lat="43.24842908419668674468994140625" lon="-109.67907057143747806549072265625">
        <ele>3784</ele>
        <time>2017-09-03T21:54:49.000Z</time>
        <extensions>
          <ns3:TrackPointExtension>
            <ns3:atemp>29.0</ns3:atemp>
            <ns3:cad>42</ns3:cad>
          </ns3:TrackPointExtension>
        </extensions>
      </trkpt>
      <trkpt lat="43.248465545475482940673828125" lon="-109.67914131470024585723876953125">
        <ele>3783</ele>
        <time>2017-09-03T21:54:59.000Z</time>
        <extensions>
          <ns3:TrackPointExtension>
            <ns3:atemp>29.0</ns3:atemp>
            <ns3:cad>42</ns3:cad>
          </ns3:TrackPointExtension>
        </extensions>
      </trkpt>
      <trkpt lat="43.248477615416049957275390625" lon="-109.679170735180377960205078125">
        <ele>3781.800048828125</ele>
        <time>2017-09-03T21:55:05.000Z</time>
        <extensions>
          <ns3:TrackPointExtension>
            <ns3:atemp>29.0</ns3:atemp>
            <ns3:cad>0</ns3:cad>
          </ns3:TrackPointExtension>
        </extensions>
      </trkpt>
      <trkpt lat="43.248485662043094635009765625" lon="-109.6791916899383068084716796875">
        <ele>3780.800048828125</ele>
        <time>2017-09-03T21:55:09.000Z</time>
        <extensions>
          <ns3:TrackPointExtension>
            <ns3:atemp>29.0</ns3:atemp>
            <ns3:cad>0</ns3:cad>
          </ns3:TrackPointExtension>
        </extensions>
      </trkpt>
      <trkpt lat="43.2484911940991878509521484375" lon="-109.67921800911426544189453125">
        <ele>3781</ele>
        <time>2017-09-03T21:55:11.000Z</time>
        <extensions>
          <ns3:TrackPointExtension>
            <ns3:atemp>29.0</ns3:atemp>
            <ns3:cad>0</ns3:cad>
          </ns3:TrackPointExtension>
        </extensions>
      </trkpt>
      <trkpt lat="43.24850871227681636810302734375" lon="-109.6792406402528285980224609375">
        <ele>3779.60009765625</ele>
        <time>2017-09-03T21:55:16.000Z</time>
        <extensions>
          <ns3:TrackPointExtension>
            <ns3:atemp>29.0</ns3:atemp>
            <ns3:cad>46</ns3:cad>
          </ns3:TrackPointExtension>
        </extensions>
      </trkpt>
      <trkpt lat="43.24855380691587924957275390625" lon="-109.67933108098804950714111328125">
        <ele>3778.60009765625</ele>
        <time>2017-09-03T21:55:29.000Z</time>
        <extensions>
          <ns3:TrackPointExtension>
            <ns3:atemp>29.0</ns3:atemp>
            <ns3:cad>41</ns3:cad>
          </ns3:TrackPointExtension>
        </extensions>
      </trkpt>
      <trkpt lat="43.248580880463123321533203125" lon="-109.67937869019806385040283203125">
        <ele>3777.39990234375</ele>
        <time>2017-09-03T21:55:35.000Z</time>
        <extensions>
          <ns3:TrackPointExtension>
            <ns3:atemp>29.0</ns3:atemp>
            <ns3:cad>41</ns3:cad>
          </ns3:TrackPointExtension>
        </extensions>
      </trkpt>
      <trkpt lat="43.2486299984157085418701171875" lon="-109.67944608069956302642822265625">
        <ele>3776.60009765625</ele>
        <time>2017-09-03T21:55:50.000Z</time>
        <extensions>
          <ns3:TrackPointExtension>
            <ns3:atemp>29.0</ns3:atemp>
            <ns3:cad>61</ns3:cad>
          </ns3:TrackPointExtension>
        </extensions>
      </trkpt>
      <trkpt lat="43.24864483438432216644287109375" lon="-109.67945412732660770416259765625">
        <ele>3776.39990234375</ele>
        <time>2017-09-03T21:55:52.000Z</time>
        <extensions>
          <ns3:TrackPointExtension>
            <ns3:atemp>29.0</ns3:atemp>
            <ns3:cad>61</ns3:cad>
          </ns3:TrackPointExtension>
        </extensions>
      </trkpt>
      <trkpt lat="43.2486467622220516204833984375" lon="-109.67945580370724201202392578125">
        <ele>3776.199951171875</ele>
        <time>2017-09-03T21:55:53.000Z</time>
        <extensions>
          <ns3:TrackPointExtension>
            <ns3:atemp>29.0</ns3:atemp>
            <ns3:cad>61</ns3:cad>
          </ns3:TrackPointExtension>
        </extensions>
      </trkpt>
      <trkpt lat="43.24864558875560760498046875" lon="-109.6794558875262737274169921875">
        <ele>3775.199951171875</ele>
        <time>2017-09-03T21:56:01.000Z</time>
        <extensions>
          <ns3:TrackPointExtension>
            <ns3:atemp>29.0</ns3:atemp>
            <ns3:cad>0</ns3:cad>
          </ns3:TrackPointExtension>
        </extensions>
      </trkpt>
      <trkpt lat="43.248749859631061553955078125" lon="-109.6793623454868793487548828125">
        <ele>3774.199951171875</ele>
        <time>2017-09-03T21:56:32.000Z</time>
        <extensions>
          <ns3:TrackPointExtension>
            <ns3:atemp>29.0</ns3:atemp>
            <ns3:cad>0</ns3:cad>
          </ns3:TrackPointExtension>
        </extensions>
      </trkpt>
      <trkpt lat="43.24874960817396640777587890625" lon="-109.67936276458203792572021484375">
        <ele>3773.199951171875</ele>
        <time>2017-09-03T21:56:46.000Z</time>
        <extensions>
          <ns3:TrackPointExtension>
            <ns3:atemp>29.0</ns3:atemp>
            <ns3:cad>0</ns3:cad>
          </ns3:TrackPointExtension>
        </extensions>
      </trkpt>
      <trkpt lat="43.24874893762171268463134765625" lon="-109.6793646924197673797607421875">
        <ele>3774.199951171875</ele>
        <time>2017-09-03T21:56:53.000Z</time>
        <extensions>
          <ns3:TrackPointExtension>
            <ns3:atemp>29.0</ns3:atemp>
            <ns3:cad>0</ns3:cad>
          </ns3:TrackPointExtension>
        </extensions>
      </trkpt>
      <trkpt lat="43.24885211884975433349609375" lon="-109.67935320921242237091064453125">
        <ele>3773</ele>
        <time>2017-09-03T21:57:36.000Z</time>
        <extensions>
          <ns3:TrackPointExtension>
            <ns3:atemp>29.0</ns3:atemp>
            <ns3:cad>61</ns3:cad>
          </ns3:TrackPointExtension>
        </extensions>
      </trkpt>
      <trkpt lat="43.24887969531118869781494140625" lon="-109.679361172020435333251953125">
        <ele>3772</ele>
        <time>2017-09-03T21:57:58.000Z</time>
        <extensions>
          <ns3:TrackPointExtension>
            <ns3:atemp>29.0</ns3:atemp>
            <ns3:cad>0</ns3:cad>
          </ns3:TrackPointExtension>
        </extensions>
      </trkpt>
      <trkpt lat="43.24888036586344242095947265625" lon="-109.6793794445693492889404296875">
        <ele>3770.800048828125</ele>
        <time>2017-09-03T21:58:05.000Z</time>
        <extensions>
          <ns3:TrackPointExtension>
            <ns3:atemp>29.0</ns3:atemp>
            <ns3:cad>0</ns3:cad>
          </ns3:TrackPointExtension>
        </extensions>
      </trkpt>
      <trkpt lat="43.24888908304274082183837890625" lon="-109.6794133074581623077392578125">
        <ele>3769.800048828125</ele>
        <time>2017-09-03T21:58:20.000Z</time>
        <extensions>
          <ns3:TrackPointExtension>
            <ns3:atemp>29.0</ns3:atemp>
            <ns3:cad>0</ns3:cad>
          </ns3:TrackPointExtension>
        </extensions>
      </trkpt>
      <trkpt lat="43.2489226944744586944580078125" lon="-109.67943484894931316375732421875">
        <ele>3768.60009765625</ele>
        <time>2017-09-03T21:58:27.000Z</time>
        <extensions>
          <ns3:TrackPointExtension>
            <ns3:atemp>30.0</ns3:atemp>
            <ns3:cad>0</ns3:cad>
          </ns3:TrackPointExtension>
        </extensions>
      </trkpt>
      <trkpt lat="43.24895177967846393585205078125" lon="-109.67945848591625690460205078125">
        <ele>3767.199951171875</ele>
        <time>2017-09-03T21:58:36.000Z</time>
        <extensions>
          <ns3:TrackPointExtension>
            <ns3:atemp>30.0</ns3:atemp>
            <ns3:cad>0</ns3:cad>
          </ns3:TrackPointExtension>
        </extensions>
      </trkpt>
      <trkpt lat="43.24895094148814678192138671875" lon="-109.679469130933284759521484375">
        <ele>3766.199951171875</ele>
        <time>2017-09-03T21:58:46.000Z</time>
        <extensions>
          <ns3:TrackPointExtension>
            <ns3:atemp>30.0</ns3:atemp>
            <ns3:cad>0</ns3:cad>
          </ns3:TrackPointExtension>
        </extensions>
      </trkpt>
      <trkpt lat="43.249004669487476348876953125" lon="-109.679477177560329437255859375">
        <ele>3765.199951171875</ele>
        <time>2017-09-03T21:58:57.000Z</time>
        <extensions>
          <ns3:TrackPointExtension>
            <ns3:atemp>30.0</ns3:atemp>
            <ns3:cad>61</ns3:cad>
          </ns3:TrackPointExtension>
        </extensions>
      </trkpt>
      <trkpt lat="43.24904180131852626800537109375" lon="-109.6795557998120784759521484375">
        <ele>3764</ele>
        <time>2017-09-03T21:59:04.000Z</time>
        <extensions>
          <ns3:TrackPointExtension>
            <ns3:atemp>30.0</ns3:atemp>
            <ns3:cad>61</ns3:cad>
          </ns3:TrackPointExtension>
        </extensions>
      </trkpt>
      <trkpt lat="43.249089829623699188232421875" lon="-109.67958287335932254791259765625">
        <ele>3762.800048828125</ele>
        <time>2017-09-03T21:59:12.000Z</time>
        <extensions>
          <ns3:TrackPointExtension>
            <ns3:atemp>30.0</ns3:atemp>
            <ns3:cad>0</ns3:cad>
          </ns3:TrackPointExtension>
        </extensions>
      </trkpt>
      <trkpt lat="43.24910198338329792022705078125" lon="-109.67961740680038928985595703125">
        <ele>3762</ele>
        <time>2017-09-03T21:59:16.000Z</time>
        <extensions>
          <ns3:TrackPointExtension>
            <ns3:atemp>30.0</ns3:atemp>
            <ns3:cad>0</ns3:cad>
          </ns3:TrackPointExtension>
        </extensions>
      </trkpt>
      <trkpt lat="43.24910265393555164337158203125" lon="-109.6796369366347789764404296875">
        <ele>3762</ele>
        <time>2017-09-03T21:59:18.000Z</time>
        <extensions>
          <ns3:TrackPointExtension>
            <ns3:atemp>30.0</ns3:atemp>
            <ns3:cad>0</ns3:cad>
          </ns3:TrackPointExtension>
        </extensions>
      </trkpt>
      <trkpt lat="43.24909879826009273529052734375" lon="-109.67968647368252277374267578125">
        <ele>3761.800048828125</ele>
        <time>2017-09-03T21:59:23.000Z</time>
        <extensions>
          <ns3:TrackPointExtension>
            <ns3:atemp>30.0</ns3:atemp>
            <ns3:cad>0</ns3:cad>
          </ns3:TrackPointExtension>
        </extensions>
      </trkpt>
      <trkpt lat="43.24909812770783901214599609375" lon="-109.67969317920506000518798828125">
        <ele>3761.800048828125</ele>
        <time>2017-09-03T21:59:24.000Z</time>
        <extensions>
          <ns3:TrackPointExtension>
            <ns3:atemp>30.0</ns3:atemp>
            <ns3:cad>0</ns3:cad>
          </ns3:TrackPointExtension>
        </extensions>
      </trkpt>
      <trkpt lat="43.24909192509949207305908203125" lon="-109.67979778535664081573486328125">
        <ele>3760.800048828125</ele>
        <time>2017-09-03T21:59:40.000Z</time>
        <extensions>
          <ns3:TrackPointExtension>
            <ns3:atemp>30.0</ns3:atemp>
            <ns3:cad>61</ns3:cad>
          </ns3:TrackPointExtension>
        </extensions>
      </trkpt>
      <trkpt lat="43.24910198338329792022705078125" lon="-109.6798324026167392730712890625">
        <ele>3759.60009765625</ele>
        <time>2017-09-03T21:59:45.000Z</time>
        <extensions>
          <ns3:TrackPointExtension>
            <ns3:atemp>30.0</ns3:atemp>
            <ns3:cad>0</ns3:cad>
          </ns3:TrackPointExtension>
        </extensions>
      </trkpt>
      <trkpt lat="43.2491097785532474517822265625" lon="-109.67988244257867336273193359375">
        <ele>3758.60009765625</ele>
        <time>2017-09-03T21:59:53.000Z</time>
        <extensions>
          <ns3:TrackPointExtension>
            <ns3:atemp>30.0</ns3:atemp>
            <ns3:cad>0</ns3:cad>
          </ns3:TrackPointExtension>
        </extensions>
      </trkpt>
      <trkpt lat="43.24911673553287982940673828125" lon="-109.67992451973259449005126953125">
        <ele>3757.39990234375</ele>
        <time>2017-09-03T22:00:00.000Z</time>
        <extensions>
          <ns3:TrackPointExtension>
            <ns3:atemp>30.0</ns3:atemp>
            <ns3:cad>0</ns3:cad>
          </ns3:TrackPointExtension>
        </extensions>
      </trkpt>
      <trkpt lat="43.24912880547344684600830078125" lon="-109.67996475286781787872314453125">
        <ele>3756.39990234375</ele>
        <time>2017-09-03T22:00:09.000Z</time>
        <extensions>
          <ns3:TrackPointExtension>
            <ns3:atemp>30.0</ns3:atemp>
            <ns3:cad>0</ns3:cad>
          </ns3:TrackPointExtension>
        </extensions>
      </trkpt>
      <trkpt lat="43.24914724566042423248291015625" lon="-109.6799779124557971954345703125">
        <ele>3755</ele>
        <time>2017-09-03T22:00:13.000Z</time>
        <extensions>
          <ns3:TrackPointExtension>
            <ns3:atemp>30.0</ns3:atemp>
            <ns3:cad>0</ns3:cad>
          </ns3:TrackPointExtension>
        </extensions>
      </trkpt>
      <trkpt lat="43.24915512464940547943115234375" lon="-109.6799893118441104888916015625">
        <ele>3754</ele>
        <time>2017-09-03T22:00:22.000Z</time>
        <extensions>
          <ns3:TrackPointExtension>
            <ns3:atemp>30.0</ns3:atemp>
            <ns3:cad>61</ns3:cad>
          </ns3:TrackPointExtension>
        </extensions>
      </trkpt>
      <trkpt lat="43.24918898753821849822998046875" lon="-109.68005393631756305694580078125">
        <ele>3752.800048828125</ele>
        <time>2017-09-03T22:00:40.000Z</time>
        <extensions>
          <ns3:TrackPointExtension>
            <ns3:atemp>30.0</ns3:atemp>
            <ns3:cad>61</ns3:cad>
          </ns3:TrackPointExtension>
        </extensions>
      </trkpt>
      <trkpt lat="43.24922486208379268646240234375" lon="-109.68008461408317089080810546875">
        <ele>3751.800048828125</ele>
        <time>2017-09-03T22:00:47.000Z</time>
        <extensions>
          <ns3:TrackPointExtension>
            <ns3:atemp>30.0</ns3:atemp>
            <ns3:cad>61</ns3:cad>
          </ns3:TrackPointExtension>
        </extensions>
      </trkpt>
      <trkpt lat="43.2492686994373798370361328125" lon="-109.6800771541893482208251953125">
        <ele>3750.60009765625</ele>
        <time>2017-09-03T22:00:53.000Z</time>
        <extensions>
          <ns3:TrackPointExtension>
            <ns3:atemp>30.0</ns3:atemp>
            <ns3:cad>61</ns3:cad>
          </ns3:TrackPointExtension>
        </extensions>
      </trkpt>
      <trkpt lat="43.24929208494722843170166015625" lon="-109.68007405288517475128173828125">
        <ele>3749.39990234375</ele>
        <time>2017-09-03T22:00:57.000Z</time>
        <extensions>
          <ns3:TrackPointExtension>
            <ns3:atemp>30.0</ns3:atemp>
            <ns3:cad>0</ns3:cad>
          </ns3:TrackPointExtension>
        </extensions>
      </trkpt>
      <trkpt lat="43.24934698641300201416015625" lon="-109.680141024291515350341796875">
        <ele>3748.199951171875</ele>
        <time>2017-09-03T22:01:15.000Z</time>
        <extensions>
          <ns3:TrackPointExtension>
            <ns3:atemp>30.0</ns3:atemp>
            <ns3:cad>61</ns3:cad>
          </ns3:TrackPointExtension>
        </extensions>
      </trkpt>
      <trkpt lat="43.2493548654019832611083984375" lon="-109.6802233345806598663330078125">
        <ele>3747</ele>
        <time>2017-09-03T22:01:32.000Z</time>
        <extensions>
          <ns3:TrackPointExtension>
            <ns3:atemp>30.0</ns3:atemp>
            <ns3:cad>0</ns3:cad>
          </ns3:TrackPointExtension>
        </extensions>
      </trkpt>
      <trkpt lat="43.249352686107158660888671875" lon="-109.68022375367581844329833984375">
        <ele>3745.800048828125</ele>
        <time>2017-09-03T22:01:34.000Z</time>
        <extensions>
          <ns3:TrackPointExtension>
            <ns3:atemp>30.0</ns3:atemp>
            <ns3:cad>0</ns3:cad>
          </ns3:TrackPointExtension>
        </extensions>
      </trkpt>
      <trkpt lat="43.24937087483704090118408203125" lon="-109.68026432208716869354248046875">
        <ele>3744.60009765625</ele>
        <time>2017-09-03T22:02:03.000Z</time>
        <extensions>
          <ns3:TrackPointExtension>
            <ns3:atemp>30.0</ns3:atemp>
            <ns3:cad>61</ns3:cad>
          </ns3:TrackPointExtension>
        </extensions>
      </trkpt>
      <trkpt lat="43.24941110797226428985595703125" lon="-109.6802977658808231353759765625">
        <ele>3743.39990234375</ele>
        <time>2017-09-03T22:02:12.000Z</time>
        <extensions>
          <ns3:TrackPointExtension>
            <ns3:atemp>30.0</ns3:atemp>
            <ns3:cad>61</ns3:cad>
          </ns3:TrackPointExtension>
        </extensions>
      </trkpt>
      <trkpt lat="43.24945620261132717132568359375" lon="-109.68030941672623157501220703125">
        <ele>3742.39990234375</ele>
        <time>2017-09-03T22:02:18.000Z</time>
        <extensions>
          <ns3:TrackPointExtension>
            <ns3:atemp>30.0</ns3:atemp>
            <ns3:cad>61</ns3:cad>
          </ns3:TrackPointExtension>
        </extensions>
      </trkpt>
      <trkpt lat="43.24947263114154338836669921875" lon="-109.68030170537531375885009765625">
        <ele>3742</ele>
        <time>2017-09-03T22:02:20.000Z</time>
        <extensions>
          <ns3:TrackPointExtension>
            <ns3:atemp>30.0</ns3:atemp>
            <ns3:cad>62</ns3:cad>
          </ns3:TrackPointExtension>
        </extensions>
      </trkpt>
      <trkpt lat="43.2494869641959667205810546875" lon="-109.68030086718499660491943359375">
        <ele>3741.199951171875</ele>
        <time>2017-09-03T22:02:23.000Z</time>
        <extensions>
          <ns3:TrackPointExtension>
            <ns3:atemp>30.0</ns3:atemp>
            <ns3:cad>0</ns3:cad>
          </ns3:TrackPointExtension>
        </extensions>
      </trkpt>
      <trkpt lat="43.2495380938053131103515625" lon="-109.68037513084709644317626953125">
        <ele>3740.199951171875</ele>
        <time>2017-09-03T22:03:11.000Z</time>
        <extensions>
          <ns3:TrackPointExtension>
            <ns3:atemp>30.0</ns3:atemp>
            <ns3:cad>0</ns3:cad>
          </ns3:TrackPointExtension>
        </extensions>
      </trkpt>
      <trkpt lat="43.2495583780109882354736328125" lon="-109.68040413223206996917724609375">
        <ele>3738.800048828125</ele>
        <time>2017-09-03T22:03:16.000Z</time>
        <extensions>
          <ns3:TrackPointExtension>
            <ns3:atemp>30.0</ns3:atemp>
            <ns3:cad>62</ns3:cad>
          </ns3:TrackPointExtension>
        </extensions>
      </trkpt>
      <trkpt lat="43.2496244274079799652099609375" lon="-109.6804975904524326324462890625">
        <ele>3737.800048828125</ele>
        <time>2017-09-03T22:03:32.000Z</time>
        <extensions>
          <ns3:TrackPointExtension>
            <ns3:atemp>30.0</ns3:atemp>
            <ns3:cad>72</ns3:cad>
          </ns3:TrackPointExtension>
        </extensions>
      </trkpt>
      <trkpt lat="43.2496294565498828887939453125" lon="-109.680503122508525848388671875">
        <ele>3737.60009765625</ele>
        <time>2017-09-03T22:03:33.000Z</time>
        <extensions>
          <ns3:TrackPointExtension>
            <ns3:atemp>30.0</ns3:atemp>
            <ns3:cad>0</ns3:cad>
          </ns3:TrackPointExtension>
        </extensions>
      </trkpt>
      <trkpt lat="43.249652087688446044921875" lon="-109.6805767156183719635009765625">
        <ele>3737.60009765625</ele>
        <time>2017-09-03T22:03:41.000Z</time>
        <extensions>
          <ns3:TrackPointExtension>
            <ns3:atemp>30.0</ns3:atemp>
            <ns3:cad>61</ns3:cad>
          </ns3:TrackPointExtension>
        </extensions>
      </trkpt>
      <trkpt lat="43.24966507963836193084716796875" lon="-109.680633880198001861572265625">
        <ele>3737.39990234375</ele>
        <time>2017-09-03T22:03:48.000Z</time>
        <extensions>
          <ns3:TrackPointExtension>
            <ns3:atemp>30.0</ns3:atemp>
            <ns3:cad>61</ns3:cad>
          </ns3:TrackPointExtension>
        </extensions>
      </trkpt>
      <trkpt lat="43.2496763952076435089111328125" lon="-109.680640585720539093017578125">
        <ele>3737.199951171875</ele>
        <time>2017-09-03T22:03:50.000Z</time>
        <extensions>
          <ns3:TrackPointExtension>
            <ns3:atemp>30.0</ns3:atemp>
            <ns3:cad>61</ns3:cad>
          </ns3:TrackPointExtension>
        </extensions>
      </trkpt>
      <trkpt lat="43.24969030916690826416015625" lon="-109.6807088144123554229736328125">
        <ele>3736.60009765625</ele>
        <time>2017-09-03T22:03:58.000Z</time>
        <extensions>
          <ns3:TrackPointExtension>
            <ns3:atemp>30.0</ns3:atemp>
            <ns3:cad>45</ns3:cad>
          </ns3:TrackPointExtension>
        </extensions>
      </trkpt>
      <trkpt lat="43.24971755035221576690673828125" lon="-109.68077796511352062225341796875">
        <ele>3735.800048828125</ele>
        <time>2017-09-03T22:04:08.000Z</time>
        <extensions>
          <ns3:TrackPointExtension>
            <ns3:atemp>31.0</ns3:atemp>
            <ns3:cad>0</ns3:cad>
          </ns3:TrackPointExtension>
        </extensions>
      </trkpt>
      <trkpt lat="43.249719478189945220947265625" lon="-109.6807785518467426300048828125">
        <ele>3735.60009765625</ele>
        <time>2017-09-03T22:04:12.000Z</time>
        <extensions>
          <ns3:TrackPointExtension>
            <ns3:atemp>31.0</ns3:atemp>
            <ns3:cad>0</ns3:cad>
          </ns3:TrackPointExtension>
        </extensions>
      </trkpt>
      <trkpt lat="43.24976566247642040252685546875" lon="-109.6807448565959930419921875">
        <ele>3735</ele>
        <time>2017-09-03T22:04:56.000Z</time>
        <extensions>
          <ns3:TrackPointExtension>
            <ns3:atemp>31.0</ns3:atemp>
            <ns3:cad>61</ns3:cad>
          </ns3:TrackPointExtension>
        </extensions>
      </trkpt>
      <trkpt lat="43.24982919730246067047119140625" lon="-109.6807342953979969024658203125">
        <ele>3734.39990234375</ele>
        <time>2017-09-03T22:05:02.000Z</time>
        <extensions>
          <ns3:TrackPointExtension>
            <ns3:atemp>31.0</ns3:atemp>
            <ns3:cad>0</ns3:cad>
          </ns3:TrackPointExtension>
        </extensions>
      </trkpt>
      <trkpt lat="43.2498923130333423614501953125" lon="-109.680755250155925750732421875">
        <ele>3734.199951171875</ele>
        <time>2017-09-03T22:05:09.000Z</time>
        <extensions>
          <ns3:TrackPointExtension>
            <ns3:atemp>31.0</ns3:atemp>
            <ns3:cad>0</ns3:cad>
          </ns3:TrackPointExtension>
        </extensions>
      </trkpt>
      <trkpt lat="43.24991972185671329498291015625" lon="-109.6807594411075115203857421875">
        <ele>3734</ele>
        <time>2017-09-03T22:05:12.000Z</time>
        <extensions>
          <ns3:TrackPointExtension>
            <ns3:atemp>31.0</ns3:atemp>
            <ns3:cad>0</ns3:cad>
          </ns3:TrackPointExtension>
        </extensions>
      </trkpt>
      <trkpt lat="43.249933384358882904052734375" lon="-109.6807609498500823974609375">
        <ele>3733.800048828125</ele>
        <time>2017-09-03T22:05:14.000Z</time>
        <extensions>
          <ns3:TrackPointExtension>
            <ns3:atemp>31.0</ns3:atemp>
            <ns3:cad>0</ns3:cad>
          </ns3:TrackPointExtension>
        </extensions>
      </trkpt>
      <trkpt lat="43.24997269548475742340087890625" lon="-109.68075089156627655029296875">
        <ele>3733.39990234375</ele>
        <time>2017-09-03T22:05:35.000Z</time>
        <extensions>
          <ns3:TrackPointExtension>
            <ns3:atemp>31.0</ns3:atemp>
            <ns3:cad>61</ns3:cad>
          </ns3:TrackPointExtension>
        </extensions>
      </trkpt>
      <trkpt lat="43.25005483813583850860595703125" lon="-109.6807329542934894561767578125">
        <ele>3732.39990234375</ele>
        <time>2017-09-03T22:05:55.000Z</time>
        <extensions>
          <ns3:TrackPointExtension>
            <ns3:atemp>31.0</ns3:atemp>
            <ns3:cad>0</ns3:cad>
          </ns3:TrackPointExtension>
        </extensions>
      </trkpt>
      <trkpt lat="43.25006355531513690948486328125" lon="-109.68072968535125255584716796875">
        <ele>3732</ele>
        <time>2017-09-03T22:07:07.000Z</time>
        <extensions>
          <ns3:TrackPointExtension>
            <ns3:atemp>31.0</ns3:atemp>
            <ns3:cad>61</ns3:cad>
          </ns3:TrackPointExtension>
        </extensions>
      </trkpt>
      <trkpt lat="43.2500150240957736968994140625" lon="-109.68070797622203826904296875">
        <ele>3732.800048828125</ele>
        <time>2017-09-03T22:07:13.000Z</time>
        <extensions>
          <ns3:TrackPointExtension>
            <ns3:atemp>31.0</ns3:atemp>
            <ns3:cad>61</ns3:cad>
          </ns3:TrackPointExtension>
        </extensions>
      </trkpt>
      <trkpt lat="43.24998644180595874786376953125" lon="-109.6806940622627735137939453125">
        <ele>3733.199951171875</ele>
        <time>2017-09-03T22:07:16.000Z</time>
        <extensions>
          <ns3:TrackPointExtension>
            <ns3:atemp>31.0</ns3:atemp>
            <ns3:cad>61</ns3:cad>
          </ns3:TrackPointExtension>
        </extensions>
      </trkpt>
      <trkpt lat="43.249968253076076507568359375" lon="-109.68069179914891719818115234375">
        <ele>3733.199951171875</ele>
        <time>2017-09-03T22:07:18.000Z</time>
        <extensions>
          <ns3:TrackPointExtension>
            <ns3:atemp>31.0</ns3:atemp>
            <ns3:cad>61</ns3:cad>
          </ns3:TrackPointExtension>
        </extensions>
      </trkpt>
      <trkpt lat="43.24995584785938262939453125" lon="-109.68068643473088741302490234375">
        <ele>3733.39990234375</ele>
        <time>2017-09-03T22:07:20.000Z</time>
        <extensions>
          <ns3:TrackPointExtension>
            <ns3:atemp>31.0</ns3:atemp>
            <ns3:cad>61</ns3:cad>
          </ns3:TrackPointExtension>
        </extensions>
      </trkpt>
      <trkpt lat="43.2499493099749088287353515625" lon="-109.6806625463068485260009765625">
        <ele>3733.60009765625</ele>
        <time>2017-09-03T22:07:23.000Z</time>
        <extensions>
          <ns3:TrackPointExtension>
            <ns3:atemp>31.0</ns3:atemp>
            <ns3:cad>61</ns3:cad>
          </ns3:TrackPointExtension>
        </extensions>
      </trkpt>
      <trkpt lat="43.2499265111982822418212890625" lon="-109.68064502812922000885009765625">
        <ele>3734</ele>
        <time>2017-09-03T22:07:26.000Z</time>
        <extensions>
          <ns3:TrackPointExtension>
            <ns3:atemp>31.0</ns3:atemp>
            <ns3:cad>61</ns3:cad>
          </ns3:TrackPointExtension>
        </extensions>
      </trkpt>
      <trkpt lat="43.24990815483033657073974609375" lon="-109.680641926825046539306640625">
        <ele>3734.39990234375</ele>
        <time>2017-09-03T22:07:28.000Z</time>
        <extensions>
          <ns3:TrackPointExtension>
            <ns3:atemp>31.0</ns3:atemp>
            <ns3:cad>61</ns3:cad>
          </ns3:TrackPointExtension>
        </extensions>
      </trkpt>
      <trkpt lat="43.249897174537181854248046875" lon="-109.68064083717763423919677734375">
        <ele>3734.60009765625</ele>
        <time>2017-09-03T22:07:29.000Z</time>
        <extensions>
          <ns3:TrackPointExtension>
            <ns3:atemp>31.0</ns3:atemp>
            <ns3:cad>61</ns3:cad>
          </ns3:TrackPointExtension>
        </extensions>
      </trkpt>
      <trkpt lat="43.24988720007240772247314453125" lon="-109.6806451119482517242431640625">
        <ele>3734.60009765625</ele>
        <time>2017-09-03T22:07:30.000Z</time>
        <extensions>
          <ns3:TrackPointExtension>
            <ns3:atemp>31.0</ns3:atemp>
            <ns3:cad>61</ns3:cad>
          </ns3:TrackPointExtension>
        </extensions>
      </trkpt>
      <trkpt lat="43.25030461885035037994384765625" lon="-109.680362977087497711181640625">
        <ele>3728.60009765625</ele>
        <time>2017-09-03T22:12:05.000Z</time>
        <extensions>
          <ns3:TrackPointExtension>
            <ns3:atemp>30.0</ns3:atemp>
            <ns3:cad>0</ns3:cad>
          </ns3:TrackPointExtension>
        </extensions>
      </trkpt>
      <trkpt lat="43.25030059553682804107666015625" lon="-109.6803949959576129913330078125">
        <ele>3727.60009765625</ele>
        <time>2017-09-03T22:12:10.000Z</time>
        <extensions>
          <ns3:TrackPointExtension>
            <ns3:atemp>30.0</ns3:atemp>
            <ns3:cad>45</ns3:cad>
          </ns3:TrackPointExtension>
        </extensions>
      </trkpt>
      <trkpt lat="43.25028466992080211639404296875" lon="-109.680458195507526397705078125">
        <ele>3727.199951171875</ele>
        <time>2017-09-03T22:12:15.000Z</time>
        <extensions>
          <ns3:TrackPointExtension>
            <ns3:atemp>30.0</ns3:atemp>
            <ns3:cad>0</ns3:cad>
          </ns3:TrackPointExtension>
        </extensions>
      </trkpt>
      <trkpt lat="43.25028835795819759368896484375" lon="-109.68048535287380218505859375">
        <ele>3727</ele>
        <time>2017-09-03T22:12:18.000Z</time>
        <extensions>
          <ns3:TrackPointExtension>
            <ns3:atemp>30.0</ns3:atemp>
            <ns3:cad>0</ns3:cad>
          </ns3:TrackPointExtension>
        </extensions>
      </trkpt>
      <trkpt lat="43.25023504905402660369873046875" lon="-109.68058283440768718719482421875">
        <ele>3726.39990234375</ele>
        <time>2017-09-03T22:12:36.000Z</time>
        <extensions>
          <ns3:TrackPointExtension>
            <ns3:atemp>30.0</ns3:atemp>
            <ns3:cad>61</ns3:cad>
          </ns3:TrackPointExtension>
        </extensions>
      </trkpt>
      <trkpt lat="43.2502517290413379669189453125" lon="-109.680601693689823150634765625">
        <ele>3725.39990234375</ele>
        <time>2017-09-03T22:12:41.000Z</time>
        <extensions>
          <ns3:TrackPointExtension>
            <ns3:atemp>30.0</ns3:atemp>
            <ns3:cad>0</ns3:cad>
          </ns3:TrackPointExtension>
        </extensions>
      </trkpt>
      <trkpt lat="43.250263631343841552734375" lon="-109.68060563318431377410888671875">
        <ele>3724.199951171875</ele>
        <time>2017-09-03T22:12:44.000Z</time>
        <extensions>
          <ns3:TrackPointExtension>
            <ns3:atemp>30.0</ns3:atemp>
            <ns3:cad>0</ns3:cad>
          </ns3:TrackPointExtension>
        </extensions>
      </trkpt>
      <trkpt lat="43.25029850006103515625" lon="-109.6806434355676174163818359375">
        <ele>3723.199951171875</ele>
        <time>2017-09-03T22:12:51.000Z</time>
        <extensions>
          <ns3:TrackPointExtension>
            <ns3:atemp>30.0</ns3:atemp>
            <ns3:cad>0</ns3:cad>
          </ns3:TrackPointExtension>
        </extensions>
      </trkpt>
      <trkpt lat="43.2502671517431735992431640625" lon="-109.68070537783205509185791015625">
        <ele>3722.199951171875</ele>
        <time>2017-09-03T22:13:03.000Z</time>
        <extensions>
          <ns3:TrackPointExtension>
            <ns3:atemp>30.0</ns3:atemp>
            <ns3:cad>0</ns3:cad>
          </ns3:TrackPointExtension>
        </extensions>
      </trkpt>
      <trkpt lat="43.25031400658190250396728515625" lon="-109.680817611515522003173828125">
        <ele>3721</ele>
        <time>2017-09-03T22:13:22.000Z</time>
        <extensions>
          <ns3:TrackPointExtension>
            <ns3:atemp>30.0</ns3:atemp>
            <ns3:cad>0</ns3:cad>
          </ns3:TrackPointExtension>
        </extensions>
      </trkpt>
      <trkpt lat="43.2503105700016021728515625" lon="-109.6808519773185253143310546875">
        <ele>3719.800048828125</ele>
        <time>2017-09-03T22:13:27.000Z</time>
        <extensions>
          <ns3:TrackPointExtension>
            <ns3:atemp>30.0</ns3:atemp>
            <ns3:cad>0</ns3:cad>
          </ns3:TrackPointExtension>
        </extensions>
      </trkpt>
      <trkpt lat="43.25031719170510768890380859375" lon="-109.68086614273488521575927734375">
        <ele>3718.800048828125</ele>
        <time>2017-09-03T22:13:31.000Z</time>
        <extensions>
          <ns3:TrackPointExtension>
            <ns3:atemp>30.0</ns3:atemp>
            <ns3:cad>0</ns3:cad>
          </ns3:TrackPointExtension>
        </extensions>
      </trkpt>
      <trkpt lat="43.2503536529839038848876953125" lon="-109.68084518797695636749267578125">
        <ele>3717.60009765625</ele>
        <time>2017-09-03T22:13:39.000Z</time>
        <extensions>
          <ns3:TrackPointExtension>
            <ns3:atemp>30.0</ns3:atemp>
            <ns3:cad>0</ns3:cad>
          </ns3:TrackPointExtension>
        </extensions>
      </trkpt>
      <trkpt lat="43.25038542039692401885986328125" lon="-109.680847115814685821533203125">
        <ele>3716.60009765625</ele>
        <time>2017-09-03T22:13:46.000Z</time>
        <extensions>
          <ns3:TrackPointExtension>
            <ns3:atemp>30.0</ns3:atemp>
            <ns3:cad>41</ns3:cad>
          </ns3:TrackPointExtension>
        </extensions>
      </trkpt>
      <trkpt lat="43.2504626177251338958740234375" lon="-109.6809017658233642578125">
        <ele>3716</ele>
        <time>2017-09-03T22:13:59.000Z</time>
        <extensions>
          <ns3:TrackPointExtension>
            <ns3:atemp>30.0</ns3:atemp>
            <ns3:cad>61</ns3:cad>
          </ns3:TrackPointExtension>
        </extensions>
      </trkpt>
      <trkpt lat="43.2505249790847301483154296875" lon="-109.6809674799442291259765625">
        <ele>3715.39990234375</ele>
        <time>2017-09-03T22:14:12.000Z</time>
        <extensions>
          <ns3:TrackPointExtension>
            <ns3:atemp>30.0</ns3:atemp>
            <ns3:cad>61</ns3:cad>
          </ns3:TrackPointExtension>
        </extensions>
      </trkpt>
      <trkpt lat="43.250580132007598876953125" lon="-109.6810011751949787139892578125">
        <ele>3714.39990234375</ele>
        <time>2017-09-03T22:14:24.000Z</time>
        <extensions>
          <ns3:TrackPointExtension>
            <ns3:atemp>30.0</ns3:atemp>
            <ns3:cad>0</ns3:cad>
          </ns3:TrackPointExtension>
        </extensions>
      </trkpt>
      <trkpt lat="43.2505826465785503387451171875" lon="-109.6809941343963146209716796875">
        <ele>3713.39990234375</ele>
        <time>2017-09-03T22:14:38.000Z</time>
        <extensions>
          <ns3:TrackPointExtension>
            <ns3:atemp>30.0</ns3:atemp>
            <ns3:cad>0</ns3:cad>
          </ns3:TrackPointExtension>
        </extensions>
      </trkpt>
      <trkpt lat="43.25059999711811542510986328125" lon="-109.68095197342336177825927734375">
        <ele>3712.39990234375</ele>
        <time>2017-09-03T22:14:52.000Z</time>
        <extensions>
          <ns3:TrackPointExtension>
            <ns3:atemp>30.0</ns3:atemp>
            <ns3:cad>61</ns3:cad>
          </ns3:TrackPointExtension>
        </extensions>
      </trkpt>
      <trkpt lat="43.2506359554827213287353515625" lon="-109.6809626184403896331787109375">
        <ele>3711.199951171875</ele>
        <time>2017-09-03T22:15:03.000Z</time>
        <extensions>
          <ns3:TrackPointExtension>
            <ns3:atemp>30.0</ns3:atemp>
            <ns3:cad>0</ns3:cad>
          </ns3:TrackPointExtension>
        </extensions>
      </trkpt>
      <trkpt lat="43.250660598278045654296875" lon="-109.6809596009552478790283203125">
        <ele>3710.199951171875</ele>
        <time>2017-09-03T22:15:16.000Z</time>
        <extensions>
          <ns3:TrackPointExtension>
            <ns3:atemp>30.0</ns3:atemp>
            <ns3:cad>0</ns3:cad>
          </ns3:TrackPointExtension>
        </extensions>
      </trkpt>
      <trkpt lat="43.25070762075483798980712890625" lon="-109.6809968166053295135498046875">
        <ele>3709</ele>
        <time>2017-09-03T22:15:27.000Z</time>
        <extensions>
          <ns3:TrackPointExtension>
            <ns3:atemp>30.0</ns3:atemp>
            <ns3:cad>0</ns3:cad>
          </ns3:TrackPointExtension>
        </extensions>
      </trkpt>
      <trkpt lat="43.25075439177453517913818359375" lon="-109.68099807389080524444580078125">
        <ele>3708</ele>
        <time>2017-09-03T22:15:38.000Z</time>
        <extensions>
          <ns3:TrackPointExtension>
            <ns3:atemp>30.0</ns3:atemp>
            <ns3:cad>0</ns3:cad>
          </ns3:TrackPointExtension>
        </extensions>
      </trkpt>
      <trkpt lat="43.25078607536852359771728515625" lon="-109.681000672280788421630859375">
        <ele>3707</ele>
        <time>2017-09-03T22:15:44.000Z</time>
        <extensions>
          <ns3:TrackPointExtension>
            <ns3:atemp>30.0</ns3:atemp>
            <ns3:cad>61</ns3:cad>
          </ns3:TrackPointExtension>
        </extensions>
      </trkpt>
      <trkpt lat="43.250806443393230438232421875" lon="-109.68099673278629779815673828125">
        <ele>3705.800048828125</ele>
        <time>2017-09-03T22:15:50.000Z</time>
        <extensions>
          <ns3:TrackPointExtension>
            <ns3:atemp>30.0</ns3:atemp>
            <ns3:cad>0</ns3:cad>
          </ns3:TrackPointExtension>
        </extensions>
      </trkpt>
      <trkpt lat="43.2508290745317935943603515625" lon="-109.6809901110827922821044921875">
        <ele>3704.800048828125</ele>
        <time>2017-09-03T22:15:56.000Z</time>
        <extensions>
          <ns3:TrackPointExtension>
            <ns3:atemp>30.0</ns3:atemp>
            <ns3:cad>0</ns3:cad>
          </ns3:TrackPointExtension>
        </extensions>
      </trkpt>
      <trkpt lat="43.2508512027561664581298828125" lon="-109.68097510747611522674560546875">
        <ele>3703.60009765625</ele>
        <time>2017-09-03T22:16:03.000Z</time>
        <extensions>
          <ns3:TrackPointExtension>
            <ns3:atemp>30.0</ns3:atemp>
            <ns3:cad>0</ns3:cad>
          </ns3:TrackPointExtension>
        </extensions>
      </trkpt>
      <trkpt lat="43.25087408535182476043701171875" lon="-109.68097628094255924224853515625">
        <ele>3702.60009765625</ele>
        <time>2017-09-03T22:16:08.000Z</time>
        <extensions>
          <ns3:TrackPointExtension>
            <ns3:atemp>30.0</ns3:atemp>
            <ns3:cad>0</ns3:cad>
          </ns3:TrackPointExtension>
        </extensions>
      </trkpt>
      <trkpt lat="43.25090107508003711700439453125" lon="-109.68097493983805179595947265625">
        <ele>3701.39990234375</ele>
        <time>2017-09-03T22:16:18.000Z</time>
        <extensions>
          <ns3:TrackPointExtension>
            <ns3:atemp>30.0</ns3:atemp>
            <ns3:cad>61</ns3:cad>
          </ns3:TrackPointExtension>
        </extensions>
      </trkpt>
      <trkpt lat="43.250933177769184112548828125" lon="-109.680951051414012908935546875">
        <ele>3700.60009765625</ele>
        <time>2017-09-03T22:16:23.000Z</time>
        <extensions>
          <ns3:TrackPointExtension>
            <ns3:atemp>30.0</ns3:atemp>
            <ns3:cad>61</ns3:cad>
          </ns3:TrackPointExtension>
        </extensions>
      </trkpt>
      <trkpt lat="43.2509467564523220062255859375" lon="-109.680955074727535247802734375">
        <ele>3700.39990234375</ele>
        <time>2017-09-03T22:16:25.000Z</time>
        <extensions>
          <ns3:TrackPointExtension>
            <ns3:atemp>30.0</ns3:atemp>
            <ns3:cad>61</ns3:cad>
          </ns3:TrackPointExtension>
        </extensions>
      </trkpt>
      <trkpt lat="43.25096544809639453887939453125" lon="-109.6809562481939792633056640625">
        <ele>3699.39990234375</ele>
        <time>2017-09-03T22:16:29.000Z</time>
        <extensions>
          <ns3:TrackPointExtension>
            <ns3:atemp>30.0</ns3:atemp>
            <ns3:cad>0</ns3:cad>
          </ns3:TrackPointExtension>
        </extensions>
      </trkpt>
      <trkpt lat="43.25098237954080104827880859375" lon="-109.6809927932918071746826171875">
        <ele>3698.199951171875</ele>
        <time>2017-09-03T22:16:36.000Z</time>
        <extensions>
          <ns3:TrackPointExtension>
            <ns3:atemp>30.0</ns3:atemp>
            <ns3:cad>61</ns3:cad>
          </ns3:TrackPointExtension>
        </extensions>
      </trkpt>
      <trkpt lat="43.2510201819241046905517578125" lon="-109.6810176037251949310302734375">
        <ele>3697.199951171875</ele>
        <time>2017-09-03T22:16:49.000Z</time>
        <extensions>
          <ns3:TrackPointExtension>
            <ns3:atemp>30.0</ns3:atemp>
            <ns3:cad>0</ns3:cad>
          </ns3:TrackPointExtension>
        </extensions>
      </trkpt>
      <trkpt lat="43.25102261267602443695068359375" lon="-109.68101852573454380035400390625">
        <ele>3696.199951171875</ele>
        <time>2017-09-03T22:16:58.000Z</time>
        <extensions>
          <ns3:TrackPointExtension>
            <ns3:atemp>30.0</ns3:atemp>
            <ns3:cad>0</ns3:cad>
          </ns3:TrackPointExtension>
        </extensions>
      </trkpt>
      <trkpt lat="43.25102110393345355987548828125" lon="-109.6810192801058292388916015625">
        <ele>3697.199951171875</ele>
        <time>2017-09-03T22:17:18.000Z</time>
        <extensions>
          <ns3:TrackPointExtension>
            <ns3:atemp>30.0</ns3:atemp>
            <ns3:cad>0</ns3:cad>
          </ns3:TrackPointExtension>
        </extensions>
      </trkpt>
      <trkpt lat="43.25107860378921031951904296875" lon="-109.68093856237828731536865234375">
        <ele>3696.199951171875</ele>
        <time>2017-09-03T22:17:49.000Z</time>
        <extensions>
          <ns3:TrackPointExtension>
            <ns3:atemp>30.0</ns3:atemp>
            <ns3:cad>0</ns3:cad>
          </ns3:TrackPointExtension>
        </extensions>
      </trkpt>
      <trkpt lat="43.25123903341591358184814453125" lon="-109.680903442203998565673828125">
        <ele>3696.199951171875</ele>
        <time>2017-09-03T22:18:29.000Z</time>
        <extensions>
          <ns3:TrackPointExtension>
            <ns3:atemp>30.0</ns3:atemp>
            <ns3:cad>0</ns3:cad>
          </ns3:TrackPointExtension>
        </extensions>
      </trkpt>
      <trkpt lat="43.25125210918486118316650390625" lon="-109.68092230148613452911376953125">
        <ele>3694.60009765625</ele>
        <time>2017-09-03T22:18:32.000Z</time>
        <extensions>
          <ns3:TrackPointExtension>
            <ns3:atemp>30.0</ns3:atemp>
            <ns3:cad>61</ns3:cad>
          </ns3:TrackPointExtension>
        </extensions>
      </trkpt>
      <trkpt lat="43.2512592338025569915771484375" lon="-109.6809290908277034759521484375">
        <ele>3693.60009765625</ele>
        <time>2017-09-03T22:18:33.000Z</time>
        <extensions>
          <ns3:TrackPointExtension>
            <ns3:atemp>30.0</ns3:atemp>
            <ns3:cad>61</ns3:cad>
          </ns3:TrackPointExtension>
        </extensions>
      </trkpt>
      <trkpt lat="43.2512837089598178863525390625" lon="-109.6809428371489048004150390625">
        <ele>3692.39990234375</ele>
        <time>2017-09-03T22:18:48.000Z</time>
        <extensions>
          <ns3:TrackPointExtension>
            <ns3:atemp>30.0</ns3:atemp>
            <ns3:cad>0</ns3:cad>
          </ns3:TrackPointExtension>
        </extensions>
      </trkpt>
      <trkpt lat="43.25127859599888324737548828125" lon="-109.6810018457472324371337890625">
        <ele>3691.39990234375</ele>
        <time>2017-09-03T22:20:11.000Z</time>
        <extensions>
          <ns3:TrackPointExtension>
            <ns3:atemp>31.0</ns3:atemp>
            <ns3:cad>0</ns3:cad>
          </ns3:TrackPointExtension>
        </extensions>
      </trkpt>
      <trkpt lat="43.25125898234546184539794921875" lon="-109.6810340322554111480712890625">
        <ele>3690.60009765625</ele>
        <time>2017-09-03T22:20:17.000Z</time>
        <extensions>
          <ns3:TrackPointExtension>
            <ns3:atemp>31.0</ns3:atemp>
            <ns3:cad>61</ns3:cad>
          </ns3:TrackPointExtension>
        </extensions>
      </trkpt>
      <trkpt lat="43.25125546194612979888916015625" lon="-109.68106160871684551239013671875">
        <ele>3690.39990234375</ele>
        <time>2017-09-03T22:20:19.000Z</time>
        <extensions>
          <ns3:TrackPointExtension>
            <ns3:atemp>31.0</ns3:atemp>
            <ns3:cad>61</ns3:cad>
          </ns3:TrackPointExtension>
        </extensions>
      </trkpt>
      <trkpt lat="43.25127021409571170806884765625" lon="-109.6810792945325374603271484375">
        <ele>3690.39990234375</ele>
        <time>2017-09-03T22:20:22.000Z</time>
        <extensions>
          <ns3:TrackPointExtension>
            <ns3:atemp>31.0</ns3:atemp>
            <ns3:cad>61</ns3:cad>
          </ns3:TrackPointExtension>
        </extensions>
      </trkpt>
      <trkpt lat="43.25129670090973377227783203125" lon="-109.68108348548412322998046875">
        <ele>3689.199951171875</ele>
        <time>2017-09-03T22:20:27.000Z</time>
        <extensions>
          <ns3:TrackPointExtension>
            <ns3:atemp>31.0</ns3:atemp>
            <ns3:cad>0</ns3:cad>
          </ns3:TrackPointExtension>
        </extensions>
      </trkpt>
      <trkpt lat="43.25132871977984905242919921875" lon="-109.6810913644731044769287109375">
        <ele>3688</ele>
        <time>2017-09-03T22:20:33.000Z</time>
        <extensions>
          <ns3:TrackPointExtension>
            <ns3:atemp>31.0</ns3:atemp>
            <ns3:cad>0</ns3:cad>
          </ns3:TrackPointExtension>
        </extensions>
      </trkpt>
      <trkpt lat="43.251354955136775970458984375" lon="-109.68109949491918087005615234375">
        <ele>3687</ele>
        <time>2017-09-03T22:20:39.000Z</time>
        <extensions>
          <ns3:TrackPointExtension>
            <ns3:atemp>31.0</ns3:atemp>
            <ns3:cad>61</ns3:cad>
          </ns3:TrackPointExtension>
        </extensions>
      </trkpt>
      <trkpt lat="43.251371048390865325927734375" lon="-109.68110536225140094757080078125">
        <ele>3686</ele>
        <time>2017-09-03T22:20:43.000Z</time>
        <extensions>
          <ns3:TrackPointExtension>
            <ns3:atemp>31.0</ns3:atemp>
            <ns3:cad>61</ns3:cad>
          </ns3:TrackPointExtension>
        </extensions>
      </trkpt>
      <trkpt lat="43.2514022290706634521484375" lon="-109.68114475719630718231201171875">
        <ele>3685</ele>
        <time>2017-09-03T22:20:55.000Z</time>
        <extensions>
          <ns3:TrackPointExtension>
            <ns3:atemp>31.0</ns3:atemp>
            <ns3:cad>0</ns3:cad>
          </ns3:TrackPointExtension>
        </extensions>
      </trkpt>
      <trkpt lat="43.25140398927032947540283203125" lon="-109.6811433322727680206298828125">
        <ele>3683.800048828125</ele>
        <time>2017-09-03T22:21:00.000Z</time>
        <extensions>
          <ns3:TrackPointExtension>
            <ns3:atemp>31.0</ns3:atemp>
            <ns3:cad>0</ns3:cad>
          </ns3:TrackPointExtension>
        </extensions>
      </trkpt>
      <trkpt lat="43.25146148912608623504638671875" lon="-109.6811445057392120361328125">
        <ele>3682.800048828125</ele>
        <time>2017-09-03T22:21:11.000Z</time>
        <extensions>
          <ns3:TrackPointExtension>
            <ns3:atemp>31.0</ns3:atemp>
            <ns3:cad>61</ns3:cad>
          </ns3:TrackPointExtension>
        </extensions>
      </trkpt>
      <trkpt lat="43.2514853775501251220703125" lon="-109.6811413206160068511962890625">
        <ele>3682.199951171875</ele>
        <time>2017-09-03T22:21:14.000Z</time>
        <extensions>
          <ns3:TrackPointExtension>
            <ns3:atemp>31.0</ns3:atemp>
            <ns3:cad>61</ns3:cad>
          </ns3:TrackPointExtension>
        </extensions>
      </trkpt>
      <trkpt lat="43.25149736367166042327880859375" lon="-109.68113671056926250457763671875">
        <ele>3681.800048828125</ele>
        <time>2017-09-03T22:21:16.000Z</time>
        <extensions>
          <ns3:TrackPointExtension>
            <ns3:atemp>31.0</ns3:atemp>
            <ns3:cad>61</ns3:cad>
          </ns3:TrackPointExtension>
        </extensions>
      </trkpt>
      <trkpt lat="43.25149954296648502349853515625" lon="-109.68113536946475505828857421875">
        <ele>3681.39990234375</ele>
        <time>2017-09-03T22:21:18.000Z</time>
        <extensions>
          <ns3:TrackPointExtension>
            <ns3:atemp>31.0</ns3:atemp>
            <ns3:cad>0</ns3:cad>
          </ns3:TrackPointExtension>
        </extensions>
      </trkpt>
      <trkpt lat="43.25157095678150653839111328125" lon="-109.68111072666943073272705078125">
        <ele>3680.60009765625</ele>
        <time>2017-09-03T22:21:33.000Z</time>
        <extensions>
          <ns3:TrackPointExtension>
            <ns3:atemp>31.0</ns3:atemp>
            <ns3:cad>0</ns3:cad>
          </ns3:TrackPointExtension>
        </extensions>
      </trkpt>
      <trkpt lat="43.2515760697424411773681640625" lon="-109.6811208687722682952880859375">
        <ele>3679.60009765625</ele>
        <time>2017-09-03T22:21:37.000Z</time>
        <extensions>
          <ns3:TrackPointExtension>
            <ns3:atemp>31.0</ns3:atemp>
            <ns3:cad>61</ns3:cad>
          </ns3:TrackPointExtension>
        </extensions>
      </trkpt>
      <trkpt lat="43.25167288072407245635986328125" lon="-109.68119270168244838714599609375">
        <ele>3678.39990234375</ele>
        <time>2017-09-03T22:21:59.000Z</time>
        <extensions>
          <ns3:TrackPointExtension>
            <ns3:atemp>31.0</ns3:atemp>
            <ns3:cad>0</ns3:cad>
          </ns3:TrackPointExtension>
        </extensions>
      </trkpt>
      <trkpt lat="43.25168679468333721160888671875" lon="-109.68120954930782318115234375">
        <ele>3677.39990234375</ele>
        <time>2017-09-03T22:22:05.000Z</time>
        <extensions>
          <ns3:TrackPointExtension>
            <ns3:atemp>31.0</ns3:atemp>
            <ns3:cad>61</ns3:cad>
          </ns3:TrackPointExtension>
        </extensions>
      </trkpt>
      <trkpt lat="43.25170104391872882843017578125" lon="-109.681282304227352142333984375">
        <ele>3676.199951171875</ele>
        <time>2017-09-03T22:22:25.000Z</time>
        <extensions>
          <ns3:TrackPointExtension>
            <ns3:atemp>31.0</ns3:atemp>
            <ns3:cad>0</ns3:cad>
          </ns3:TrackPointExtension>
        </extensions>
      </trkpt>
      <trkpt lat="43.2516957633197307586669921875" lon="-109.68131088651716709136962890625">
        <ele>3675.199951171875</ele>
        <time>2017-09-03T22:23:44.000Z</time>
        <extensions>
          <ns3:TrackPointExtension>
            <ns3:atemp>31.0</ns3:atemp>
            <ns3:cad>0</ns3:cad>
          </ns3:TrackPointExtension>
        </extensions>
      </trkpt>
      <trkpt lat="43.25168176554143428802490234375" lon="-109.6812593378126621246337890625">
        <ele>3676.199951171875</ele>
        <time>2017-09-03T22:24:09.000Z</time>
        <extensions>
          <ns3:TrackPointExtension>
            <ns3:atemp>31.0</ns3:atemp>
            <ns3:cad>61</ns3:cad>
          </ns3:TrackPointExtension>
        </extensions>
      </trkpt>
      <trkpt lat="43.25166030786931514739990234375" lon="-109.68125112354755401611328125">
        <ele>3677</ele>
        <time>2017-09-03T22:24:12.000Z</time>
        <extensions>
          <ns3:TrackPointExtension>
            <ns3:atemp>31.0</ns3:atemp>
            <ns3:cad>61</ns3:cad>
          </ns3:TrackPointExtension>
        </extensions>
      </trkpt>
      <trkpt lat="43.25157598592340946197509765625" lon="-109.68124399892985820770263671875">
        <ele>3676</ele>
        <time>2017-09-03T22:24:39.000Z</time>
        <extensions>
          <ns3:TrackPointExtension>
            <ns3:atemp>31.0</ns3:atemp>
            <ns3:cad>0</ns3:cad>
          </ns3:TrackPointExtension>
        </extensions>
      </trkpt>
      <trkpt lat="43.251513540744781494140625" lon="-109.68136754818260669708251953125">
        <ele>3675</ele>
        <time>2017-09-03T22:25:08.000Z</time>
        <extensions>
          <ns3:TrackPointExtension>
            <ns3:atemp>31.0</ns3:atemp>
            <ns3:cad>0</ns3:cad>
          </ns3:TrackPointExtension>
        </extensions>
      </trkpt>
      <trkpt lat="43.2515465654432773590087890625" lon="-109.68136201612651348114013671875">
        <ele>3674</ele>
        <time>2017-09-03T22:25:30.000Z</time>
        <extensions>
          <ns3:TrackPointExtension>
            <ns3:atemp>31.0</ns3:atemp>
            <ns3:cad>0</ns3:cad>
          </ns3:TrackPointExtension>
        </extensions>
      </trkpt>
      <trkpt lat="43.25155134312808513641357421875" lon="-109.68136310577392578125">
        <ele>3672.60009765625</ele>
        <time>2017-09-03T22:25:53.000Z</time>
        <extensions>
          <ns3:TrackPointExtension>
            <ns3:atemp>31.0</ns3:atemp>
            <ns3:cad>61</ns3:cad>
          </ns3:TrackPointExtension>
        </extensions>
      </trkpt>
      <trkpt lat="43.2515790872275829315185546875" lon="-109.68138917349278926849365234375">
        <ele>3671.60009765625</ele>
        <time>2017-09-03T22:26:11.000Z</time>
        <extensions>
          <ns3:TrackPointExtension>
            <ns3:atemp>31.0</ns3:atemp>
            <ns3:cad>0</ns3:cad>
          </ns3:TrackPointExtension>
        </extensions>
      </trkpt>
      <trkpt lat="43.2515874691307544708251953125" lon="-109.6814162470400333404541015625">
        <ele>3670.60009765625</ele>
        <time>2017-09-03T22:26:23.000Z</time>
        <extensions>
          <ns3:TrackPointExtension>
            <ns3:atemp>31.0</ns3:atemp>
            <ns3:cad>0</ns3:cad>
          </ns3:TrackPointExtension>
        </extensions>
      </trkpt>
      <trkpt lat="43.25163566507399082183837890625" lon="-109.681430160999298095703125">
        <ele>3669.39990234375</ele>
        <time>2017-09-03T22:26:43.000Z</time>
        <extensions>
          <ns3:TrackPointExtension>
            <ns3:atemp>31.0</ns3:atemp>
            <ns3:cad>0</ns3:cad>
          </ns3:TrackPointExtension>
        </extensions>
      </trkpt>
      <trkpt lat="43.25164974667131900787353515625" lon="-109.68142990954220294952392578125">
        <ele>3668.39990234375</ele>
        <time>2017-09-03T22:26:48.000Z</time>
        <extensions>
          <ns3:TrackPointExtension>
            <ns3:atemp>31.0</ns3:atemp>
            <ns3:cad>61</ns3:cad>
          </ns3:TrackPointExtension>
        </extensions>
      </trkpt>
      <trkpt lat="43.2516826875507831573486328125" lon="-109.68144533224403858184814453125">
        <ele>3667.39990234375</ele>
        <time>2017-09-03T22:26:57.000Z</time>
        <extensions>
          <ns3:TrackPointExtension>
            <ns3:atemp>31.0</ns3:atemp>
            <ns3:cad>0</ns3:cad>
          </ns3:TrackPointExtension>
        </extensions>
      </trkpt>
      <trkpt lat="43.25172635726630687713623046875" lon="-109.681473076343536376953125">
        <ele>3666.39990234375</ele>
        <time>2017-09-03T22:27:13.000Z</time>
        <extensions>
          <ns3:TrackPointExtension>
            <ns3:atemp>31.0</ns3:atemp>
            <ns3:cad>61</ns3:cad>
          </ns3:TrackPointExtension>
        </extensions>
      </trkpt>
      <trkpt lat="43.25173390097916126251220703125" lon="-109.68149612657725811004638671875">
        <ele>3665.199951171875</ele>
        <time>2017-09-03T22:27:18.000Z</time>
        <extensions>
          <ns3:TrackPointExtension>
            <ns3:atemp>31.0</ns3:atemp>
            <ns3:cad>0</ns3:cad>
          </ns3:TrackPointExtension>
        </extensions>
      </trkpt>
      <trkpt lat="43.25172317214310169219970703125" lon="-109.68150266446173191070556640625">
        <ele>3664.199951171875</ele>
        <time>2017-09-03T22:27:32.000Z</time>
        <extensions>
          <ns3:TrackPointExtension>
            <ns3:atemp>31.0</ns3:atemp>
            <ns3:cad>0</ns3:cad>
          </ns3:TrackPointExtension>
        </extensions>
      </trkpt>
      <trkpt lat="43.251720406115055084228515625" lon="-109.681572653353214263916015625">
        <ele>3663</ele>
        <time>2017-09-03T22:28:17.000Z</time>
        <extensions>
          <ns3:TrackPointExtension>
            <ns3:atemp>31.0</ns3:atemp>
            <ns3:cad>61</ns3:cad>
          </ns3:TrackPointExtension>
        </extensions>
      </trkpt>
      <trkpt lat="43.251706659793853759765625" lon="-109.68157575465738773345947265625">
        <ele>3662.800048828125</ele>
        <time>2017-09-03T22:28:22.000Z</time>
        <extensions>
          <ns3:TrackPointExtension>
            <ns3:atemp>32.0</ns3:atemp>
            <ns3:cad>0</ns3:cad>
          </ns3:TrackPointExtension>
        </extensions>
      </trkpt>
      <trkpt lat="43.2516945898532867431640625" lon="-109.6815768443048000335693359375">
        <ele>3662</ele>
        <time>2017-09-03T22:28:35.000Z</time>
        <extensions>
          <ns3:TrackPointExtension>
            <ns3:atemp>32.0</ns3:atemp>
            <ns3:cad>0</ns3:cad>
          </ns3:TrackPointExtension>
        </extensions>
      </trkpt>
      <trkpt lat="43.25167874805629253387451171875" lon="-109.68164943158626556396484375">
        <ele>3661</ele>
        <time>2017-09-03T22:28:48.000Z</time>
        <extensions>
          <ns3:TrackPointExtension>
            <ns3:atemp>32.0</ns3:atemp>
            <ns3:cad>61</ns3:cad>
          </ns3:TrackPointExtension>
        </extensions>
      </trkpt>
      <trkpt lat="43.25170255266129970550537109375" lon="-109.68166158534586429595947265625">
        <ele>3659.800048828125</ele>
        <time>2017-09-03T22:28:57.000Z</time>
        <extensions>
          <ns3:TrackPointExtension>
            <ns3:atemp>32.0</ns3:atemp>
            <ns3:cad>61</ns3:cad>
          </ns3:TrackPointExtension>
        </extensions>
      </trkpt>
      <trkpt lat="43.25170590542256832122802734375" lon="-109.6816640160977840423583984375">
        <ele>3658.800048828125</ele>
        <time>2017-09-03T22:29:02.000Z</time>
        <extensions>
          <ns3:TrackPointExtension>
            <ns3:atemp>32.0</ns3:atemp>
            <ns3:cad>0</ns3:cad>
          </ns3:TrackPointExtension>
        </extensions>
      </trkpt>
      <trkpt lat="43.2517359964549541473388671875" lon="-109.68169444240629673004150390625">
        <ele>3657.60009765625</ele>
        <time>2017-09-03T22:29:10.000Z</time>
        <extensions>
          <ns3:TrackPointExtension>
            <ns3:atemp>32.0</ns3:atemp>
            <ns3:cad>0</ns3:cad>
          </ns3:TrackPointExtension>
        </extensions>
      </trkpt>
      <trkpt lat="43.25176860205829143524169921875" lon="-109.681712798774242401123046875">
        <ele>3656.39990234375</ele>
        <time>2017-09-03T22:29:18.000Z</time>
        <extensions>
          <ns3:TrackPointExtension>
            <ns3:atemp>32.0</ns3:atemp>
            <ns3:cad>0</ns3:cad>
          </ns3:TrackPointExtension>
        </extensions>
      </trkpt>
      <trkpt lat="43.25176726095378398895263671875" lon="-109.68175361864268779754638671875">
        <ele>3655.39990234375</ele>
        <time>2017-09-03T22:29:26.000Z</time>
        <extensions>
          <ns3:TrackPointExtension>
            <ns3:atemp>32.0</ns3:atemp>
            <ns3:cad>0</ns3:cad>
          </ns3:TrackPointExtension>
        </extensions>
      </trkpt>
      <trkpt lat="43.25179274193942546844482421875" lon="-109.68176568858325481414794921875">
        <ele>3654.199951171875</ele>
        <time>2017-09-03T22:29:33.000Z</time>
        <extensions>
          <ns3:TrackPointExtension>
            <ns3:atemp>32.0</ns3:atemp>
            <ns3:cad>0</ns3:cad>
          </ns3:TrackPointExtension>
        </extensions>
      </trkpt>
      <trkpt lat="43.25180078856647014617919921875" lon="-109.68178630806505680084228515625">
        <ele>3653.199951171875</ele>
        <time>2017-09-03T22:29:44.000Z</time>
        <extensions>
          <ns3:TrackPointExtension>
            <ns3:atemp>32.0</ns3:atemp>
            <ns3:cad>63</ns3:cad>
          </ns3:TrackPointExtension>
        </extensions>
      </trkpt>
      <trkpt lat="43.25181663036346435546875" lon="-109.6817855536937713623046875">
        <ele>3652.199951171875</ele>
        <time>2017-09-03T22:29:52.000Z</time>
        <extensions>
          <ns3:TrackPointExtension>
            <ns3:atemp>32.0</ns3:atemp>
            <ns3:cad>0</ns3:cad>
          </ns3:TrackPointExtension>
        </extensions>
      </trkpt>
      <trkpt lat="43.25180933810770511627197265625" lon="-109.68179904855787754058837890625">
        <ele>3651</ele>
        <time>2017-09-03T22:30:16.000Z</time>
        <extensions>
          <ns3:TrackPointExtension>
            <ns3:atemp>32.0</ns3:atemp>
            <ns3:cad>0</ns3:cad>
          </ns3:TrackPointExtension>
        </extensions>
      </trkpt>
      <trkpt lat="43.2518013752996921539306640625" lon="-109.681770801544189453125">
        <ele>3650.39990234375</ele>
        <time>2017-09-03T22:30:29.000Z</time>
        <extensions>
          <ns3:TrackPointExtension>
            <ns3:atemp>33.0</ns3:atemp>
            <ns3:cad>0</ns3:cad>
          </ns3:TrackPointExtension>
        </extensions>
      </trkpt>
      <trkpt lat="43.25184454210102558135986328125" lon="-109.6817813627421855926513671875">
        <ele>3650</ele>
        <time>2017-09-03T22:30:48.000Z</time>
        <extensions>
          <ns3:TrackPointExtension>
            <ns3:atemp>33.0</ns3:atemp>
            <ns3:cad>0</ns3:cad>
          </ns3:TrackPointExtension>
        </extensions>
      </trkpt>
      <trkpt lat="43.25185242109000682830810546875" lon="-109.6818450652062892913818359375">
        <ele>3649</ele>
        <time>2017-09-03T22:30:58.000Z</time>
        <extensions>
          <ns3:TrackPointExtension>
            <ns3:atemp>33.0</ns3:atemp>
            <ns3:cad>61</ns3:cad>
          </ns3:TrackPointExtension>
        </extensions>
      </trkpt>
      <trkpt lat="43.251825012266635894775390625" lon="-109.68187448568642139434814453125">
        <ele>3648.39990234375</ele>
        <time>2017-09-03T22:31:03.000Z</time>
        <extensions>
          <ns3:TrackPointExtension>
            <ns3:atemp>33.0</ns3:atemp>
            <ns3:cad>0</ns3:cad>
          </ns3:TrackPointExtension>
        </extensions>
      </trkpt>
      <trkpt lat="43.25183079577982425689697265625" lon="-109.681895188987255096435546875">
        <ele>3648</ele>
        <time>2017-09-03T22:31:09.000Z</time>
        <extensions>
          <ns3:TrackPointExtension>
            <ns3:atemp>33.0</ns3:atemp>
            <ns3:cad>61</ns3:cad>
          </ns3:TrackPointExtension>
        </extensions>
      </trkpt>
      <trkpt lat="43.25185325928032398223876953125" lon="-109.68190901912748813629150390625">
        <ele>3646.800048828125</ele>
        <time>2017-09-03T22:31:15.000Z</time>
        <extensions>
          <ns3:TrackPointExtension>
            <ns3:atemp>33.0</ns3:atemp>
            <ns3:cad>0</ns3:cad>
          </ns3:TrackPointExtension>
        </extensions>
      </trkpt>
      <trkpt lat="43.2518878765404224395751953125" lon="-109.68192226253449916839599609375">
        <ele>3645.800048828125</ele>
        <time>2017-09-03T22:31:23.000Z</time>
        <extensions>
          <ns3:TrackPointExtension>
            <ns3:atemp>33.0</ns3:atemp>
            <ns3:cad>0</ns3:cad>
          </ns3:TrackPointExtension>
        </extensions>
      </trkpt>
      <trkpt lat="43.25191327370703220367431640625" lon="-109.68198831193149089813232421875">
        <ele>3644.60009765625</ele>
        <time>2017-09-03T22:31:36.000Z</time>
        <extensions>
          <ns3:TrackPointExtension>
            <ns3:atemp>33.0</ns3:atemp>
            <ns3:cad>61</ns3:cad>
          </ns3:TrackPointExtension>
        </extensions>
      </trkpt>
      <trkpt lat="43.2519200630486011505126953125" lon="-109.6820100210607051849365234375">
        <ele>3643.60009765625</ele>
        <time>2017-09-03T22:32:01.000Z</time>
        <extensions>
          <ns3:TrackPointExtension>
            <ns3:atemp>33.0</ns3:atemp>
            <ns3:cad>0</ns3:cad>
          </ns3:TrackPointExtension>
        </extensions>
      </trkpt>
      <trkpt lat="43.25191595591604709625244140625" lon="-109.6820251084864139556884765625">
        <ele>3642.60009765625</ele>
        <time>2017-09-03T22:32:35.000Z</time>
        <extensions>
          <ns3:TrackPointExtension>
            <ns3:atemp>33.0</ns3:atemp>
            <ns3:cad>0</ns3:cad>
          </ns3:TrackPointExtension>
        </extensions>
      </trkpt>
      <trkpt lat="43.25192249380052089691162109375" lon="-109.6820432133972644805908203125">
        <ele>3641.39990234375</ele>
        <time>2017-09-03T22:32:56.000Z</time>
        <extensions>
          <ns3:TrackPointExtension>
            <ns3:atemp>33.0</ns3:atemp>
            <ns3:cad>0</ns3:cad>
          </ns3:TrackPointExtension>
        </extensions>
      </trkpt>
      <trkpt lat="43.25186817906796932220458984375" lon="-109.68209710903465747833251953125">
        <ele>3640.60009765625</ele>
        <time>2017-09-03T22:33:12.000Z</time>
        <extensions>
          <ns3:TrackPointExtension>
            <ns3:atemp>33.0</ns3:atemp>
            <ns3:cad>61</ns3:cad>
          </ns3:TrackPointExtension>
        </extensions>
      </trkpt>
      <trkpt lat="43.25185242109000682830810546875" lon="-109.68213700689375400543212890625">
        <ele>3640.39990234375</ele>
        <time>2017-09-03T22:33:16.000Z</time>
        <extensions>
          <ns3:TrackPointExtension>
            <ns3:atemp>33.0</ns3:atemp>
            <ns3:cad>0</ns3:cad>
          </ns3:TrackPointExtension>
        </extensions>
      </trkpt>
      <trkpt lat="43.251853846013545989990234375" lon="-109.6821449697017669677734375">
        <ele>3640.39990234375</ele>
        <time>2017-09-03T22:33:17.000Z</time>
        <extensions>
          <ns3:TrackPointExtension>
            <ns3:atemp>33.0</ns3:atemp>
            <ns3:cad>0</ns3:cad>
          </ns3:TrackPointExtension>
        </extensions>
      </trkpt>
      <trkpt lat="43.25189416296780109405517578125" lon="-109.68215125612914562225341796875">
        <ele>3639.39990234375</ele>
        <time>2017-09-03T22:33:28.000Z</time>
        <extensions>
          <ns3:TrackPointExtension>
            <ns3:atemp>33.0</ns3:atemp>
            <ns3:cad>0</ns3:cad>
          </ns3:TrackPointExtension>
        </extensions>
      </trkpt>
      <trkpt lat="43.25191813521087169647216796875" lon="-109.682152681052684783935546875">
        <ele>3638.39990234375</ele>
        <time>2017-09-03T22:33:35.000Z</time>
        <extensions>
          <ns3:TrackPointExtension>
            <ns3:atemp>33.0</ns3:atemp>
            <ns3:cad>0</ns3:cad>
          </ns3:TrackPointExtension>
        </extensions>
      </trkpt>
      <trkpt lat="43.25192165561020374298095703125" lon="-109.68218293972313404083251953125">
        <ele>3637.39990234375</ele>
        <time>2017-09-03T22:33:54.000Z</time>
        <extensions>
          <ns3:TrackPointExtension>
            <ns3:atemp>33.0</ns3:atemp>
            <ns3:cad>0</ns3:cad>
          </ns3:TrackPointExtension>
        </extensions>
      </trkpt>
      <trkpt lat="43.25193959288299083709716796875" lon="-109.68218361027538776397705078125">
        <ele>3636.39990234375</ele>
        <time>2017-09-03T22:34:03.000Z</time>
        <extensions>
          <ns3:TrackPointExtension>
            <ns3:atemp>33.0</ns3:atemp>
            <ns3:cad>0</ns3:cad>
          </ns3:TrackPointExtension>
        </extensions>
      </trkpt>
      <trkpt lat="43.251934312283992767333984375" lon="-109.682210348546504974365234375">
        <ele>3635.199951171875</ele>
        <time>2017-09-03T22:34:08.000Z</time>
        <extensions>
          <ns3:TrackPointExtension>
            <ns3:atemp>33.0</ns3:atemp>
            <ns3:cad>0</ns3:cad>
          </ns3:TrackPointExtension>
        </extensions>
      </trkpt>
      <trkpt lat="43.25194328092038631439208984375" lon="-109.6822996996343135833740234375">
        <ele>3634.199951171875</ele>
        <time>2017-09-03T22:34:17.000Z</time>
        <extensions>
          <ns3:TrackPointExtension>
            <ns3:atemp>33.0</ns3:atemp>
            <ns3:cad>61</ns3:cad>
          </ns3:TrackPointExtension>
        </extensions>
      </trkpt>
      <trkpt lat="43.25198150239884853363037109375" lon="-109.682309590280055999755859375">
        <ele>3633.199951171875</ele>
        <time>2017-09-03T22:34:26.000Z</time>
        <extensions>
          <ns3:TrackPointExtension>
            <ns3:atemp>33.0</ns3:atemp>
            <ns3:cad>65</ns3:cad>
          </ns3:TrackPointExtension>
        </extensions>
      </trkpt>
      <trkpt lat="43.2520062290132045745849609375" lon="-109.6823059022426605224609375">
        <ele>3632.199951171875</ele>
        <time>2017-09-03T22:34:33.000Z</time>
        <extensions>
          <ns3:TrackPointExtension>
            <ns3:atemp>33.0</ns3:atemp>
            <ns3:cad>0</ns3:cad>
          </ns3:TrackPointExtension>
        </extensions>
      </trkpt>
      <trkpt lat="43.25206674635410308837890625" lon="-109.68240438960492610931396484375">
        <ele>3631</ele>
        <time>2017-09-03T22:35:27.000Z</time>
        <extensions>
          <ns3:TrackPointExtension>
            <ns3:atemp>33.0</ns3:atemp>
            <ns3:cad>0</ns3:cad>
          </ns3:TrackPointExtension>
        </extensions>
      </trkpt>
      <trkpt lat="43.25208292342722415924072265625" lon="-109.68246557749807834625244140625">
        <ele>3630</ele>
        <time>2017-09-03T22:35:35.000Z</time>
        <extensions>
          <ns3:TrackPointExtension>
            <ns3:atemp>33.0</ns3:atemp>
            <ns3:cad>0</ns3:cad>
          </ns3:TrackPointExtension>
        </extensions>
      </trkpt>
      <trkpt lat="43.25209381990134716033935546875" lon="-109.68249809928238391876220703125">
        <ele>3629</ele>
        <time>2017-09-03T22:35:40.000Z</time>
        <extensions>
          <ns3:TrackPointExtension>
            <ns3:atemp>33.0</ns3:atemp>
            <ns3:cad>0</ns3:cad>
          </ns3:TrackPointExtension>
        </extensions>
      </trkpt>
      <trkpt lat="43.25209147296845912933349609375" lon="-109.6825863607227802276611328125">
        <ele>3627.800048828125</ele>
        <time>2017-09-03T22:35:54.000Z</time>
        <extensions>
          <ns3:TrackPointExtension>
            <ns3:atemp>33.0</ns3:atemp>
            <ns3:cad>0</ns3:cad>
          </ns3:TrackPointExtension>
        </extensions>
      </trkpt>
      <trkpt lat="43.25211712159216403961181640625" lon="-109.68263204209506511688232421875">
        <ele>3626.800048828125</ele>
        <time>2017-09-03T22:36:06.000Z</time>
        <extensions>
          <ns3:TrackPointExtension>
            <ns3:atemp>33.0</ns3:atemp>
            <ns3:cad>0</ns3:cad>
          </ns3:TrackPointExtension>
        </extensions>
      </trkpt>
      <trkpt lat="43.2521316222846508026123046875" lon="-109.68268811702728271484375">
        <ele>3625.60009765625</ele>
        <time>2017-09-03T22:36:18.000Z</time>
        <extensions>
          <ns3:TrackPointExtension>
            <ns3:atemp>33.0</ns3:atemp>
            <ns3:cad>61</ns3:cad>
          </ns3:TrackPointExtension>
        </extensions>
      </trkpt>
      <trkpt lat="43.252146206796169281005859375" lon="-109.6827110834419727325439453125">
        <ele>3624.60009765625</ele>
        <time>2017-09-03T22:36:22.000Z</time>
        <extensions>
          <ns3:TrackPointExtension>
            <ns3:atemp>33.0</ns3:atemp>
            <ns3:cad>69</ns3:cad>
          </ns3:TrackPointExtension>
        </extensions>
      </trkpt>
      <trkpt lat="43.25219415128231048583984375" lon="-109.68279699794948101043701171875">
        <ele>3623.39990234375</ele>
        <time>2017-09-03T22:36:33.000Z</time>
        <extensions>
          <ns3:TrackPointExtension>
            <ns3:atemp>33.0</ns3:atemp>
            <ns3:cad>45</ns3:cad>
          </ns3:TrackPointExtension>
        </extensions>
      </trkpt>
      <trkpt lat="43.252207897603511810302734375" lon="-109.6828244067728519439697265625">
        <ele>3622.800048828125</ele>
        <time>2017-09-03T22:36:36.000Z</time>
        <extensions>
          <ns3:TrackPointExtension>
            <ns3:atemp>33.0</ns3:atemp>
            <ns3:cad>45</ns3:cad>
          </ns3:TrackPointExtension>
        </extensions>
      </trkpt>
      <trkpt lat="43.25222893618047237396240234375" lon="-109.6828653104603290557861328125">
        <ele>3622.199951171875</ele>
        <time>2017-09-03T22:36:45.000Z</time>
        <extensions>
          <ns3:TrackPointExtension>
            <ns3:atemp>33.0</ns3:atemp>
            <ns3:cad>61</ns3:cad>
          </ns3:TrackPointExtension>
        </extensions>
      </trkpt>
      <trkpt lat="43.252257518470287322998046875" lon="-109.68288785777986049652099609375">
        <ele>3621.199951171875</ele>
        <time>2017-09-03T22:36:52.000Z</time>
        <extensions>
          <ns3:TrackPointExtension>
            <ns3:atemp>33.0</ns3:atemp>
            <ns3:cad>61</ns3:cad>
          </ns3:TrackPointExtension>
        </extensions>
      </trkpt>
      <trkpt lat="43.2522788085043430328369140625" lon="-109.682939909398555755615234375">
        <ele>3620.199951171875</ele>
        <time>2017-09-03T22:37:00.000Z</time>
        <extensions>
          <ns3:TrackPointExtension>
            <ns3:atemp>33.0</ns3:atemp>
            <ns3:cad>61</ns3:cad>
          </ns3:TrackPointExtension>
        </extensions>
      </trkpt>
      <trkpt lat="43.2522788085043430328369140625" lon="-109.68302649445831775665283203125">
        <ele>3618.800048828125</ele>
        <time>2017-09-03T22:37:12.000Z</time>
        <extensions>
          <ns3:TrackPointExtension>
            <ns3:atemp>33.0</ns3:atemp>
            <ns3:cad>61</ns3:cad>
          </ns3:TrackPointExtension>
        </extensions>
      </trkpt>
      <trkpt lat="43.25228400528430938720703125" lon="-109.68304644338786602020263671875">
        <ele>3617.800048828125</ele>
        <time>2017-09-03T22:37:15.000Z</time>
        <extensions>
          <ns3:TrackPointExtension>
            <ns3:atemp>33.0</ns3:atemp>
            <ns3:cad>61</ns3:cad>
          </ns3:TrackPointExtension>
        </extensions>
      </trkpt>
      <trkpt lat="43.25232482515275478363037109375" lon="-109.68308508396148681640625">
        <ele>3616.800048828125</ele>
        <time>2017-09-03T22:37:27.000Z</time>
        <extensions>
          <ns3:TrackPointExtension>
            <ns3:atemp>33.0</ns3:atemp>
            <ns3:cad>0</ns3:cad>
          </ns3:TrackPointExtension>
        </extensions>
      </trkpt>
      <trkpt lat="43.25236857868731021881103515625" lon="-109.68315892852842807769775390625">
        <ele>3616.199951171875</ele>
        <time>2017-09-03T22:37:35.000Z</time>
        <extensions>
          <ns3:TrackPointExtension>
            <ns3:atemp>33.0</ns3:atemp>
            <ns3:cad>44</ns3:cad>
          </ns3:TrackPointExtension>
        </extensions>
      </trkpt>
      <trkpt lat="43.2523892819881439208984375" lon="-109.68320603482425212860107421875">
        <ele>3615.60009765625</ele>
        <time>2017-09-03T22:37:45.000Z</time>
        <extensions>
          <ns3:TrackPointExtension>
            <ns3:atemp>33.0</ns3:atemp>
            <ns3:cad>61</ns3:cad>
          </ns3:TrackPointExtension>
        </extensions>
      </trkpt>
      <trkpt lat="43.252431862056255340576171875" lon="-109.6832522191107273101806640625">
        <ele>3615</ele>
        <time>2017-09-03T22:37:55.000Z</time>
        <extensions>
          <ns3:TrackPointExtension>
            <ns3:atemp>33.0</ns3:atemp>
            <ns3:cad>0</ns3:cad>
          </ns3:TrackPointExtension>
        </extensions>
      </trkpt>
      <trkpt lat="43.25245566666126251220703125" lon="-109.68328935094177722930908203125">
        <ele>3614.39990234375</ele>
        <time>2017-09-03T22:38:07.000Z</time>
        <extensions>
          <ns3:TrackPointExtension>
            <ns3:atemp>33.0</ns3:atemp>
            <ns3:cad>61</ns3:cad>
          </ns3:TrackPointExtension>
        </extensions>
      </trkpt>
      <trkpt lat="43.25245390646159648895263671875" lon="-109.6832887642085552215576171875">
        <ele>3613.39990234375</ele>
        <time>2017-09-03T22:38:11.000Z</time>
        <extensions>
          <ns3:TrackPointExtension>
            <ns3:atemp>33.0</ns3:atemp>
            <ns3:cad>0</ns3:cad>
          </ns3:TrackPointExtension>
        </extensions>
      </trkpt>
      <trkpt lat="43.2524992525577545166015625" lon="-109.683393537998199462890625">
        <ele>3613</ele>
        <time>2017-09-03T22:38:29.000Z</time>
        <extensions>
          <ns3:TrackPointExtension>
            <ns3:atemp>33.0</ns3:atemp>
            <ns3:cad>0</ns3:cad>
          </ns3:TrackPointExtension>
        </extensions>
      </trkpt>
      <trkpt lat="43.2525218836963176727294921875" lon="-109.683417342603206634521484375">
        <ele>3612.39990234375</ele>
        <time>2017-09-03T22:38:33.000Z</time>
        <extensions>
          <ns3:TrackPointExtension>
            <ns3:atemp>33.0</ns3:atemp>
            <ns3:cad>0</ns3:cad>
          </ns3:TrackPointExtension>
        </extensions>
      </trkpt>
      <trkpt lat="43.25253990478813648223876953125" lon="-109.6834577433764934539794921875">
        <ele>3611.199951171875</ele>
        <time>2017-09-03T22:38:39.000Z</time>
        <extensions>
          <ns3:TrackPointExtension>
            <ns3:atemp>33.0</ns3:atemp>
            <ns3:cad>0</ns3:cad>
          </ns3:TrackPointExtension>
        </extensions>
      </trkpt>
      <trkpt lat="43.25260184705257415771484375" lon="-109.68356452882289886474609375">
        <ele>3610</ele>
        <time>2017-09-03T22:39:05.000Z</time>
        <extensions>
          <ns3:TrackPointExtension>
            <ns3:atemp>33.0</ns3:atemp>
            <ns3:cad>0</ns3:cad>
          </ns3:TrackPointExtension>
        </extensions>
      </trkpt>
      <trkpt lat="43.25265289284288883209228515625" lon="-109.683638624846935272216796875">
        <ele>3609.199951171875</ele>
        <time>2017-09-03T22:39:14.000Z</time>
        <extensions>
          <ns3:TrackPointExtension>
            <ns3:atemp>33.0</ns3:atemp>
            <ns3:cad>0</ns3:cad>
          </ns3:TrackPointExtension>
        </extensions>
      </trkpt>
      <trkpt lat="43.2526626996695995330810546875" lon="-109.68367047607898712158203125">
        <ele>3609</ele>
        <time>2017-09-03T22:39:17.000Z</time>
        <extensions>
          <ns3:TrackPointExtension>
            <ns3:atemp>33.0</ns3:atemp>
            <ns3:cad>0</ns3:cad>
          </ns3:TrackPointExtension>
        </extensions>
      </trkpt>
      <trkpt lat="43.25279630720615386962890625" lon="-109.683841131627559661865234375">
        <ele>3610.199951171875</ele>
        <time>2017-09-03T22:39:37.000Z</time>
        <extensions>
          <ns3:TrackPointExtension>
            <ns3:atemp>33.0</ns3:atemp>
            <ns3:cad>61</ns3:cad>
          </ns3:TrackPointExtension>
        </extensions>
      </trkpt>
      <trkpt lat="43.25286126695573329925537109375" lon="-109.68392889015376567840576171875">
        <ele>3611.39990234375</ele>
        <time>2017-09-03T22:39:47.000Z</time>
        <extensions>
          <ns3:TrackPointExtension>
            <ns3:atemp>33.0</ns3:atemp>
            <ns3:cad>61</ns3:cad>
          </ns3:TrackPointExtension>
        </extensions>
      </trkpt>
      <trkpt lat="43.25288138352334499359130859375" lon="-109.6839505992829799652099609375">
        <ele>3611.60009765625</ele>
        <time>2017-09-03T22:39:51.000Z</time>
        <extensions>
          <ns3:TrackPointExtension>
            <ns3:atemp>33.0</ns3:atemp>
            <ns3:cad>0</ns3:cad>
          </ns3:TrackPointExtension>
        </extensions>
      </trkpt>
      <trkpt lat="43.25287668965756893157958984375" lon="-109.6840508468449115753173828125">
        <ele>3611.60009765625</ele>
        <time>2017-09-03T22:40:54.000Z</time>
        <extensions>
          <ns3:TrackPointExtension>
            <ns3:atemp>33.0</ns3:atemp>
            <ns3:cad>0</ns3:cad>
          </ns3:TrackPointExtension>
        </extensions>
      </trkpt>
      <trkpt lat="43.2529037632048130035400390625" lon="-109.68406903557479381561279296875">
        <ele>3612.39990234375</ele>
        <time>2017-09-03T22:40:59.000Z</time>
        <extensions>
          <ns3:TrackPointExtension>
            <ns3:atemp>33.0</ns3:atemp>
            <ns3:cad>61</ns3:cad>
          </ns3:TrackPointExtension>
        </extensions>
      </trkpt>
      <trkpt lat="43.25293486006557941436767578125" lon="-109.68408965505659580230712890625">
        <ele>3612.60009765625</ele>
        <time>2017-09-03T22:41:03.000Z</time>
        <extensions>
          <ns3:TrackPointExtension>
            <ns3:atemp>33.0</ns3:atemp>
            <ns3:cad>0</ns3:cad>
          </ns3:TrackPointExtension>
        </extensions>
      </trkpt>
      <trkpt lat="43.252983056008815765380859375" lon="-109.68413223512470722198486328125">
        <ele>3613.39990234375</ele>
        <time>2017-09-03T22:41:09.000Z</time>
        <extensions>
          <ns3:TrackPointExtension>
            <ns3:atemp>33.0</ns3:atemp>
            <ns3:cad>61</ns3:cad>
          </ns3:TrackPointExtension>
        </extensions>
      </trkpt>
      <trkpt lat="43.253044746816158294677734375" lon="-109.684216976165771484375">
        <ele>3614.199951171875</ele>
        <time>2017-09-03T22:41:19.000Z</time>
        <extensions>
          <ns3:TrackPointExtension>
            <ns3:atemp>33.0</ns3:atemp>
            <ns3:cad>0</ns3:cad>
          </ns3:TrackPointExtension>
        </extensions>
      </trkpt>
      <trkpt lat="43.25305690057575702667236328125" lon="-109.68424153514206409454345703125">
        <ele>3614</ele>
        <time>2017-09-03T22:41:22.000Z</time>
        <extensions>
          <ns3:TrackPointExtension>
            <ns3:atemp>33.0</ns3:atemp>
            <ns3:cad>0</ns3:cad>
          </ns3:TrackPointExtension>
        </extensions>
      </trkpt>
      <trkpt lat="43.25305656529963016510009765625" lon="-109.68424488790333271026611328125">
        <ele>3614</ele>
        <time>2017-09-03T22:41:24.000Z</time>
        <extensions>
          <ns3:TrackPointExtension>
            <ns3:atemp>33.0</ns3:atemp>
            <ns3:cad>0</ns3:cad>
          </ns3:TrackPointExtension>
        </extensions>
      </trkpt>
      <trkpt lat="43.25310476124286651611328125" lon="-109.68428780324757099151611328125">
        <ele>3614</ele>
        <time>2017-09-03T22:41:32.000Z</time>
        <extensions>
          <ns3:TrackPointExtension>
            <ns3:atemp>33.0</ns3:atemp>
            <ns3:cad>61</ns3:cad>
          </ns3:TrackPointExtension>
        </extensions>
      </trkpt>
      <trkpt lat="43.25323862023651599884033203125" lon="-109.6844387613236904144287109375">
        <ele>3613.39990234375</ele>
        <time>2017-09-03T22:42:18.000Z</time>
        <extensions>
          <ns3:TrackPointExtension>
            <ns3:atemp>33.0</ns3:atemp>
            <ns3:cad>61</ns3:cad>
          </ns3:TrackPointExtension>
        </extensions>
      </trkpt>
      <trkpt lat="43.2532859779894351959228515625" lon="-109.68449651263654232025146484375">
        <ele>3612.39990234375</ele>
        <time>2017-09-03T22:42:30.000Z</time>
        <extensions>
          <ns3:TrackPointExtension>
            <ns3:atemp>33.0</ns3:atemp>
            <ns3:cad>0</ns3:cad>
          </ns3:TrackPointExtension>
        </extensions>
      </trkpt>
      <trkpt lat="43.253325037658214569091796875" lon="-109.684515707194805145263671875">
        <ele>3611.39990234375</ele>
        <time>2017-09-03T22:42:40.000Z</time>
        <extensions>
          <ns3:TrackPointExtension>
            <ns3:atemp>33.0</ns3:atemp>
            <ns3:cad>0</ns3:cad>
          </ns3:TrackPointExtension>
        </extensions>
      </trkpt>
      <trkpt lat="43.253363929688930511474609375" lon="-109.68454378657042980194091796875">
        <ele>3610.199951171875</ele>
        <time>2017-09-03T22:42:50.000Z</time>
        <extensions>
          <ns3:TrackPointExtension>
            <ns3:atemp>33.0</ns3:atemp>
            <ns3:cad>61</ns3:cad>
          </ns3:TrackPointExtension>
        </extensions>
      </trkpt>
      <trkpt lat="43.25341011397540569305419921875" lon="-109.68459877185523509979248046875">
        <ele>3609.199951171875</ele>
        <time>2017-09-03T22:43:00.000Z</time>
        <extensions>
          <ns3:TrackPointExtension>
            <ns3:atemp>33.0</ns3:atemp>
            <ns3:cad>41</ns3:cad>
          </ns3:TrackPointExtension>
        </extensions>
      </trkpt>
      <trkpt lat="43.25344146229326725006103515625" lon="-109.68460522592067718505859375">
        <ele>3608</ele>
        <time>2017-09-03T22:43:06.000Z</time>
        <extensions>
          <ns3:TrackPointExtension>
            <ns3:atemp>33.0</ns3:atemp>
            <ns3:cad>0</ns3:cad>
          </ns3:TrackPointExtension>
        </extensions>
      </trkpt>
      <trkpt lat="43.25347884558141231536865234375" lon="-109.6846013702452182769775390625">
        <ele>3607</ele>
        <time>2017-09-03T22:43:23.000Z</time>
        <extensions>
          <ns3:TrackPointExtension>
            <ns3:atemp>33.0</ns3:atemp>
            <ns3:cad>0</ns3:cad>
          </ns3:TrackPointExtension>
        </extensions>
      </trkpt>
      <trkpt lat="43.25361999683082103729248046875" lon="-109.6846744604408740997314453125">
        <ele>3606.60009765625</ele>
        <time>2017-09-03T22:43:50.000Z</time>
        <extensions>
          <ns3:TrackPointExtension>
            <ns3:atemp>33.0</ns3:atemp>
            <ns3:cad>0</ns3:cad>
          </ns3:TrackPointExtension>
        </extensions>
      </trkpt>
      <trkpt lat="43.25367850251495838165283203125" lon="-109.68467119149863719940185546875">
        <ele>3606.60009765625</ele>
        <time>2017-09-03T22:43:57.000Z</time>
        <extensions>
          <ns3:TrackPointExtension>
            <ns3:atemp>33.0</ns3:atemp>
            <ns3:cad>0</ns3:cad>
          </ns3:TrackPointExtension>
        </extensions>
      </trkpt>
      <trkpt lat="43.2537349127233028411865234375" lon="-109.68474646098911762237548828125">
        <ele>3606.39990234375</ele>
        <time>2017-09-03T22:44:07.000Z</time>
        <extensions>
          <ns3:TrackPointExtension>
            <ns3:atemp>33.0</ns3:atemp>
            <ns3:cad>61</ns3:cad>
          </ns3:TrackPointExtension>
        </extensions>
      </trkpt>
      <trkpt lat="43.25390665791928768157958984375" lon="-109.68481066636741161346435546875">
        <ele>3606.199951171875</ele>
        <time>2017-09-03T22:44:33.000Z</time>
        <extensions>
          <ns3:TrackPointExtension>
            <ns3:atemp>33.0</ns3:atemp>
            <ns3:cad>0</ns3:cad>
          </ns3:TrackPointExtension>
        </extensions>
      </trkpt>
      <trkpt lat="43.253927528858184814453125" lon="-109.684732966125011444091796875">
        <ele>3607</ele>
        <time>2017-09-03T22:45:19.000Z</time>
        <extensions>
          <ns3:TrackPointExtension>
            <ns3:atemp>33.0</ns3:atemp>
            <ns3:cad>61</ns3:cad>
          </ns3:TrackPointExtension>
        </extensions>
      </trkpt>
      <trkpt lat="43.253931887447834014892578125" lon="-109.68474327586591243743896484375">
        <ele>3606</ele>
        <time>2017-09-03T22:45:42.000Z</time>
        <extensions>
          <ns3:TrackPointExtension>
            <ns3:atemp>33.0</ns3:atemp>
            <ns3:cad>0</ns3:cad>
          </ns3:TrackPointExtension>
        </extensions>
      </trkpt>
      <trkpt lat="43.253927193582057952880859375" lon="-109.68474696390330791473388671875">
        <ele>3607</ele>
        <time>2017-09-03T22:46:25.000Z</time>
        <extensions>
          <ns3:TrackPointExtension>
            <ns3:atemp>33.0</ns3:atemp>
            <ns3:cad>0</ns3:cad>
          </ns3:TrackPointExtension>
        </extensions>
      </trkpt>
      <trkpt lat="43.253935240209102630615234375" lon="-109.68475266359746456146240234375">
        <ele>3605.800048828125</ele>
        <time>2017-09-03T22:46:43.000Z</time>
        <extensions>
          <ns3:TrackPointExtension>
            <ns3:atemp>33.0</ns3:atemp>
            <ns3:cad>0</ns3:cad>
          </ns3:TrackPointExtension>
        </extensions>
      </trkpt>
      <trkpt lat="43.25393348000943660736083984375" lon="-109.68477160669863224029541015625">
        <ele>3605.60009765625</ele>
        <time>2017-09-03T22:47:42.000Z</time>
        <extensions>
          <ns3:TrackPointExtension>
            <ns3:atemp>33.0</ns3:atemp>
            <ns3:cad>0</ns3:cad>
          </ns3:TrackPointExtension>
        </extensions>
      </trkpt>
    </trkseg>
  </trk>
</gpx>
